panaroo_cluster	other_lineages_presence_rate	L8L10_presence_rate	L8L10_minus_other	aurora_chisq_p_value	BH_FDR	minus_log10_BH_FDR	FDR_lt_0.05	strong_effect_for_display	association_direction	Other_F1	L8L10_F1	direct_ARG_feature	matched_direct_ARG_genes	direction_class	direction_rank	annotation_status	Preferred_name	Description	COG_category	PFAMs
group_1574	0.996168582375479	0.968152866242038	-0.0280157161334407	0.0334832583708146	0.0486881448948959	1.3125767725327346	True	False	Other_lineages_enriched	0.671385237613751	0.654533198517021	False		Other_lineages_enriched	207.0	annotated	-	Crp Fnr family	K	HTH_Crp_2,cNMP_binding
glcR_2~~~glcR_3~~~glcR	0.984674329501916	0.993630573248408	0.0089562437464919	0.291354322838581	0.3455768516029965	0.46145535634876506	False	False	L8L10_enriched	0.661976549413735	0.668006700167504	False		L8L10_enriched	161.0	annotated	-	DeoR C terminal sensor domain	K	DeoRC,HTH_DeoR
rpmGA	0.980842911877395	1.0	0.0191570881226054	0.154422788605697	0.196608612231751	0.7063974622780114	False	False	L8L10_enriched	0.657718120805369	0.671140939597315	False		L8L10_enriched	116.0	annotated	rpmG	Belongs to the bacterial ribosomal protein bL33 family	J	Ribosomal_L33
group_1534	0.996168582375479	0.968152866242038	-0.0280157161334407	0.250874562718641	0.3045805763293744	0.5162977958848811	False	False	Other_lineages_enriched	0.666439522998296	0.652129471890971	False		Other_lineages_enriched	246.0	annotated	-	Sugar-specific transcriptional regulator TrmB	K	TrmB
arcB~~~ala~~~arcB_2~~~arcB_1	0.992337164750958	0.968152866242038	-0.0241842985089197	0.535732133933034	0.5971709679666262	0.22390131407221925	False	False	Other_lineages_enriched	0.664623765747361	0.654409261150834	False		Other_lineages_enriched	257.0	annotated	-	Ornithine cyclodeaminase/mu-crystallin family	E	OCD_Mu_crystall
group_1100	0.996168582375479	0.968152866242038	-0.0280157161334407	0.240379810094953	0.2930268125278839	0.5330926390310755	False	False	Other_lineages_enriched	0.666439522998296	0.652129471890971	False		Other_lineages_enriched	247.0	annotated	-	Sulfite exporter TauE/SafE	S	TauE
pbuO	0.977011494252874	1.0	0.0229885057471264	0.146426786606697	0.18744221517834755	0.7271325919204401	False	False	L8L10_enriched	0.657267539442766	0.671366230278617	False		L8L10_enriched	111.0	annotated	pbuO_1	Permease family	S	Xan_ur_permease
group_2130	0.992337164750958	0.974522292993631	-0.0178148717573273	1.0	1.0	-0.0	False	False	Other_lineages_enriched	0.665774506523921	0.665105386416862	False		Other_lineages_enriched	250.0	valid_protein_no_eggnog_annotation				
group_1965	0.980842911877395	0.993630573248408	0.0127876613710131	0.0464767616191904	0.06606597477792596	1.180022152779825	False	False	L8L10_enriched	0.656123822341857	0.67092866756393	False		L8L10_enriched	118.0	annotated	-	Tetratricopeptide repeat	S	-
malP~~~treP	1.0	0.968152866242038	-0.0318471337579618	0.0004997501249375	0.001059637491421533	2.9748426841711053	True	False	Other_lineages_enriched	0.680272108843537	0.639455782312925	False		Other_lineages_enriched	179.0	annotated	mapA	hydrolase, family 65, central catalytic	G	Glyco_hydro_65C,Glyco_hydro_65N,Glyco_hydro_65m
yvdM	1.0	0.968152866242038	-0.0318471337579618	0.0004997501249375	0.001059637491421533	2.9748426841711053	True	False	Other_lineages_enriched	0.680272108843537	0.639455782312925	False		Other_lineages_enriched	180.0	annotated	pgmB	beta-phosphoglucomutase	S	HAD_2
smc_5~~~smc_4~~~smc_2	0.984674329501916	0.987261146496815	0.0025868169948996	0.708145927036482	0.7605413394997419	0.11887717473566554	False	False	L8L10_enriched	0.661045531197302	0.664418212478921	False		L8L10_enriched	187.0	annotated	-	nuclear chromosome segregation	D	-
group_1948	0.980842911877395	1.0	0.0191570881226054	1.0	1.0	-0.0	False	False	L8L10_enriched	0.664440734557596	0.667779632721202	False		L8L10_enriched	165.0	annotated	-	Protein of unknown function (DUF2929)	S	DUF2929
yicL_3~~~yicL_1~~~yicL_2~~~yicL_4	0.984674329501916	0.993630573248408	0.0089562437464919	0.523238380809595	0.5850256073184985	0.2328251238772658	False	False	L8L10_enriched	0.663767146202743	0.667112746738039	False		L8L10_enriched	168.0	annotated	-	EamA-like transporter family	EG	EamA
group_2593	0.988505747126437	0.987261146496815	-0.0012446006296215	1.0	1.0	-0.0	False	False	Other_lineages_enriched	0.664204163868368	0.664204163868368	False		Other_lineages_enriched	258.0	annotated	-	Uncharacterised 5xTM membrane BCR, YitT family COG1284	S	DUF2179,YitT_membrane
melA_1~~~melA_2~~~melA	0.996168582375479	0.942675159235669	-0.0534934231398101	0.0004997501249375	0.001059637491421533	2.9748426841711053	True	False	Other_lineages_enriched	0.681958233481684	0.63334474495036	False		Other_lineages_enriched	169.0	annotated	melA	alpha-galactosidase	G	Glyco_hydro_36C,Glyco_hydro_36N,Melibiase
sufS~~~sufS_1~~~csd~~~sufS_2	0.973180076628352	0.980891719745223	0.0077116431168704	1.0	1.0	-0.0	False	False	L8L10_enriched	0.66215759215421	0.661481230977342	False		L8L10_enriched	221.0	annotated	sufS	Catalyzes the removal of elemental sulfur and selenium atoms from L-cysteine, L-cystine, L-selenocysteine, and L- selenocystine to produce L-alanine	E	Aminotran_5
galT_2~~~galT	0.996168582375479	0.942675159235669	-0.0534934231398101	0.0004997501249375	0.001059637491421533	2.9748426841711053	True	False	Other_lineages_enriched	0.681958233481684	0.63334474495036	False		Other_lineages_enriched	170.0	annotated	galT	UDP-glucose--hexose-1-phosphate uridylyltransferase	G	GalP_UDP_tr_C,GalP_UDP_transf
group_1539	0.961685823754789	0.993630573248408	0.0319447494936184	0.15592203898051	0.19828757948312636	0.702704488673564	False	False	L8L10_enriched	0.655439541933311	0.670932974065342	False		L8L10_enriched	117.0	annotated	-	VIT family	S	VIT1
group_2744	0.96551724137931	0.993630573248408	0.0281133318690973	0.258870564717641	0.31279006627965794	0.5047470479025798	False	False	L8L10_enriched	0.656796769851952	0.670255720053836	False		L8L10_enriched	127.0	annotated	-	membrane	S	VIT1
pstC1	0.969348659003831	0.993630573248408	0.0242819142445763	0.256871564217891	0.31071652132817573	0.5076356539516548	False	False	L8L10_enriched	0.657248570467541	0.670030272452069	False		L8L10_enriched	132.0	annotated	pstC	probably responsible for the translocation of the substrate across the membrane	P	BPD_transp_1
galK_3~~~galK_2~~~galK_1~~~galK	0.996168582375479	0.942675159235669	-0.0534934231398101	0.0004997501249375	0.001059637491421533	2.9748426841711053	True	False	Other_lineages_enriched	0.681958233481684	0.63334474495036	False		Other_lineages_enriched	171.0	annotated	galK	Catalyzes the transfer of the gamma-phosphate of ATP to D-galactose to form alpha-D-galactose-1-phosphate (Gal-1-P)	G	GHMP_kinases_C,GHMP_kinases_N,GalKase_gal_bdg
group_833	0.980842911877395	1.0	0.0191570881226054	0.288355822088956	0.3427606182478752	0.4650090824902197	False	False	L8L10_enriched	0.661311914323962	0.669344042838019	False		L8L10_enriched	142.0	annotated	ylmH	S4 domain protein	S	S4
pstA	0.969348659003831	0.993630573248408	0.0242819142445763	0.253373313343328	0.30704857207291864	0.5127929179603474	False	False	L8L10_enriched	0.657248570467541	0.670030272452069	False		L8L10_enriched	133.0	annotated	pstA	Phosphate transport system permease protein PstA	P	BPD_transp_1
lacS~~~lacS_2~~~lacS_1	0.996168582375479	0.942675159235669	-0.0534934231398101	0.0004997501249375	0.001059637491421533	2.9748426841711053	True	False	Other_lineages_enriched	0.681958233481684	0.63334474495036	False		Other_lineages_enriched	172.0	annotated	lacP	Transporter	G	MFS_2,PTS_EIIA_1
ccpA_1~~~ccpA~~~ccpA_2	0.96551724137931	0.993630573248408	0.0281133318690973	0.11344327836082	0.1491602562645259	0.8263468791711897	False	False	L8L10_enriched	0.652261985145172	0.672518568534774	False		L8L10_enriched	80.0	annotated	ccpA	catabolite control protein A	K	LacI,Peripla_BP_3
pstB3_2~~~pstB3_1~~~pstB	0.969348659003831	0.987261146496815	0.0179124874929839	0.245377311344328	0.2986768529292799	0.5247984333537203	False	False	L8L10_enriched	0.657912457912458	0.668686868686869	False		L8L10_enriched	155.0	annotated	pstB2	Part of the ABC transporter complex PstSACB involved in phosphate import. Responsible for energy coupling to the transport system	P	ABC_tran
galE_2~~~galE~~~galE_1	0.996168582375479	0.942675159235669	-0.0534934231398101	0.0004997501249375	0.001059637491421533	2.9748426841711053	True	False	Other_lineages_enriched	0.681958233481684	0.63334474495036	False		Other_lineages_enriched	173.0	annotated	galE	Belongs to the NAD(P)-dependent epimerase dehydratase family	M	Epimerase,GDP_Man_Dehyd
sepF	0.980842911877395	1.0	0.0191570881226054	0.279860069965017	0.33459322588342927	0.47548285593557127	False	False	L8L10_enriched	0.661311914323962	0.669344042838019	False		L8L10_enriched	143.0	annotated	sepF	Cell division protein that is part of the divisome complex and is recruited early to the Z-ring. Probably stimulates Z-ring formation, perhaps through the cross-linking of FtsZ protofilaments. Its function overlaps with FtsA	D	SepF
pstB3_2~~~pstB3_3~~~pstB3_1	0.96551724137931	0.987261146496815	0.0217439051175049	0.259870064967516	0.31376763065883667	0.5033918617412805	False	False	L8L10_enriched	0.657248570467541	0.670030272452069	False		L8L10_enriched	136.0	annotated	pstB1	Part of the ABC transporter complex PstSACB involved in phosphate import. Responsible for energy coupling to the transport system	P	ABC_tran
rnhA	0.969348659003831	0.993630573248408	0.0242819142445763	0.262868565717141	0.3164603303025136	0.499680722962568	False	False	L8L10_enriched	0.657248570467541	0.670030272452069	False		L8L10_enriched	134.0	annotated	rnhA	Endonuclease that specifically degrades the RNA of RNA- DNA hybrids	L	Cauli_VI,RNase_H
group_173	0.980842911877395	1.0	0.0191570881226054	0.290854572713643	0.3452326430444718	0.4618881468391118	False	False	L8L10_enriched	0.661311914323962	0.669344042838019	False		L8L10_enriched	144.0	annotated	ylmG	YGGT family	S	YGGT
group_1544	0.961685823754789	0.993630573248408	0.0319447494936184	0.168415792103948	0.21212921826548498	0.6733995084870739	False	False	L8L10_enriched	0.656344665095927	0.67048131942107	False		L8L10_enriched	123.0	annotated	-	Domain of unknown function (DUF1836)	K	DUF1836
yebC	0.96551724137931	0.993630573248408	0.0281133318690973	0.103448275862069	0.1368923971749066	0.8636206713450011	False	False	L8L10_enriched	0.652261985145172	0.672518568534774	False		L8L10_enriched	81.0	annotated	yebC	Transcriptional regulatory protein	K	Transcrip_reg
pepQ	0.957854406130268	0.993630573248408	0.0357761671181395	0.101449275362319	0.13457140189969446	0.8710472232975118	False	False	L8L10_enriched	0.651806822019588	0.67274569402229	False		L8L10_enriched	77.0	annotated	pepQ	Creatinase/Prolidase N-terminal domain	E	Creatinase_N,Peptidase_M24
group_610	0.969348659003831	0.993630573248408	0.0242819142445763	0.27736131934033	0.33220848681439014	0.4785892769731898	False	False	L8L10_enriched	0.657248570467541	0.670030272452069	False		L8L10_enriched	135.0	annotated	-	helix_turn_helix, Arsenical Resistance Operon Repressor	K	HTH_5
phoU	0.961685823754789	0.993630573248408	0.0319447494936184	0.249875062468766	0.30347892769428086	0.5178714591317594	False	False	L8L10_enriched	0.656796769851952	0.670255720053836	False		L8L10_enriched	126.0	annotated	phoU	Plays a role in the regulation of phosphate uptake	P	PhoU
group_2745	0.961685823754789	0.993630573248408	0.0319447494936184	0.166916541729135	0.21072413984578536	0.6762857102329004	False	False	L8L10_enriched	0.656344665095927	0.67048131942107	False		L8L10_enriched	124.0	annotated	hlyIII	Haemolysin-III related	S	HlyIII
fba_2~~~fba	0.96551724137931	0.980891719745223	0.0153744783659125	1.0	1.0	-0.0	False	False	L8L10_enriched	0.660798916723087	0.662153012863913	False		L8L10_enriched	212.0	annotated	fba	Fructose-1,6-bisphosphate aldolase, class II	G	F_bP_aldolase
ileS_1~~~ileS~~~ileS_2	0.973180076628352	1.0	0.0268199233716475	0.288355822088956	0.3427606182478752	0.4650090824902197	False	False	L8L10_enriched	0.660863742885838	0.669568128557081	False		L8L10_enriched	140.0	annotated	ileS	amino acids such as valine, to avoid such errors it has two additional distinct tRNA(Ile)-dependent editing activities. One activity is designated as 'pretransfer' editing and involves the hydrolysis of activated Val-AMP. The other activity is designated 'posttransfer' editing and involves deacylation of mischarged Val-tRNA(Ile)	J	Anticodon_1,tRNA-synt_1,zf-FPG_IleRS
dnaE_1~~~dnaE_3~~~dnaE_2~~~dnaE	0.984674329501916	0.993630573248408	0.0089562437464919	0.290854572713643	0.3452326430444718	0.4618881468391118	False	False	L8L10_enriched	0.661976549413735	0.668006700167504	False		L8L10_enriched	162.0	annotated	dnaE	DNA polymerase	L	DNA_pol3_alpha,HHH_6,PHP,tRNA_anti-codon
cbgA_2~~~cbgA~~~lacZ~~~cbgA_1	0.996168582375479	0.942675159235669	-0.0534934231398101	0.0004997501249375	0.001059637491421533	2.9748426841711053	True	False	Other_lineages_enriched	0.681958233481684	0.63334474495036	False		Other_lineages_enriched	174.0	annotated	cbgA	family 2, TIM barrel	G	Bgal_small_N,DUF4981,Glyco_hydro_2,Glyco_hydro_2_C,Glyco_hydro_2_N
rbsK~~~rbsK_2~~~rbsK_1	0.96551724137931	0.993630573248408	0.0281133318690973	0.101949025487256	0.13512551849577975	0.8692626265859116	False	False	L8L10_enriched	0.652261985145172	0.672518568534774	False		L8L10_enriched	82.0	annotated	rbsK	Catalyzes the phosphorylation of ribose at O-5 in a reaction requiring ATP and magnesium. The resulting D-ribose-5- phosphate can then be used either for sythesis of nucleotides, histidine, and tryptophan, or as a component of the pentose phosphate pathway	H	PfkB
ltaS1_1~~~ltaS1_2~~~ltaS1	0.984674329501916	0.968152866242038	-0.0165214632598775	0.305347326336832	0.35984243214587314	0.44388762653727176	False	False	Other_lineages_enriched	0.670252100840336	0.657478991596639	False		Other_lineages_enriched	211.0	annotated	ltaS	Phosphoglycerol transferase and related proteins, alkaline phosphatase superfamily	M	Sulfatase
pstS1_2~~~pstS1_1~~~pstS1	0.96551724137931	0.993630573248408	0.0281133318690973	0.272363818090955	0.32681674457745696	0.4856957003302758	False	False	L8L10_enriched	0.656796769851952	0.670255720053836	False		L8L10_enriched	128.0	annotated	pstS	Phosphate	P	PBP_like_2
melR~~~melR_1~~~melR_2	0.992337164750958	0.942675159235669	-0.0496620055152891	0.0004997501249375	0.001059637491421533	2.9748426841711053	True	False	Other_lineages_enriched	0.681506849315068	0.633561643835616	False		Other_lineages_enriched	175.0	annotated	galR	Transcriptional regulator	K	LacI,Peripla_BP_3
group_1513	0.961685823754789	0.993630573248408	0.0319447494936184	0.0374812593703148	0.054143248410866845	1.2664556915911318	False	False	L8L10_enriched	0.64769647696477	0.67479674796748	False		L8L10_enriched	61.0	annotated	-	VanZ like family	S	VanZ
group_1512	0.96551724137931	0.993630573248408	0.0281133318690973	0.178910544727636	0.2241483820827227	0.6494643915520666	False	False	L8L10_enriched	0.654986522911051	0.671159029649596	False		L8L10_enriched	114.0	annotated	-	-	-	-
group_1009	0.96551724137931	0.993630573248408	0.0281133318690973	0.180909545227386	0.22630863763258802	0.6452988697987828	False	False	L8L10_enriched	0.654986522911051	0.671159029649596	False		L8L10_enriched	115.0	annotated	ytxG	protein containing a divergent version of the methyl-accepting chemotaxis-like domain	S	DUF948
group_621	0.984674329501916	0.993630573248408	0.0089562437464919	0.572213893053473	0.6297410746864374	0.2008379790373097	False	False	L8L10_enriched	0.667113194909578	0.663094440723376	False		direction_ambiguous		valid_protein_no_eggnog_annotation				
group_11200	0.96551724137931	0.987261146496815	0.0217439051175049	0.753623188405797	0.8018044577969329	0.09593153352921431	False	False	L8L10_enriched	0.658536585365854	0.663956639566396	False		L8L10_enriched	189.0	valid_protein_no_eggnog_annotation				
group_2559	0.973180076628352	0.980891719745223	0.0077116431168704	1.0	1.0	-0.0	False	False	L8L10_enriched	0.66215759215421	0.661481230977342	False		L8L10_enriched	222.0	annotated	sufD	FeS assembly protein SufD	O	UPF0051
group_1906	0.969348659003831	0.980891719745223	0.0115430607413916	1.0	1.0	-0.0	False	False	L8L10_enriched	0.66215759215421	0.661481230977342	False		L8L10_enriched	219.0	annotated	sufB	assembly protein SufB	O	UPF0051
gpsB_1	0.980842911877395	1.0	0.0191570881226054	0.305347326336832	0.35984243214587314	0.44388762653727176	False	False	L8L10_enriched	0.661311914323962	0.669344042838019	False		L8L10_enriched	145.0	annotated	divIVA	DivIVA domain protein	D	DivIVA
sufU	0.969348659003831	0.980891719745223	0.0115430607413916	1.0	1.0	-0.0	False	False	L8L10_enriched	0.66215759215421	0.661481230977342	False		L8L10_enriched	220.0	annotated	nifU	SUF system FeS assembly protein, NifU family	C	NifU_N
comGA	0.96551724137931	0.993630573248408	0.0281133318690973	0.108445777111444	0.14316059117876923	0.8441765168680407	False	False	L8L10_enriched	0.652261985145172	0.672518568534774	False		L8L10_enriched	83.0	annotated	comGA	Type II IV secretion system protein	NU	T2SSE
arsC	0.988505747126437	0.987261146496815	-0.0012446006296215	1.0	1.0	-0.0	False	False	Other_lineages_enriched	0.665998663994656	0.665998663994656	False		direction_ambiguous		annotated	arsC	Low molecular weight phosphatase family	T	LMWPc
group_1027	0.957854406130268	0.993630573248408	0.0357761671181395	0.174912543728136	0.21980809747681468	0.6579563127099725	False	False	L8L10_enriched	0.65362563237774	0.671838111298482	False		L8L10_enriched	103.0	annotated	yjbH	Thioredoxin	Q	Thioredoxin_5
group_151	0.988505747126437	0.987261146496815	-0.0012446006296215	0.740129935032484	0.7894879041541065	0.1026545194864247	False	False	Other_lineages_enriched	0.663282571912014	0.65989847715736	False		Other_lineages_enriched	265.0	annotated	-	-	-	-
gtf3~~~wbbI~~~wbbI_2	0.980842911877395	0.987261146496815	0.0064182346194207	1.0	1.0	-0.0	False	False	L8L10_enriched	0.662394603709949	0.663069139966273	False		L8L10_enriched	198.0	annotated	-	transferase activity, transferring glycosyl groups	M	-
group_2150	0.984674329501916	0.987261146496815	0.0025868169948996	1.0	1.0	-0.0	False	False	L8L10_enriched	0.665994623655914	0.661962365591398	False		direction_ambiguous		annotated	rbn	Belongs to the UPF0761 family	S	Virul_fac_BrkB
mecA	0.961685823754789	0.980891719745223	0.0192058959904337	0.494752623688156	0.557336716257256	0.2538823455268321	False	False	L8L10_enriched	0.657219973009447	0.668016194331984	False		L8L10_enriched	159.0	annotated	mecA	Enables the recognition and targeting of unfolded and aggregated proteins to the ClpC protease or to other proteins involved in proteolysis	NOT	MecA
agaA~~~agaA_2~~~agaA_1~~~melA_2	0.980842911877395	0.936305732484076	-0.0445371793933181	0.640179910044978	0.6966290632754962	0.15699841078953122	False	False	Other_lineages_enriched	0.65979381443299	0.652920962199313	False		Other_lineages_enriched	275.0	annotated	galA	alpha-galactosidase	G	Glyco_hydro_36C,Glyco_hydro_36N,Melibiase
pepF1_2~~~pepF1_3~~~pepF1_1~~~pepF1	0.957854406130268	0.987261146496815	0.0294067403665471	0.168415792103948	0.21212921826548498	0.6733995084870739	False	False	L8L10_enriched	0.65362563237774	0.671838111298482	False		L8L10_enriched	104.0	annotated	pepF	Oligopeptidase F	E	Peptidase_M3,Peptidase_M3_N
pflB_1~~~pflB_2~~~pflB	0.96551724137931	0.980891719745223	0.0153744783659125	0.756621689155422	0.8042156341184244	0.09462748837640157	False	False	L8L10_enriched	0.658983050847458	0.663050847457627	False		L8L10_enriched	201.0	annotated	pflB	Pyruvate formate lyase-like	C	Gly_radical,PFL-like
coiA	0.961685823754789	0.980891719745223	0.0192058959904337	0.491754122938531	0.5541483704112379	0.25637393956066384	False	False	L8L10_enriched	0.657219973009447	0.668016194331984	False		L8L10_enriched	160.0	annotated	coiA	Competence protein	S	CoiA
pflA~~~cutD	0.96551724137931	0.974522292993631	0.0090050516143201	1.0	1.0	-0.0	False	False	L8L10_enriched	0.659653885307092	0.661689854088904	False		L8L10_enriched	216.0	annotated	pflA	Activation of pyruvate formate-lyase under anaerobic conditions by generation of an organic free radical, using S- adenosylmethionine and reduced flavodoxin as cosubstrates to produce 5'-deoxy-adenosine	C	Fer4_12,Radical_SAM
group_2189	0.973180076628352	0.987261146496815	0.0140810698684628	1.0	1.0	-0.0	False	False	L8L10_enriched	0.661715057393653	0.663065496286293	False		L8L10_enriched	200.0	annotated	yciQ	membrane protein (DUF2207)	P	DUF2207
ygcS~~~ygcS_2~~~ygcS_1	0.996168582375479	0.904458598726115	-0.0917099836493642	0.569215392303848	0.6268598655217845	0.20282953481950616	False	False	Other_lineages_enriched	0.66778410995642	0.661749916191753	False		Other_lineages_enriched	237.0	annotated	-	Sugar (and other) transporter	EGP	MFS_1,Sugar_tr
group_1205	0.984674329501916	0.993630573248408	0.0089562437464919	0.0984507746126937	0.13091013008427188	0.8830267455846342	False	False	L8L10_enriched	0.657027572293208	0.670477471418964	False		L8L10_enriched	125.0	annotated	-	RNA polymerase sigma factor, sigma-70 family	K	Sigma70_r2
group_1030	0.96551724137931	0.974522292993631	0.0090050516143201	1.0	1.0	-0.0	False	False	L8L10_enriched	0.659639578374702	0.660319619177151	False		direction_ambiguous		annotated	rssA	Phospholipase, patatin family	S	Patatin
pyk	0.977011494252874	0.987261146496815	0.0102496522439417	0.664167916041979	0.7198793695257634	0.14274027237220452	False	False	L8L10_enriched	0.663090848139457	0.666443178008716	False		L8L10_enriched	171.0	annotated	pyk	Belongs to the pyruvate kinase family	G	PEP-utilizers,PK,PK_C
xylR~~~rhaS~~~rhaR	0.977011494252874	0.980891719745223	0.0038802254923493	1.0	1.0	-0.0	False	False	L8L10_enriched	0.656839218375043	0.657524854302365	False		L8L10_enriched	232.0	annotated	-	AraC-like ligand binding domain	K	AraC_binding,HTH_18,HTH_AraC
group_2027	0.961685823754789	0.993630573248408	0.0319447494936184	0.0549725137431284	0.07704569663275546	1.1132516136728974	False	False	L8L10_enriched	0.650439486139283	0.67342799188641	False		L8L10_enriched	68.0	annotated	comGB	type II secretion system	NU	T2SSF
group_1522	0.980842911877395	0.987261146496815	0.0064182346194207	1.0	1.0	-0.0	False	False	L8L10_enriched	0.662394603709949	0.663069139966273	False		L8L10_enriched	199.0	annotated	-	Glycosyltransferase	M	Gly_transf_sug
pfkA	0.984674329501916	0.993630573248408	0.0089562437464919	0.524737631184408	0.5865028815307409	0.2317298498232584	False	False	L8L10_enriched	0.663767146202743	0.667112746738039	False		L8L10_enriched	169.0	annotated	pfkA	Catalyzes the phosphorylation of D-fructose 6-phosphate to fructose 1,6-bisphosphate by ATP, the first committing step of glycolysis	F	PFK
bbmA_2~~~nplT~~~bbmA_1~~~bbmA~~~bbmA_3	0.96551724137931	0.980891719745223	0.0153744783659125	0.0104947526236882	0.01743833075897762	1.7584950891775644	True	False	L8L10_enriched	0.639260020554985	0.675573826652963	False		L8L10_enriched	56.0	annotated	nplT	Belongs to the glycosyl hydrolase 13 family	G	Alpha-amylase,Alpha-amylase_N,Malt_amylase_C
group_2090	0.961685823754789	0.974522292993631	0.0128364692388413	0.769615192403798	0.8148721269185458	0.08891053718737102	False	False	L8L10_enriched	0.65691941516491	0.663039782386943	False		L8L10_enriched	205.0	annotated	-	VIT family	S	VIT1
group_2053	0.980842911877395	1.0	0.0191570881226054	0.298850574712644	0.3537042541947421	0.45135971665629593	False	False	L8L10_enriched	0.662207357859532	0.668896321070234	False		L8L10_enriched	152.0	annotated	-	DNA-templated transcription, initiation	K	HTH_23,HTH_7,Sigma70_r2,Sigma70_r4,UPF0122
group_1324	0.984674329501916	0.993630573248408	0.0089562437464919	0.183908045977011	0.22971077008879878	0.6388186422430128	False	False	L8L10_enriched	0.659510231465951	0.669573968466957	False		L8L10_enriched	139.0	valid_protein_no_eggnog_annotation				
group_2925	0.992337164750958	0.980891719745223	-0.011445445005735	0.375312343828086	0.43513517695761555	0.3613758062934652	False	False	Other_lineages_enriched	0.668461797374621	0.658364187142376	False		Other_lineages_enriched	230.0	annotated	-	DNA-templated transcription, initiation	K	HTH_23,HTH_7,Sigma70_r2,Sigma70_r4,UPF0122
yhaP~~~yhaP_2~~~yhaP_3	0.996168582375479	0.910828025477707	-0.0853405568977719	0.575712143928036	0.6333794705318461	0.19833601734431958	False	False	Other_lineages_enriched	0.668232136866823	0.660852063066085	False		Other_lineages_enriched	232.0	annotated	natB	ABC-type Na efflux pump, permease component	CP	ABC2_membrane_3
lnrL_2~~~lnrL~~~btuD_2~~~lnrL_1	1.0	0.917197452229299	-0.0828025477707006	0.135932033983008	0.17537041972357528	0.7560436585993822	False	False	Other_lineages_enriched	0.669344042838019	0.661311914323962	False		Other_lineages_enriched	220.0	annotated	natA	Domain of unknown function (DUF4162)	S	ABC_tran,DUF4162
ytlR	0.984674329501916	0.993630573248408	0.0089562437464919	1.0	1.0	-0.0	False	False	L8L10_enriched	0.665552956899432	0.666221182759773	False		L8L10_enriched	174.0	annotated	ytlR	Diacylglycerol kinase catalytic domain	I	DAGK_acc,DAGK_cat
group_1557	0.984674329501916	0.987261146496815	0.0025868169948996	1.0	1.0	-0.0	False	False	L8L10_enriched	0.662622177283451	0.66329625884732	False		direction_ambiguous		valid_protein_no_eggnog_annotation				
group_2397	0.969348659003831	0.980891719745223	0.0115430607413916	0.760119940029985	0.8071528206248147	0.09304423123735013	False	False	L8L10_enriched	0.658983050847458	0.663050847457627	False		L8L10_enriched	203.0	annotated	-	Tyrosine phosphatase family	T	Y_phosphatase3
group_1980	0.984674329501916	0.980891719745223	-0.0037826097566927	1.0	1.0	-0.0	False	False	Other_lineages_enriched	0.662845583277141	0.662845583277141	False		Other_lineages_enriched	267.0	valid_protein_no_eggnog_annotation				
group_1580	1.0	0.898089171974522	-0.101910828025478	0.0004997501249375	0.001059637491421533	2.9748426841711053	True	False	Other_lineages_enriched	0.701262272089762	0.597475455820477	False		Other_lineages_enriched	140.0	annotated	galM	Catalyzes the interconversion of alpha and beta anomers of maltose	G	Aldose_epim
pckA	0.946360153256705	0.980891719745223	0.034531566488518	0.139430284857571	0.17953215654775165	0.7458577523197712	False	False	L8L10_enriched	0.650847457627119	0.671186440677966	False		L8L10_enriched	112.0	annotated	pckA	Phosphoenolpyruvate carboxykinase	H	PEPCK_ATP
arnC_1~~~epsJ~~~arnC_3	0.977011494252874	0.987261146496815	0.0102496522439417	1.0	1.0	-0.0	False	False	L8L10_enriched	0.662394603709949	0.663069139966273	False		L8L10_enriched	197.0	annotated	-	Glycosyltransferase like family 2	M	Glycos_transf_2
group_2457	0.996168582375479	0.968152866242038	-0.0280157161334407	0.315342328835582	0.3709578627323251	0.4306754192856169	False	False	Other_lineages_enriched	0.669354838709677	0.658602150537634	False		Other_lineages_enriched	219.0	annotated	-	-	-	-
sufC	0.973180076628352	0.980891719745223	0.0077116431168704	0.535232383808096	0.596815805295322	0.22415968409160122	False	False	L8L10_enriched	0.658528314682943	0.663275686673449	False		L8L10_enriched	196.0	annotated	sufC	FeS assembly ATPase SufC	O	ABC_tran
desR~~~desR_2~~~desR_1	0.969348659003831	0.980891719745223	0.0115430607413916	0.754122938530735	0.8020771731629348	0.09578384335377985	False	False	L8L10_enriched	0.658983050847458	0.663050847457627	False		L8L10_enriched	204.0	annotated	desR	helix_turn_helix, Lux Regulon	K	GerE,Response_reg
nanE	0.969348659003831	0.980891719745223	0.0115430607413916	0.536731634182909	0.5980827645020917	0.22323871286876318	False	False	L8L10_enriched	0.65761791652528	0.663725822870716	False		L8L10_enriched	192.0	annotated	nanE	Converts N-acetylmannosamine-6-phosphate (ManNAc-6-P) to N-acetylglucosamine-6-phosphate (GlcNAc-6-P)	G	NanE
cycA_1~~~yifK_2~~~pheP~~~cycA~~~cycA_2	0.950191570881226	0.987261146496815	0.0370695756155892	0.118940529735132	0.15601474740336782	0.8068343477148309	False	False	L8L10_enriched	0.649164677804296	0.668939652233208	False		L8L10_enriched	148.0	annotated	cycA	Amino acid permease	E	AA_permease
nanA_1~~~nanA_2~~~nanA	0.973180076628352	0.980891719745223	0.0077116431168704	0.751124437781109	0.7994040770312514	0.0972336411301298	False	False	L8L10_enriched	0.659891598915989	0.66260162601626	False		L8L10_enriched	207.0	annotated	nanA	Neu5Ac) to form pyruvate and N-acetylmannosamine (ManNAc) via a Schiff base intermediate	EM	DHDPS
group_1585	0.980842911877395	0.904458598726115	-0.0763843131512799	0.0109945027486257	0.018122504530626152	1.741781783002093	True	False	Other_lineages_enriched	0.672504378283713	0.626970227670753	False		Other_lineages_enriched	202.0	annotated	-	Membrane	S	YitT_membrane
group_3778	0.969348659003831	0.923566878980892	-0.0457817800229396	1.0	1.0	-0.0	False	False	Other_lineages_enriched	0.653301071552022	0.655375043207743	False		direction_ambiguous		valid_protein_no_eggnog_annotation				
group_2711	0.961685823754789	0.968152866242038	0.0064670424872489	1.0	1.0	-0.0	False	False	L8L10_enriched	0.663516706041175	0.661491731353358	False		direction_ambiguous		valid_protein_no_eggnog_annotation				
group_1434	0.969348659003831	0.968152866242038	-0.0011957927617931	1.0	1.0	-0.0	False	False	Other_lineages_enriched	0.663516706041175	0.661491731353358	False		Other_lineages_enriched	264.0	annotated	-	Protein of unknown function (DUF1304)	S	DUF1304
group_554	0.96551724137931	0.974522292993631	0.0090050516143201	1.0	1.0	-0.0	False	False	L8L10_enriched	0.658727458319156	0.660768969037087	False		direction_ambiguous		annotated	-	-	-	-
group_162	0.996168582375479	0.910828025477707	-0.0853405568977719	0.0004997501249375	0.001059637491421533	2.9748426841711053	True	False	Other_lineages_enriched	0.693593314763231	0.610027855153203	False		Other_lineages_enriched	149.0	annotated	-	-	-	-
group_2159	0.946360153256705	0.987261146496815	0.0409009932401103	0.0214892553723138	0.03261496842550621	1.4865830375810172	True	False	L8L10_enriched	0.646519524617997	0.674363327674024	False		L8L10_enriched	65.0	annotated	-	Calcineurin-like phosphoesterase superfamily domain	S	Metallophos,Metallophos_2
yutF	0.950191570881226	0.987261146496815	0.0370695756155892	0.0254872563718141	0.038017433112325694	1.4200172094796812	True	False	L8L10_enriched	0.646519524617997	0.674363327674024	False		L8L10_enriched	66.0	annotated	nagD	Catalyzes the dephosphorylation of 2-6 carbon acid sugars in vitro	G	Hydrolase_6,Hydrolase_like
group_577	0.950191570881226	0.987261146496815	0.0370695756155892	0.0249875062468766	0.037339606840570694	1.4278302591740206	True	False	L8L10_enriched	0.646519524617997	0.674363327674024	False		L8L10_enriched	67.0	annotated	yutD	Protein of unknown function (DUF1027)	S	DUF1027
adhE_1~~~adhE~~~adhE_2	0.96551724137931	0.980891719745223	0.0153744783659125	0.538730634682659	0.5994993047211622	0.2222113162447618	False	False	L8L10_enriched	0.658073270013569	0.663500678426052	False		L8L10_enriched	195.0	annotated	adhE	belongs to the iron- containing alcohol dehydrogenase family	C	Aldedh,Fe-ADH
group_2262	0.957854406130268	0.974522292993631	0.0166678868633624	0.619690154922539	0.6758950878747985	0.1701207098172279	False	False	L8L10_enriched	0.654818865345181	0.661654135338346	False		L8L10_enriched	217.0	annotated	-	Uncharacterised protein, DegV family COG1307	S	DegV
group_1575	0.977011494252874	0.968152866242038	-0.0088586280108353	0.302348825587206	0.35694710867425433	0.4473961315423454	False	False	Other_lineages_enriched	0.669804976462677	0.657700067249496	False		Other_lineages_enriched	213.0	annotated	pgi	Belongs to the GPI family	G	PGI
group_897	0.950191570881226	0.987261146496815	0.0370695756155892	0.124937531234383	0.16303729323457108	0.7877130434888246	False	False	L8L10_enriched	0.649164677804296	0.668939652233208	False		L8L10_enriched	149.0	annotated	ytxK	N-6 DNA Methylase	L	N6_Mtase
group_672	0.946360153256705	0.987261146496815	0.0409009932401103	0.12343828085957	0.1613364281762329	0.7922675621229637	False	False	L8L10_enriched	0.64778156996587	0.66962457337884	False		L8L10_enriched	138.0	annotated	comGC	competence protein ComGC	U	N_methyl
cbh_1~~~cbh~~~cbh_2	0.961685823754789	0.980891719745223	0.0192058959904337	0.371814092953523	0.43183906812895956	0.3646780699561566	False	False	L8L10_enriched	0.653505786249149	0.665759019741321	False		L8L10_enriched	177.0	annotated	cbh	Linear amide C-N hydrolase, choloylglycine hydrolase family protein	M	CBAH
group_2931	0.988505747126437	0.987261146496815	-0.0012446006296215	0.516741629185407	0.5799263174952031	0.23662718219229217	False	False	Other_lineages_enriched	0.659474039109912	0.666217127444369	False		direction_ambiguous		annotated	-	-	-	-
group_2369	0.946360153256705	0.987261146496815	0.0409009932401103	0.0164917541229385	0.025741511054041856	1.5893659631359525	True	False	L8L10_enriched	0.645139360978926	0.675050985723997	False		L8L10_enriched	58.0	annotated	-	Protein of unknown function (DUF1461)	S	DUF1461
group_2026	0.946360153256705	0.987261146496815	0.0409009932401103	0.129435282358821	0.16810770806949754	0.7744123728466602	False	False	L8L10_enriched	0.645933014354067	0.67053998632946	False		L8L10_enriched	120.0	annotated	-	-	-	N_methyl
group_1886	1.0	0.89171974522293	-0.10828025477707	0.0004997501249375	0.001059637491421533	2.9748426841711053	True	False	Other_lineages_enriched	0.702000702000702	0.595998595998596	False		Other_lineages_enriched	136.0	annotated	-	Transporter, major facilitator family protein	G	MFS_1
purK_1~~~purK_2	0.984674329501916	0.993630573248408	0.0089562437464919	0.0849575212393803	0.11421257955273689	0.9422860595799867	False	False	L8L10_enriched	0.655913978494624	0.672043010752688	False		L8L10_enriched	102.0	annotated	purK2	Involved in the de novo purine biosynthesis. Catalyzes the transfer of formate to 5-phospho-ribosyl-glycinamide (GAR), producing 5-phospho-ribosyl-N-formylglycinamide (FGAR). Formate is provided by PurU via hydrolysis of 10-formyl-tetrahydrofolate	F	ATP-grasp
purR_1~~~malR	1.0	0.898089171974522	-0.101910828025478	0.0004997501249375	0.001059637491421533	2.9748426841711053	True	False	Other_lineages_enriched	0.701016473887136	0.597967052225727	False		Other_lineages_enriched	141.0	annotated	malR1	Transcriptional regulator, LacI family	K	LacI,Peripla_BP_1,Peripla_BP_3
group_430	0.984674329501916	0.993630573248408	0.0089562437464919	0.417291354322839	0.4759345837638472	0.32245273606677716	False	False	L8L10_enriched	0.659717552118359	0.667787491593813	False		L8L10_enriched	164.0	annotated	-	-	-	-
group_2402	0.988505747126437	0.866242038216561	-0.122263708909876	0.0014992503748125	0.002921366046722169	2.534414022584289	True	False	Other_lineages_enriched	0.679888656924147	0.624217118997912	False		Other_lineages_enriched	183.0	annotated	-	Protein of unknown function (DUF3290)	S	DUF3290
IMPDH	0.957854406130268	0.980891719745223	0.0230373136149548	0.395302348825587	0.4543150468714019	0.34264287915499086	False	False	L8L10_enriched	0.653505786249149	0.665759019741321	False		L8L10_enriched	176.0	annotated	fabK	Nitronate monooxygenase	S	NMO
amt_2~~~amtB~~~amt~~~amt_1	0.996168582375479	0.878980891719745	-0.117187690655734	0.0304847576211894	0.04474266207653411	1.3492781800347577	True	False	Other_lineages_enriched	0.671163575042159	0.654300168634064	False		Other_lineages_enriched	208.0	annotated	amt	ammonium transporter	P	Ammonium_transp
dtpT~~~dtpA	0.954022988505747	0.980891719745223	0.0268687312394759	0.750124937531234	0.7985982775978726	0.09767163081904941	False	False	L8L10_enriched	0.658553076402975	0.665314401622718	False		L8L10_enriched	179.0	annotated	dtpT	amino acid peptide transporter	U	PTR2
yxdL~~~ybhF~~~btuD_4~~~btuD_2~~~desK~~~desK_2~~~comP~~~desK_1	0.96551724137931	0.980891719745223	0.0153744783659125	0.749625187406297	0.7983241734013409	0.09782072001385013	False	False	L8L10_enriched	0.658983050847458	0.663050847457627	False		L8L10_enriched	202.0	annotated	desK	Histidine kinase	T	HATPase_c,HisKA_3
group_2101	0.946360153256705	0.987261146496815	0.0409009932401103	0.130934532733633	0.1698540493532759	0.7699240950063759	False	False	L8L10_enriched	0.648703956343793	0.669167803547067	False		L8L10_enriched	146.0	valid_protein_no_eggnog_annotation				
group_665	0.942528735632184	0.987261146496815	0.0447324108646314	0.0929535232383808	0.12400075266010718	0.9065756787479322	False	False	L8L10_enriched	0.645470085470085	0.670769230769231	False		L8L10_enriched	119.0	valid_protein_no_eggnog_annotation				
group_898	0.942528735632184	0.974522292993631	0.0319935573614467	0.0824587706146927	0.111261936599268	0.9536533851011398	False	False	L8L10_enriched	0.646132785763176	0.669404517453799	False		L8L10_enriched	141.0	annotated	-	Putative Competence protein ComGF	S	ComGF
rpsI	0.961685823754789	1.0	0.0383141762452107	0.0474762618690655	0.06731251413879984	1.1719041881356278	False	False	L8L10_enriched	0.65455768583922	0.67272115708039	False		L8L10_enriched	78.0	annotated	rpsI	Belongs to the universal ribosomal protein uS9 family	J	Ribosomal_S9
group_12013	0.996168582375479	0.936305732484076	-0.0598628498914024	0.0154922538730635	0.024377734723851113	1.6130066532147327	True	False	Other_lineages_enriched	0.672268907563025	0.65546218487395	False		Other_lineages_enriched	204.0	valid_protein_no_eggnog_annotation				
yvcJ_2~~~yvcJ	0.980842911877395	0.821656050955414	-0.159186860921981	0.157421289355322	0.19996266323276254	0.6990510876646444	False	False	Other_lineages_enriched	0.668946648426813	0.647058823529412	False		Other_lineages_enriched	221.0	annotated	yvcJ	Displays ATPase and GTPase activities	S	ATP_bind_2
rplM	0.961685823754789	1.0	0.0383141762452107	0.0499750124937531	0.07043099493880088	1.1522361765320042	False	False	L8L10_enriched	0.65455768583922	0.67272115708039	False		L8L10_enriched	79.0	annotated	rplM	This protein is one of the early assembly proteins of the 50S ribosomal subunit, although it is not seen to bind rRNA by itself. It is important during the early stages of 50S assembly	J	Ribosomal_L13
hup_2	0.961685823754789	0.974522292993631	0.0128364692388413	0.771114442778611	0.8159351602297762	0.08834435187513581	False	False	L8L10_enriched	0.658288043478261	0.662364130434783	False		L8L10_enriched	209.0	annotated	hup	Histone-like DNA-binding protein which is capable of wrapping DNA to stabilize it, and thus to prevent its denaturation under extreme environmental conditions	L	Bac_DNA_binding
group_2610	0.973180076628352	0.968152866242038	-0.0050272103863142	0.509745127436282	0.572659459564456	0.24210356092481716	False	False	Other_lineages_enriched	0.664630006788866	0.656483367277665	False		Other_lineages_enriched	255.0	annotated	-	Domain of unknown function (DUF1836)	K	DUF1836
murR~~~hexR	0.969348659003831	0.980891719745223	0.0115430607413916	0.538230884557721	0.5993480110232141	0.2223209315688343	False	False	L8L10_enriched	0.65761791652528	0.663725822870716	False		L8L10_enriched	193.0	annotated	-	Helix-turn-helix domain, rpiR family	K	HTH_6,SIS
ndkA	0.969348659003831	0.980891719745223	0.0115430607413916	0.282358820589705	0.3368473257940181	0.47256689612935693	False	False	L8L10_enriched	0.652129471890971	0.666439522998296	False		L8L10_enriched	173.0	annotated	ndk	Belongs to the NDK family	F	NDK
maa_2~~~maa_1	0.984674329501916	0.993630573248408	0.0089562437464919	1.0	1.0	-0.0	False	False	L8L10_enriched	0.664440734557596	0.667779632721202	False		L8L10_enriched	166.0	annotated	maa	Maltose acetyltransferase	S	Hexapep,Hexapep_2,Mac
truA~~~truA_2	0.973180076628352	1.0	0.0268199233716475	0.0369815092453773	0.053538696381159136	1.2713322076982403	False	False	L8L10_enriched	0.65546218487395	0.672268907563025	False		L8L10_enriched	96.0	annotated	truA	Formation of pseudouridine at positions 38, 39 and 40 in the anticodon stem and loop of transfer RNAs	J	PseudoU_synth_1
group_1081	0.973180076628352	1.0	0.0268199233716475	0.518740629685157	0.5813776785076845	0.2355416466059013	False	False	L8L10_enriched	0.663101604278075	0.668449197860963	False		L8L10_enriched	156.0	annotated	-	PA-phosphatase related membrane protein	I	PAP2
ecfT	0.977011494252874	1.0	0.0229885057471264	0.0459770114942529	0.06544028201881784	1.1841548377145992	False	False	L8L10_enriched	0.65546218487395	0.672268907563025	False		L8L10_enriched	97.0	annotated	ecfT	Transmembrane (T) component of an energy-coupling factor (ECF) ABC-transporter complex. Unlike classic ABC transporters this ECF transporter provides the energy necessary to transport a number of different substrates	U	CbiQ
dedA	0.942528735632184	0.980891719745223	0.0383629841130391	0.0279860069965017	0.04133298657708342	1.3837032129838207	True	False	L8L10_enriched	0.641174462273814	0.675998634346193	False		L8L10_enriched	53.0	annotated	dedA	SNARE associated Golgi protein	S	SNARE_assoc
sdhA	0.977011494252874	0.980891719745223	0.0038802254923493	1.0	1.0	-0.0	False	False	L8L10_enriched	0.663061845217979	0.661034133153092	False		L8L10_enriched	224.0	annotated	sdaAA	L-serine dehydratase, iron-sulfur-dependent, alpha subunit	E	SDH_alpha
yagU	0.977011494252874	0.980891719745223	0.0038802254923493	1.0	1.0	-0.0	False	False	L8L10_enriched	0.663061845217979	0.661034133153092	False		L8L10_enriched	225.0	annotated	-	Protein of unknown function (DUF1440)	S	DUF1440
yumC	0.934865900383142	0.987261146496815	0.0523952461136735	0.0034982508745627	0.006396635200712595	2.1940484163349723	True	False	L8L10_enriched	0.638661202185792	0.67827868852459	False		L8L10_enriched	50.0	annotated	yumC	Ferredoxin--NADP reductase	C	Pyr_redox_2
sufT	0.977011494252874	0.980891719745223	0.0038802254923493	1.0	1.0	-0.0	False	False	L8L10_enriched	0.663061845217979	0.661034133153092	False		L8L10_enriched	226.0	annotated	yitW	Iron-sulfur cluster assembly protein	S	FeS_assembly_P
group_2949	0.961685823754789	0.968152866242038	0.0064670424872489	1.0	1.0	-0.0	False	False	L8L10_enriched	0.656614119259767	0.65798492117889	False		L8L10_enriched	230.0	annotated	XK27_09830	ABC-2 type transporter	V	ABC2_membrane,ABC2_membrane_3
leuS_2~~~leuS~~~leuS_1	0.9272030651341	0.847133757961783	-0.0800693071723162	0.247376311844078	0.30066578661978494	0.5219159883530995	False	False	Other_lineages_enriched	0.660091581542797	0.635435012328285	False		Other_lineages_enriched	274.0	annotated	leuS	Belongs to the class-I aminoacyl-tRNA synthetase family	J	Anticodon_1,tRNA-synt_1,tRNA-synt_1_2
bglK_1~~~bglK	0.969348659003831	0.917197452229299	-0.052151206774532	0.0099950024987506	0.01672601992553744	1.776607390180321	True	False	Other_lineages_enriched	0.674329501915709	0.629049111807732	False		Other_lineages_enriched	198.0	annotated	-	ROK family	GK	ROK
group_2051	0.904214559386973	0.968152866242038	0.0639383068550651	0.0034982508745627	0.006396635200712595	2.1940484163349723	True	False	L8L10_enriched	0.606950913651021	0.676460050161233	False		L8L10_enriched	52.0	valid_protein_no_eggnog_annotation				
sdhB	0.969348659003831	0.980891719745223	0.0115430607413916	1.0	1.0	-0.0	False	False	L8L10_enriched	0.661252115059222	0.661928934010152	False		L8L10_enriched	214.0	annotated	-	Serine dehydratase beta chain	E	SDH_beta
group_1217	0.973180076628352	0.910828025477707	-0.0623520511506455	0.0174912543728136	0.027045369853787336	1.567907075070109	True	False	Other_lineages_enriched	0.669957686882934	0.624823695345557	False		Other_lineages_enriched	212.0	annotated	-	Bacterial regulatory proteins, tetR family	K	TetR_N
ecfA2~~~ecfA2_1	0.980842911877395	1.0	0.0191570881226054	0.0849575212393803	0.11421257955273689	0.9422860595799867	False	False	L8L10_enriched	0.655913978494624	0.672043010752688	False		L8L10_enriched	100.0	annotated	ecfA2	ATP-binding (A) component of a common energy-coupling factor (ECF) ABC-transporter complex. Unlike classic ABC transporters this ECF transporter provides the energy necessary to transport a number of different substrates	P	ABC_tran
group_1289	0.984674329501916	0.866242038216561	-0.118432291285355	0.0029985007496251	0.005538150207407345	2.256635269362656	True	False	Other_lineages_enriched	0.67639902676399	0.628432394855753	False		Other_lineages_enriched	192.0	annotated	yviA	Protein of unknown function (DUF421)	S	DUF421
ldhD~~~ldhD_2	0.969348659003831	0.974522292993631	0.0051736339897992	0.780609695152424	0.824922689392956	0.08358675101772403	False	False	L8L10_enriched	0.65691941516491	0.663039782386943	False		L8L10_enriched	206.0	annotated	ddh	Belongs to the D-isomer specific 2-hydroxyacid dehydrogenase family	CH	2-Hacid_dh,2-Hacid_dh_C
group_528	0.888888888888889	0.980891719745223	0.0920028308563341	0.0019990004997501	0.0038205955027126337	2.4178689398669198	True	False	L8L10_enriched	0.622516556291391	0.6803764377832	False		L8L10_enriched	43.0	annotated	-	(CBS) domain	S	CBS
dppE_3~~~dppE~~~oppA	0.973180076628352	0.980891719745223	0.0077116431168704	1.0	1.0	-0.0	False	False	L8L10_enriched	0.660798916723087	0.662153012863913	False		L8L10_enriched	213.0	annotated	oppA	ABC transporter, substratebinding protein	E	SBP_bac_5
fbp_1~~~fbp~~~fbp_2	0.961685823754789	0.974522292993631	0.0128364692388413	0.788105947026487	0.8320439267709947	0.07985374504261246	False	False	L8L10_enriched	0.655525238744884	0.662346521145975	False		L8L10_enriched	210.0	annotated	fbp	phosphatase activity	G	FBPase_2
pepN~~~pepN_2~~~pepN_1	0.954022988505747	0.968152866242038	0.0141298777362912	0.462768615692154	0.5238140119222423	0.28082288846305914	False	False	L8L10_enriched	0.65133836650652	0.662319835277968	False		L8L10_enriched	211.0	annotated	pepN	aminopeptidase	E	ERAP1_C,Peptidase_M1
group_995	0.969348659003831	0.980891719745223	0.0115430607413916	0.385307346326837	0.44453351055564705	0.352095494759362	False	False	L8L10_enriched	0.65625	0.664402173913043	False		L8L10_enriched	188.0	annotated	pfoS/R	Phosphotransferase system, EIIC	S	PTS_EIIC_2
yafV~~~yafV_2~~~yafV_1	0.957854406130268	0.980891719745223	0.0230373136149548	0.126936531734133	0.16512272880535658	0.7821931428767924	False	False	L8L10_enriched	0.648445507345405	0.668261018107277	False		L8L10_enriched	158.0	annotated	mtnU	Carbon-nitrogen hydrolase	S	CN_hydrolase
group_2759	0.980842911877395	1.0	0.0191570881226054	0.31584207896052	0.37128064579911296	0.4302976891840834	False	False	L8L10_enriched	0.661759785881566	0.669120107059217	False		L8L10_enriched	147.0	annotated	-	repeat protein	S	TPR_12,TPR_16,TPR_19,TPR_2,TPR_8
recD2_2~~~recD2_1~~~recD2	0.980842911877395	1.0	0.0191570881226054	0.300849575212394	0.355304426639727	0.4493993817219554	False	False	L8L10_enriched	0.662207357859532	0.668896321070234	False		L8L10_enriched	153.0	annotated	recD2	DNA-dependent ATPase and ATP-dependent 5'-3' DNA helicase. Has no activity on blunt DNA or DNA with 3'-overhangs, requires at least 10 bases of 5'-ssDNA for helicase activity	L	AAA_30,HHH_4,HHH_5,UvrD_C_2
spoVK~~~ruvB_3~~~ruvB_1~~~ruvB_2	0.988505747126437	0.929936305732484	-0.0585694413939527	0.0114942528735632	0.018814487440829978	1.725507608577245	True	False	Other_lineages_enriched	0.674880219028063	0.640657084188912	False		Other_lineages_enriched	196.0	annotated	spoVK	stage V sporulation protein K	O	AAA,Beta_helix
ecfA1_2~~~ecfA1_1~~~ecfA1	0.980842911877395	1.0	0.0191570881226054	0.087456271864068	0.11718927035059132	0.9311121497586053	False	False	L8L10_enriched	0.655913978494624	0.672043010752688	False		L8L10_enriched	101.0	annotated	ecfA1	ATP-binding (A) component of a common energy-coupling factor (ECF) ABC-transporter complex. Unlike classic ABC transporters this ECF transporter provides the energy necessary to transport a number of different substrates	P	ABC_tran
xerS~~~xerS_1~~~xerS_2	0.973180076628352	0.974522292993631	0.001342216365278	1.0	1.0	-0.0	False	False	L8L10_enriched	0.66102268879106	0.661699966136133	False		direction_ambiguous		annotated	xerS	Phage integrase family	L	Phage_int_SAM_1,Phage_int_SAM_4,Phage_integrase
group_2079	0.969348659003831	0.942675159235669	-0.0266734997681626	0.12143928035982	0.158912799358859	0.7988411218797146	False	False	Other_lineages_enriched	0.667125645438898	0.644406196213425	False		Other_lineages_enriched	240.0	annotated	-	-	-	YbjQ_1
pnp_2~~~yugI	0.931034482758621	0.987261146496815	0.0562266637381946	0.0049975012493753	0.00884359109381934	2.0533713463515078	True	False	L8L10_enriched	0.638661202185792	0.67827868852459	False		L8L10_enriched	49.0	annotated	yugI	general stress protein	J	S1
rpiA_2~~~rpiA	0.973180076628352	0.980891719745223	0.0077116431168704	1.0	1.0	-0.0	False	False	L8L10_enriched	0.661252115059222	0.661928934010152	False		L8L10_enriched	215.0	annotated	rpiA	Catalyzes the reversible conversion of ribose-5- phosphate to ribulose 5-phosphate	G	Rib_5-P_isom_A
group_2756	0.961685823754789	0.885350318471338	-0.0763355052834517	1.0	1.0	-0.0	False	False	Other_lineages_enriched	0.658011615989067	0.658694909463615	False		direction_ambiguous		annotated	-	ASCH	S	ASCH
queH_1~~~queH	0.973180076628352	0.968152866242038	-0.0050272103863142	0.512743628185907	0.5756355212512994	0.2398524145140186	False	False	Other_lineages_enriched	0.664630006788866	0.656483367277665	False		Other_lineages_enriched	256.0	annotated	queH	Catalyzes the conversion of epoxyqueuosine (oQ) to queuosine (Q), which is a hypermodified base found in the wobble positions of tRNA(Asp), tRNA(Asn), tRNA(His) and tRNA(Tyr)	C	DUF208
group_2014	0.957854406130268	0.980891719745223	0.0230373136149548	0.393803098450775	0.4532243134457924	0.3436868002382256	False	False	L8L10_enriched	0.654879292757566	0.665079904794288	False		L8L10_enriched	182.0	annotated	prtB	Belongs to the peptidase S8 family	O	PA,Peptidase_S8,SLAP,fn3_5
group_1451	0.946360153256705	0.917197452229299	-0.0291627010274056	0.31784107946027	0.37336412007899805	0.42786741964994895	False	False	Other_lineages_enriched	0.658014731673097	0.640477025605051	False		Other_lineages_enriched	279.0	annotated	soj	CobQ CobB MinD ParA nucleotide binding domain protein	D	AAA_31
group_215	0.946360153256705	0.917197452229299	-0.0291627010274056	0.336331834082959	0.39382139065506394	0.40470069858093216	False	False	Other_lineages_enriched	0.658014731673097	0.640477025605051	False		Other_lineages_enriched	280.0	annotated	-	Family of unknown function (DUF5388)	S	DUF5388
group_1555	1.0	0.961783439490446	-0.0382165605095541	0.0004997501249375	0.001059637491421533	2.9748426841711053	True	False	Other_lineages_enriched	0.683060109289618	0.633879781420765	False		Other_lineages_enriched	166.0	annotated	-	-	-	-
recD2_1~~~recD2_2~~~recD_2	0.988505747126437	0.872611464968153	-0.115894282158284	0.0004997501249375	0.001059637491421533	2.9748426841711053	True	False	Other_lineages_enriched	0.680192572214581	0.632049518569464	False		Other_lineages_enriched	181.0	annotated	recD2_2	PIF1-like helicase	L	AAA_30,UvrD_C_2
rplQ	0.977011494252874	1.0	0.0229885057471264	0.0289855072463768	0.04267526647757443	1.3698237583355768	True	False	L8L10_enriched	0.653651969033995	0.673174015483002	False		L8L10_enriched	72.0	annotated	rplQ	Ribosomal protein L17	J	Ribosomal_L17
group_2158	1.0	0.89171974522293	-0.10828025477707	0.0004997501249375	0.001059637491421533	2.9748426841711053	True	False	Other_lineages_enriched	0.706963591375044	0.586072817249912	False		Other_lineages_enriched	131.0	annotated	mleP2	Sodium Bile acid symporter family	S	Mem_trans
rpe_1~~~rpe_3~~~rpe	0.961685823754789	0.968152866242038	0.0064670424872489	1.0	1.0	-0.0	False	False	L8L10_enriched	0.656839218375043	0.657524854302365	False		L8L10_enriched	231.0	annotated	rpe	Belongs to the ribulose-phosphate 3-epimerase family	G	Ribul_P_3_epim
aroD~~~aroD_1	0.969348659003831	0.936305732484076	-0.0330429265197549	0.168415792103948	0.21212921826548498	0.6733995084870739	False	False	Other_lineages_enriched	0.668496911461908	0.645161290322581	False		Other_lineages_enriched	229.0	annotated	aroD	Involved in the third step of the chorismate pathway, which leads to the biosynthesis of aromatic amino acids. Catalyzes the cis-dehydration of 3-dehydroquinate (DHQ) and introduces the first double bond of the aromatic ring to yield 3- dehydroshikimate	E	DHquinase_I
zwf~~~zwf_2~~~zwf_1	0.934865900383142	0.828025477707006	-0.106840422676135	0.0649675162418791	0.08994452353655111	1.0460252744558576	False	False	Other_lineages_enriched	0.668741355463347	0.63969571230982	False		Other_lineages_enriched	222.0	annotated	zwf	Catalyzes the oxidation of glucose 6-phosphate to 6- phosphogluconolactone	G	G6PD_C,G6PD_N
group_643	0.9272030651341	0.898089171974522	-0.0291138931595774	0.405297351324338	0.4640218111930833	0.3334616050956129	False	False	Other_lineages_enriched	0.616068122917438	0.643465383191411	False		direction_ambiguous		annotated	usp2	Belongs to the universal stress protein A family	T	Usp
bacF~~~dapL~~~dapL_1~~~dapL_2	0.957854406130268	0.968152866242038	0.01029846011177	0.63368315842079	0.6900152038983817	0.1611413398476365	False	False	L8L10_enriched	0.652024708304736	0.661633493479753	False		L8L10_enriched	218.0	annotated	mtnE	Aminotransferase	E	Aminotran_1_2
group_2405	0.996168582375479	0.904458598726115	-0.0917099836493642	0.0004997501249375	0.001059637491421533	2.9748426841711053	True	False	Other_lineages_enriched	0.701381509032944	0.590152320226709	False		Other_lineages_enriched	139.0	annotated	-	Protein of unknown function (DUF454)	S	DUF454
thiD~~~thiD_1~~~pdxK_2	0.980842911877395	0.993630573248408	0.0127876613710131	0.0634682658670665	0.08805386780294068	1.055251562711111	False	False	L8L10_enriched	0.655218855218855	0.671380471380471	False		L8L10_enriched	110.0	annotated	thiD	Phosphomethylpyrimidine kinase	H	Phos_pyr_kin
rpoA_3~~~rpoA	0.977011494252874	1.0	0.0229885057471264	0.0269865067466267	0.04005429717573648	1.3973508843338527	True	False	L8L10_enriched	0.653651969033995	0.673174015483002	False		L8L10_enriched	73.0	annotated	rpoA	DNA-dependent RNA polymerase catalyzes the transcription of DNA into RNA using the four ribonucleoside triphosphates as substrates	K	RNA_pol_A_CTD,RNA_pol_A_bac,RNA_pol_L
ackA_2~~~ackA_1~~~pduW~~~ackA_3	0.9272030651341	0.923566878980892	-0.0036361861532079	0.0314842578710645	0.046147966941796056	1.3358474271496241	True	False	Other_lineages_enriched	0.606856309263311	0.663749088256747	False		direction_ambiguous		annotated	ackA	Catalyzes the formation of acetyl phosphate from acetate and ATP. Can also catalyze the reverse reaction	F	Acetate_kinase
qorB	0.980842911877395	1.0	0.0191570881226054	0.0939530234882559	0.12523269109781685	0.9022822868592809	False	False	L8L10_enriched	0.656816655473472	0.671591672263264	False		L8L10_enriched	106.0	annotated	qorB	NmrA-like family	GM	NAD_binding_10,NmrA
copY~~~copY_1	0.919540229885057	0.898089171974522	-0.0214510579105351	0.413793103448276	0.4721081287611044	0.3259585218189039	False	False	Other_lineages_enriched	0.615042608373472	0.643942200815117	False		direction_ambiguous		annotated	atkY	Copper transport repressor CopY TcrY	K	Penicillinase_R
rpsM	0.977011494252874	1.0	0.0229885057471264	0.0559720139930035	0.07831328497110257	1.106164558500916	False	False	L8L10_enriched	0.655010087424344	0.672494956287828	False		L8L10_enriched	91.0	annotated	rpsM	Located at the top of the head of the 30S subunit, it contacts several helices of the 16S rRNA. In the 70S ribosome it contacts the 23S rRNA (bridge B1a) and protein L5 of the 50S subunit (bridge B1b), connecting the 2 subunits	J	Ribosomal_S13
rpsK	0.973180076628352	1.0	0.0268199233716475	0.0454772613693153	0.06481296548957349	1.188338107133581	False	False	L8L10_enriched	0.654104979811575	0.672947510094213	False		L8L10_enriched	75.0	annotated	rpsK	Located on the platform of the 30S subunit, it bridges several disparate RNA helices of the 16S rRNA. Forms part of the Shine-Dalgarno cleft in the 70S ribosome	J	Ribosomal_S11
group_2882	0.977011494252874	0.980891719745223	0.0038802254923493	1.0	1.0	-0.0	False	False	L8L10_enriched	0.661039837947333	0.663740715732613	False		L8L10_enriched	191.0	annotated	ytkL	Belongs to the UPF0173 family	S	Lactamase_B_2,Lactamase_B_3
group_2163	0.980842911877395	0.955414012738854	-0.0254288991385411	0.0069965017491254	0.01204465687741285	1.9192055674687718	True	False	Other_lineages_enriched	0.675852566310713	0.635204960385808	False		Other_lineages_enriched	194.0	valid_protein_no_eggnog_annotation				
rpmJ	0.977011494252874	1.0	0.0229885057471264	0.0484757621189405	0.06855263355446736	1.163975856465957	False	False	L8L10_enriched	0.655010087424344	0.672494956287828	False		L8L10_enriched	92.0	annotated	rpmJ	Belongs to the bacterial ribosomal protein bL36 family	J	Ribosomal_L36
group_3235	0.923371647509579	1.0	0.0766283524904214	0.0024987506246876	0.00467805869792366	2.3299343331843234	True	False	L8L10_enriched	0.640380693405846	0.679809653297077	False		L8L10_enriched	46.0	valid_protein_no_eggnog_annotation				
infA	0.977011494252874	1.0	0.0229885057471264	0.0414792603698151	0.059527074441873155	1.2252854610560446	False	False	L8L10_enriched	0.655010087424344	0.672494956287828	False		L8L10_enriched	93.0	annotated	infA	One of the essential components for the initiation of protein synthesis. Stabilizes the binding of IF-2 and IF-3 on the 30S subunit to which N-formylmethionyl-tRNA(fMet) subsequently binds. Helps modulate mRNA selection, yielding the 30S pre- initiation complex (PIC). Upon addition of the 50S ribosomal subunit IF-1, IF-2 and IF-3 are released leaving the mature 70S translation initation complex	J	eIF-1a
btuD_3~~~ybhF_3	0.96551724137931	0.974522292993631	0.0090050516143201	1.0	1.0	-0.0	False	False	L8L10_enriched	0.658719346049046	0.66008174386921	False		L8L10_enriched	228.0	annotated	-	ABC transporter	V	ABC_tran
fabI_2~~~fabI~~~fabI_1	0.931034482758621	0.821656050955414	-0.109378431803207	0.039480259870065	0.05683156674174932	1.2454103710902837	False	False	Other_lineages_enriched	0.669444444444445	0.636111111111111	False		Other_lineages_enriched	215.0	annotated	fabI	Enoyl- acyl-carrier-protein reductase NADH	I	adh_short_C2
group_2702	0.904214559386973	0.872611464968153	-0.0316030944188203	0.508745627186407	0.5717315285058701	0.24280785767453297	False	False	Other_lineages_enriched	0.648141465175027	0.630097437748105	False		Other_lineages_enriched	295.0	annotated	draG	ADP-ribosylglycohydrolase	O	ADP_ribosyl_GH
group_938	0.915708812260536	0.847133757961783	-0.0685750542987529	0.278360819590205	0.3331634219214404	0.477342685925784	False	False	Other_lineages_enriched	0.658657243816255	0.634628975265018	False		Other_lineages_enriched	278.0	annotated	metK	Catalyzes the formation of S-adenosylmethionine (AdoMet) from methionine and ATP. The overall synthetic reaction is composed of two sequential steps, AdoMet formation and the subsequent tripolyphosphate hydrolysis which occurs prior to release of AdoMet from the enzyme	H	S-AdoMet_synt_C,S-AdoMet_synt_M,S-AdoMet_synt_N
adk	0.977011494252874	1.0	0.0229885057471264	0.0449775112443778	0.0642675193192649	1.192008463225538	False	False	L8L10_enriched	0.655010087424344	0.672494956287828	False		L8L10_enriched	94.0	annotated	adk	Catalyzes the reversible transfer of the terminal phosphate group between ATP and AMP. Plays an important role in cellular energy homeostasis and in adenine nucleotide metabolism	F	ADK,ADK_lid
group_2755	0.931034482758621	0.821656050955414	-0.109378431803207	0.0419790104947526	0.06019183619678408	1.2204624079965678	False	False	Other_lineages_enriched	0.669444444444445	0.636111111111111	False		Other_lineages_enriched	216.0	annotated	accA	alpha subunit	I	ACCA
group_2944	0.984674329501916	0.993630573248408	0.0089562437464919	0.738130934532734	0.7878657043360411	0.10354780387632834	False	False	L8L10_enriched	0.659229208924949	0.664638269100744	False		L8L10_enriched	186.0	annotated	pfoSR	Phosphotransferase system, EIIC	S	PTS_EIIC_2
group_1738	0.984674329501916	0.980891719745223	-0.0037826097566927	0.497751124437781	0.5601400119612324	0.2517034036688383	False	False	Other_lineages_enriched	0.656313301823092	0.668467251856853	False		direction_ambiguous		annotated	-	Belongs to the LOG family	S	Lysine_decarbox
xerC_6~~~xerC_5	0.957854406130268	0.974522292993631	0.0166678868633624	0.454772613693153	0.5154715383966079	0.2877953091555173	False	False	L8L10_enriched	0.65	0.665068493150685	False		L8L10_enriched	183.0	annotated	-	Phage integrase, N-terminal SAM-like domain	L	Phage_int_SAM_1
group_1892	0.9272030651341	0.821656050955414	-0.105547014178686	0.0474762618690655	0.06731251413879984	1.1719041881356278	False	False	Other_lineages_enriched	0.669444444444445	0.636111111111111	False		Other_lineages_enriched	217.0	annotated	accD	Component of the acetyl coenzyme A carboxylase (ACC) complex. Biotin carboxylase (BC) catalyzes the carboxylation of biotin on its carrier protein (BCCP) and then the CO(2) group is transferred by the transcarboxylase to acetyl-CoA to form malonyl- CoA	I	Carboxyl_trans
secY_1~~~secY~~~secY_2	0.977011494252874	1.0	0.0229885057471264	0.055472263868066	0.0776800295135051	1.1096906180955464	False	False	L8L10_enriched	0.655010087424344	0.672494956287828	False		L8L10_enriched	95.0	annotated	secY	The central subunit of the protein translocation channel SecYEG. Consists of two halves formed by TMs 1-5 and 6-10. These two domains form a lateral gate at the front which open onto the bilayer between TMs 2 and 7, and are clamped together by SecE at the back. The channel is closed by both a pore ring composed of hydrophobic SecY resides and a short helix (helix 2A) on the extracellular side of the membrane which forms a plug. The plug probably moves laterally to allow the channel to open. The ring and the pore may move independently	U	SecY
tdh~~~ppsC	0.984674329501916	0.955414012738854	-0.0292603167630622	0.216391804097951	0.2667456021334637	0.5739027321093546	False	False	Other_lineages_enriched	0.666206896551724	0.644137931034483	False		Other_lineages_enriched	248.0	annotated	-	Zinc-binding dehydrogenase	C	ADH_N,ADH_zinc_N_2
group_2831	0.980842911877395	1.0	0.0191570881226054	0.0854572713643178	0.11479074975353737	0.9400931075204148	False	False	L8L10_enriched	0.656365468592543	0.671817265703729	False		L8L10_enriched	105.0	annotated	-	NADPH-dependent FMN reductase	S	FMN_red
accC~~~cfiB	0.923371647509579	0.821656050955414	-0.101715596554165	0.0454772613693153	0.06481296548957349	1.188338107133581	False	False	Other_lineages_enriched	0.669444444444445	0.636111111111111	False		Other_lineages_enriched	218.0	annotated	accC	Acetyl-CoA carboxylase biotin carboxylase subunit	I	Biotin_carb_C,Biotin_carb_N,CPSase_L_D2
group_1893	0.919540229885057	0.828025477707006	-0.0915147521780511	0.0694652673663168	0.09544956462552703	1.020226048214918	False	False	Other_lineages_enriched	0.667823672335994	0.637972926067338	False		Other_lineages_enriched	234.0	annotated	fabH	Catalyzes the condensation reaction of fatty acid synthesis by the addition to an acyl acceptor of two carbons from malonyl-ACP. Catalyzes the first condensation reaction which initiates fatty acid synthesis and may therefore play a role in governing the total rate of fatty acid production. Possesses both acetoacetyl-ACP synthase and acetyl transacylase activities. Its substrate specificity determines the biosynthesis of branched- chain and or straight-chain of fatty acids	I	ACP_syn_III,ACP_syn_III_C
napA~~~gerN_2~~~gerN~~~napA_1	0.942528735632184	0.961783439490446	0.019254703858262	0.517241379310345	0.5802895283716673	0.23635526643604632	False	False	L8L10_enriched	0.645385149201943	0.660652324774462	False		L8L10_enriched	227.0	annotated	napA	Belongs to the monovalent cation proton antiporter 2 (CPA2) transporter (TC 2.A.37) family	P	Na_H_Exchanger
group_2461	0.938697318007663	0.955414012738854	0.0167166947311906	0.659170414792604	0.7151684282981989	0.14559166607808247	False	False	L8L10_enriched	0.651018294787711	0.658612357611322	False		L8L10_enriched	229.0	annotated	-	Replication initiator protein A (RepA) N-terminus	S	RepA_N
group_934	0.923371647509579	0.828025477707006	-0.0953461698025722	0.0769615192403798	0.10448628178700102	0.9809407252016544	False	False	Other_lineages_enriched	0.667823672335994	0.637972926067338	False		Other_lineages_enriched	233.0	annotated	-	Transcriptional regulator, MarR family	K	MarR,MarR_2
group_3194	0.980842911877395	0.878980891719745	-0.101862020157649	0.0284857571214393	0.04197699897814959	1.3769886132480769	True	False	Other_lineages_enriched	0.672193436960276	0.636960276338515	False		Other_lineages_enriched	205.0	valid_protein_no_eggnog_annotation				
group_2787	0.996168582375479	0.872611464968153	-0.123557117407326	0.000999500249875	0.0019983940068799303	2.6993188814033258	True	False	Other_lineages_enriched	0.679142565498469	0.640353861857775	False		Other_lineages_enriched	186.0	annotated	-	Luciferase-like monooxygenase	C	Bac_luciferase
hdfR_1~~~cynR~~~cmpR	0.984674329501916	0.987261146496815	0.0025868169948996	0.438780609695152	0.4982019672451846	0.3025945619017977	False	False	L8L10_enriched	0.658823529411765	0.66890756302521	False		L8L10_enriched	151.0	annotated	-	LysR substrate binding domain	K	HTH_1,LysR_substrate
group_1659	0.988505747126437	0.853503184713376	-0.135002562413061	0.000999500249875	0.0019983940068799303	2.6993188814033258	True	False	Other_lineages_enriched	0.679711637487127	0.633710950909715	False		Other_lineages_enriched	184.0	annotated	rnmV	Required for correct processing of both the 5' and 3' ends of 5S rRNA precursor. Cleaves both sides of a double-stranded region yielding mature 5S rRNA in one step	J	DUF4093,Toprim,Toprim_4
nqrF~~~tphA1I	0.961685823754789	0.955414012738854	-0.0062718110159357	0.331334332833583	0.38866024445947167	0.410429880502988	False	False	Other_lineages_enriched	0.664148351648352	0.649038461538462	False		Other_lineages_enriched	261.0	annotated	-	Oxidoreductase NAD-binding domain	C	NAD_binding_1
apbE_2~~~apbE~~~apbE_1	0.988505747126437	0.980891719745223	-0.0076140273812138	0.742128935532234	0.7911080047165031	0.10176422111625644	False	False	Other_lineages_enriched	0.664184157075152	0.658767772511848	False		Other_lineages_enriched	260.0	annotated	apbE	Flavin transferase that catalyzes the transfer of the FMN moiety of FAD and its covalent binding to the hydroxyl group of a threonine residue in a target flavoprotein	H	ApbE
yidA~~~ycsE~~~yidA_1~~~yidA_3	0.957854406130268	0.993630573248408	0.0357761671181395	0.100949525237381	0.134016392287337	0.8728420774222713	False	False	L8L10_enriched	0.652923284893545	0.671172693477526	False		L8L10_enriched	113.0	annotated	XK27_02985	Sucrose-6F-phosphate phosphohydrolase	S	Hydrolase_3
rplO	0.973180076628352	1.0	0.0268199233716475	0.0624687656171914	0.08685003489816272	1.0612300027082302	False	False	L8L10_enriched	0.655010087424344	0.672494956287828	False		L8L10_enriched	88.0	annotated	rplO	Binds to the 23S rRNA	J	Ribosomal_L27A
rpmD	0.973180076628352	1.0	0.0268199233716475	0.047976011994003	0.06793337323602917	1.1679168199533443	False	False	L8L10_enriched	0.655010087424344	0.672494956287828	False		L8L10_enriched	89.0	annotated	rpmD	Ribosomal protein L30	J	Ribosomal_L30
group_1705	1.0	0.968152866242038	-0.0318471337579618	0.0014992503748125	0.002921366046722169	2.534414022584289	True	False	Other_lineages_enriched	0.677736360555744	0.644527278888512	False		Other_lineages_enriched	188.0	annotated	-	Bacterial extracellular solute-binding protein	G	SBP_bac_1,SBP_bac_8
rpsE	0.973180076628352	1.0	0.0268199233716475	0.0494752623688156	0.06978638249368467	1.1562293135489947	False	False	L8L10_enriched	0.655010087424344	0.672494956287828	False		L8L10_enriched	90.0	annotated	rpsE	Located at the back of the 30S subunit body where it stabilizes the conformation of the head with respect to the body	J	Ribosomal_S5,Ribosomal_S5_C
rplC	0.969348659003831	1.0	0.0306513409961686	0.0849575212393803	0.11421257955273689	0.9422860595799867	False	False	L8L10_enriched	0.655913978494624	0.672043010752688	False		L8L10_enriched	98.0	annotated	rplC	One of the primary rRNA binding proteins, it binds directly near the 3'-end of the 23S rRNA, where it nucleates assembly of the 50S subunit	J	Ribosomal_L3
bca~~~bca_2	0.919540229885057	0.949044585987261	0.0295043561022037	0.418290854572714	0.47690946914086246	0.3215640544694703	False	False	L8L10_enriched	0.630824372759857	0.652329749103943	False		L8L10_enriched	239.0	annotated	-	Membrane	M	Gram_pos_anchor
group_1894	0.988505747126437	0.974522292993631	-0.0139834541328062	0.738630684657671	0.7881438166926897	0.10339452731107444	False	False	Other_lineages_enriched	0.66531577169875	0.659236744343127	False		Other_lineages_enriched	253.0	annotated	tetA	Major facilitator Superfamily	EGP	MFS_1,MFS_1_like,Sugar_tr
nupG	0.980842911877395	1.0	0.0191570881226054	0.0889555222388806	0.11905298366251485	0.924259715992586	False	False	L8L10_enriched	0.656816655473472	0.671591672263264	False		L8L10_enriched	107.0	annotated	nupG	Nucleoside	F	Nucleos_tra2_C,Nucleos_tra2_N
fabZ_1~~~fabZ_2	0.919540229885057	0.821656050955414	-0.0978841789296434	0.12343828085957	0.1613364281762329	0.7922675621229637	False	False	Other_lineages_enriched	0.667130434782609	0.637217391304348	False		Other_lineages_enriched	239.0	annotated	fabZ	Involved in unsaturated fatty acids biosynthesis. Catalyzes the dehydration of short chain beta-hydroxyacyl-ACPs and long chain saturated and unsaturated beta-hydroxyacyl-ACPs	I	FabA
group_3008	0.96551724137931	0.955414012738854	-0.0101032286404569	0.809095452273863	0.8490348774657257	0.07107446902602395	False	False	Other_lineages_enriched	0.66118533744433	0.653648509763618	False		Other_lineages_enriched	272.0	annotated	-	Initiator Replication protein	L	Rep_3
group_2513	0.915708812260536	0.993630573248408	0.0779217609878713	0.401799100449775	0.4608172767079738	0.33647124694967906	False	False	L8L10_enriched	0.655804480651731	0.6653088934148	False		L8L10_enriched	180.0	annotated	-	MazG nucleotide pyrophosphohydrolase domain	S	MazG
group_1903	0.942528735632184	0.859872611464968	-0.0826561241672157	0.173413293353323	0.21817365467705205	0.661197693340542	False	False	Other_lineages_enriched	0.662905500705219	0.631875881523272	False		Other_lineages_enriched	266.0	annotated	-	-	-	-
rplD	0.969348659003831	1.0	0.0306513409961686	0.0809595202398801	0.1095530263615626	0.9603756207142047	False	False	L8L10_enriched	0.655913978494624	0.672043010752688	False		L8L10_enriched	99.0	annotated	rplD	Forms part of the polypeptide exit tunnel	J	Ribosomal_L4
group_1666	0.980842911877395	0.993630573248408	0.0127876613710131	0.0214892553723138	0.03261496842550621	1.4865830375810172	True	False	L8L10_enriched	0.652730950775455	0.672960215778827	False		L8L10_enriched	74.0	annotated	-	-	-	-
group_3892	0.984674329501916	0.993630573248408	0.0089562437464919	0.159420289855072	0.2022679457344868	0.6940729362783056	False	False	L8L10_enriched	0.658380920389654	0.669801813906617	False		L8L10_enriched	137.0	valid_protein_no_eggnog_annotation				
cysK~~~cysK_2~~~cysK_1	0.9272030651341	1.0	0.0727969348659003	0.0144927536231884	0.02304711543841978	1.6373834228804223	True	False	L8L10_enriched	0.648648648648649	0.675675675675676	False		L8L10_enriched	54.0	annotated	cysK	Belongs to the cysteine synthase cystathionine beta- synthase family	E	PALP
group_1996	0.984674329501916	0.993630573248408	0.0089562437464919	0.155422288855572	0.19780472838127064	0.703763331114218	False	False	L8L10_enriched	0.658159838817999	0.670248488918737	False		L8L10_enriched	130.0	annotated	icaB	Polysaccharide deacetylase	G	Polysacc_deac_1
fabG_2~~~fabG_1	0.915708812260536	0.828025477707006	-0.0876833345535299	0.0704647676161919	0.09662147702677999	1.014926327854703	False	False	Other_lineages_enriched	0.66689822855158	0.63841611670719	False		Other_lineages_enriched	242.0	annotated	fabG	reductase	IQ	adh_short_C2
acpP_2	0.919540229885057	0.828025477707006	-0.0915147521780511	0.0784607696151924	0.10647785662358276	0.972740699700169	False	False	Other_lineages_enriched	0.667823672335994	0.637972926067338	False		Other_lineages_enriched	235.0	annotated	acpP	Carrier of the growing fatty acid chain in fatty acid biosynthesis	IQ	PP-binding
group_1691	0.919540229885057	0.910828025477707	-0.0087122044073504	0.243378310844578	0.2964626743929333	0.5280299779341361	False	False	Other_lineages_enriched	0.604984894259819	0.639728096676737	False		direction_ambiguous		annotated	-	Exporter of polyketide antibiotics	M	-
lnrK_1~~~lnrK~~~lnrK_2	1.0	0.936305732484076	-0.0636942675159236	0.0004997501249375	0.001059637491421533	2.9748426841711053	True	False	Other_lineages_enriched	0.691802144586648	0.616395710826704	False		Other_lineages_enriched	152.0	annotated	vraR	helix_turn_helix, Lux Regulon	K	GerE,Response_reg
group_2608	0.992337164750958	0.904458598726115	-0.0878785660248432	0.0024987506246876	0.00467805869792366	2.3299343331843234	True	False	Other_lineages_enriched	0.676200204290092	0.642832822608103	False		Other_lineages_enriched	193.0	annotated	-	phosphorelay sensor kinase activity	T	ECF_trnsprt
yjeM_2~~~yjeM_1~~~yjeM_3~~~yjeM_4	0.96551724137931	0.910828025477707	-0.0546892159016034	0.0014992503748125	0.002921366046722169	2.534414022584289	True	False	Other_lineages_enriched	0.678321678321678	0.622377622377622	False		Other_lineages_enriched	187.0	annotated	potE	Amino Acid	E	AA_permease_2
rplB	0.961685823754789	1.0	0.0383141762452107	0.0544727636181909	0.07641028357681524	1.116848188543165	False	False	L8L10_enriched	0.655010087424344	0.672494956287828	False		L8L10_enriched	84.0	annotated	rplB	One of the primary rRNA binding proteins. Required for association of the 30S and 50S subunits to form the 70S ribosome, for tRNA binding and peptide bond formation. It has been suggested to have peptidyltransferase activity	J	Ribosomal_L2,Ribosomal_L2_C
rplW	0.961685823754789	1.0	0.0383141762452107	0.0494752623688156	0.06978638249368467	1.1562293135489947	False	False	L8L10_enriched	0.655010087424344	0.672494956287828	False		L8L10_enriched	85.0	annotated	rplW	One of the early assembly proteins it binds 23S rRNA. One of the proteins that surrounds the polypeptide exit tunnel on the outside of the ribosome. Forms the main docking site for trigger factor binding to the ribosome	J	Ribosomal_L23
rmlB~~~rmlB_1~~~tagU~~~tagU_5~~~tagU_3~~~tagU_2	0.992337164750958	0.974522292993631	-0.0178148717573273	0.359820089955023	0.4193870521407148	0.37738498176443325	False	False	Other_lineages_enriched	0.666890982503365	0.660161507402423	False		Other_lineages_enriched	243.0	annotated	rfbB	Belongs to the NAD(P)-dependent epimerase dehydratase family. dTDP-glucose dehydratase subfamily	M	GDP_Man_Dehyd
fabF_1~~~fabF	0.919540229885057	0.821656050955414	-0.0978841789296434	0.0704647676161919	0.09662147702677999	1.014926327854703	False	False	Other_lineages_enriched	0.668519805420431	0.636553161917999	False		Other_lineages_enriched	226.0	annotated	fabF	Catalyzes the condensation reaction of fatty acid synthesis by the addition to an acyl acceptor of two carbons from malonyl-ACP	I	Ketoacyl-synt_C,ketoacyl-synt
fenF~~~baeC	0.919540229885057	0.828025477707006	-0.0915147521780511	0.0764617691154423	0.10389341411768344	0.9834119818268664	False	False	Other_lineages_enriched	0.667823672335994	0.637972926067338	False		Other_lineages_enriched	236.0	annotated	fabD	Malonyl CoA-acyl carrier protein transacylase	I	Acyl_transf_1
fabZ_2~~~fabZ_1	0.919540229885057	0.821656050955414	-0.0978841789296434	0.0629685157421289	0.08743415902668131	1.058318862805959	False	False	Other_lineages_enriched	0.668519805420431	0.636553161917999	False		Other_lineages_enriched	227.0	annotated	fabZ	Involved in unsaturated fatty acids biosynthesis. Catalyzes the dehydration of short chain beta-hydroxyacyl-ACPs and long chain saturated and unsaturated beta-hydroxyacyl-ACPs	I	FabA
rpsS	0.961685823754789	1.0	0.0383141762452107	0.0399800099950025	0.057500712760162914	1.2403267719036366	False	False	L8L10_enriched	0.655010087424344	0.672494956287828	False		L8L10_enriched	86.0	annotated	rpsS	Protein S19 forms a complex with S13 that binds strongly to the 16S ribosomal RNA	J	Ribosomal_S19
rpsC	0.957854406130268	1.0	0.0421455938697318	0.0274862568715642	0.04075932330864268	1.389773034816788	True	False	L8L10_enriched	0.653198653198653	0.673400673400673	False		L8L10_enriched	69.0	annotated	rpsC	Binds the lower part of the 30S subunit head. Binds mRNA in the 70S ribosome, positioning it for translation	J	KH_2,Ribosomal_S3_C
thrC	0.980842911877395	0.987261146496815	0.0064182346194207	0.227386306846577	0.27863067350668325	0.5549710752723713	False	False	L8L10_enriched	0.653130287648054	0.67005076142132	False		L8L10_enriched	131.0	annotated	thrC	Threonine synthase	E	PALP,Thr_synth_N
ybbH~~~hexR_1~~~hexR~~~gmhA~~~ybbH_2~~~murR~~~hexR_2	0.992337164750958	0.885350318471338	-0.10698684627962	0.0004997501249375	0.001059637491421533	2.9748426841711053	True	False	Other_lineages_enriched	0.697493822802683	0.596540769502294	False		Other_lineages_enriched	144.0	annotated	-	transcriptional regulator, RpiR family	K	HTH_6,SIS
rplF	0.961685823754789	1.0	0.0383141762452107	0.0279860069965017	0.04133298657708342	1.3837032129838207	True	False	L8L10_enriched	0.650927487352445	0.674536256323777	False		L8L10_enriched	63.0	annotated	rplF	This protein binds to the 23S rRNA, and is important in its secondary structure. It is located near the subunit interface in the base of the L7 L12 stalk, and near the tRNA binding site of the peptidyltransferase center	J	Ribosomal_L6
rplV	0.961685823754789	1.0	0.0383141762452107	0.0449775112443778	0.0642675193192649	1.192008463225538	False	False	L8L10_enriched	0.655010087424344	0.672494956287828	False		L8L10_enriched	87.0	annotated	rplV	The globular domain of the protein is located near the polypeptide exit tunnel on the outside of the subunit, while an extended beta-hairpin is found that lines the wall of the exit tunnel in the center of the 70S ribosome	J	Ribosomal_L22
rplP	0.957854406130268	1.0	0.0421455938697318	0.0214892553723138	0.03261496842550621	1.4865830375810172	True	False	L8L10_enriched	0.653198653198653	0.673400673400673	False		L8L10_enriched	70.0	annotated	rplP	Binds 23S rRNA and is also seen to make contacts with the A and possibly P site tRNAs	J	Ribosomal_L16
rpsH	0.961685823754789	1.0	0.0383141762452107	0.031984007996002	0.04677643424182271	1.3299728874461265	True	False	L8L10_enriched	0.650927487352445	0.674536256323777	False		L8L10_enriched	64.0	annotated	rpsH	One of the primary rRNA binding proteins, it binds directly to 16S rRNA central domain where it helps coordinate assembly of the platform of the 30S subunit	J	Ribosomal_S8
lnrJ	1.0	0.936305732484076	-0.0636942675159236	0.0004997501249375	0.001059637491421533	2.9748426841711053	True	False	Other_lineages_enriched	0.691802144586648	0.616395710826704	False		Other_lineages_enriched	153.0	annotated	baeS	Histidine kinase	T	HATPase_c,HisKA_3
cysE~~~metA	0.9272030651341	1.0	0.0727969348659003	0.0109945027486257	0.018122504530626152	1.741781783002093	True	False	L8L10_enriched	0.648648648648649	0.675675675675676	False		L8L10_enriched	55.0	annotated	metA	Transfers an acetyl group from acetyl-CoA to	E	HTS
rplE	0.957854406130268	1.0	0.0421455938697318	0.0174912543728136	0.027045369853787336	1.567907075070109	True	False	L8L10_enriched	0.650016874789065	0.674991562605468	False		L8L10_enriched	59.0	annotated	rplE	This is 1 of the proteins that binds and probably mediates the attachment of the 5S RNA into the large ribosomal subunit, where it forms part of the central protuberance. In the 70S ribosome it contacts protein S13 of the 30S subunit (bridge B1b), connecting the 2 subunits	J	Ribosomal_L5,Ribosomal_L5_C
rpsZ	0.957854406130268	1.0	0.0421455938697318	0.0149925037481259	0.023715938478192436	1.6249596849342671	True	False	L8L10_enriched	0.650016874789065	0.674991562605468	False		L8L10_enriched	60.0	annotated	rpsN	Binds 16S rRNA, required for the assembly of 30S particles and may also be responsible for determining the conformation of the 16S rRNA at the A site	J	Ribosomal_S14
group_3383	0.827586206896552	0.853503184713376	0.0259169778168241	0.0004997501249375	0.001059637491421533	2.9748426841711053	True	False	L8L10_enriched	0.547534516765286	0.663510848126233	False		L8L10_enriched	194.0	valid_protein_no_eggnog_annotation				
tarS	0.984674329501916	0.980891719745223	-0.0037826097566927	0.72863568215892	0.7794982378940395	0.10818486222467145	False	False	Other_lineages_enriched	0.664189189189189	0.660135135135135	False		Other_lineages_enriched	259.0	annotated	-	Glycosyltransferase like family 2	M	Glycos_transf_2
rihA_2~~~rihA~~~rihA_1	0.992337164750958	0.898089171974522	-0.0942479927764356	0.000999500249875	0.0019983940068799303	2.6993188814033258	True	False	Other_lineages_enriched	0.679671457905544	0.635865845311431	False		Other_lineages_enriched	185.0	annotated	iunH3	Inosine-uridine preferring nucleoside hydrolase	F	IU_nuc_hydro
rpmC	0.957854406130268	1.0	0.0421455938697318	0.0229885057471264	0.034651018498070216	1.4602839956382934	True	False	L8L10_enriched	0.653198653198653	0.673400673400673	False		L8L10_enriched	71.0	annotated	rpmC	Belongs to the universal ribosomal protein uL29 family	J	Ribosomal_L29
rmlD~~~rmlD_2	0.992337164750958	0.942675159235669	-0.0496620055152891	0.0004997501249375	0.001059637491421533	2.9748426841711053	True	False	Other_lineages_enriched	0.682441700960219	0.631687242798354	False		Other_lineages_enriched	168.0	annotated	rfbD	Catalyzes the reduction of dTDP-6-deoxy-L-lyxo-4- hexulose to yield dTDP-L-rhamnose	M	RmlD_sub_bind
mepA_1~~~mepA_2~~~mepA_4~~~mepA	0.984674329501916	0.974522292993631	-0.0101520365082851	0.762118940529735	0.8090147902852695	0.09204353860952907	False	False	Other_lineages_enriched	0.659444820582261	0.663507109004739	False		direction_ambiguous		annotated	mepA	MATE efflux family protein	V	MatE
rplX	0.954022988505747	0.993630573248408	0.0396075847426606	0.149925037481259	0.19147403042664665	0.7178901209497516	False	False	L8L10_enriched	0.651525423728814	0.670508474576271	False		L8L10_enriched	121.0	annotated	rplX	One of the proteins that surrounds the polypeptide exit tunnel on the outside of the subunit	J	KOW,ribosomal_L24
thrB	0.988505747126437	0.974522292993631	-0.0139834541328062	1.0	1.0	-0.0	False	False	Other_lineages_enriched	0.662398921832884	0.663746630727763	False		direction_ambiguous		annotated	thrB	Catalyzes the ATP-dependent phosphorylation of L- homoserine to L-homoserine phosphate	F	GHMP_kinases_C,GHMP_kinases_N
rplN	0.954022988505747	0.993630573248408	0.0396075847426606	0.164417791104448	0.20788818944326792	0.6821701831327737	False	False	L8L10_enriched	0.651525423728814	0.670508474576271	False		L8L10_enriched	122.0	annotated	rplN	Binds to 23S rRNA. Forms part of two intersubunit bridges in the 70S ribosome	J	Ribosomal_L14
accB	0.919540229885057	0.821656050955414	-0.0978841789296434	0.0759620189905048	0.10325695238189493	0.9860806972556585	False	False	Other_lineages_enriched	0.668519805420431	0.636553161917999	False		Other_lineages_enriched	228.0	annotated	accB	first, biotin carboxylase catalyzes the carboxylation of the carrier protein and then the transcarboxylase transfers the carboxyl group to form malonyl-CoA	I	Biotin_lipoyl
adc	1.0	0.885350318471338	-0.114649681528662	0.0004997501249375	0.001059637491421533	2.9748426841711053	True	False	Other_lineages_enriched	0.693962526023595	0.612074947952811	False		Other_lineages_enriched	147.0	annotated	adc	Acetoacetate decarboxylase (ADC)	Q	ADC
rpsQ	0.946360153256705	0.993630573248408	0.0472704199917027	0.140929535232384	0.18103813590280907	0.7422299308346562	False	False	L8L10_enriched	0.64969450101833	0.671418873048201	False		L8L10_enriched	108.0	annotated	rpsQ	One of the primary rRNA binding proteins, it binds specifically to the 5'-end of 16S ribosomal RNA	J	Ribosomal_S17
srmB~~~deaD	0.923371647509579	0.726114649681529	-0.19725699782805	0.280859570214893	0.3354230822247454	0.4744070546163064	False	False	Other_lineages_enriched	0.64033107599699	0.607223476297968	False		Other_lineages_enriched	308.0	annotated	-	Helicase C-terminal domain protein	L	DUF3427,Helicase_C,PLDc_2,ResIII
rplR_1~~~rplR	0.946360153256705	0.993630573248408	0.0472704199917027	0.0079960019990005	0.01359485375991055	1.8666254597650045	True	False	L8L10_enriched	0.64841108857336	0.675456389452333	False		L8L10_enriched	57.0	annotated	rplR	This is one of the proteins that binds and probably mediates the attachment of the 5S RNA into the large ribosomal subunit, where it forms part of the central protuberance	J	Ribosomal_L18p
group_1272	0.992337164750958	0.949044585987261	-0.0432925787636967	0.189905047476262	0.2366630603004097	0.6258695239029749	False	False	Other_lineages_enriched	0.668252889191027	0.651937457511897	False		Other_lineages_enriched	231.0	annotated	-	CAAX protease self-immunity	S	Abi
smc_2~~~smc_6~~~smc_1~~~smc_5~~~smc_3	0.877394636015326	0.929936305732484	0.0525416697171585	0.0049975012493753	0.00884359109381934	2.0533713463515078	True	False	L8L10_enriched	0.579601053820098	0.6676703048551	False		L8L10_enriched	167.0	valid_protein_no_eggnog_annotation				
group_1984	0.908045977011494	0.885350318471338	-0.0226956585401566	0.0039980009995002	0.007214355582340176	2.141802455912525	True	False	Other_lineages_enriched	0.670549690571533	0.601383327266108	False		Other_lineages_enriched	210.0	annotated	-	-	-	-
group_1818	0.988505747126437	0.987261146496815	-0.0012446006296215	0.161419290354823	0.20456790835351607	0.6891624953458967	False	False	Other_lineages_enriched	0.660630449362844	0.668678739101274	False		direction_ambiguous		annotated	-	Protein of unknown function (DUF4256)	S	DUF4256
group_1774	0.984674329501916	0.993630573248408	0.0089562437464919	0.0949525237381309	0.1265137750574773	0.8978621851146512	False	False	L8L10_enriched	0.657478991596639	0.670252100840336	False		L8L10_enriched	129.0	valid_protein_no_eggnog_annotation				
manZ_1~~~manZ_2~~~sorD~~~manZ_3	1.0	0.942675159235669	-0.0573248407643312	0.0004997501249375	0.001059637491421533	2.9748426841711053	True	False	Other_lineages_enriched	0.688942473303479	0.622115053393042	False		Other_lineages_enriched	159.0	annotated	manN	system, mannose fructose sorbose family IID component	G	EIID-AGA
pyrC~~~pyrB	0.984674329501916	0.987261146496815	0.0025868169948996	0.732133933033483	0.7827324170491	0.10638667939845518	False	False	L8L10_enriched	0.664864864864865	0.659459459459459	False		direction_ambiguous		annotated	pyrC	Belongs to the metallo-dependent hydrolases superfamily. DHOase family. Class I DHOase subfamily	F	Amidohydro_1
group_1656	0.984674329501916	0.993630573248408	0.0089562437464919	0.707146426786607	0.7599632994983269	0.11920738036422986	False	False	L8L10_enriched	0.659481306837319	0.666891209161334	False		L8L10_enriched	170.0	annotated	-	-	-	-
group_1553	0.992337164750958	0.942675159235669	-0.0496620055152891	0.0024987506246876	0.00467805869792366	2.3299343331843234	True	False	Other_lineages_enriched	0.676551724137931	0.633793103448276	False		Other_lineages_enriched	191.0	annotated	sdpI	Protein of unknown function (DUF1648)	S	DUF1648,SdpI
group_1506	1.0	0.955414012738854	-0.0445859872611465	0.0004997501249375	0.001059637491421533	2.9748426841711053	True	False	Other_lineages_enriched	0.684462696783025	0.631074606433949	False		Other_lineages_enriched	164.0	annotated	-	Domain of unknown function (DUF956)	S	DUF956
group_1631	0.919540229885057	0.929936305732484	0.0103960758474266	0.0024987506246876	0.00467805869792366	2.3299343331843234	True	False	L8L10_enriched	0.674955595026643	0.614564831261101	False		direction_ambiguous		annotated	-	GDSL-like Lipase/Acylhydrolase	E	Lipase_GDSL_2
group_1588	0.984674329501916	0.987261146496815	0.0025868169948996	0.251874062968516	0.3055688650520104	0.514890898869121	False	False	L8L10_enriched	0.65814266487214	0.668909825033647	False		L8L10_enriched	150.0	annotated	-	Universal stress protein family	T	Usp
rfbC_2~~~rfbC	0.996168582375479	0.898089171974522	-0.0980794104009566	0.0004997501249375	0.001059637491421533	2.9748426841711053	True	False	Other_lineages_enriched	0.693268563497571	0.612768910478834	False		Other_lineages_enriched	150.0	annotated	rfbC	Catalyzes the epimerization of the C3' and C5'positions of dTDP-6-deoxy-D-xylo-4-hexulose, forming dTDP-6-deoxy-L-lyxo-4- hexulose	M	dTDP_sugar_isom
rmlA_1~~~rmlA~~~rmlA_2	0.996168582375479	0.89171974522293	-0.104448837152549	0.0004997501249375	0.001059637491421533	2.9748426841711053	True	False	Other_lineages_enriched	0.69375	0.611805555555555	False		Other_lineages_enriched	148.0	annotated	rfbA	Catalyzes the formation of dTDP-glucose, from dTTP and glucose 1-phosphate, as well as its pyrophosphorolysis	H	NTP_transferase
group_2953	0.911877394636015	0.993630573248408	0.0817531786123923	0.145427286356822	0.1862350985408972	0.7299384669306208	False	False	L8L10_enriched	0.65038996269922	0.671414038657172	False		L8L10_enriched	109.0	annotated	mscL	Channel that opens in response to stretch forces in the membrane lipid bilayer. May participate in the regulation of osmotic pressure changes within the cell	M	MscL
dppE~~~oppA~~~dppE_2~~~oppA_1~~~dppE_1~~~oppA_2	0.9272030651341	0.917197452229299	-0.0100056129048003	0.179410294852574	0.2246036935939329	0.6485831060697808	False	False	Other_lineages_enriched	0.65075034106412	0.667121418826739	False		direction_ambiguous		annotated	oppA	Bacterial extracellular solute-binding proteins, family 5 Middle	E	SBP_bac_5
group_2142	0.996168582375479	0.942675159235669	-0.0534934231398101	0.0049975012493753	0.00884359109381934	2.0533713463515078	True	False	Other_lineages_enriched	0.676691729323308	0.639781271360219	False		Other_lineages_enriched	190.0	valid_protein_no_eggnog_annotation				
fpaP_1~~~fpaP_2~~~fpaP	0.9272030651341	0.89171974522293	-0.0354833199111697	0.780109945027486	0.824659053213207	0.08372556892060526	False	False	Other_lineages_enriched	0.654096674665752	0.660267398011656	False		direction_ambiguous		annotated	pepR	Releases the N-terminal proline from various substrates	E	Abhydrolase_1
smc_5~~~smc_1~~~smc_6~~~smc_4~~~smc_3~~~smc_2~~~smc_8	0.96551724137931	0.75796178343949	-0.20755545793982	0.0004997501249375	0.001059637491421533	2.9748426841711053	True	True	Other_lineages_enriched	0.690344062153163	0.569737328893822	False		Other_lineages_enriched	156.0	annotated	-	-	-	-
group_901	0.954022988505747	0.980891719745223	0.0268687312394759	0.457271364317841	0.518125565827815	0.2855649778267348	False	False	L8L10_enriched	0.650907845152449	0.663926002055498	False		L8L10_enriched	190.0	annotated	-	helix_turn_helix multiple antibiotic resistance protein	K	MarR
rbsB~~~purR_1	0.996168582375479	0.936305732484076	-0.0598628498914024	0.0004997501249375	0.001059637491421533	2.9748426841711053	True	False	Other_lineages_enriched	0.689989608590232	0.617249740214756	False		Other_lineages_enriched	157.0	annotated	rbsB	sugar-binding domain protein	G	Peripla_BP_4
yidA_1~~~yidA_2	0.988505747126437	0.89171974522293	-0.0967860019035068	0.0004997501249375	0.001059637491421533	2.9748426841711053	True	False	Other_lineages_enriched	0.687915936952714	0.611558669001751	False		Other_lineages_enriched	161.0	annotated	yxeH	hydrolase	S	Hydrolase_3
rclA_1~~~rclA~~~rclA_2	0.992337164750958	0.815286624203822	-0.177050540547136	0.0004997501249375	0.001059637491421533	2.9748426841711053	True	False	Other_lineages_enriched	0.718920889537003	0.551950419248997	False		Other_lineages_enriched	118.0	annotated	-	Pyridine nucleotide-disulfide oxidoreductase	C	Pyr_redox_2,Pyr_redox_dim
group_574	0.977011494252874	0.866242038216561	-0.110769456036313	1.0	1.0	-0.0	False	False	Other_lineages_enriched	0.661899897854954	0.657133129043241	False		Other_lineages_enriched	269.0	annotated	-	Belongs to the HesB IscA family	S	Fe-S_biosyn
yodC~~~mhqN	1.0	0.853503184713376	-0.146496815286624	0.0004997501249375	0.001059637491421533	2.9748426841711053	True	False	Other_lineages_enriched	0.704473406128919	0.591053187742163	False		Other_lineages_enriched	134.0	annotated	ydgI	Nitroreductase family	C	Nitroreductase
manX_2~~~manX_1	0.996168582375479	0.942675159235669	-0.0534934231398101	0.0004997501249375	0.001059637491421533	2.9748426841711053	True	False	Other_lineages_enriched	0.689273356401384	0.618685121107266	False		Other_lineages_enriched	158.0	annotated	manL	PTS system sorbose subfamily IIB component	G	EIIA-man,PTSIIB_sorb
rpsN2	0.954022988505747	0.840764331210191	-0.113258657295556	0.04047976011994	0.05819407050401496	1.2351212641228857	False	False	Other_lineages_enriched	0.665484214260376	0.625044341965236	False		Other_lineages_enriched	252.0	annotated	rpsN	Binds 16S rRNA, required for the assembly of 30S particles and may also be responsible for determining the conformation of the 16S rRNA at the A site	J	Ribosomal_S14
tetM_1~~~tetM~~~GFM1~~~fusA~~~tetO	0.961685823754789	0.764331210191083	-0.197354613563706	0.0044977511244377	0.008036925138298385	2.094910076984476	True	False	Other_lineages_enriched	0.674410418866596	0.621612108412531	True	tet(M);tet(O)	Other_lineages_enriched	197.0	annotated	fusA1	elongation factor G	J	EFG_C,EFG_II,EFG_IV,GTP_EFTU
fadB~~~mmgB~~~lcdH	1.0	0.89171974522293	-0.10828025477707	0.0004997501249375	0.001059637491421533	2.9748426841711053	True	False	Other_lineages_enriched	0.690369347600967	0.619261304798067	False		Other_lineages_enriched	155.0	annotated	-	3-hydroxyacyl-CoA dehydrogenase	I	3HCDH,3HCDH_N
metAA_2~~~metAA~~~metAA_1~~~metAA2~~~metAS~~~metAA1	0.9272030651341	0.987261146496815	0.0600580813627156	0.0064967516241879	0.011254887803206694	1.9486588300007415	True	False	L8L10_enriched	0.641445126107703	0.676891615541922	False		L8L10_enriched	51.0	annotated	metAA	Transfers an acetyl group from acetyl-CoA to L- homoserine, forming acetyl-L-homoserine	E	HTS
sorA~~~manY~~~sorC~~~sorC_2	1.0	0.942675159235669	-0.0573248407643312	0.0004997501249375	0.001059637491421533	2.9748426841711053	True	False	Other_lineages_enriched	0.691085003455425	0.61782999308915	False		Other_lineages_enriched	154.0	annotated	-	PTS system sorbose-specific iic component	G	EII-Sor
degA	0.984674329501916	0.993630573248408	0.0089562437464919	0.711144427786107	0.7630155941241363	0.11746658606496725	False	False	L8L10_enriched	0.661056883204308	0.665769101312689	False		L8L10_enriched	175.0	annotated	scrR	helix_turn _helix lactose operon repressor	K	LacI,Peripla_BP_3
pyrC	0.980842911877395	0.987261146496815	0.0064182346194207	0.733133433283358	0.7835467605152983	0.10593508058940851	False	False	L8L10_enriched	0.663962136578769	0.659905341446924	False		direction_ambiguous		annotated	pyrC	Belongs to the metallo-dependent hydrolases superfamily. DHOase family. Class I DHOase subfamily	F	Amidohydro_1
iolG~~~spnN~~~afr~~~iolG_3	0.938697318007663	0.815286624203822	-0.123410693803841	0.000999500249875	0.0019983940068799303	2.6993188814033258	True	False	Other_lineages_enriched	0.672882672882673	0.55011655011655	False		Other_lineages_enriched	200.0	annotated	XK27_10475	Oxidoreductase family, NAD-binding Rossmann fold	S	GFO_IDH_MocA
group_3061	0.923371647509579	0.987261146496815	0.0638894989872367	0.0024987506246876	0.00467805869792366	2.3299343331843234	True	False	L8L10_enriched	0.635398836015063	0.679904142416981	False		L8L10_enriched	45.0	annotated	metE	Cobalamin-independent synthase, Catalytic domain	E	Meth_synt_2
group_3016	0.9272030651341	1.0	0.0727969348659003	0.0019990004997501	0.0038205955027126337	2.4178689398669198	True	False	L8L10_enriched	0.639918395103706	0.680040802448147	False		L8L10_enriched	44.0	annotated	metY	Catalyzes the formation of L-methionine and acetate from O-acetyl-L-homoserine and methanethiol	E	Cys_Met_Meta_PP
group_2952	0.911877394636015	0.980891719745223	0.0690143251092076	0.288355822088956	0.3427606182478752	0.4650090824902197	False	False	L8L10_enriched	0.65282505105514	0.66643975493533	False		L8L10_enriched	172.0	annotated	-	Protein of unknown function (DUF1211)	S	DUF1211
group_3134	0.885057471264368	0.929936305732484	0.0448788344681162	1.0	1.0	-0.0	False	False	L8L10_enriched	0.649203539823009	0.64283185840708	False		direction_ambiguous		annotated	-	Type I restriction modification DNA specificity domain	V	Methylase_S
rpiA_1~~~rpiA_2	0.938697318007663	0.847133757961783	-0.0915635600458794	0.0049975012493753	0.00884359109381934	2.0533713463515078	True	False	Other_lineages_enriched	0.66157372039725	0.574484339190221	False		Other_lineages_enriched	270.0	annotated	rpiA1	Ribose 5-phosphate isomerase A (phosphoriboisomerase A)	G	Rib_5-P_isom_A
group_1219	0.919540229885057	0.700636942675159	-0.218903287209898	0.0004997501249375	0.001059637491421533	2.9748426841711053	True	True	Other_lineages_enriched	0.684532924961715	0.549770290964778	False		Other_lineages_enriched	163.0	annotated	-	-	-	-
garR~~~garR_2~~~glxR	0.988505747126437	0.980891719745223	-0.0076140273812138	0.424287856071964	0.4829113940439107	0.31613254752568504	False	False	Other_lineages_enriched	0.659939455095863	0.667339387823747	False		direction_ambiguous		annotated	glxR	Dehydrogenase	I	NAD_binding_11,NAD_binding_2
mngB	0.977011494252874	0.828025477707006	-0.148986016545867	0.0004997501249375	0.001059637491421533	2.9748426841711053	True	False	Other_lineages_enriched	0.707055781307721	0.55411895086812	False		Other_lineages_enriched	130.0	annotated	yceE	haloacid dehalogenase-like hydrolase	S	Hydrolase_3
adhR_1~~~adhR_2	0.992337164750958	0.745222929936306	-0.247114234814652	0.0004997501249375	0.001059637491421533	2.9748426841711053	True	True	Other_lineages_enriched	0.722222222222222	0.546783625730994	False		Other_lineages_enriched	114.0	annotated	adhR	helix_turn_helix, mercury resistance	K	MerR,MerR_1
group_3133	0.888888888888889	0.936305732484076	0.0474168435951876	0.705147426286857	0.7583096506577003	0.12015341691240099	False	False	L8L10_enriched	0.646769662921348	0.650983146067416	False		L8L10_enriched	241.0	annotated	hsdM	type I restriction-modification system	V	HsdM_N,N6_Mtase
btuD_1~~~fetA~~~fetA_1~~~fetA_2	0.954022988505747	0.987261146496815	0.0332381579910682	0.0304847576211894	0.04474266207653411	1.3492781800347577	True	False	L8L10_enriched	0.647457627118644	0.674576271186441	False		L8L10_enriched	62.0	annotated	-	Glyoxalase/Bleomycin resistance protein/Dioxygenase superfamily	E	Glyoxalase,Glyoxalase_4
group_1066	0.996168582375479	0.910828025477707	-0.0853405568977719	0.0004997501249375	0.001059637491421533	2.9748426841711053	True	False	Other_lineages_enriched	0.688732394366197	0.607042253521127	False		Other_lineages_enriched	160.0	annotated	-	Enterocin A Immunity	S	EntA_Immun
apu	1.0	0.796178343949045	-0.203821656050955	0.0004997501249375	0.001059637491421533	2.9748426841711053	True	True	Other_lineages_enriched	0.724375226367258	0.551249547265483	False		Other_lineages_enriched	110.0	annotated	malZ	Alpha-amylase domain	G	Alpha-amylase,Alpha-amylase_N
group_3015	0.996168582375479	0.904458598726115	-0.0917099836493642	0.0004997501249375	0.001059637491421533	2.9748426841711053	True	False	Other_lineages_enriched	0.684083877621176	0.628394637332417	False		Other_lineages_enriched	165.0	annotated	-	LPXTG-motif cell wall anchor domain protein	M	Gram_pos_anchor,YSIRK_signal
mdtG~~~mdtG_2~~~yjhB~~~sbnD_2	0.969348659003831	0.942675159235669	-0.0266734997681626	0.850074962518741	0.886111041284167	0.05251185193319323	False	False	Other_lineages_enriched	0.644593166607961	0.650933427263121	False		direction_ambiguous		annotated	mdtG2	Transporter, major facilitator family protein	EGP	MFS_1,Sugar_tr
xerC_5~~~xerC_1~~~IntTn_2~~~xerC_3~~~xerC_10~~~xerC_11~~~IntTn~~~xerC_4	0.888888888888889	0.866242038216561	-0.0226468506723283	0.000999500249875	0.0019983940068799303	2.6993188814033258	True	False	Other_lineages_enriched	0.675675675675676	0.593864134404675	False		Other_lineages_enriched	195.0	annotated	-	Belongs to the 'phage' integrase family	L	Phage_int_SAM_5,Phage_integrase
glgD_2~~~glgD~~~glgC~~~glgD_1~~~glgC_2~~~glgC_1	0.992337164750958	0.796178343949045	-0.196158820801913	0.0004997501249375	0.001059637491421533	2.9748426841711053	True	False	Other_lineages_enriched	0.70989010989011	0.557509157509158	False		Other_lineages_enriched	127.0	annotated	nplT	Belongs to the glycosyl hydrolase 13 family	G	Alpha-amylase,Alpha-amylase_N,Malt_amylase_C
glgA_2~~~glgA~~~glgA_1	0.992337164750958	0.796178343949045	-0.196158820801913	0.0004997501249375	0.001059637491421533	2.9748426841711053	True	False	Other_lineages_enriched	0.70989010989011	0.557509157509158	False		Other_lineages_enriched	128.0	annotated	glgA	Synthesizes alpha-1,4-glucan chains using ADP-glucose	F	Glyco_transf_5,Glycos_transf_1
group_1564	0.996168582375479	0.89171974522293	-0.104448837152549	0.0004997501249375	0.001059637491421533	2.9748426841711053	True	False	Other_lineages_enriched	0.697326203208556	0.589661319073084	False		Other_lineages_enriched	145.0	valid_protein_no_eggnog_annotation				
glgP~~~glgP_2~~~glgP_1	0.992337164750958	0.796178343949045	-0.196158820801913	0.0004997501249375	0.001059637491421533	2.9748426841711053	True	False	Other_lineages_enriched	0.70989010989011	0.557509157509158	False		Other_lineages_enriched	129.0	annotated	glgP	Carbohydrate phosphorylase	G	Phosphorylase
group_2997	0.89272030651341	0.713375796178344	-0.179344510335066	0.0004997501249375	0.001059637491421533	2.9748426841711053	True	False	Other_lineages_enriched	0.672621359223301	0.550679611650485	False		Other_lineages_enriched	201.0	annotated	-	-	-	-
group_2955	0.988505747126437	0.872611464968153	-0.115894282158284	0.0004997501249375	0.001059637491421533	2.9748426841711053	True	False	Other_lineages_enriched	0.682875998610629	0.622438346648142	False		Other_lineages_enriched	167.0	annotated	yphH	Cupin domain	S	Cupin_2
toxB~~~toxA_1~~~lytA~~~toxA_2	0.977011494252874	0.961783439490446	-0.0152280547624277	0.584707646176912	0.6417760473527399	0.19261649586727234	False	False	Other_lineages_enriched	0.655547991831178	0.663716814159292	False		direction_ambiguous		annotated	-	N-acetylmuramoyl-L-alanine amidase	M	Amidase_2,SH3_5
group_3196	0.946360153256705	0.75796178343949	-0.188398369817214	0.0004997501249375	0.001059637491421533	2.9748426841711053	True	False	Other_lineages_enriched	0.694507148231753	0.553047404063205	False		Other_lineages_enriched	146.0	annotated	-	SMI1 / KNR4 family (SUKH-1)	G	SMI1_KNR4
licT~~~licT_2~~~bglG~~~licT_1	0.9272030651341	0.78343949044586	-0.14376357468824	0.0004997501249375	0.001059637491421533	2.9748426841711053	True	False	Other_lineages_enriched	0.701425356339085	0.548387096774194	False		Other_lineages_enriched	138.0	annotated	bglG	aa, and to Escherichia coli cryptic beta-glucoside bgl operon antiterminator BglG or BglC or b3723 SWALL BGLG_ECOLI (SWALL P11989) (278 aa) fasta scores E()	K	CAT_RBD,PRD
ydfK~~~ydfK_2~~~ydfK_1	0.923371647509579	0.808917197452229	-0.114454450057349	0.0079960019990005	0.01359485375991055	1.8666254597650045	True	False	Other_lineages_enriched	0.646092184368737	0.552304609218437	False		Other_lineages_enriched	298.0	annotated	-	Protein of unknown function (DUF554)	S	DUF554
wbgU_2~~~wbgU~~~wbgU_1~~~hldD	0.9272030651341	0.796178343949045	-0.131024721185055	0.0059970014992503	0.01045508991535965	1.9806722278318074	True	False	Other_lineages_enriched	0.654102866117	0.560659599528857	False		Other_lineages_enriched	285.0	annotated	wbpP	Polysaccharide biosynthesis protein	M	Epimerase,GDP_Man_Dehyd
paiA~~~paiA_1~~~paiA_2	0.984674329501916	0.802547770700637	-0.182126558801279	0.0004997501249375	0.001059637491421533	2.9748426841711053	True	False	Other_lineages_enriched	0.739179525780956	0.508091832894242	False		Other_lineages_enriched	100.0	annotated	XK27_03150	Acetyltransferase (GNAT) domain	K	Acetyltransf_1,Acetyltransf_10
glgC~~~glgC_1	0.973180076628352	0.796178343949045	-0.177001732679308	0.0004997501249375	0.001059637491421533	2.9748426841711053	True	False	Other_lineages_enriched	0.697966728280961	0.562661737523105	False		Other_lineages_enriched	143.0	annotated	glgC	Catalyzes the synthesis of ADP-glucose, a sugar donor used in elongation reactions on alpha-glucans	H	Hexapep,NTP_transferase
glgB~~~glgB_1~~~glgB_3~~~glgB_2	0.969348659003831	0.796178343949045	-0.173170315054787	0.0004997501249375	0.001059637491421533	2.9748426841711053	True	False	Other_lineages_enriched	0.692650334075724	0.564959168522643	False		Other_lineages_enriched	151.0	annotated	glgB	Catalyzes the formation of the alpha-1,6-glucosidic linkages in glycogen by scission of a 1,4-alpha-linked oligosaccharide from growing alpha-1,4-glucan chains and the subsequent attachment of the oligosaccharide to the alpha-1,6 position	G	Alpha-amylase,Alpha-amylase_C,CBM_48
srlB	0.957854406130268	0.751592356687898	-0.20626204944237	0.0004997501249375	0.001059637491421533	2.9748426841711053	True	True	Other_lineages_enriched	0.730134357005758	0.5021113243762	False		Other_lineages_enriched	105.0	annotated	pts38A	PTS system glucitol/sorbitol-specific IIA component	G	PTSIIA_gutA
group_1541	0.60536398467433	0.904458598726115	0.299094614051785	0.199900049975012	0.24808687934751963	0.6053962037957092	False	False	L8L10_enriched	0.597412480974125	0.641552511415525	False		L8L10_enriched	246.0	annotated	yxeA	ABC transporter permease	V	FtsX,MacB_PCD
group_2641	0.60536398467433	0.904458598726115	0.299094614051785	0.208895552223888	0.2581811119946403	0.5880755330089881	False	False	L8L10_enriched	0.597412480974125	0.641552511415525	False		L8L10_enriched	247.0	annotated	-	Bacterial regulatory proteins, tetR family	K	TetR_N
adh~~~fdhA	0.9272030651341	0.859872611464968	-0.0673304536691315	0.0029985007496251	0.005538150207407345	2.256635269362656	True	False	Other_lineages_enriched	0.671982602392171	0.603117071402682	False		Other_lineages_enriched	206.0	annotated	adhB	alcohol dehydrogenase	E	ADH_N,ADH_zinc_N
fsa~~~fsaA	0.950191570881226	0.75796178343949	-0.192229787441736	0.0004997501249375	0.001059637491421533	2.9748426841711053	True	False	Other_lineages_enriched	0.720309477756286	0.505996131528046	False		Other_lineages_enriched	116.0	annotated	mipB	Transaldolase/Fructose-6-phosphate aldolase	G	TAL_FSA
group_1567	0.931034482758621	0.707006369426752	-0.224028113331869	0.0004997501249375	0.001059637491421533	2.9748426841711053	True	True	Other_lineages_enriched	0.704097116843703	0.537177541729894	False		Other_lineages_enriched	135.0	annotated	-	-	-	-
treR	1.0	0.821656050955414	-0.178343949044586	0.0004997501249375	0.001059637491421533	2.9748426841711053	True	False	Other_lineages_enriched	0.715307582260372	0.569384835479256	False		Other_lineages_enriched	122.0	annotated	treR	UTRA	K	GntR,UTRA
mscL	0.973180076628352	0.802547770700637	-0.170632305927715	0.0004997501249375	0.001059637491421533	2.9748426841711053	True	False	Other_lineages_enriched	0.723372224313135	0.523899134362062	False		Other_lineages_enriched	112.0	annotated	XK27_07085	CAAX protease self-immunity	S	Abi
tagU_4~~~tagU_3~~~tagU~~~brpA	0.762452107279693	0.987261146496815	0.224809039217122	0.0004997501249375	0.001059637491421533	2.9748426841711053	True	True	L8L10_enriched	0.511766903249907	0.741128128502055	False		L8L10_enriched	21.0	annotated	brpA	Cell envelope-like function transcriptional attenuator common domain protein	K	LytR_cpsA_psr
noxE~~~noxE_1~~~noxE_2	0.762452107279693	0.980891719745223	0.218439612465529	0.0004997501249375	0.001059637491421533	2.9748426841711053	True	True	L8L10_enriched	0.507721280602637	0.738983050847458	False		L8L10_enriched	23.0	annotated	noxE	Pyridine nucleotide-disulphide oxidoreductase, dimerisation domain	S	Pyr_redox_2,Pyr_redox_dim
ywqE~~~ywqE_2~~~ywqE_1	0.758620689655172	0.987261146496815	0.228640456841643	0.0004997501249375	0.001059637491421533	2.9748426841711053	True	True	L8L10_enriched	0.509539842873176	0.742237186681631	False		L8L10_enriched	20.0	annotated	ywqE	PHP domain protein	GM	-
group_2786	0.781609195402299	0.878980891719745	0.0973716963174464	0.0014992503748125	0.002921366046722169	2.534414022584289	True	False	L8L10_enriched	0.576194086429113	0.66565579984837	False		L8L10_enriched	178.0	annotated	-	Helix-turn-helix XRE-family like proteins	K	HTH_3
group_1366	0.904214559386973	0.847133757961783	-0.0570808014251897	0.865567216391804	0.9016895282993974	0.04494297394057782	False	False	Other_lineages_enriched	0.646954043462772	0.640541503384396	False		Other_lineages_enriched	296.0	valid_protein_no_eggnog_annotation				
glf_4~~~glf_1~~~glf_3~~~glf	0.854406130268199	0.878980891719745	0.024574761451546	0.0379810094952524	0.054769114348733765	1.26146428183126	False	False	L8L10_enriched	0.581804281345566	0.653669724770642	False		L8L10_enriched	235.0	annotated	glf	UDP-galactopyranose mutase	M	GLF,NAD_binding_8
srlE~~~srlE_1~~~srlE_2	0.881226053639847	0.75796178343949	-0.123264270200356	0.0004997501249375	0.001059637491421533	2.9748426841711053	True	False	Other_lineages_enriched	0.665590964098427	0.527632109721662	False		Other_lineages_enriched	251.0	annotated	srlE	Sorbitol phosphotransferase enzyme II N-terminus	G	EIIBC-GUT_C,EIIBC-GUT_N
group_3181	0.988505747126437	0.75796178343949	-0.230543963686946	0.0004997501249375	0.001059637491421533	2.9748426841711053	True	True	Other_lineages_enriched	0.725577926920209	0.528709917971663	False		Other_lineages_enriched	108.0	annotated	-	Flavodoxin	C	Flavodoxin_4
group_3011	0.862068965517241	0.866242038216561	0.0041730726993192	0.756621689155422	0.8042156341184244	0.09462748837640157	False	False	L8L10_enriched	0.640408460977389	0.63019693654267	False		direction_ambiguous		annotated	-	Putative inner membrane exporter, YdcZ	S	DMT_YdcZ
srlA_1~~~srlA	0.881226053639847	0.751592356687898	-0.129633696951949	0.0004997501249375	0.001059637491421533	2.9748426841711053	True	False	Other_lineages_enriched	0.668557536466775	0.521069692058347	False		Other_lineages_enriched	223.0	annotated	srlA	PTS system enzyme II sorbitol-specific factor	G	EII-GUT
group_2110	0.988505747126437	0.78343949044586	-0.205066256680577	0.0004997501249375	0.001059637491421533	2.9748426841711053	True	True	Other_lineages_enriched	0.713286713286713	0.550607287449393	False		Other_lineages_enriched	124.0	annotated	-	YjbR	S	YjbR
group_935	1.0	0.745222929936306	-0.254777070063694	0.0004997501249375	0.001059637491421533	2.9748426841711053	True	True	Other_lineages_enriched	0.734484024972457	0.531031950055086	False		Other_lineages_enriched	102.0	annotated	-	LytTr DNA-binding domain	K	LytTR
aroE~~~aroE_1~~~aroE_2	0.961685823754789	0.694267515923567	-0.267418307831222	0.0004997501249375	0.001059637491421533	2.9748426841711053	True	True	Other_lineages_enriched	0.742196531791907	0.487090558766859	False		Other_lineages_enriched	95.0	annotated	aroE	Involved in the biosynthesis of the chorismate, which leads to the biosynthesis of aromatic amino acids. Catalyzes the reversible NADPH linked reduction of 3-dehydroshikimate (DHSA) to yield shikimate (SA)	E	Shikimate_dh_N
group_2785	0.954022988505747	0.75796178343949	-0.196061205066257	0.0004997501249375	0.001059637491421533	2.9748426841711053	True	False	Other_lineages_enriched	0.705263157894737	0.542857142857143	False		Other_lineages_enriched	133.0	annotated	-	-	-	-
licR~~~licR_2	0.881226053639847	0.751592356687898	-0.129633696951949	0.0004997501249375	0.001059637491421533	2.9748426841711053	True	False	Other_lineages_enriched	0.668557536466775	0.521069692058347	False		Other_lineages_enriched	224.0	annotated	srlM	Mga helix-turn-helix domain	GKT	HTH_11,HTH_Mga,Mga,PRD,PTS_EIIA_2
group_2377	0.881226053639847	0.751592356687898	-0.129633696951949	0.0004997501249375	0.001059637491421533	2.9748426841711053	True	False	Other_lineages_enriched	0.668557536466775	0.521069692058347	False		Other_lineages_enriched	225.0	annotated	srlM1	Glucitol operon activator protein (GutM)	K	GutM
group_2108	0.996168582375479	0.745222929936306	-0.250945652439173	0.0004997501249375	0.001059637491421533	2.9748426841711053	True	True	Other_lineages_enriched	0.733553840499816	0.531422271223815	False		Other_lineages_enriched	103.0	annotated	-	Protein of unknown function (DUF3021)	S	DUF3021
ifcA~~~urdA_3~~~hcaB~~~urdA_2	0.957854406130268	0.67515923566879	-0.282695170461478	0.0004997501249375	0.001059637491421533	2.9748426841711053	True	True	Other_lineages_enriched	0.743410852713178	0.481395348837209	False		Other_lineages_enriched	93.0	annotated	-	FAD binding domain	C	FAD_binding_2,FMN_bind,FMN_red,Succ_DH_flav_C
gerN~~~napA_1~~~gerN_1~~~gerN_2	0.969348659003831	0.681528662420382	-0.287819996583449	0.0004997501249375	0.001059637491421533	2.9748426841711053	True	True	Other_lineages_enriched	0.767478397486253	0.446975648075412	False		Other_lineages_enriched	74.0	annotated	napA	Belongs to the monovalent cation proton antiporter 2 (CPA2) transporter (TC 2.A.37) family	P	Na_H_Exchanger
fabG2~~~bacC_2~~~fabG_2~~~bacC_1	0.877394636015326	0.75796178343949	-0.119432852575835	0.0004997501249375	0.001059637491421533	2.9748426841711053	True	False	Other_lineages_enriched	0.665052461662631	0.527845036319613	False		Other_lineages_enriched	254.0	annotated	srlD2	NAD dependent epimerase/dehydratase family	IQ	adh_short
yveL~~~ywqD_2~~~ywqD	0.739463601532567	0.974522292993631	0.235058691461064	0.0004997501249375	0.001059637491421533	2.9748426841711053	True	True	L8L10_enriched	0.508500188893086	0.735927465054779	False		L8L10_enriched	24.0	annotated	ywqD	Capsular exopolysaccharide family	D	AAA_31,ParA
group_989	0.957854406130268	0.67515923566879	-0.282695170461478	0.0004997501249375	0.001059637491421533	2.9748426841711053	True	True	Other_lineages_enriched	0.744854368932039	0.478446601941748	False		Other_lineages_enriched	91.0	annotated	-	Xylose isomerase-like TIM barrel	G	AP_endonuc_2
ydiN~~~ydiM_1~~~ydiM_2~~~ydiM_3~~~ydiM	0.961685823754789	0.67515923566879	-0.286526588086	0.0004997501249375	0.001059637491421533	2.9748426841711053	True	True	Other_lineages_enriched	0.746801085692129	0.477704536642109	False		Other_lineages_enriched	87.0	annotated	-	Major Facilitator Superfamily	EGP	MFS_1
sglT	0.969348659003831	0.681528662420382	-0.287819996583449	0.0004997501249375	0.001059637491421533	2.9748426841711053	True	True	Other_lineages_enriched	0.767478397486253	0.446975648075412	False		Other_lineages_enriched	75.0	annotated	-	Belongs to the sodium solute symporter (SSF) (TC 2.A.21) family	E	SSF
gltC~~~gltC_2~~~gltC_1	0.957854406130268	0.668789808917197	-0.289064597213071	0.0004997501249375	0.001059637491421533	2.9748426841711053	True	True	Other_lineages_enriched	0.745143745143745	0.477855477855478	False		Other_lineages_enriched	90.0	annotated	-	Transcriptional regulator, LysR family	K	HTH_1,LysR_substrate
ucpA~~~hcaB~~~bacC_1	0.957854406130268	0.662420382165605	-0.295434023964663	0.0004997501249375	0.001059637491421533	2.9748426841711053	True	True	Other_lineages_enriched	0.745433346288379	0.477263894286825	False		Other_lineages_enriched	89.0	annotated	-	Enoyl-(Acyl carrier protein) reductase	IQ	adh_short,adh_short_C2
hrtA~~~ytrE	0.528735632183908	0.878980891719745	0.350245259535837	0.0004997501249375	0.001059637491421533	2.9748426841711053	True	True	L8L10_enriched	0.495805369127517	0.665268456375839	False		L8L10_enriched	181.0	annotated	lolD	ABC transporter, ATP-binding protein	V	ABC_tran
group_1484	0.923371647509579	0.420382165605096	-0.502989481904483	0.0004997501249375	0.001059637491421533	2.9748426841711053	True	True	Other_lineages_enriched	0.795252225519288	0.356930902924968	False		Other_lineages_enriched	56.0	annotated	-	-	-	-
nfrA~~~nfrA1~~~nfrA_2~~~frp~~~nfrA1_1~~~nfrA1_2~~~nfsA~~~frp_1	0.528735632183908	0.872611464968153	0.343875832784245	0.0004997501249375	0.001059637491421533	2.9748426841711053	True	True	L8L10_enriched	0.497265460664704	0.661337820782499	False		L8L10_enriched	223.0	annotated	nfrA	nitroreductase	C	Nitroreductase
dps2~~~dps~~~dps_2	0.915708812260536	0.707006369426752	-0.208702442833785	0.0004997501249375	0.001059637491421533	2.9748426841711053	True	True	Other_lineages_enriched	0.699572483482316	0.523124757092888	False		Other_lineages_enriched	142.0	annotated	-	Ferritin-like domain	P	Ferritin
ydiM_1~~~ydiM_3~~~ydiM_2	0.961685823754789	0.643312101910828	-0.318373721843961	0.0004997501249375	0.001059637491421533	2.9748426841711053	True	True	Other_lineages_enriched	0.757969303423849	0.454939000393546	False		Other_lineages_enriched	81.0	annotated	-	Major Facilitator Superfamily	EGP	MFS_1
fixK	0.908045977011494	0.75796178343949	-0.150084193572004	0.0004997501249375	0.001059637491421533	2.9748426841711053	True	False	Other_lineages_enriched	0.681176021382207	0.555173730431462	False		Other_lineages_enriched	176.0	annotated	-	helix_turn_helix, cAMP Regulatory protein	K	HTH_Crp_2,cNMP_binding
group_1183	1.0	0.643312101910828	-0.356687898089172	0.0004997501249375	0.001059637491421533	2.9748426841711053	True	True	Other_lineages_enriched	0.797766254487435	0.40446749102513	False		Other_lineages_enriched	52.0	annotated	metE	Methionine synthase II (cobalamin-independent)	E	Meth_synt_2
yvgN_3~~~yvgN_2~~~yvgN	0.850574712643678	0.821656050955414	-0.0289186616882641	0.124937531234383	0.16303729323457108	0.7877130434888246	False	False	Other_lineages_enriched	0.643564356435643	0.594821020563595	False		Other_lineages_enriched	305.0	annotated	yvgN	Aldo keto reductase	C	Aldo_ket_red
dosC	0.977011494252874	0.700636942675159	-0.276374551577714	0.0004997501249375	0.001059637491421533	2.9748426841711053	True	True	Other_lineages_enriched	0.74028941355674	0.498095963442498	False		Other_lineages_enriched	99.0	annotated	-	diguanylate cyclase	T	GGDEF,Hpt,Response_reg
zosA_1~~~zosA_2~~~copA_2~~~cadA_2~~~cadA_1~~~cadA_3~~~copA_1	0.908045977011494	0.828025477707006	-0.0800204993044878	0.0064967516241879	0.011254887803206694	1.9486588300007415	True	False	Other_lineages_enriched	0.663670411985019	0.587265917602996	False		Other_lineages_enriched	263.0	annotated	cadA	E1-E2 ATPase	P	E1-E2_ATPase,Hydrolase
adhR~~~adhR_1~~~adhR_2	0.942528735632184	0.579617834394904	-0.362910901237279	0.0004997501249375	0.001059637491421533	2.9748426841711053	True	True	Other_lineages_enriched	0.710236220472441	0.50236220472441	False		Other_lineages_enriched	126.0	annotated	-	helix_turn_helix, mercury resistance	K	MerR,MerR-DNA-bind,MerR_1
group_983	0.900383141762452	0.75796178343949	-0.142421358322962	0.0024987506246876	0.00467805869792366	2.3299343331843234	True	False	Other_lineages_enriched	0.638439186384392	0.531340805313408	False		Other_lineages_enriched	309.0	annotated	-	RelB antitoxin	L	RelB
group_2043	0.593869731800766	0.872611464968153	0.278741733167387	0.0004997501249375	0.001059637491421533	2.9748426841711053	True	True	L8L10_enriched	0.5158953722334	0.679275653923541	False		L8L10_enriched	47.0	annotated	XK27_11280	Psort location CytoplasmicMembrane, score	S	-
bglH_1~~~bglA~~~bglH~~~bglH_3~~~bglH_2~~~bglB	0.938697318007663	0.515923566878981	-0.422773751128682	0.0004997501249375	0.001059637491421533	2.9748426841711053	True	True	Other_lineages_enriched	0.754823151125402	0.441318327974277	False		Other_lineages_enriched	84.0	annotated	-	Belongs to the glycosyl hydrolase 1 family	G	Glyco_hydro_1
group_2467	0.980842911877395	0.54140127388535	-0.439441637992044	0.0004997501249375	0.001059637491421533	2.9748426841711053	True	True	Other_lineages_enriched	0.769656262346899	0.440142236270249	False		Other_lineages_enriched	71.0	annotated	ydaJ	Belongs to the glycosyl hydrolase 8 (cellulase D) family	G	Glyco_hydro_8
metB~~~metC	0.992337164750958	0.713375796178344	-0.278961368572614	0.0004997501249375	0.001059637491421533	2.9748426841711053	True	True	Other_lineages_enriched	0.766289504486929	0.453374951229028	False		Other_lineages_enriched	76.0	annotated	mccB	cystathionine	E	Cys_Met_Meta_PP
ywqC~~~ywqC_2~~~cap8A	0.739463601532567	0.847133757961783	0.107670156429216	0.0004997501249375	0.001059637491421533	2.9748426841711053	True	False	L8L10_enriched	0.523573200992556	0.64929693961952	False		L8L10_enriched	242.0	annotated	epsB	biosynthesis protein	M	GNVR,Wzz
tkt_1~~~dxs_1	0.885057471264368	0.464968152866242	-0.420089318398126	0.0004997501249375	0.001059637491421533	2.9748426841711053	True	True	Other_lineages_enriched	0.757747708424269	0.369271060672196	False		Other_lineages_enriched	82.0	annotated	tkt	Catalyzes the transfer of a two-carbon ketol group from a ketose donor to an aldose acceptor, via a covalent intermediate with the cofactor thiamine pyrophosphate	H	Transket_pyr,Transketolase_C,Transketolase_N
group_3097	0.731800766283525	0.713375796178344	-0.018424970105181	0.281859070464768	0.3363729218331802	0.47317897236210305	False	False	Other_lineages_enriched	0.605581007913369	0.56143273635985	False		Other_lineages_enriched	330.0	annotated	-	-	-	-
copZ	0.89272030651341	0.75796178343949	-0.134758523073919	0.0024987506246876	0.00467805869792366	2.3299343331843234	True	False	Other_lineages_enriched	0.669731800766283	0.563984674329502	False		Other_lineages_enriched	214.0	annotated	-	Heavy-metal-associated domain	P	HMA
group_2894	0.78544061302682	0.64968152866242	-0.1357590843644	0.332833583208396	0.39014110874125396	0.40877828614332207	False	False	Other_lineages_enriched	0.587267215244695	0.546556951061065	False		Other_lineages_enriched	355.0	valid_protein_no_eggnog_annotation				
insK~~~insK_1~~~insK_2	0.911877394636015	0.605095541401274	-0.306781853234741	0.0004997501249375	0.001059637491421533	2.9748426841711053	True	True	Other_lineages_enriched	0.729166666666667	0.4375	False		Other_lineages_enriched	107.0	annotated	-	Integrase core domain	L	HTH_21,rve,rve_3
ispE	0.781609195402299	0.681528662420382	-0.100080532981917	0.226386806596702	0.2776124033256915	0.5565611341265186	False	False	Other_lineages_enriched	0.603121045972164	0.55335301560523	False		Other_lineages_enriched	331.0	annotated	ispE	Catalyzes the phosphorylation of the position 2 hydroxy group of 4-diphosphocytidyl-2C-methyl-D-erythritol	F	GHMP_kinases_C,GHMP_kinases_N
group_3625	0.42911877394636	0.859872611464968	0.430753837518608	0.0004997501249375	0.001059637491421533	2.9748426841711053	True	True	L8L10_enriched	0.417777777777778	0.693333333333333	False		L8L10_enriched	37.0	valid_protein_no_eggnog_annotation				
group_2182	0.980842911877395	0.477707006369427	-0.503135905507968	0.0004997501249375	0.001059637491421533	2.9748426841711053	True	True	Other_lineages_enriched	0.781387886081027	0.416365824308063	False		Other_lineages_enriched	64.0	annotated	-	Putative diguanylate phosphodiesterase	T	EAL
group_1477	0.984674329501916	0.477707006369427	-0.506967323132489	0.0004997501249375	0.001059637491421533	2.9748426841711053	True	True	Other_lineages_enriched	0.783827061649319	0.415532425940753	False		Other_lineages_enriched	60.0	annotated	-	Bacterial cellulose synthase subunit	S	BcsB
group_2002	0.900383141762452	0.490445859872611	-0.409937281889841	0.0004997501249375	0.001059637491421533	2.9748426841711053	True	True	Other_lineages_enriched	0.74934725848564	0.380330722367276	False		Other_lineages_enriched	85.0	valid_protein_no_eggnog_annotation				
group_2560	0.977011494252874	0.477707006369427	-0.499304487883447	0.0004997501249375	0.001059637491421533	2.9748426841711053	True	True	Other_lineages_enriched	0.780898876404494	0.41653290529695	False		Other_lineages_enriched	66.0	annotated	-	diguanylate cyclase activity	T	GGDEF
arnC_2~~~icaA~~~arnC_5	0.984674329501916	0.477707006369427	-0.506967323132489	0.0004997501249375	0.001059637491421533	2.9748426841711053	True	True	Other_lineages_enriched	0.783827061649319	0.415532425940753	False		Other_lineages_enriched	61.0	annotated	ydaM	Glycosyl transferase family group 2	M	Glyco_tranf_2_3
group_2694	0.727969348659004	0.828025477707006	0.100056129048003	0.0089955022488755	0.01516897641251012	1.8190437239856339	True	False	L8L10_enriched	0.578848325178773	0.668423033496425	False		L8L10_enriched	157.0	valid_protein_no_eggnog_annotation				
group_1968	0.988505747126437	0.643312101910828	-0.345193645215609	0.0004997501249375	0.001059637491421533	2.9748426841711053	True	True	Other_lineages_enriched	0.793047696038804	0.398544866612773	False		Other_lineages_enriched	57.0	annotated	yneR	-	-	-
group_2139	0.984674329501916	0.477707006369427	-0.506967323132489	0.0004997501249375	0.001059637491421533	2.9748426841711053	True	True	Other_lineages_enriched	0.783827061649319	0.415532425940753	False		Other_lineages_enriched	62.0	annotated	-	Protein conserved in bacteria	S	DUF2334
hsdR_1~~~hsdR~~~hsdR_2	0.793103448275862	0.64968152866242	-0.143421919613442	0.271864067966017	0.3265738621757295	0.48601857761253225	False	False	Other_lineages_enriched	0.590319792566984	0.545375972342265	False		Other_lineages_enriched	348.0	annotated	hsdR	Subunit R is required for both nuclease and ATPase activities, but not for modification	V	EcoR124_C,HSDR_N,ResIII
group_1655	0.888888888888889	0.54140127388535	-0.347487615003539	0.0004997501249375	0.001059637491421533	2.9748426841711053	True	True	Other_lineages_enriched	0.706335616438356	0.4375	False		Other_lineages_enriched	132.0	valid_protein_no_eggnog_annotation				
group_3051	0.996168582375479	0.509554140127389	-0.48661444224809	0.0004997501249375	0.001059637491421533	2.9748426841711053	True	True	Other_lineages_enriched	0.835294117647059	0.32436974789916	False		Other_lineages_enriched	42.0	valid_protein_no_eggnog_annotation				
group_944	0.915708812260536	0.617834394904459	-0.297874417356078	0.0004997501249375	0.001059637491421533	2.9748426841711053	True	True	Other_lineages_enriched	0.72366790582404	0.450227178851714	False		Other_lineages_enriched	111.0	annotated	-	Transposase	L	HTH_Tnp_1
group_513	0.980842911877395	0.477707006369427	-0.503135905507968	0.0004997501249375	0.001059637491421533	2.9748426841711053	True	True	Other_lineages_enriched	0.781387886081027	0.416365824308063	False		Other_lineages_enriched	65.0	annotated	-	-	-	-
group_2149	0.494252873563218	0.630573248407643	0.136320374844425	0.0384807596201899	0.055465486854123246	1.2559771705929639	False	False	L8L10_enriched	0.566455696202532	0.642405063291139	False		L8L10_enriched	245.0	valid_protein_no_eggnog_annotation				
group_2127	0.904214559386973	0.617834394904459	-0.286380164482515	0.0004997501249375	0.001059637491421533	2.9748426841711053	True	True	Other_lineages_enriched	0.670758439281017	0.452433143358176	False		Other_lineages_enriched	209.0	annotated	-	Bacterial toxin of type II toxin-antitoxin system, YafQ	S	YafQ_toxin
group_1576	0.632183908045977	0.878980891719745	0.246796983673768	0.009495252373813	0.01595454185197034	1.797115662421142	True	True	L8L10_enriched	0.572972972972973	0.654826254826255	False		L8L10_enriched	234.0	valid_protein_no_eggnog_annotation				
yhdG_5~~~yhdG_3~~~yhdG_1~~~yhdG_4~~~yhdG_2	0.954022988505747	0.445859872611465	-0.508163115894282	0.0004997501249375	0.001059637491421533	2.9748426841711053	True	True	Other_lineages_enriched	0.761449621664675	0.44205495818399	False		Other_lineages_enriched	80.0	annotated	potE2	amino acid	E	AA_permease_2
group_2164	0.992337164750958	0.573248407643312	-0.419088757107646	0.0004997501249375	0.001059637491421533	2.9748426841711053	True	True	Other_lineages_enriched	0.844005156854319	0.296519123334766	False		Other_lineages_enriched	36.0	annotated	ybbB	Protein of unknown function (DUF1211)	S	DUF1211
ald_2~~~ald_1~~~ald~~~ald2	0.961685823754789	0.407643312101911	-0.554042511652878	0.0004997501249375	0.001059637491421533	2.9748426841711053	True	True	Other_lineages_enriched	0.786617707058343	0.397388820889433	False		Other_lineages_enriched	59.0	annotated	ald	Belongs to the AlaDH PNT family	C	AlaDh_PNT_C,AlaDh_PNT_N
group_2901	0.984674329501916	0.452229299363057	-0.532445030138858	0.0004997501249375	0.001059637491421533	2.9748426841711053	True	True	Other_lineages_enriched	0.764158262218774	0.460046547711404	False		Other_lineages_enriched	78.0	valid_protein_no_eggnog_annotation				
ytbE~~~yvgN_2~~~ytbE_1~~~yvgN_3~~~yvgN_4~~~ytbE_2	0.923371647509579	0.547770700636943	-0.375600946872636	0.0004997501249375	0.001059637491421533	2.9748426841711053	True	True	Other_lineages_enriched	0.729857819905213	0.408444635932788	False		Other_lineages_enriched	106.0	annotated	ytbE	reductase	S	Aldo_ket_red
dapE~~~dapE_2~~~dapE_1	1.0	0.528662420382166	-0.471337579617834	0.0004997501249375	0.001059637491421533	2.9748426841711053	True	True	Other_lineages_enriched	0.838574423480084	0.322851153039832	False		Other_lineages_enriched	37.0	annotated	-	succinyl-diaminopimelate desuccinylase	E	M20_dimer,Peptidase_M20,Peptidase_M28
group_2916	0.632183908045977	0.605095541401274	-0.0270883666447032	0.0054972513743128	0.00965020952496573	2.0154632571693076	True	False	Other_lineages_enriched	0.467228464419476	0.596441947565543	False		direction_ambiguous		annotated	-	-	-	-
metP_2	1.0	0.528662420382166	-0.471337579617834	0.0004997501249375	0.001059637491421533	2.9748426841711053	True	True	Other_lineages_enriched	0.838574423480084	0.322851153039832	False		Other_lineages_enriched	38.0	annotated	metI	ABC transporter permease	P	BPD_transp_1
ytcD~~~ytcD_1	0.9272030651341	0.528662420382166	-0.398540644751934	0.0004997501249375	0.001059637491421533	2.9748426841711053	True	True	Other_lineages_enriched	0.735849056603774	0.406518010291595	False		Other_lineages_enriched	101.0	annotated	-	HxlR-like helix-turn-helix	K	HxlR
metN_1~~~metN~~~metN_2	1.0	0.528662420382166	-0.471337579617834	0.0004997501249375	0.001059637491421533	2.9748426841711053	True	True	Other_lineages_enriched	0.838574423480084	0.322851153039832	False		Other_lineages_enriched	39.0	annotated	metN	Part of the ABC transporter complex MetNIQ involved in methionine import. Responsible for energy coupling to the transport system	P	ABC_tran,NIL
group_3512	0.831417624521073	0.726114649681529	-0.105302974839544	0.0004997501249375	0.001059637491421533	2.9748426841711053	True	False	Other_lineages_enriched	0.672442244224422	0.502475247524752	False		Other_lineages_enriched	203.0	valid_protein_no_eggnog_annotation				
group_3239	0.770114942528736	0.64968152866242	-0.120433413866315	0.399800099950025	0.45884407152049195	0.3383348752107451	False	False	Other_lineages_enriched	0.580956559894691	0.541465555068012	False		Other_lineages_enriched	373.0	annotated	hsdM	type I restriction-modification system	V	HsdM_N,N6_Mtase
group_2595	0.724137931034483	0.598726114649682	-0.125411816384801	0.666666666666667	0.7218753423156975	0.1415377924838195	False	False	Other_lineages_enriched	0.552987352812909	0.574792847797645	False		direction_ambiguous		valid_protein_no_eggnog_annotation				
group_3551	0.919540229885057	0.445859872611465	-0.473680357273592	0.0004997501249375	0.001059637491421533	2.9748426841711053	True	True	Other_lineages_enriched	0.744145706851691	0.388551604509974	False		Other_lineages_enriched	92.0	annotated	-	protein histidine kinase activity	T	HATPase_c_5,SPOB_a
metQ_1~~~metQ	1.0	0.528662420382166	-0.471337579617834	0.0004997501249375	0.001059637491421533	2.9748426841711053	True	True	Other_lineages_enriched	0.838574423480084	0.322851153039832	False		Other_lineages_enriched	40.0	annotated	metQ	Belongs to the nlpA lipoprotein family	P	Lipoprotein_9
group_2900	0.992337164750958	0.331210191082803	-0.661126973668155	0.0004997501249375	0.001059637491421533	2.9748426841711053	True	True	Other_lineages_enriched	0.804550995530272	0.382771231206826	False		Other_lineages_enriched	46.0	valid_protein_no_eggnog_annotation				
group_4879	0.96551724137931	0.56687898089172	-0.398638260487591	0.0004997501249375	0.001059637491421533	2.9748426841711053	True	True	Other_lineages_enriched	0.771428571428571	0.412244897959184	False		Other_lineages_enriched	70.0	valid_protein_no_eggnog_annotation				
agrA_2~~~agrA_3	0.624521072796935	0.611464968152866	-0.0130561046440687	0.0059970014992503	0.01045508991535965	1.9806722278318074	True	False	Other_lineages_enriched	0.46016030174446	0.596888260254597	False		direction_ambiguous		annotated	-	Response regulator receiver domain protein	K	GerE,Response_reg
qmcA_2~~~qmcA	0.386973180076628	0.89171974522293	0.504746565146302	0.0004997501249375	0.001059637491421533	2.9748426841711053	True	True	L8L10_enriched	0.40276577355229	0.732929991356958	False		L8L10_enriched	25.0	annotated	hflC	prohibitin homologues	O	Band_7
dinG_3~~~dinG_1~~~dinG_2~~~dinG~~~dinG_5	0.992337164750958	0.248407643312102	-0.743929521438856	0.0004997501249375	0.001059637491421533	2.9748426841711053	True	True	Other_lineages_enriched	0.865384615384615	0.26048951048951	False		Other_lineages_enriched	16.0	annotated	uvrB3	DEAD_2	KL	DEAD,DEAD_2,HBB,Helicase_C_2,PDDEXK_1
group_2703	0.85823754789272	0.439490445859873	-0.418747102032848	0.0004997501249375	0.001059637491421533	2.9748426841711053	True	True	Other_lineages_enriched	0.746551724137931	0.391379310344828	False		Other_lineages_enriched	88.0	annotated	-	YSIRK type signal peptide	M	YSIRK_signal
group_2698	0.613026819923372	0.75796178343949	0.144934963516119	0.207396301849075	0.2566169037148712	0.5907147394330322	False	False	L8L10_enriched	0.551201011378002	0.60598398651496	False		L8L10_enriched	264.0	annotated	yphA	NAD dependent epimerase/dehydratase family	GM	Epimerase,NAD_binding_10
group_571	0.386973180076628	0.885350318471338	0.498377138394709	0.0004997501249375	0.001059637491421533	2.9748426841711053	True	True	L8L10_enriched	0.404865334491746	0.72632493483927	False		L8L10_enriched	28.0	annotated	-	protein encoded in hypervariable junctions of pilus gene clusters	S	Arc,HicB
cetB	0.9272030651341	0.509554140127389	-0.417648925006711	0.0004997501249375	0.001059637491421533	2.9748426841711053	True	True	Other_lineages_enriched	0.74681878016674	0.375603334795963	False		Other_lineages_enriched	86.0	annotated	-	Glyoxalase/Bleomycin resistance protein/Dioxygenase superfamily	E	Glyoxalase,Glyoxalase_4
group_2919	0.532567049808429	0.75796178343949	0.225394733631061	0.0119940029985007	0.01953546212558567	1.7091763107653832	True	True	L8L10_enriched	0.489247311827957	0.614695340501792	False		L8L10_enriched	262.0	annotated	-	Plasmid pRiA4b ORF-3-like protein	L	PRiA4_ORF3
group_1333	0.78544061302682	0.45859872611465	-0.32684188691217	0.0004997501249375	0.001059637491421533	2.9748426841711053	True	True	Other_lineages_enriched	0.620270901447922	0.445586174684727	False		Other_lineages_enriched	324.0	valid_protein_no_eggnog_annotation				
arnC_5~~~arnC_3~~~arnC_2~~~arnC_1~~~epsJ~~~arnC_6	0.501915708812261	0.942675159235669	0.440759450423408	0.0004997501249375	0.001059637491421533	2.9748426841711053	True	True	L8L10_enriched	0.528345545699961	0.700347088314693	False		L8L10_enriched	36.0	annotated	epsJ2	Glycosyltransferase like family 2	S	Glycos_transf_2
group_2111	0.78544061302682	0.522292993630573	-0.263147619396247	0.000999500249875	0.0019983940068799303	2.6993188814033258	True	True	Other_lineages_enriched	0.645330995177554	0.47786058746164	False		Other_lineages_enriched	301.0	annotated	-	Transposase IS200 like	L	Y1_Tnp
mrr	0.67816091954023	0.598726114649682	-0.0794348048905483	0.84007996001999	0.8762467452566847	0.05737358217186073	False	False	Other_lineages_enriched	0.54140127388535	0.548680618744313	False		direction_ambiguous		annotated	-	Mrr N-terminal domain	L	Mrr_N,Mrr_cat
group_2572	0.908045977011494	0.261146496815287	-0.646899480196208	0.0004997501249375	0.001059637491421533	2.9748426841711053	True	True	Other_lineages_enriched	0.789848619768477	0.319679430097952	False		Other_lineages_enriched	58.0	valid_protein_no_eggnog_annotation				
group_2942	0.371647509578544	0.738853503184713	0.367205993606169	0.0004997501249375	0.001059637491421533	2.9748426841711053	True	True	L8L10_enriched	0.455242966751918	0.692242114236999	False		L8L10_enriched	38.0	annotated	-	Domain of unknown function (DUF3841)	S	DUF3841
ugd~~~hasB~~~ugd_2	0.957854406130268	0.292993630573248	-0.66486077555702	0.0004997501249375	0.001059637491421533	2.9748426841711053	True	True	Other_lineages_enriched	0.804405286343612	0.314537444933921	False		Other_lineages_enriched	47.0	annotated	-	UDP binding domain	M	HTH_3,UDPG_MGDP_dh,UDPG_MGDP_dh_C,UDPG_MGDP_dh_N
group_2343	0.831417624521073	0.56687898089172	-0.264538643629353	0.0004997501249375	0.001059637491421533	2.9748426841711053	True	True	Other_lineages_enriched	0.7121024370095	0.461792647666254	False		Other_lineages_enriched	125.0	annotated	XK27_08315	Sulfatase	M	Sulfatase
group_2075	0.996168582375479	0.286624203821656	-0.709544378553823	0.0004997501249375	0.001059637491421533	2.9748426841711053	True	True	Other_lineages_enriched	0.880425155004429	0.233835252435784	False		Other_lineages_enriched	13.0	annotated	-	Short repeat of unknown function (DUF308)	S	DUF308
group_1054	0.71264367816092	0.503184713375796	-0.209458964785123	0.0004997501249375	0.001059637491421533	2.9748426841711053	True	True	Other_lineages_enriched	0.701801801801802	0.397297297297297	False		Other_lineages_enriched	137.0	annotated	-	Xylose isomerase domain protein TIM barrel	G	AP_endonuc_2
group_3173	0.371647509578544	0.707006369426752	0.335358859848207	0.0004997501249375	0.001059637491421533	2.9748426841711053	True	True	L8L10_enriched	0.459948320413437	0.678725236864772	False		L8L10_enriched	48.0	annotated	-	Cytidine and deoxycytidylate deaminase zinc-binding region	F	dCMP_cyt_deam_1
group_2798	0.816091954022989	0.382165605095541	-0.433926348927447	0.0004997501249375	0.001059637491421533	2.9748426841711053	True	True	Other_lineages_enriched	0.661387983232417	0.407079646017699	False		Other_lineages_enriched	271.0	valid_protein_no_eggnog_annotation				
group_2932	0.904214559386973	0.382165605095541	-0.522048954291432	0.0004997501249375	0.001059637491421533	2.9748426841711053	True	True	Other_lineages_enriched	0.775250227479527	0.314831665150136	False		Other_lineages_enriched	68.0	annotated	-	Thioester domain	M	TED
group_3210	0.413793103448276	0.700636942675159	0.286843839226883	0.0004997501249375	0.001059637491421533	2.9748426841711053	True	True	L8L10_enriched	0.320079522862823	0.685884691848907	False		L8L10_enriched	41.0	annotated	-	Phage minor structural protein GP20	S	-
group_3003	0.517241379310345	0.617834394904459	0.100593015594114	0.0004997501249375	0.001059637491421533	2.9748426841711053	True	False	L8L10_enriched	0.386686245717083	0.634361233480176	False		L8L10_enriched	251.0	valid_protein_no_eggnog_annotation				
group_3288	0.567049808429119	0.694267515923567	0.127217707494448	0.0004997501249375	0.001059637491421533	2.9748426841711053	True	False	L8L10_enriched	0.334291187739464	0.707854406130268	False		L8L10_enriched	32.0	valid_protein_no_eggnog_annotation				
agrA_2~~~agrA~~~agrA_1	0.896551724137931	0.394904458598726	-0.501647265539205	0.0004997501249375	0.001059637491421533	2.9748426841711053	True	True	Other_lineages_enriched	0.763718820861678	0.329251700680272	False		Other_lineages_enriched	79.0	annotated	agrA	LytTr DNA-binding domain	K	LytTR,Response_reg
cysB~~~ifcA	0.881226053639847	0.43312101910828	-0.448105034531566	0.0004997501249375	0.001059637491421533	2.9748426841711053	True	True	Other_lineages_enriched	0.780554293502953	0.310767832803271	False		Other_lineages_enriched	67.0	annotated	-	FMN_bind	C	FAD_binding_2,FMN_bind
insK_1	0.609195402298851	0.662420382165605	0.0532249798667545	0.0004997501249375	0.001059637491421533	2.9748426841711053	True	False	L8L10_enriched	0.474945533769063	0.65359477124183	False		L8L10_enriched	236.0	annotated	-	Integrase core domain	L	HTH_21,rve,rve_2
group_1398	0.973180076628352	0.407643312101911	-0.565536764526442	0.0004997501249375	0.001059637491421533	2.9748426841711053	True	True	Other_lineages_enriched	0.851868943239502	0.225196123673281	False		Other_lineages_enriched	32.0	valid_protein_no_eggnog_annotation				
group_2856	0.651340996168582	0.560509554140127	-0.0908314420284549	0.0749625187406297	0.1020245763115964	0.9912952000922343	False	False	Other_lineages_enriched	0.565478574289147	0.633560272326792	False		direction_ambiguous		valid_protein_no_eggnog_annotation				
group_2012	0.9272030651341	0.401273885350318	-0.525929179783781	0.0004997501249375	0.001059637491421533	2.9748426841711053	True	True	Other_lineages_enriched	0.817684594348222	0.27073837739289	False		Other_lineages_enriched	44.0	annotated	-	-	-	-
bglF~~~ptsG~~~bglF_1~~~bglF_4~~~bglF_2~~~bglF_3	0.777777777777778	0.394904458598726	-0.382873319179052	0.0004997501249375	0.001059637491421533	2.9748426841711053	True	True	Other_lineages_enriched	0.654965357967668	0.421247113163972	False		Other_lineages_enriched	284.0	annotated	-	PTS system	G	PTS_EIIA_1,PTS_EIIB,PTS_EIIC
group_3009	0.727969348659004	0.452229299363057	-0.275740049295947	0.255372313843078	0.30912996844707646	0.5098588904387866	False	False	Other_lineages_enriched	0.572595281306715	0.519963702359347	False		Other_lineages_enriched	382.0	annotated	-	-	-	DUF4767
nudG	0.919540229885057	0.267515923566879	-0.652024306318179	0.0004997501249375	0.001059637491421533	2.9748426841711053	True	True	Other_lineages_enriched	0.757077625570776	0.329680365296804	False		Other_lineages_enriched	83.0	annotated	mutT	NUDIX domain	L	NUDIX
yiaC_1~~~yiaC~~~yiaC_2	0.915708812260536	0.394904458598726	-0.52080435366181	0.0004997501249375	0.001059637491421533	2.9748426841711053	True	True	Other_lineages_enriched	0.811208084519981	0.270096463022508	False		Other_lineages_enriched	45.0	annotated	yiaC	Acetyltransferase (GNAT) domain	K	Acetyltransf_10,Acetyltransf_7
dapE_1~~~dapE_3~~~dapE_2~~~dapE_4	0.977011494252874	0.401273885350318	-0.575737608902555	0.0004997501249375	0.001059637491421533	2.9748426841711053	True	True	Other_lineages_enriched	0.856481481481482	0.217592592592593	False		Other_lineages_enriched	25.0	annotated	dapE	succinyl-diaminopimelate desuccinylase	E	M20_dimer,Peptidase_M20,Peptidase_M28
group_3170	0.559386973180077	0.522292993630573	-0.0370939795495033	0.120939530234883	0.15844761515862404	0.8001142931176961	False	False	Other_lineages_enriched	0.46	0.54	False		direction_ambiguous		valid_protein_no_eggnog_annotation				
farB~~~hsrA~~~ribZ~~~ribZ_2	0.915708812260536	0.471337579617834	-0.444371232642702	0.0004997501249375	0.001059637491421533	2.9748426841711053	True	True	Other_lineages_enriched	0.825229960578187	0.298729741568112	False		Other_lineages_enriched	43.0	annotated	lmrB	Belongs to the major facilitator superfamily	U	MFS_1
group_1445	0.620689655172414	0.45859872611465	-0.162090929057764	0.0004997501249375	0.001059637491421533	2.9748426841711053	True	False	Other_lineages_enriched	0.608611514271892	0.423802612481858	False		Other_lineages_enriched	327.0	annotated	-	Haloacid dehalogenase-like hydrolase	S	HAD_2
group_3752	0.747126436781609	0.56687898089172	-0.180247455889889	0.000999500249875	0.0019983940068799303	2.6993188814033258	True	False	Other_lineages_enriched	0.633363068688671	0.474576271186441	False		Other_lineages_enriched	313.0	annotated	-	transposase, IS605 OrfB family	L	HTH_OrfB_IS605,OrfB_IS605,OrfB_Zn_ribbon
nagZ~~~nagZ_2~~~nagZ_1	0.827586206896552	0.439490445859873	-0.388095761036679	0.0004997501249375	0.001059637491421533	2.9748426841711053	True	True	Other_lineages_enriched	0.660212971926428	0.371732817037754	False		Other_lineages_enriched	273.0	annotated	nagZ	Glycosyl hydrolase family 3 N terminal domain	G	DUF4309,Glyco_hydro_3
group_2920	0.544061302681992	0.496815286624204	-0.0472460160577886	0.128935532233883	0.16759076083260135	0.7757499274123076	False	False	Other_lineages_enriched	0.435964453737585	0.518557239937271	False		direction_ambiguous		annotated	-	-	-	-
group_2107	0.973180076628352	0.24203821656051	-0.731141860067843	0.0004997501249375	0.001059637491421533	2.9748426841711053	True	True	Other_lineages_enriched	0.891143911439114	0.186346863468635	False		Other_lineages_enriched	10.0	annotated	-	PFAM regulatory protein TetR	K	TetR_C_8,TetR_N
xerC_5~~~xerC_7~~~xerC_1~~~xerC_4~~~xerC_8	0.681992337164751	0.598726114649682	-0.0832662225150694	0.917541229385307	0.9522199530156178	0.021262722468953756	False	False	Other_lineages_enriched	0.542870243007795	0.540119211370931	False		Other_lineages_enriched	411.0	annotated	-	Belongs to the 'phage' integrase family	L	Phage_int_SAM_5,Phage_integrase
group_1435	0.498084291187739	0.573248407643312	0.0751641164555726	0.0024987506246876	0.00467805869792366	2.3299343331843234	True	False	L8L10_enriched	0.459093034128097	0.605890603085554	False		L8L10_enriched	265.0	annotated	-	FMN_bind	C	FAD_binding_2,FMN_bind
group_1080	0.547892720306513	0.515923566878981	-0.0319691534275325	0.0169915042478761	0.026446389464691425	1.5776336106833386	True	False	Other_lineages_enriched	0.411488250652742	0.544125326370757	False		direction_ambiguous		annotated	-	Protein of unknown function DUF262	S	DUF1524,DUF262,DUF4357
ybaK	0.498084291187739	0.477707006369427	-0.0203772848183127	0.749625187406297	0.7983241734013409	0.09782072001385013	False	False	Other_lineages_enriched	0.506801007556675	0.485642317380353	False		Other_lineages_enriched	433.0	annotated	-	Aminoacyl-tRNA editing domain	J	tRNA_edit
group_1525	0.616858237547893	0.464968152866242	-0.151890084681651	0.272363818090955	0.32681674457745696	0.4856957003302758	False	False	Other_lineages_enriched	0.461538461538462	0.519612837493632	False		direction_ambiguous		valid_protein_no_eggnog_annotation				
toxA_1~~~toxA_2	0.57088122605364	0.64968152866242	0.0788003026087805	0.0004997501249375	0.001059637491421533	2.9748426841711053	True	False	L8L10_enriched	0.344158991759573	0.68637905962191	False		L8L10_enriched	40.0	annotated	-	Peptidase family M23	D	CW_binding_1,Peptidase_M23
yvgN_1~~~ytbE_2~~~ytbE~~~yvgN_2	0.854406130268199	0.452229299363057	-0.402176830905142	0.0004997501249375	0.001059637491421533	2.9748426841711053	True	True	Other_lineages_enriched	0.802764976958525	0.275576036866359	False		Other_lineages_enriched	48.0	annotated	-	Aldo keto reductase	C	Aldo_ket_red
group_2941	0.325670498084291	0.630573248407643	0.304902750323352	0.0004997501249375	0.001059637491421533	2.9748426841711053	True	True	L8L10_enriched	0.470378619153675	0.638752783964365	False		L8L10_enriched	249.0	annotated	-	Domain of unknown function (DUF4343)	S	DUF4343
ydhF	0.850574712643678	0.45859872611465	-0.391975986529028	0.0004997501249375	0.001059637491421533	2.9748426841711053	True	True	Other_lineages_enriched	0.797228637413395	0.278983833718245	False		Other_lineages_enriched	53.0	annotated	ydhF	Aldo keto reductase	S	Aldo_ket_red
group_3193	0.620689655172414	0.54140127388535	-0.0792883812870635	0.0864567716141929	0.11603872198320392	0.9353970630363746	False	False	Other_lineages_enriched	0.550639134709931	0.466076696165192	False		Other_lineages_enriched	404.0	annotated	blpT	-	-	Thioredoxin
adhR_1	0.850574712643678	0.45859872611465	-0.391975986529028	0.0004997501249375	0.001059637491421533	2.9748426841711053	True	True	Other_lineages_enriched	0.797228637413395	0.278983833718245	False		Other_lineages_enriched	54.0	annotated	-	Transcriptional regulator	K	MerR_1
group_467	0.957854406130268	0.24203821656051	-0.715816189569759	0.0004997501249375	0.001059637491421533	2.9748426841711053	True	True	Other_lineages_enriched	0.854166666666667	0.198863636363636	False		Other_lineages_enriched	30.0	annotated	-	6-pyruvoyl tetrahydropterin synthase	H	PTPS
group_2449	0.39463601532567	0.592356687898089	0.197720672572419	0.0004997501249375	0.001059637491421533	2.9748426841711053	True	False	L8L10_enriched	0.328141225337487	0.63343717549325	False		L8L10_enriched	252.0	valid_protein_no_eggnog_annotation				
group_2398	0.222222222222222	0.936305732484076	0.714083510261854	0.0004997501249375	0.001059637491421533	2.9748426841711053	True	True	L8L10_enriched	0.326184092940125	0.780160857908847	False		L8L10_enriched	10.0	annotated	-	interspecies interaction between organisms	S	Exo_endo_phos
icaA	0.957854406130268	0.24203821656051	-0.715816189569759	0.0004997501249375	0.001059637491421533	2.9748426841711053	True	True	Other_lineages_enriched	0.854166666666667	0.198863636363636	False		Other_lineages_enriched	31.0	annotated	icaA	Glycosyl transferase family group 2	M	Chitin_synth_2,Glyco_tranf_2_3,Glyco_trans_2_3,Glycos_transf_2
group_2675	0.252873563218391	0.751592356687898	0.498718793469507	0.0004997501249375	0.001059637491421533	2.9748426841711053	True	True	L8L10_enriched	0.313454903893544	0.700837851158206	False		L8L10_enriched	35.0	annotated	-	-	-	-
garK~~~glxK_2~~~glxK	0.850574712643678	0.235668789808917	-0.614905922834761	0.0004997501249375	0.001059637491421533	2.9748426841711053	True	True	Other_lineages_enriched	0.800187178287319	0.263921385119326	False		Other_lineages_enriched	51.0	annotated	glxK	Belongs to the glycerate kinase type-1 family	G	Gly_kinase
group_3723	0.60536398467433	0.605095541401274	-0.0002684432730556	0.540229885057471	0.600761887028136	0.22129762723292365	False	False	Other_lineages_enriched	0.511781338360038	0.545711592836946	False		direction_ambiguous		annotated	XK27_08315	Sulfatase	M	Sulfatase
group_3851	0.325670498084291	0.859872611464968	0.534202113380677	0.0004997501249375	0.001059637491421533	2.9748426841711053	True	True	L8L10_enriched	0.405347132384649	0.732212160413972	False		L8L10_enriched	26.0	annotated	vpr	PA domain	DO	FIVAR,FlgD_ig,Inhibitor_I9,PA,Peptidase_S8,SLH,YSIRK_signal,fn3_5
hchA	0.904214559386973	0.267515923566879	-0.636698635820094	0.0004997501249375	0.001059637491421533	2.9748426841711053	True	True	Other_lineages_enriched	0.854868913857678	0.208801498127341	False		Other_lineages_enriched	29.0	annotated	-	DJ-1/PfpI family	S	DJ-1_PfpI
group_1332	0.931034482758621	0.24203821656051	-0.688996266198111	0.0004997501249375	0.001059637491421533	2.9748426841711053	True	True	Other_lineages_enriched	0.837097549255166	0.201826045170591	False		Other_lineages_enriched	41.0	valid_protein_no_eggnog_annotation				
group_1266	0.984674329501916	0.146496815286624	-0.838177514215292	0.0004997501249375	0.001059637491421533	2.9748426841711053	True	True	Other_lineages_enriched	0.913289349670123	0.144203581526861	False		Other_lineages_enriched	2.0	annotated	ylbB	MacB-like periplasmic core domain	MV	FtsX,MacB_PCD
group_3113	0.931034482758621	0.24203821656051	-0.688996266198111	0.0004997501249375	0.001059637491421533	2.9748426841711053	True	True	Other_lineages_enriched	0.847619047619048	0.2	False		Other_lineages_enriched	34.0	annotated	-	-	-	Exosortase_EpsH
group_3059	0.256704980842912	0.796178343949045	0.539473363106133	0.0004997501249375	0.001059637491421533	2.9748426841711053	True	True	L8L10_enriched	0.265700483091787	0.768115942028985	False		L8L10_enriched	16.0	annotated	-	Phage minor capsid protein 2	S	Phage_min_cap2
group_2673	0.9272030651341	0.24203821656051	-0.68516484857359	0.0004997501249375	0.001059637491421533	2.9748426841711053	True	True	Other_lineages_enriched	0.847070033349214	0.200095283468318	False		Other_lineages_enriched	35.0	annotated	-	4-amino-4-deoxy-L-arabinose transferase and related glycosyltransferases of PMT family	M	PMT_2
uvrA_2~~~yknY_2	0.988505747126437	0.140127388535032	-0.848378358591405	0.0004997501249375	0.001059637491421533	2.9748426841711053	True	True	Other_lineages_enriched	0.923003802281369	0.126425855513308	False		Other_lineages_enriched	1.0	annotated	-	ABC transporter, ATP-binding protein	V	ABC_tran
rhaD~~~rhaD_2~~~rhaD_1	0.528735632183908	0.605095541401274	0.0763599092173658	0.917541229385307	0.9522199530156178	0.021262722468953756	False	False	L8L10_enriched	0.52910553715097	0.524372929484146	False		direction_ambiguous		annotated	rhaD	Catalyzes the reversible cleavage of L-rhamnulose-1- phosphate to dihydroxyacetone phosphate (DHAP) and L-lactaldehyde	H	Aldolase_II
group_1437	0.908045977011494	0.24203821656051	-0.666007760450985	0.0004997501249375	0.001059637491421533	2.9748426841711053	True	True	Other_lineages_enriched	0.863721804511278	0.196428571428571	False		Other_lineages_enriched	18.0	annotated	-	transcriptional regulator	K	HTH_5
bca~~~bca_1	0.689655172413793	0.471337579617834	-0.218317592795959	0.0004997501249375	0.001059637491421533	2.9748426841711053	True	True	Other_lineages_enriched	0.628250892401836	0.351861295257522	False		Other_lineages_enriched	317.0	annotated	-	Rib/alpha-like repeat	M	Gram_pos_anchor,Rib,YSIRK_signal
toxB~~~toxA~~~smc_2	0.609195402298851	0.452229299363057	-0.156966102935793	0.628685657171414	0.6847997488858873	0.1644364075854205	False	False	Other_lineages_enriched	0.508064516129032	0.483870967741935	False		Other_lineages_enriched	432.0	annotated	ganB	arabinogalactan	G	Big_4,Glyco_hydro_53,SLH
group_2035	0.383141762452107	0.662420382165605	0.279278619713498	0.345327336331834	0.4034941748983663	0.39416273065134555	False	False	L8L10_enriched	0.510479739170936	0.55798789007918	False		L8L10_enriched	301.0	annotated	-	-	-	-
group_2674	0.835249042145594	0.21656050955414	-0.618688532591454	0.0004997501249375	0.001059637491421533	2.9748426841711053	True	True	Other_lineages_enriched	0.801169590643275	0.224171539961014	False		Other_lineages_enriched	49.0	valid_protein_no_eggnog_annotation				
cas9~~~cas9_1~~~cas9_2~~~cas92	0.831417624521073	0.273885350318471	-0.557532274202601	0.0004997501249375	0.001059637491421533	2.9748426841711053	True	True	Other_lineages_enriched	0.71804170444243	0.375339981867634	False		Other_lineages_enriched	120.0	annotated	cas9	CRISPR (clustered regularly interspaced short palindromic repeat) is an adaptive immune system that provides protection against mobile genetic elements (viruses, transposable elements and conjugative plasmids). CRISPR clusters contain spacers, sequences complementary to antecedent mobile elements, and target invading nucleic acids. CRISPR clusters are transcribed and processed into CRISPR RNA (crRNA). In type II CRISPR systems correct processing of pre-crRNA requires a trans-encoded small RNA (tracrRNA), endogenous ribonuclease 3 (rnc) and this protein. The tracrRNA serves as a guide for ribonuclease 3-aided processing of pre-crRNA. Subsequently Cas9 crRNA tracrRNA endonucleolytically cleaves linear or circular dsDNA target complementary to the spacer	L	Cas9-BH,Cas9_PI,Cas9_REC,HNH_4
group_2940	0.590038314176245	0.535031847133758	-0.0550064670424872	0.361819090454773	0.42141884165729127	0.3752860509660262	False	False	Other_lineages_enriched	0.491739552964043	0.536443148688047	False		direction_ambiguous		annotated	-	to Yersinia pestis insertion element IS1661 DNA-binding protein YPO0996 SWALL Q8ZHA8 (EMBL AJ414145)(178 aa) fasta scores E() 8.6e-14, 36.51 id in 178 aa, and to Klebsiella pneumoniae OrfA SWALL Q9AG22 (EMBL AF345899) (173 aa) fasta scores E() 1e-18, 40.22 38d in 174 aa	L	HTH_28,HTH_Tnp_1
group_1543	0.896551724137931	0.235668789808917	-0.660882934329014	0.0004997501249375	0.001059637491421533	2.9748426841711053	True	True	Other_lineages_enriched	0.781995661605206	0.133405639913232	False		Other_lineages_enriched	63.0	annotated	-	CAAX protease self-immunity	S	Abi
qorB_2~~~qorB~~~mshA_3~~~mshA_4~~~mshA_2~~~mshA_1~~~epsD~~~mshA	0.896551724137931	0.114649681528662	-0.781902042609269	0.0004997501249375	0.001059637491421533	2.9748426841711053	True	True	Other_lineages_enriched	0.856850715746421	0.120654396728016	False		Other_lineages_enriched	24.0	annotated	-	Glycosyl transferases group 1	M	Glycos_transf_1
group_3089	0.53639846743295	0.471337579617834	-0.0650608878151158	0.0054972513743128	0.00965020952496573	2.0154632571693076	True	False	Other_lineages_enriched	0.583699365544168	0.440214738897023	False		Other_lineages_enriched	365.0	valid_protein_no_eggnog_annotation				
pglC_1~~~pglC~~~pglC_2	0.946360153256705	0.10828025477707	-0.838079898479635	0.0004997501249375	0.001059637491421533	2.9748426841711053	True	True	Other_lineages_enriched	0.899055196419692	0.106414719045251	False		Other_lineages_enriched	5.0	annotated	-	sugar transferase	M	Bac_transf
cas1~~~cas1_2~~~cas1_3~~~cas1_1	0.831417624521073	0.273885350318471	-0.557532274202601	0.0004997501249375	0.001059637491421533	2.9748426841711053	True	True	Other_lineages_enriched	0.720940750791497	0.37449118046133	False		Other_lineages_enriched	115.0	annotated	cas1	CRISPR (clustered regularly interspaced short palindromic repeat), is an adaptive immune system that provides protection against mobile genetic elements (viruses, transposable elements and conjugative plasmids). CRISPR clusters contain spacers, sequences complementary to antecedent mobile elements, and target invading nucleic acids. CRISPR clusters are transcribed and processed into CRISPR RNA (crRNA). Acts as a dsDNA endonuclease. Involved in the integration of spacer DNA into the CRISPR cassette	L	Cas_Cas1
cpsD	0.942528735632184	0.101910828025478	-0.840617907606706	0.0004997501249375	0.001059637491421533	2.9748426841711053	True	True	Other_lineages_enriched	0.902548725637181	0.0979510244877561	False		Other_lineages_enriched	3.0	annotated	-	AAA domain	D	AAA_31
cas2_2~~~cas2_1~~~cas2	0.835249042145594	0.273885350318471	-0.561363691827123	0.0004997501249375	0.001059637491421533	2.9748426841711053	True	True	Other_lineages_enriched	0.72497745716862	0.373309287646528	False		Other_lineages_enriched	109.0	annotated	cas2	CRISPR (clustered regularly interspaced short palindromic repeat), is an adaptive immune system that provides protection against mobile genetic elements (viruses, transposable elements and conjugative plasmids). CRISPR clusters contain sequences complementary to antecedent mobile elements and target invading nucleic acids. CRISPR clusters are transcribed and processed into CRISPR RNA (crRNA). Functions as a ssRNA-specific endoribonuclease. Involved in the integration of spacer DNA into the CRISPR cassette	L	CRISPR_Cas2
cap8A~~~ywqC~~~ywqC_1	0.938697318007663	0.101910828025478	-0.836786489982185	0.0004997501249375	0.001059637491421533	2.9748426841711053	True	True	Other_lineages_enriched	0.898143502257903	0.0983442047165078	False		Other_lineages_enriched	6.0	annotated	-	Chain length determinant protein	M	GNVR,Wzz
pglD~~~pglD_2	0.942528735632184	0.101910828025478	-0.840617907606706	0.0004997501249375	0.001059637491421533	2.9748426841711053	True	True	Other_lineages_enriched	0.894	0.106	False		Other_lineages_enriched	8.0	annotated	-	Bacterial transferase hexapeptide (six repeats)	S	Hexapep
pglF_2~~~pglF_1~~~pglF~~~epsN~~~epsN_2~~~arnB	0.946360153256705	0.101910828025478	-0.844449325231227	0.0004997501249375	0.001059637491421533	2.9748426841711053	True	True	Other_lineages_enriched	0.899502487562189	0.10547263681592	False		Other_lineages_enriched	4.0	annotated	capD	Polysaccharide biosynthesis protein	GM	CoA_binding_3,Polysacc_synt_2
epsN~~~epsN_1	0.942528735632184	0.101910828025478	-0.840617907606706	0.0004997501249375	0.001059637491421533	2.9748426841711053	True	True	Other_lineages_enriched	0.896758104738155	0.10573566084788	False		Other_lineages_enriched	7.0	annotated	-	Belongs to the DegT DnrJ EryC1 family	E	DegT_DnrJ_EryC1
bshA_2~~~bshA~~~mshA_4~~~mshA_1~~~gtfA_1~~~gtfA_2	0.938697318007663	0.101910828025478	-0.836786489982185	0.0004997501249375	0.001059637491421533	2.9748426841711053	True	True	Other_lineages_enriched	0.890672016048144	0.106318956870612	False		Other_lineages_enriched	11.0	annotated	-	glycosyl transferase group 1	M	Glycos_transf_1
group_2752	0.831417624521073	0.273885350318471	-0.557532274202601	0.0004997501249375	0.001059637491421533	2.9748426841711053	True	True	Other_lineages_enriched	0.722673893405601	0.373983739837398	False		Other_lineages_enriched	113.0	annotated	-	CRISPR-associated protein (Cas_Csn2)	S	Cas_Csn2
pglA~~~cotSA_2	0.942528735632184	0.101910828025478	-0.840617907606706	0.0004997501249375	0.001059637491421533	2.9748426841711053	True	True	Other_lineages_enriched	0.894	0.106	False		Other_lineages_enriched	9.0	annotated	-	Glycosyl transferases group 1	M	Glyco_trans_4_2,Glycos_transf_1
group_9164	0.873563218390805	0.159235668789809	-0.714327549600996	0.0004997501249375	0.001059637491421533	2.9748426841711053	True	True	Other_lineages_enriched	0.800608828006088	0.184677828513445	False		Other_lineages_enriched	50.0	valid_protein_no_eggnog_annotation				
group_2751	0.245210727969349	0.636942675159236	0.391731947189887	0.0004997501249375	0.001059637491421533	2.9748426841711053	True	True	L8L10_enriched	0.363541666666667	0.594791666666667	False		L8L10_enriched	268.0	valid_protein_no_eggnog_annotation				
group_2248	0.486590038314176	0.388535031847134	-0.0980550064670425	0.0154922538730635	0.024377734723851113	1.6130066532147327	True	False	Other_lineages_enriched	0.391494002181025	0.517993456924755	False		direction_ambiguous		valid_protein_no_eggnog_annotation				
group_2203	0.773946360153257	0.222929936305732	-0.551016423847524	0.0004997501249375	0.001059637491421533	2.9748426841711053	True	True	Other_lineages_enriched	0.657461497610197	0.28040361125863	False		Other_lineages_enriched	282.0	annotated	-	PD-(D/E)XK nuclease family transposase	S	PDDEXK_2
group_1294	0.302681992337165	0.554140127388535	0.25145813505137	0.0079960019990005	0.01359485375991055	1.8666254597650045	True	True	L8L10_enriched	0.446507083536883	0.576453346360528	False		L8L10_enriched	280.0	annotated	-	Oxidoreductase	C	Oxidored_FMN,Pyr_redox_2
pglJ~~~pglJ_2~~~pglA_1~~~mshA_3~~~epsF~~~mshA_5~~~mshA_2	0.9272030651341	0.101910828025478	-0.825292237108622	0.0004997501249375	0.001059637491421533	2.9748426841711053	True	True	Other_lineages_enriched	0.882263769580596	0.107124810510359	False		Other_lineages_enriched	12.0	annotated	-	Glycosyltransferase Family 4	M	Glyco_transf_4,Glycos_transf_1
wbgU	0.919540229885057	0.101910828025478	-0.81762940185958	0.0004997501249375	0.001059637491421533	2.9748426841711053	True	True	Other_lineages_enriched	0.877157360406091	0.10761421319797	False		Other_lineages_enriched	14.0	annotated	-	RmlD substrate binding domain	GM	Epimerase,GDP_Man_Dehyd
tkt_1~~~tkt~~~tkt_3~~~tkt_2	0.567049808429119	0.503184713375796	-0.0638650950533226	0.165417291354323	0.20899155483607912	0.6798712629903462	False	False	Other_lineages_enriched	0.55347721822542	0.487290167865707	False		Other_lineages_enriched	400.0	annotated	tkt	Catalyzes the transfer of a two-carbon ketol group from a ketose donor to an aldose acceptor, via a covalent intermediate with the cofactor thiamine pyrophosphate	H	Transket_pyr,Transketolase_C,Transketolase_N
group_2436	0.908045977011494	0.101910828025478	-0.806135148986017	0.0004997501249375	0.001059637491421533	2.9748426841711053	True	True	Other_lineages_enriched	0.873153336729496	0.107997962302598	False		Other_lineages_enriched	15.0	annotated	cps2I	Psort location CytoplasmicMembrane, score	S	Polysacc_synt
group_3002	0.486590038314176	0.382165605095541	-0.104424433218635	0.0749625187406297	0.1020245763115964	0.9912952000922343	False	False	Other_lineages_enriched	0.396456256921373	0.496124031007752	False		direction_ambiguous		annotated	-	GHKL domain	T	HATPase_c_5
group_3174	0.325670498084291	0.694267515923567	0.368597017839276	0.0004997501249375	0.001059637491421533	2.9748426841711053	True	True	L8L10_enriched	0.374497991967871	0.6214859437751	False		L8L10_enriched	259.0	annotated	-	MucBP domain	M	MucBP
group_3019	0.685823754789272	0.369426751592357	-0.316397003196915	0.0004997501249375	0.001059637491421533	2.9748426841711053	True	True	Other_lineages_enriched	0.575093532870123	0.355959380010689	False		Other_lineages_enriched	381.0	annotated	-	LPXTG-motif cell wall anchor domain protein	M	DUF285,GbpC,Gram_pos_anchor,YSIRK_signal
group_2758	0.513409961685824	0.522292993630573	0.0088830319447494	0.0279860069965017	0.04133298657708342	1.3837032129838207	True	False	L8L10_enriched	0.5599603567889	0.448959365708622	False		direction_ambiguous		annotated	-	T/G mismatch-specific endonuclease activity	L	-
group_3883	0.490421455938697	0.490445859872611	2.44039339141744e-05	0.153423288355822	0.19548713655546537	0.7088818147733718	False	False	L8L10_enriched	0.51985559566787	0.448684889118102	False		direction_ambiguous		annotated	-	DEAD-like helicases superfamily	L	DEAD,Helicase_C,ResIII
group_2768	0.532567049808429	0.394904458598726	-0.137662591209703	0.0004997501249375	0.001059637491421533	2.9748426841711053	True	False	Other_lineages_enriched	0.592783505154639	0.376288659793814	False		Other_lineages_enriched	337.0	annotated	-	SnoaL-like domain	S	SnoaL_2
tal_2~~~tal~~~tal_1	0.567049808429119	0.477707006369427	-0.089342802059692	0.0569715142428786	0.07961032206543044	1.0990306191287802	False	False	Other_lineages_enriched	0.558276199804114	0.462291870714985	False		Other_lineages_enriched	395.0	annotated	tal	Transaldolase is important for the balance of metabolites in the pentose-phosphate pathway	F	TAL_FSA
arnC_2~~~arnC_3~~~glyG~~~arnC_1~~~glyG_1	0.881226053639847	0.101910828025478	-0.779315225614369	0.0004997501249375	0.001059637491421533	2.9748426841711053	True	True	Other_lineages_enriched	0.865059004617753	0.108773730118009	False		Other_lineages_enriched	17.0	annotated	-	Glycosyl transferase family 2	M	Glycos_transf_2
smc_6~~~smc_5~~~smc_7~~~smc_3	0.245210727969349	0.643312101910828	0.398101373941479	0.0004997501249375	0.001059637491421533	2.9748426841711053	True	True	L8L10_enriched	0.260055096418733	0.63801652892562	False		L8L10_enriched	250.0	annotated	-	Phage tail tape measure protein TP901	L	NLPC_P60,PhageMin_Tail,SLT
group_2363	0.877394636015326	0.101910828025478	-0.775483807989848	0.0004997501249375	0.001059637491421533	2.9748426841711053	True	True	Other_lineages_enriched	0.862724935732648	0.108997429305913	False		Other_lineages_enriched	19.0	annotated	wzy	Psort location CytoplasmicMembrane, score	S	EpsG
group_1964	0.555555555555556	0.414012738853503	-0.141542816702052	0.0004997501249375	0.001059637491421533	2.9748426841711053	True	False	Other_lineages_enriched	0.644936983920035	0.485875706214689	False		Other_lineages_enriched	302.0	annotated	-	Cell surface protein	S	DUF3324,DUF916
group_2998	0.390804597701149	0.54140127388535	0.150596676184201	0.0119940029985007	0.01953546212558567	1.7091763107653832	True	False	L8L10_enriched	0.394666666666667	0.538666666666667	False		L8L10_enriched	328.0	annotated	ps105	-	-	-
group_2435	0.873563218390805	0.0955414012738854	-0.778021817116919	0.0004997501249375	0.001059637491421533	2.9748426841711053	True	True	Other_lineages_enriched	0.862356621480709	0.0948905109489051	False		Other_lineages_enriched	20.0	annotated	-	Glycosyltransferase WbsX	S	Glyco_tran_WbsX
group_2983	0.406130268199234	0.605095541401274	0.19896527320204	0.490254872563718	0.5528370311764034	0.2574028739245124	False	False	L8L10_enriched	0.491674828599412	0.528893241919687	False		L8L10_enriched	335.0	annotated	-	Transcriptional regulator C-terminal region	K	TetR_C_8,TetR_N
group_424	0.586206896551724	0.261146496815287	-0.325060399736437	0.0014992503748125	0.002921366046722169	2.534414022584289	True	True	Other_lineages_enriched	0.572025052192067	0.384133611691023	False		Other_lineages_enriched	384.0	annotated	-	-	-	-
tarS~~~epsH	0.501915708812261	0.401273885350318	-0.100641823461942	0.0004997501249375	0.001059637491421533	2.9748426841711053	True	False	Other_lineages_enriched	0.312393887945671	0.555744199207697	False		direction_ambiguous		annotated	rgpB	transferase activity, transferring glycosyl groups	M	Glycos_transf_2,Methyltransf_11
group_3882	0.455938697318008	0.509554140127389	0.0536154428093809	0.68815592203898	0.7419743989261909	0.12961107935291166	False	False	L8L10_enriched	0.467396974439228	0.489306207616067	False		L8L10_enriched	378.0	annotated	yeeA	Type II restriction enzyme, methylase subunits	V	N6_Mtase
group_2243	0.704980842911877	0.21656050955414	-0.488420333357737	0.0004997501249375	0.001059637491421533	2.9748426841711053	True	True	Other_lineages_enriched	0.666666666666667	0.25979602791197	False		Other_lineages_enriched	245.0	valid_protein_no_eggnog_annotation				
group_1448	0.655172413793103	0.337579617834395	-0.317592795958709	0.000999500249875	0.0019983940068799303	2.6993188814033258	True	True	Other_lineages_enriched	0.506218905472637	0.25	False		Other_lineages_enriched	435.0	annotated	-	Domain of unknown function DUF87	S	DUF87
group_1350	0.655172413793103	0.337579617834395	-0.317592795958709	0.0004997501249375	0.001059637491421533	2.9748426841711053	True	True	Other_lineages_enriched	0.506218905472637	0.25	False		Other_lineages_enriched	436.0	valid_protein_no_eggnog_annotation				
group_2991	0.482758620689655	0.477707006369427	-0.0050516143202284	0.311344327836082	0.36651645595565924	0.43590652151317544	False	False	Other_lineages_enriched	0.506276150627615	0.447698744769874	False		Other_lineages_enriched	434.0	annotated	yeeC	T5orf172	P	T5orf172
group_2609	0.0383141762452107	0.573248407643312	0.534934231398101	0.0004997501249375	0.001059637491421533	2.9748426841711053	True	True	L8L10_enriched	0.0837155963302752	0.769495412844037	False		L8L10_enriched	14.0	annotated	-	Enterocin A Immunity	S	EntA_Immun
group_3899	0.478927203065134	0.331210191082803	-0.147717011982332	0.917541229385307	0.9522199530156178	0.021262722468953756	False	False	Other_lineages_enriched	0.442722744881018	0.450470392916436	False		direction_ambiguous		valid_protein_no_eggnog_annotation				
garK~~~glxK	0.0996168582375479	0.764331210191083	0.664714351953535	0.0004997501249375	0.001059637491421533	2.9748426841711053	True	True	L8L10_enriched	0.11900826446281	0.779063360881543	False		L8L10_enriched	11.0	annotated	glxK	Belongs to the glycerate kinase type-1 family	G	Gly_kinase
group_3124	0.559386973180077	0.388535031847134	-0.170851941332943	0.0839580209895052	0.11309962353246919	0.9465388406805868	False	False	Other_lineages_enriched	0.5167820990943	0.417687799680341	False		Other_lineages_enriched	429.0	annotated	-	zinc-ribbon domain	S	zf-ribbon_3,zinc_ribbon_2
clpP_2~~~clpP_1	0.590038314176245	0.414012738853503	-0.176025575322742	0.0004997501249375	0.001059637491421533	2.9748426841711053	True	False	Other_lineages_enriched	0.634615384615385	0.353238866396761	False		Other_lineages_enriched	310.0	annotated	-	Belongs to the peptidase S14 family	OU	CLP_protease
group_3771	0.417624521072797	0.439490445859873	0.0218659247870757	0.257371314342829	0.3112067819301364	0.5069509472776522	False	False	L8L10_enriched	0.43796394485684	0.501590668080594	False		L8L10_enriched	366.0	annotated	tnp2	Transposase	L	DDE_Tnp_ISL3,HTH_Tnp_ISL3,zf-ISL3
group_1357	0.582375478927203	0.414012738853503	-0.1683627400737	0.0004997501249375	0.001059637491421533	2.9748426841711053	True	False	Other_lineages_enriched	0.627670396744659	0.355035605289929	False		Other_lineages_enriched	318.0	annotated	-	Protein of unknown function (DUF1056)	S	DUF1056
malL~~~malL_1~~~malL_2	0.816091954022989	0.101910828025478	-0.714181125997511	0.0004997501249375	0.001059637491421533	2.9748426841711053	True	True	Other_lineages_enriched	0.858355437665782	0.0806366047745358	False		Other_lineages_enriched	21.0	annotated	malL	Alpha amylase, catalytic domain protein	G	Alpha-amylase,Malt_amylase_C
purR_3~~~purR_2~~~ccpA_1	0.816091954022989	0.101910828025478	-0.714181125997511	0.0004997501249375	0.001059637491421533	2.9748426841711053	True	True	Other_lineages_enriched	0.858355437665782	0.0806366047745358	False		Other_lineages_enriched	22.0	annotated	-	helix_turn _helix lactose operon repressor	K	LacI,Peripla_BP_1,Peripla_BP_3
group_2718	0.586206896551724	0.407643312101911	-0.178563584449813	0.0004997501249375	0.001059637491421533	2.9748426841711053	True	False	Other_lineages_enriched	0.633181126331811	0.352105530187722	False		Other_lineages_enriched	314.0	annotated	-	Phage capsid family	S	Phage_capsid
group_2639	0.816091954022989	0.0955414012738854	-0.720550552749103	0.0004997501249375	0.001059637491421533	2.9748426841711053	True	True	Other_lineages_enriched	0.796508456082924	0.112384069830878	False		Other_lineages_enriched	55.0	annotated	rfbF	Glycosyl transferase family 2	S	Glycos_transf_2
group_2690	0.582375478927203	0.394904458598726	-0.187471020328477	0.0004997501249375	0.001059637491421533	2.9748426841711053	True	False	Other_lineages_enriched	0.633622892181911	0.344404701073071	False		Other_lineages_enriched	311.0	annotated	-	Phage Terminase	S	Terminase_1
group_2263	0.812260536398467	0.101910828025478	-0.71034970837299	0.0004997501249375	0.001059637491421533	2.9748426841711053	True	True	Other_lineages_enriched	0.857749469214437	0.0806794055201699	False		Other_lineages_enriched	23.0	annotated	-	PTS system fructose IIA component	G	EIIA-man
group_3121	0.574712643678161	0.394904458598726	-0.179808185079435	0.0004997501249375	0.001059637491421533	2.9748426841711053	True	False	Other_lineages_enriched	0.627310061601643	0.345995893223819	False		Other_lineages_enriched	319.0	annotated	-	Phage terminase, small subunit	L	Terminase_4
manZ_2~~~manZ	0.808429118773946	0.101910828025478	-0.706518290748469	0.0004997501249375	0.001059637491421533	2.9748426841711053	True	True	Other_lineages_enriched	0.85531914893617	0.0808510638297872	False		Other_lineages_enriched	26.0	annotated	-	PTS system mannose/fructose/sorbose family IID component	G	EIID-AGA
sorA_3~~~agaC~~~sorA_1	0.808429118773946	0.101910828025478	-0.706518290748469	0.0004997501249375	0.001059637491421533	2.9748426841711053	True	True	Other_lineages_enriched	0.85531914893617	0.0808510638297872	False		Other_lineages_enriched	27.0	annotated	-	PTS system sorbose-specific iic component	G	EII-Sor
group_827	0.808429118773946	0.101910828025478	-0.706518290748469	0.0004997501249375	0.001059637491421533	2.9748426841711053	True	True	Other_lineages_enriched	0.85531914893617	0.0808510638297872	False		Other_lineages_enriched	28.0	annotated	-	PTS system sorbose subfamily IIB component	G	PTSIIB_sorb
group_3813	0.513409961685824	0.375796178343949	-0.137613783341875	0.0024987506246876	0.00467805869792366	2.3299343331843234	True	False	Other_lineages_enriched	0.561914672216441	0.397502601456816	False		Other_lineages_enriched	391.0	annotated	-	hmm pf00665	L	HTH_21,rve,rve_2
secY2~~~secY~~~secY_1~~~secY_2~~~secY2_2	0.103448275862069	0.713375796178344	0.609927520316275	0.0004997501249375	0.001059637491421533	2.9748426841711053	True	True	L8L10_enriched	0.175910364145658	0.703641456582633	False		L8L10_enriched	33.0	annotated	secY	The central subunit of the protein translocation channel SecYEG. Consists of two halves formed by TMs 1-5 and 6-10. These two domains form a lateral gate at the front which open onto the bilayer between TMs 2 and 7, and are clamped together by SecE at the back. The channel is closed by both a pore ring composed of hydrophobic SecY resides and a short helix (helix 2A) on the extracellular side of the membrane which forms a plug. The plug probably moves laterally to allow the channel to open. The ring and the pore may move independently	U	SecY
dinG_2~~~dinG_3~~~dinG_1~~~dinG_4	0.003831417624521	0.808917197452229	0.805085779827708	0.0004997501249375	0.001059637491421533	2.9748426841711053	True	True	L8L10_enriched	0.006677796327212	0.880356149137451	False		L8L10_enriched	3.0	annotated	uvrB3	DEAD_2	KL	DEAD,DEAD_2,HBB,Helicase_C_2,PDDEXK_1
smc_3~~~smc_5~~~smc_2~~~smc_6~~~smc_1~~~smc_4~~~smc_7~~~smc_10~~~smc	0.344827586206897	0.369426751592357	0.0245991653854601	0.271364317841079	0.3260924242473944	0.48665929057083035	False	False	L8L10_enriched	0.428187197417967	0.49596557288865	False		L8L10_enriched	373.0	annotated	-	nuclear chromosome segregation	D	Gram_pos_anchor
group_1898	0.574712643678161	0.394904458598726	-0.179808185079435	0.0004997501249375	0.001059637491421533	2.9748426841711053	True	False	Other_lineages_enriched	0.625192802056555	0.346529562982005	False		Other_lineages_enriched	321.0	annotated	-	HNH nucleases	L	AAA_33,HNH
xpkA_3~~~xpkA_2~~~xpkA_1~~~xpkA	0.540229885057471	0.394904458598726	-0.145325426458745	0.0089955022488755	0.01516897641251012	1.8190437239856339	True	False	Other_lineages_enriched	0.550829875518672	0.411825726141079	False		Other_lineages_enriched	403.0	annotated	xfp	Phosphoketolase	G	XFP,XFP_C,XFP_N
group_2915	0.471264367816092	0.267515923566879	-0.203748444249213	0.0024987506246876	0.00467805869792366	2.3299343331843234	True	True	Other_lineages_enriched	0.457106274007682	0.262483994878361	False		Other_lineages_enriched	479.0	annotated	ps105	-	-	-
group_2804	0.0076628352490421	0.828025477707006	0.820362642457964	0.0004997501249375	0.001059637491421533	2.9748426841711053	True	True	L8L10_enriched	0.0250954719039825	0.88379705400982	False		L8L10_enriched	2.0	annotated	-	Glycosyltransferase like family 2	M	Glycos_transf_2
group_1121	0.800766283524904	0.0318471337579618	-0.768919149766942	0.0004997501249375	0.001059637491421533	2.9748426841711053	True	True	Other_lineages_enriched	0.771495877502945	0.0506478209658422	False		Other_lineages_enriched	69.0	annotated	ybhF_1	ATPases associated with a variety of cellular activities	V	ABC_tran,DUF4162
group_2469	0.402298850574713	0.32484076433121	-0.0774580862435025	0.0239880059970015	0.035976549731506574	1.443980489251106	True	False	Other_lineages_enriched	0.47810650887574	0.338461538461538	False		Other_lineages_enriched	460.0	annotated	-	Protein of unknown function (DUF805)	S	DUF805,zinc_ribbon_2
group_468	0.501915708812261	0.292993630573248	-0.208922078239012	0.0004997501249375	0.001059637491421533	2.9748426841711053	True	True	Other_lineages_enriched	0.531484690930098	0.313113807047949	False		Other_lineages_enriched	423.0	valid_protein_no_eggnog_annotation				
group_3000	0.796934865900383	0.0318471337579618	-0.765087732142421	0.0004997501249375	0.001059637491421533	2.9748426841711053	True	True	Other_lineages_enriched	0.769321533923304	0.0507374631268437	False		Other_lineages_enriched	72.0	annotated	-	Bacterial regulatory proteins, tetR family	K	TetR_N
group_2989	0.39463601532567	0.535031847133758	0.140395831808087	0.0474762618690655	0.06731251413879984	1.1719041881356278	False	False	L8L10_enriched	0.425	0.533333333333333	False		L8L10_enriched	330.0	annotated	-	-	-	DUF3895
group_2045	0.440613026819923	0.369426751592357	-0.0711862752275667	0.507746126936532	0.570802964263348	0.24351378019671757	False	False	Other_lineages_enriched	0.401972872996301	0.36498150431566	False		Other_lineages_enriched	542.0	valid_protein_no_eggnog_annotation				
group_2976	0.134099616858238	0.668789808917197	0.53469019205896	0.0004997501249375	0.001059637491421533	2.9748426841711053	True	True	L8L10_enriched	0.15158371040724	0.717194570135747	False		L8L10_enriched	29.0	annotated	-	-	-	zinc_ribbon_2
group_1419	0.298850574712644	0.420382165605096	0.121531590892452	0.0024987506246876	0.00467805869792366	2.3299343331843234	True	False	L8L10_enriched	0.348119034250421	0.528916339135317	False		L8L10_enriched	334.0	annotated	-	YjcQ protein	S	YjcQ
group_3348	0.60536398467433	0.305732484076433	-0.299631500597896	0.0004997501249375	0.001059637491421533	2.9748426841711053	True	True	Other_lineages_enriched	0.55561893896178	0.303479749001711	False		Other_lineages_enriched	398.0	annotated	-	Helix-turn-helix XRE-family like proteins	CK	HTH_3
mshA_2~~~mshA_3~~~mshA_1	0.804597701149425	0.0254777070063694	-0.779119994143056	0.0004997501249375	0.001059637491421533	2.9748426841711053	True	True	Other_lineages_enriched	0.85118066996156	0.0505216913783635	False		Other_lineages_enriched	33.0	annotated	-	Glycosyl transferase	M	Glyco_transf_4,Glycos_transf_1
gatC_4~~~gatC_3~~~gatC_2~~~gatC_1	0.532567049808429	0.35031847133758	-0.18224857847085	0.0069965017491254	0.01204465687741285	1.9192055674687718	True	False	Other_lineages_enriched	0.546816479400749	0.383092562867844	False		Other_lineages_enriched	409.0	annotated	gatC	PTS system sugar-specific permease component	G	EIIC-GAT
hmo	0.0153256704980843	0.681528662420382	0.666202991922298	0.0004997501249375	0.001059637491421533	2.9748426841711053	True	True	L8L10_enriched	0.0460526315789474	0.857456140350877	False		L8L10_enriched	5.0	annotated	lctO	FMN-dependent dehydrogenase	C	FMN_dh
gatA_1	0.532567049808429	0.343949044585987	-0.188618005222442	0.0044977511244377	0.008036925138298385	2.094910076984476	True	False	Other_lineages_enriched	0.546816479400749	0.383092562867844	False		Other_lineages_enriched	407.0	annotated	-	Phosphoenolpyruvate-dependent sugar phosphotransferase system, EIIA 2	G	PTS_EIIA_2
group_990	0.417624521072797	0.43312101910828	0.0154964980354833	0.0004997501249375	0.001059637491421533	2.9748426841711053	True	False	L8L10_enriched	0.607352157698455	0.327117741076185	False		direction_ambiguous		valid_protein_no_eggnog_annotation				
gatB_1~~~gatB_2	0.532567049808429	0.343949044585987	-0.188618005222442	0.0054972513743128	0.00965020952496573	2.0154632571693076	True	False	Other_lineages_enriched	0.546816479400749	0.383092562867844	False		Other_lineages_enriched	408.0	annotated	-	PTS system, Lactose/Cellobiose specific IIB subunit	G	PTS_IIB
group_3395	0.509578544061303	0.382165605095541	-0.127412938965761	0.0004997501249375	0.001059637491421533	2.9748426841711053	True	False	Other_lineages_enriched	0.568828213879408	0.293515358361775	False		Other_lineages_enriched	387.0	valid_protein_no_eggnog_annotation				
group_247	0.0076628352490421	0.872611464968153	0.864948629719111	0.0004997501249375	0.001059637491421533	2.9748426841711053	True	True	L8L10_enriched	0.0244031830238727	0.914588859416446	False		L8L10_enriched	1.0	valid_protein_no_eggnog_annotation				
group_3781	0.71264367816092	0.121019108280255	-0.591624569880665	0.0004997501249375	0.001059637491421533	2.9748426841711053	True	True	Other_lineages_enriched	0.731843575418994	0.150837988826816	False		Other_lineages_enriched	104.0	annotated	-	Transposase IS66 family	L	DDE_Tnp_IS240
group_2921	0.440613026819923	0.363057324840764	-0.0775557019791591	0.439780109945027	0.49916481648944677	0.3017560333876883	False	False	Other_lineages_enriched	0.403715170278638	0.357894736842105	False		Other_lineages_enriched	541.0	valid_protein_no_eggnog_annotation				
gatD_1~~~gatD_2~~~adh_2~~~rspB	0.528735632183908	0.343949044585987	-0.184786587597921	0.0074962518740629	0.012817929385073822	1.8921821253059585	True	False	Other_lineages_enriched	0.538999462076385	0.385153308230231	False		Other_lineages_enriched	412.0	annotated	tdh	Alcohol dehydrogenase GroES-like domain	E	ADH_N,ADH_zinc_N
group_2468	0.689655172413793	0.229299363057325	-0.460355809356468	0.0004997501249375	0.001059637491421533	2.9748426841711053	True	True	Other_lineages_enriched	0.720231213872832	0.123699421965318	False		Other_lineages_enriched	117.0	annotated	-	Glycosyl transferases group 1	M	Glycos_transf_1
csqR	0.528735632183908	0.32484076433121	-0.203894867852698	0.0024987506246876	0.00467805869792366	2.3299343331843234	True	True	Other_lineages_enriched	0.547220723151646	0.373448461953589	False		Other_lineages_enriched	406.0	annotated	-	DeoR C terminal sensor domain	K	DeoRC,HTH_DeoR
group_1977	0.528735632183908	0.343949044585987	-0.184786587597921	0.0049975012493753	0.00884359109381934	2.0533713463515078	True	False	Other_lineages_enriched	0.538999462076385	0.385153308230231	False		Other_lineages_enriched	413.0	annotated	gutB	Dehydrogenase	E	ADH_N,ADH_zinc_N
group_1416	0.762452107279693	0.0828025477707006	-0.679649559508993	0.0004997501249375	0.001059637491421533	2.9748426841711053	True	True	Other_lineages_enriched	0.76782658300057	0.0912721049629207	False		Other_lineages_enriched	73.0	annotated	-	-	-	-
fabG_2~~~ucpA~~~fabG_3~~~hcaB	0.777777777777778	0.0445859872611465	-0.733191790516631	0.0004997501249375	0.001059637491421533	2.9748426841711053	True	True	Other_lineages_enriched	0.741916519694298	0.0823045267489712	False		Other_lineages_enriched	96.0	annotated	-	Belongs to the short-chain dehydrogenases reductases (SDR) family	S	adh_short
group_2267	0.203065134099617	0.560509554140127	0.357444420040511	0.0004997501249375	0.001059637491421533	2.9748426841711053	True	True	L8L10_enriched	0.267058823529412	0.556470588235294	False		L8L10_enriched	304.0	annotated	-	-	-	-
group_3213	0.632183908045977	0.133757961783439	-0.498425946262538	0.0004997501249375	0.001059637491421533	2.9748426841711053	True	True	Other_lineages_enriched	0.654011022657685	0.121249234537661	False		Other_lineages_enriched	286.0	annotated	-	PLD-like domain	L	PLDc_2
group_904	0.666666666666667	0.146496815286624	-0.520169851380042	0.0004997501249375	0.001059637491421533	2.9748426841711053	True	True	Other_lineages_enriched	0.552426602756141	0.249251048532055	False		Other_lineages_enriched	402.0	annotated	-	Acetyltransferase (GNAT) family	K	Acetyltransf_1,Acetyltransf_7,Acetyltransf_9
group_3013	0.344827586206897	0.509554140127389	0.164726553920492	0.000999500249875	0.0019983940068799303	2.6993188814033258	True	False	L8L10_enriched	0.570966001079331	0.349703184025904	False		direction_ambiguous		annotated	-	-	-	DUF4767
murJ_2~~~murJ_3~~~rfbX_1	0.421455938697318	0.299363057324841	-0.122092881372477	0.0214892553723138	0.03261496842550621	1.4865830375810172	True	False	Other_lineages_enriched	0.289372599231754	0.430217669654289	False		direction_ambiguous		annotated	cps1C	Membrane protein involved in the export of O-antigen and teichoic acid	S	Polysacc_synt,Polysacc_synt_C
wbbI_2~~~wbbI~~~gtf3	0.417624521072797	0.299363057324841	-0.118261463747956	0.0204897551224388	0.03134342763622834	1.5038535119484095	True	False	Other_lineages_enriched	0.288276745675849	0.430493273542601	False		direction_ambiguous		annotated	-	transferase activity, transferring glycosyl groups	M	-
group_2266	0.203065134099617	0.554140127388535	0.351074993288918	0.0004997501249375	0.001059637491421533	2.9748426841711053	True	True	L8L10_enriched	0.267058823529412	0.556470588235294	False		L8L10_enriched	311.0	annotated	-	-	-	-
group_2136	0.417624521072797	0.299363057324841	-0.118261463747956	0.0194902548725637	0.02989776061689823	1.524361339707202	True	False	Other_lineages_enriched	0.288276745675849	0.430493273542601	False		direction_ambiguous		annotated	-	-	-	-
group_3432	0.777777777777778	0.0445859872611465	-0.733191790516631	0.0004997501249375	0.001059637491421533	2.9748426841711053	True	True	Other_lineages_enriched	0.741916519694298	0.0823045267489712	False		Other_lineages_enriched	97.0	annotated	-	helix_turn_helix multiple antibiotic resistance protein	K	MarR_2
group_1900	0.203065134099617	0.573248407643312	0.370183273543695	0.0004997501249375	0.001059637491421533	2.9748426841711053	True	True	L8L10_enriched	0.266588373458602	0.559013505578391	False		L8L10_enriched	297.0	annotated	-	type IV secretory pathway VirB4	U	DUF87
group_1225	0.777777777777778	0.0445859872611465	-0.733191790516631	0.0004997501249375	0.001059637491421533	2.9748426841711053	True	True	Other_lineages_enriched	0.741916519694298	0.0823045267489712	False		Other_lineages_enriched	98.0	annotated	-	NmrA-like family	GM	NAD_binding_10
group_867	0.203065134099617	0.560509554140127	0.357444420040511	0.0004997501249375	0.001059637491421533	2.9748426841711053	True	True	L8L10_enriched	0.267058823529412	0.556470588235294	False		L8L10_enriched	305.0	valid_protein_no_eggnog_annotation				
group_3225	0.563218390804598	0.267515923566879	-0.295702467237719	0.0729635182408796	0.09963315068532876	1.0015961358305312	False	False	Other_lineages_enriched	0.410553410553411	0.302445302445302	False		Other_lineages_enriched	535.0	annotated	-	Bacterial membrane protein YfhO	S	YfhO
group_785	0.187739463601533	0.407643312101911	0.219903848500378	0.0004997501249375	0.001059637491421533	2.9748426841711053	True	True	L8L10_enriched	0.234256926952141	0.506297229219144	False		L8L10_enriched	361.0	valid_protein_no_eggnog_annotation				
group_3123	0.203065134099617	0.560509554140127	0.357444420040511	0.0004997501249375	0.001059637491421533	2.9748426841711053	True	True	L8L10_enriched	0.267058823529412	0.556470588235294	False		L8L10_enriched	306.0	annotated	-	TraM recognition site of TraD and TraG	U	T4SS-DNA_transf
clpB1~~~clpC~~~clpC_1~~~clpC_2~~~clpC_4	0.203065134099617	0.560509554140127	0.357444420040511	0.0004997501249375	0.001059637491421533	2.9748426841711053	True	True	L8L10_enriched	0.267058823529412	0.556470588235294	False		L8L10_enriched	307.0	annotated	clpC	Belongs to the ClpA ClpB family	O	AAA,AAA_2,ClpB_D2-small,Clp_N,UVR
group_1913	0.203065134099617	0.560509554140127	0.357444420040511	0.0004997501249375	0.001059637491421533	2.9748426841711053	True	True	L8L10_enriched	0.267058823529412	0.556470588235294	False		L8L10_enriched	308.0	valid_protein_no_eggnog_annotation				
group_1531	0.0153256704980843	0.681528662420382	0.666202991922298	0.0004997501249375	0.001059637491421533	2.9748426841711053	True	True	L8L10_enriched	0.0460526315789474	0.857456140350877	False		L8L10_enriched	6.0	annotated	-	Mycoplasma MFS transporter	EGP	MFS_1
group_202	0.203065134099617	0.547770700636943	0.344705566537326	0.0004997501249375	0.001059637491421533	2.9748426841711053	True	True	L8L10_enriched	0.268004722550177	0.551357733175915	False		L8L10_enriched	320.0	annotated	-	Uncharacterized protein pXO2-11	S	pXO2-11
group_811	0.0306513409961686	0.770700636942675	0.740049295946507	0.0004997501249375	0.001059637491421533	2.9748426841711053	True	True	L8L10_enriched	0.0497835497835498	0.867965367965368	False		L8L10_enriched	4.0	annotated	-	PFAM regulatory protein TetR	K	TetR_C_8,TetR_N
group_2720	0.203065134099617	0.56687898089172	0.363813846792103	0.0004997501249375	0.001059637491421533	2.9748426841711053	True	True	L8L10_enriched	0.266588373458602	0.559013505578391	False		L8L10_enriched	298.0	annotated	-	CHAP domain	M	Amidase_5,Beta-lactamase2,CHAP,NLPC_P60
group_2717	0.559386973180077	0.312101910828025	-0.247285062352051	0.0004997501249375	0.001059637491421533	2.9748426841711053	True	True	Other_lineages_enriched	0.63345966432052	0.283703302652951	False		Other_lineages_enriched	312.0	annotated	-	Phage portal protein	S	Phage_portal
group_2274	0.203065134099617	0.547770700636943	0.344705566537326	0.0004997501249375	0.001059637491421533	2.9748426841711053	True	True	L8L10_enriched	0.267058823529412	0.556470588235294	False		L8L10_enriched	313.0	annotated	-	-	-	-
group_866	0.203065134099617	0.56687898089172	0.363813846792103	0.0004997501249375	0.001059637491421533	2.9748426841711053	True	True	L8L10_enriched	0.266588373458602	0.559013505578391	False		L8L10_enriched	299.0	valid_protein_no_eggnog_annotation				
group_3012	0.245210727969349	0.54140127388535	0.296190545916002	0.12143928035982	0.158912799358859	0.7988411218797146	False	False	L8L10_enriched	0.383342840844267	0.475755847119224	False		L8L10_enriched	393.0	annotated	-	-	-	DUF4767
group_1454	0.203065134099617	0.560509554140127	0.357444420040511	0.0004997501249375	0.001059637491421533	2.9748426841711053	True	True	L8L10_enriched	0.267058823529412	0.556470588235294	False		L8L10_enriched	309.0	valid_protein_no_eggnog_annotation				
group_3836	0.183908045977011	0.560509554140127	0.376601508163116	0.0004997501249375	0.001059637491421533	2.9748426841711053	True	True	L8L10_enriched	0.233953209358128	0.56628674265147	False		L8L10_enriched	292.0	valid_protein_no_eggnog_annotation				
topB_2~~~topB_1~~~topA_2	0.203065134099617	0.554140127388535	0.351074993288918	0.0004997501249375	0.001059637491421533	2.9748426841711053	True	True	L8L10_enriched	0.267058823529412	0.556470588235294	False		L8L10_enriched	312.0	annotated	topA2	Topoisomerase IA	G	Topoisom_bac,Toprim
group_1455	0.199233716475096	0.560509554140127	0.361275837665032	0.0004997501249375	0.001059637491421533	2.9748426841711053	True	True	L8L10_enriched	0.252358490566038	0.568396226415094	False		L8L10_enriched	288.0	valid_protein_no_eggnog_annotation				
group_210	0.203065134099617	0.560509554140127	0.357444420040511	0.0004997501249375	0.001059637491421533	2.9748426841711053	True	True	L8L10_enriched	0.267058823529412	0.556470588235294	False		L8L10_enriched	310.0	valid_protein_no_eggnog_annotation				
group_3035	0.203065134099617	0.547770700636943	0.344705566537326	0.0004997501249375	0.001059637491421533	2.9748426841711053	True	True	L8L10_enriched	0.267058823529412	0.556470588235294	False		L8L10_enriched	314.0	valid_protein_no_eggnog_annotation				
group_2879	0.206896551724138	0.554140127388535	0.347243575664397	0.0004997501249375	0.001059637491421533	2.9748426841711053	True	True	L8L10_enriched	0.268551236749117	0.55359246171967	False		L8L10_enriched	318.0	valid_protein_no_eggnog_annotation				
group_2835	0.467432950191571	0.305732484076433	-0.161700466115138	0.0004997501249375	0.001059637491421533	2.9748426841711053	True	False	Other_lineages_enriched	0.56298773690078	0.322185061315496	False		Other_lineages_enriched	390.0	annotated	-	Phage transcriptional regulator, ArpU family	S	DUF1492
group_2287	0.199233716475096	0.56687898089172	0.367645264416624	0.0004997501249375	0.001059637491421533	2.9748426841711053	True	True	L8L10_enriched	0.252358490566038	0.568396226415094	False		L8L10_enriched	286.0	annotated	-	Replication initiator protein A (RepA) N-terminus	S	RepA_N
glyG_2~~~glyG_1~~~arnC_5~~~glyG~~~epsH~~~arnC_3~~~arnC_4~~~glyG_3~~~epsJ	0.0076628352490421	0.745222929936306	0.737560094687264	0.0004997501249375	0.001059637491421533	2.9748426841711053	True	True	L8L10_enriched	0.0272189349112426	0.789349112426036	False		L8L10_enriched	9.0	annotated	-	Glycosyltransferase like family 2	M	Glycos_transf_2
group_2721	0.199233716475096	0.560509554140127	0.361275837665032	0.0004997501249375	0.001059637491421533	2.9748426841711053	True	True	L8L10_enriched	0.252358490566038	0.568396226415094	False		L8L10_enriched	289.0	valid_protein_no_eggnog_annotation				
group_2543	0.333333333333333	0.369426751592357	0.0360934182590233	0.815092453773113	0.8545114970354463	0.06828208968348713	False	False	L8L10_enriched	0.345631067961165	0.359870550161812	False		L8L10_enriched	532.0	annotated	-	Phage minor capsid protein 2	S	Phage_min_cap2
group_1912	0.206896551724138	0.522292993630573	0.315396441906435	0.0004997501249375	0.001059637491421533	2.9748426841711053	True	True	L8L10_enriched	0.268551236749117	0.55359246171967	False		L8L10_enriched	319.0	annotated	-	-	-	-
ydhP~~~sotB	0.67816091954023	0.089171974522293	-0.588988945017937	0.0004997501249375	0.001059637491421533	2.9748426841711053	True	True	Other_lineages_enriched	0.743063932448733	0.0506634499396864	False		Other_lineages_enriched	94.0	annotated	ytbD	Major Facilitator Superfamily	EGP	MFS_1,Sugar_tr
group_900	0.505747126436782	0.21656050955414	-0.289186616882642	0.0134932533733133	0.021656244454489687	1.6644168549177887	True	True	Other_lineages_enriched	0.441326530612245	0.283163265306122	False		Other_lineages_enriched	496.0	annotated	-	LysM domain	M	-
group_3293	0.325670498084291	0.337579617834395	0.0119091197501037	0.0054972513743128	0.00965020952496573	2.0154632571693076	True	False	L8L10_enriched	0.293349906774394	0.463642013673089	False		L8L10_enriched	404.0	valid_protein_no_eggnog_annotation				
group_3224	0.003831417624521	0.694267515923567	0.690436098299046	0.0004997501249375	0.001059637491421533	2.9748426841711053	True	True	L8L10_enriched	0.0074719800747198	0.74719800747198	False		L8L10_enriched	17.0	annotated	asp3	Accessory Sec system protein Asp3	S	Sec-ASP3
xerC_9~~~xerC_2~~~xerC_22	0.291187739463602	0.356687898089172	0.0655001586255704	0.0879560219890055	0.1178110131925907	0.9288141089954121	False	False	L8L10_enriched	0.281124497991968	0.380187416331995	False		L8L10_enriched	503.0	annotated	-	Pfam:Integrase_AP2	L	Arm-DNA-bind_4,Phage_int_SAM_3,Phage_integrase
xerC_2~~~xerC_8~~~xerC_4~~~intQ	0.206896551724138	0.560509554140127	0.353613002415989	0.0004997501249375	0.001059637491421533	2.9748426841711053	True	True	L8L10_enriched	0.266666666666667	0.563742690058479	False		L8L10_enriched	293.0	annotated	-	Belongs to the 'phage' integrase family	L	Arm-DNA-bind_4,Phage_int_SAM_3,Phage_integrase
group_1334	0.18007662835249	0.515923566878981	0.335846938526491	0.0004997501249375	0.001059637491421533	2.9748426841711053	True	True	L8L10_enriched	0.334821428571429	0.549107142857143	False		L8L10_enriched	322.0	valid_protein_no_eggnog_annotation				
group_1320	0.421455938697318	0.261146496815287	-0.160309441882031	0.131434282858571	0.1703681990633326	0.7686114674344133	False	False	Other_lineages_enriched	0.297564186965109	0.385780118499013	False		direction_ambiguous		annotated	-	Glycosyl transferase, family 2	V	Glycos_transf_2,Methyltransf_11
group_661	0.199233716475096	0.560509554140127	0.361275837665032	0.0004997501249375	0.001059637491421533	2.9748426841711053	True	True	L8L10_enriched	0.252358490566038	0.568396226415094	False		L8L10_enriched	290.0	valid_protein_no_eggnog_annotation				
aspC~~~vioD	0.371647509578544	0.299363057324841	-0.0722844522537033	0.816091954022989	0.8552872100845257	0.0678880223368846	False	False	Other_lineages_enriched	0.355932203389831	0.340286831812256	False		Other_lineages_enriched	596.0	annotated	arcT	Cys/Met metabolism PLP-dependent enzyme	E	Aminotran_1_2
group_2613	0.203065134099617	0.547770700636943	0.344705566537326	0.0004997501249375	0.001059637491421533	2.9748426841711053	True	True	L8L10_enriched	0.267058823529412	0.556470588235294	False		L8L10_enriched	315.0	annotated	-	Protein of unknown function (DUF3991)	L	DUF3991,Toprim_2
group_2094	0.199233716475096	0.560509554140127	0.361275837665032	0.0004997501249375	0.001059637491421533	2.9748426841711053	True	True	L8L10_enriched	0.252358490566038	0.568396226415094	False		L8L10_enriched	291.0	annotated	-	-	-	-
thiK~~~thiK_2	0.409961685823755	0.414012738853503	0.0040510530297484	0.0004997501249375	0.001059637491421533	2.9748426841711053	True	False	L8L10_enriched	0.624127617148554	0.378863409770688	False		direction_ambiguous		annotated	licA	Nucleotidyl transferase	M	APH,Choline_kinase,HTH_24,NTP_transf_3,NTP_transferase
group_2022	0.199233716475096	0.56687898089172	0.367645264416624	0.0004997501249375	0.001059637491421533	2.9748426841711053	True	True	L8L10_enriched	0.252358490566038	0.568396226415094	False		L8L10_enriched	287.0	annotated	TRX3	Belongs to the thioredoxin family	O	Thioredoxin
rhaA_2~~~rhaA_1~~~rhaA~~~nanT~~~csbC~~~rhaA_3	0.417624521072797	0.420382165605096	0.0027576445322986	0.254372813593203	0.30814647823147207	0.5112427914036233	False	False	L8L10_enriched	0.48180815876516	0.415656008820287	False		direction_ambiguous		annotated	rhaA	L-rhamnose isomerase (RhaA)	G	RhaA
group_3789	0.203065134099617	0.54140127388535	0.338336139785733	0.0004997501249375	0.001059637491421533	2.9748426841711053	True	True	L8L10_enriched	0.268004722550177	0.551357733175915	False		L8L10_enriched	321.0	valid_protein_no_eggnog_annotation				
asp2~~~asp2_2	0.003831417624521	0.694267515923567	0.690436098299046	0.0004997501249375	0.001059637491421533	2.9748426841711053	True	True	L8L10_enriched	0.0074719800747198	0.74719800747198	False		L8L10_enriched	18.0	annotated	asp2	Accessory Sec system GspB-transporter	S	Asp2
group_2778	0.383141762452107	0.445859872611465	0.0627181101593577	0.462268865567216	0.5234281484687205	0.2811429259530578	False	False	L8L10_enriched	0.462569832402235	0.420111731843575	False		direction_ambiguous		annotated	-	-	-	-
xerC_3~~~IntTn_2~~~IntTn~~~xerC_4~~~xerC_5~~~xerC_6~~~xerC_2~~~xerC_10	0.53639846743295	0.229299363057325	-0.307099104375625	0.0004997501249375	0.001059637491421533	2.9748426841711053	True	True	Other_lineages_enriched	0.607553366174056	0.297755883962781	False		Other_lineages_enriched	328.0	annotated	sip	Belongs to the 'phage' integrase family	L	Arm-DNA-bind_4,Phage_int_SAM_3,Phage_integrase
rhaS~~~rhaS_2	0.417624521072797	0.420382165605096	0.0027576445322986	0.296351824087956	0.3511252284681104	0.4545379652060797	False	False	L8L10_enriched	0.479956068094454	0.42174629324547	False		direction_ambiguous		annotated	rhaR	helix_turn_helix, arabinose operon control protein	K	AraC_binding,HTH_18
xylB~~~xylB_2~~~xylB_1	0.425287356321839	0.414012738853503	-0.0112746174683359	0.225387306346827	0.27669566855916355	0.5579976393251759	False	False	Other_lineages_enriched	0.487671232876712	0.416438356164384	False		Other_lineages_enriched	450.0	annotated	adhC	Zn-dependent alcohol dehydrogenases, class III	C	ADH_N,ADH_zinc_N
group_851	0.517241379310345	0.261146496815287	-0.256094882495058	0.0049975012493753	0.00884359109381934	2.0533713463515078	True	True	Other_lineages_enriched	0.419505678022712	0.244488977955912	False		Other_lineages_enriched	525.0	annotated	-	-	-	-
group_1902	0.199233716475096	0.573248407643312	0.374014691168216	0.0004997501249375	0.001059637491421533	2.9748426841711053	True	True	L8L10_enriched	0.249854057209574	0.582603619381203	False		L8L10_enriched	276.0	valid_protein_no_eggnog_annotation				
asp1~~~asp1_2~~~asp1_1	0.003831417624521	0.694267515923567	0.690436098299046	0.0004997501249375	0.001059637491421533	2.9748426841711053	True	True	L8L10_enriched	0.0074719800747198	0.74719800747198	False		L8L10_enriched	19.0	annotated	asp1	Accessory Sec system protein Asp1	S	Asp1
group_2642	0.413793103448276	0.420382165605096	0.0065890621568197	0.400299850074962	0.4592576622552228	0.33794358919220835	False	False	L8L10_enriched	0.475301866081229	0.427003293084523	False		direction_ambiguous		annotated	-	Membrane	S	-
group_2629	0.402298850574713	0.414012738853503	0.0117138882787906	0.0004997501249375	0.001059637491421533	2.9748426841711053	True	False	L8L10_enriched	0.620689655172414	0.379810094952524	False		direction_ambiguous		annotated	-	Belongs to the BCCT transporter (TC 2.A.15) family	M	BCCT
group_1456	0.199233716475096	0.573248407643312	0.374014691168216	0.0004997501249375	0.001059637491421533	2.9748426841711053	True	True	L8L10_enriched	0.249854057209574	0.582603619381203	False		L8L10_enriched	277.0	valid_protein_no_eggnog_annotation				
cugP	0.402298850574713	0.414012738853503	0.0117138882787906	0.0004997501249375	0.001059637491421533	2.9748426841711053	True	False	L8L10_enriched	0.620689655172414	0.379810094952524	False		direction_ambiguous		annotated	-	Nucleotidyl transferase	M	APH,HTH_24,NTP_transf_3,NTP_transferase
group_3685	0.540229885057471	0.280254777070064	-0.259975107987408	0.0004997501249375	0.001059637491421533	2.9748426841711053	True	True	Other_lineages_enriched	0.716284275321768	0.164521544487969	False		Other_lineages_enriched	121.0	valid_protein_no_eggnog_annotation				
group_2978	0.187739463601533	0.54140127388535	0.353661810283818	0.0004997501249375	0.001059637491421533	2.9748426841711053	True	True	L8L10_enriched	0.230340557275542	0.531269349845201	False		L8L10_enriched	331.0	annotated	-	Peptidase S24-like	K	HTH_3,Peptidase_S24
gtfB_2~~~gtfB~~~gtfB_1	0.0076628352490421	0.707006369426752	0.699343534177709	0.0004997501249375	0.001059637491421533	2.9748426841711053	True	True	L8L10_enriched	0.0259154929577465	0.847323943661972	False		L8L10_enriched	7.0	annotated	gtf2	A stabilizing protein that is part of the accessory SecA2 SecY2 system specifically required to export serine-rich repeat cell wall proteins usually encoded upstream in the same operon. Stabilizes the glycosylation activity of Gtf1	M	-
group_2275	0.218390804597701	0.318471337579618	0.100080532981917	0.179410294852574	0.2246036935939329	0.6485831060697808	False	False	L8L10_enriched	0.344827586206897	0.423645320197044	False		L8L10_enriched	446.0	annotated	ispE	Catalyzes the phosphorylation of the position 2 hydroxy group of 4-diphosphocytidyl-2C-methyl-D-erythritol	F	GHMP_kinases_C,GHMP_kinases_N
group_1122	0.448275862068966	0.299363057324841	-0.148912804744125	0.0004997501249375	0.001059637491421533	2.9748426841711053	True	False	Other_lineages_enriched	0.54957507082153	0.31728045325779	False		Other_lineages_enriched	405.0	annotated	-	Predicted permease	S	ArsP_1
group_2571	0.53639846743295	0.127388535031847	-0.409009932401103	0.0004997501249375	0.001059637491421533	2.9748426841711053	True	True	Other_lineages_enriched	0.602707474985285	0.220129487934079	False		Other_lineages_enriched	333.0	annotated	-	Fic/DOC family	S	Fic,HTH_17
group_13401	0.363984674329502	0.286624203821656	-0.0773604705078459	0.337331334332834	0.3948514197608128	0.4035662960625223	False	False	Other_lineages_enriched	0.359729895641498	0.412523020257827	False		direction_ambiguous		annotated	-	Alpha/beta hydrolase of unknown function (DUF915)	S	DUF915
group_3330	0.46360153256705	0.203821656050955	-0.259779876516094	0.0004997501249375	0.001059637491421533	2.9748426841711053	True	True	Other_lineages_enriched	0.526908635794743	0.221526908635795	False		Other_lineages_enriched	426.0	valid_protein_no_eggnog_annotation				
group_3091	0.310344827586207	0.369426751592357	0.0590819240061498	0.0489755122438781	0.06914066531430092	1.160266445723039	False	False	L8L10_enriched	0.292237442922374	0.403131115459883	False		L8L10_enriched	471.0	valid_protein_no_eggnog_annotation				
group_3014	0.701149425287356	0.0254777070063694	-0.675671718280987	0.0004997501249375	0.001059637491421533	2.9748426841711053	True	True	Other_lineages_enriched	0.765781710914454	0.0542772861356932	False		Other_lineages_enriched	77.0	annotated	-	Glycosyl transferases group 1	M	Glycos_transf_1
rhaA_2~~~rhaA~~~rhaA_1	0.417624521072797	0.394904458598726	-0.0227200624740708	0.261869065467266	0.31560298855692814	0.5008588929542601	False	False	Other_lineages_enriched	0.482872928176796	0.412154696132597	False		Other_lineages_enriched	452.0	annotated	rhaA	L-rhamnose isomerase (RhaA)	G	RhaA
group_3802	0.168582375478927	0.420382165605096	0.251799790126168	0.0004997501249375	0.001059637491421533	2.9748426841711053	True	True	L8L10_enriched	0.266831377393453	0.497838171710933	False		L8L10_enriched	370.0	annotated	-	Type III restriction enzyme, res subunit	L	Eco57I,ResIII,T5orf172
group_3399	0.406130268199234	0.318471337579618	-0.0876589306196159	0.0004997501249375	0.001059637491421533	2.9748426841711053	True	False	Other_lineages_enriched	0.565051714752314	0.346216657593903	False		Other_lineages_enriched	388.0	valid_protein_no_eggnog_annotation				
group_2725	0.383141762452107	0.312101910828025	-0.0710398516240818	0.0004997501249375	0.001059637491421533	2.9748426841711053	True	False	Other_lineages_enriched	0.560220994475138	0.334806629834254	False		Other_lineages_enriched	393.0	annotated	-	WYL domain	K	HTH_11,WYL
group_2460	0.0651340996168582	0.617834394904459	0.5527002952876	0.0004997501249375	0.001059637491421533	2.9748426841711053	True	True	L8L10_enriched	0.15995115995116	0.619047619047619	False		L8L10_enriched	261.0	annotated	-	Resolvase, N terminal domain	L	Resolvase
sle1_1~~~sle1	0.521072796934866	0.267515923566879	-0.253556873367987	0.0004997501249375	0.001059637491421533	2.9748426841711053	True	True	Other_lineages_enriched	0.596448254745866	0.178812002449479	False		Other_lineages_enriched	334.0	annotated	-	Glycosyl hydrolases family 25	M	Glyco_hydro_25,LysM,SH3_5
group_2777	0.168582375478927	0.414012738853503	0.245430363374576	0.0004997501249375	0.001059637491421533	2.9748426841711053	True	True	L8L10_enriched	0.26865671641791	0.487562189054726	False		L8L10_enriched	380.0	annotated	-	Type III restriction enzyme res subunit	V	Eco57I
group_2452	0.0076628352490421	0.751592356687898	0.743929521438856	0.0004997501249375	0.001059637491421533	2.9748426841711053	True	True	L8L10_enriched	0.0271707028942705	0.791494388659185	False		L8L10_enriched	8.0	annotated	gtf1	An N-acetylglucosaminyl transferase that is part of the accessory SecA2 SecY2 system specifically required to export serine-rich repeat cell wall proteins usually encoded upstream in the same operon	M	Glycos_transf_1
group_912	0.0	0.477707006369427	0.477707006369427	0.0004997501249375	0.001059637491421533	2.9748426841711053	True	True	L8L10_enriched	0.0	0.739760554505356	False		L8L10_enriched	22.0	valid_protein_no_eggnog_annotation				
group_3862	0.160919540229885	0.45859872611465	0.297679185884765	0.0004997501249375	0.001059637491421533	2.9748426841711053	True	True	L8L10_enriched	0.244103773584906	0.576650943396226	False		L8L10_enriched	279.0	valid_protein_no_eggnog_annotation				
group_2103	0.229885057471264	0.331210191082803	0.101325133611538	0.123938030984508	0.16192538148055266	0.7906850711170285	False	False	L8L10_enriched	0.359523809523809	0.45	False		L8L10_enriched	415.0	annotated	-	conserved protein (DUF2081)	S	-
yjaB	0.509578544061303	0.21656050955414	-0.293018034507163	0.0004997501249375	0.001059637491421533	2.9748426841711053	True	True	Other_lineages_enriched	0.667428571428571	0.189714285714286	False		Other_lineages_enriched	238.0	annotated	-	Acetyltransferase (GNAT) domain	K	Acetyltransf_10
group_3739	0.0996168582375479	0.592356687898089	0.492739829660541	0.0004997501249375	0.001059637491421533	2.9748426841711053	True	True	L8L10_enriched	0.211217183770883	0.595465393794749	False		L8L10_enriched	267.0	annotated	-	TIGRFAM transposase, IS605 OrfB family, central region	L	OrfB_IS605,OrfB_Zn_ribbon
group_3116	0.498084291187739	0.273885350318471	-0.224198940869268	0.0019990004997501	0.0038205955027126337	2.4178689398669198	True	True	Other_lineages_enriched	0.420624151967436	0.222523744911805	False		Other_lineages_enriched	522.0	annotated	tcaA	response to antibiotic	S	zf-ribbon_3,zinc_ribbon_2
group_1496	0.379310344827586	0.305732484076433	-0.0735778607511531	0.0004997501249375	0.001059637491421533	2.9748426841711053	True	False	Other_lineages_enriched	0.564732142857143	0.319196428571429	False		Other_lineages_enriched	389.0	annotated	-	Mor transcription activator family	S	Mor
group_3621	0.452107279693487	0.21656050955414	-0.235546770139346	0.0224887556221889	0.03400663137912456	1.4684363861770948	True	True	Other_lineages_enriched	0.417209908735332	0.279009126466754	False		Other_lineages_enriched	528.0	valid_protein_no_eggnog_annotation				
group_2476	0.375478927203065	0.407643312101911	0.0321643848988457	0.205397301349325	0.25423895865741014	0.5947578989687706	False	False	L8L10_enriched	0.466704610130905	0.394991462720546	False		direction_ambiguous		annotated	-	Bacteriophage HK97-gp10, putative tail-component	S	HK97-gp10_like
secA_3~~~secA_1~~~secA_2~~~secA	0.003831417624521	0.668789808917197	0.664958391292676	0.0004997501249375	0.001059637491421533	2.9748426841711053	True	True	L8L10_enriched	0.0075662042875157	0.73139974779319	False		L8L10_enriched	27.0	annotated	secA2	Part of the Sec protein translocase complex. Interacts with the SecYEG preprotein conducting channel. Has a central role in coupling the hydrolysis of ATP to the transfer of proteins into and across the cell membrane, serving as an ATP-driven molecular motor driving the stepwise translocation of polypeptide chains across the membrane	U	SecA_DEAD,SecA_PP_bind,SecA_SW
group_2645	0.406130268199234	0.32484076433121	-0.0812895038680235	0.0004997501249375	0.001059637491421533	2.9748426841711053	True	False	Other_lineages_enriched	0.659685863874346	0.293193717277487	False		Other_lineages_enriched	276.0	valid_protein_no_eggnog_annotation				
group_2428	0.199233716475096	0.547770700636943	0.348536984161847	0.0004997501249375	0.001059637491421533	2.9748426841711053	True	True	L8L10_enriched	0.262101534828808	0.557260920897285	False		L8L10_enriched	302.0	annotated	-	four-way junction helicase activity	L	-
group_829	0.421455938697318	0.159235668789809	-0.262220269907509	0.896551724137931	0.9319047101055151	0.030628493215860926	False	False	Other_lineages_enriched	0.313236313236313	0.300762300762301	False		Other_lineages_enriched	660.0	annotated	-	Core-2/I-Branching enzyme	M	Branch
arnC_2~~~arnC_4	0.0076628352490421	0.64968152866242	0.642018693413378	0.0004997501249375	0.001059637491421533	2.9748426841711053	True	True	L8L10_enriched	0.0274626865671642	0.778507462686567	False		L8L10_enriched	13.0	annotated	-	Glycosyltransferase like family 2	M	Glycos_transf_2
group_2730	0.513409961685824	0.235668789808917	-0.277741171876907	0.0004997501249375	0.001059637491421533	2.9748426841711053	True	True	Other_lineages_enriched	0.587570621468927	0.156936597614564	False		Other_lineages_enriched	354.0	annotated	-	Bacteriophage holin	S	Phage_holin_1
group_2473	0.582375478927203	0.165605095541401	-0.416770383385802	0.0004997501249375	0.001059637491421533	2.9748426841711053	True	True	Other_lineages_enriched	0.531713900134953	0.118758434547908	False		Other_lineages_enriched	422.0	annotated	-	-	-	MORN,MORN_2
group_967	0.0996168582375479	0.509554140127389	0.409937281889841	0.0004997501249375	0.001059637491421533	2.9748426841711053	True	True	L8L10_enriched	0.164399763453578	0.652868125369604	False		L8L10_enriched	238.0	valid_protein_no_eggnog_annotation				
group_1418	0.268199233716475	0.509554140127389	0.241354906410913	0.122438780609695	0.1601571187411453	0.7954537528397638	False	False	L8L10_enriched	0.393497757847534	0.48542600896861	False		L8L10_enriched	383.0	annotated	-	Transposase	L	DDE_Tnp_IS240
group_3430	0.398467432950192	0.337579617834395	-0.0608878151157967	0.118940529735132	0.15601474740336782	0.8068343477148309	False	False	Other_lineages_enriched	0.397759103641457	0.481792717086835	False		direction_ambiguous		annotated	hsdS	type I restriction modification DNA specificity domain	V	Methylase_S
group_3249	0.176245210727969	0.401273885350318	0.225028674622349	0.000999500249875	0.0019983940068799303	2.6993188814033258	True	True	L8L10_enriched	0.263224181360202	0.477329974811083	False		L8L10_enriched	390.0	annotated	-	helicase activity	L	Helicase_C,PLDc_2,SNF2_N
group_2351	0.421455938697318	0.375796178343949	-0.0456597603533689	0.601699150424788	0.6582333003484983	0.1816201503130396	False	False	Other_lineages_enriched	0.378870673952641	0.406800242865817	False		direction_ambiguous		annotated	wchF	Domain of unknown function (DUF1972)	M	DUF1972,Glycos_transf_1
group_2031	0.35632183908046	0.401273885350318	0.0449520462698587	0.0814592703648176	0.11009364062841427	0.958237766584588	False	False	L8L10_enriched	0.481185860889396	0.378563283922463	False		direction_ambiguous		annotated	-	Phage head-tail joining protein	S	Phage_H_T_join
group_1923	0.237547892720307	0.452229299363057	0.214681406642751	0.0004997501249375	0.001059637491421533	2.9748426841711053	True	True	L8L10_enriched	0.197515527950311	0.560248447204969	False		L8L10_enriched	295.0	annotated	-	Probable transposase	L	OrfB_IS605,OrfB_Zn_ribbon
group_2364	0.402298850574713	0.337579617834395	-0.0647192327403178	0.0004997501249375	0.001059637491421533	2.9748426841711053	True	False	Other_lineages_enriched	0.651945320715037	0.296529968454259	False		Other_lineages_enriched	290.0	annotated	-	Peptidase family M23	D	CW_binding_1,Peptidase_M23
group_2290	0.199233716475096	0.547770700636943	0.348536984161847	0.0004997501249375	0.001059637491421533	2.9748426841711053	True	True	L8L10_enriched	0.262101534828808	0.557260920897285	False		L8L10_enriched	303.0	valid_protein_no_eggnog_annotation				
group_3585	0.379310344827586	0.318471337579618	-0.0608390072479684	0.0284857571214393	0.04197699897814959	1.3769886132480769	True	False	Other_lineages_enriched	0.445273631840796	0.310945273631841	False		Other_lineages_enriched	493.0	valid_protein_no_eggnog_annotation				
group_3185	0.371647509578544	0.292993630573248	-0.0786538790052957	0.0004997501249375	0.001059637491421533	2.9748426841711053	True	False	Other_lineages_enriched	0.560271646859083	0.307866440294284	False		Other_lineages_enriched	392.0	annotated	-	zinc-ribbon domain	S	zinc_ribbon_2
group_2935	0.390804597701149	0.331210191082803	-0.0595944066183469	0.0004997501249375	0.001059637491421533	2.9748426841711053	True	False	Other_lineages_enriched	0.645975802209363	0.301946344029458	False		Other_lineages_enriched	299.0	annotated	-	Glycosyltransferase like family 2	S	Glycos_transf_2
group_2376	0.176245210727969	0.407643312101911	0.231398101373942	0.000999500249875	0.0019983940068799303	2.6993188814033258	True	True	L8L10_enriched	0.270236612702366	0.484433374844334	False		L8L10_enriched	385.0	annotated	res	Type III restriction enzyme, res subunit	L	ResIII,VRR_NUC
group_2562	0.206896551724138	0.67515923566879	0.468262683944652	0.0004997501249375	0.001059637491421533	2.9748426841711053	True	True	L8L10_enriched	0.275406504065041	0.708333333333333	False		L8L10_enriched	31.0	annotated	-	-	-	-
group_1696	0.425287356321839	0.261146496815287	-0.164140859506552	0.0194902548725637	0.02989776061689823	1.524361339707202	True	False	Other_lineages_enriched	0.48145968216598	0.341377280753384	False		Other_lineages_enriched	453.0	annotated	-	-	-	-
group_1178	0.264367816091954	0.407643312101911	0.143275496009957	0.0004997501249375	0.001059637491421533	2.9748426841711053	True	False	L8L10_enriched	0.304470854555744	0.563667232597623	False		L8L10_enriched	294.0	annotated	mepA	MATE efflux family protein	V	MatE
group_1877	0.417624521072797	0.318471337579618	-0.0991531834931791	0.0024987506246876	0.00467805869792366	2.3299343331843234	True	False	Other_lineages_enriched	0.511709601873536	0.317330210772834	False		Other_lineages_enriched	431.0	annotated	rhaB	Involved in the catabolism of L-rhamnose (6-deoxy-L- mannose). Catalyzes the transfer of the gamma-phosphate group from ATP to the 1-hydroxyl group of L-rhamnulose to yield L-rhamnulose 1-phosphate	F	FGGY_C,FGGY_N
group_689	0.363984674329502	0.248407643312102	-0.1155770310174	0.0239880059970015	0.035976549731506574	1.443980489251106	True	False	Other_lineages_enriched	0.461818181818182	0.326060606060606	False		Other_lineages_enriched	476.0	valid_protein_no_eggnog_annotation				
group_3346	0.42911877394636	0.267515923566879	-0.161602850379481	0.0004997501249375	0.001059637491421533	2.9748426841711053	True	False	Other_lineages_enriched	0.518954248366013	0.173856209150327	False		Other_lineages_enriched	428.0	annotated	-	PFAM transposase IS200-family protein	L	Y1_Tnp
lytG_1	0.406130268199234	0.343949044585987	-0.0621812236132465	0.0004997501249375	0.001059637491421533	2.9748426841711053	True	False	Other_lineages_enriched	0.652060511215441	0.304642670839854	False		Other_lineages_enriched	289.0	annotated	-	Mannosyl-glycoprotein endo-beta-N-acetylglucosaminidase	NU	Glucosaminidase,LysM,SLAP
group_3119	0.348659003831418	0.343949044585987	-0.0047099592454303	0.340829585207396	0.3983800933871478	0.3997023709213066	False	False	Other_lineages_enriched	0.351826792963464	0.294993234100135	False		Other_lineages_enriched	597.0	valid_protein_no_eggnog_annotation				
group_2910	0.18007662835249	0.522292993630573	0.342216365278083	0.0004997501249375	0.001059637491421533	2.9748426841711053	True	True	L8L10_enriched	0.311342592592593	0.53125	False		L8L10_enriched	332.0	annotated	-	endonuclease activity	V	HNH,RRXRR
group_2115	0.386973180076628	0.331210191082803	-0.0557629889938258	0.0004997501249375	0.001059637491421533	2.9748426841711053	True	False	Other_lineages_enriched	0.640971488912355	0.303062302006336	False		Other_lineages_enriched	307.0	annotated	licD	LicD family	M	LicD
group_667	0.0651340996168582	0.445859872611465	0.380725772994607	0.0004997501249375	0.001059637491421533	2.9748426841711053	True	True	L8L10_enriched	0.21320411871593	0.575408843125379	False		L8L10_enriched	281.0	annotated	-	-	-	-
group_3499	0.172413793103448	0.382165605095541	0.209751811992093	0.0004997501249375	0.001059637491421533	2.9748426841711053	True	True	L8L10_enriched	0.215809284818068	0.529485570890841	False		L8L10_enriched	333.0	valid_protein_no_eggnog_annotation				
group_3056	0.0651340996168582	0.445859872611465	0.380725772994607	0.0004997501249375	0.001059637491421533	2.9748426841711053	True	True	L8L10_enriched	0.21320411871593	0.575408843125379	False		L8L10_enriched	282.0	valid_protein_no_eggnog_annotation				
ligA_1~~~ligA_3	0.187739463601533	0.54140127388535	0.353661810283818	0.0004997501249375	0.001059637491421533	2.9748426841711053	True	True	L8L10_enriched	0.24546553808948	0.545344619105199	False		L8L10_enriched	323.0	annotated	-	Exonuclease	L	BRCT,RNase_T
group_3508	0.0574712643678161	0.67515923566879	0.617687971300974	0.0004997501249375	0.001059637491421533	2.9748426841711053	True	True	L8L10_enriched	0.137809187279152	0.684334511189635	False		L8L10_enriched	42.0	annotated	arbY	family 8	M	Glyco_transf_8
group_2446	0.398467432950192	0.318471337579618	-0.0799960953705737	0.0004997501249375	0.001059637491421533	2.9748426841711053	True	False	Other_lineages_enriched	0.50061804697157	0.263288009888752	False		Other_lineages_enriched	441.0	annotated	-	-	-	-
lagD~~~lagD_2~~~lagD_1~~~lagD_3	0.291187739463602	0.267515923566879	-0.0236718158967226	0.420289855072464	0.4788572173111234	0.31979396253076353	False	False	Other_lineages_enriched	0.315440689198144	0.359178263750828	False		direction_ambiguous		annotated	comA	ABC-type bacteriocin lantibiotic exporters, contain an N-terminal double-glycine peptidase domain	V	ABC_membrane,ABC_tran,Peptidase_C39
group_2168	0.417624521072797	0.203821656050955	-0.213802865021842	0.715642178910545	0.7673416789815314	0.11501121199072399	False	False	Other_lineages_enriched	0.301990391214825	0.325326012354152	False		direction_ambiguous		annotated	acmA	mannosyl-glycoprotein	NU	Glucosaminidase,SH3_8,YceG
toxB~~~toxA	0.149425287356322	0.573248407643312	0.42382312028699	0.0004997501249375	0.001059637491421533	2.9748426841711053	True	True	L8L10_enriched	0.177856301531213	0.644287396937574	False		L8L10_enriched	244.0	annotated	-	Glycosyl hydrolases family 25	M	CW_binding_1,Glyco_hydro_25,SH3_5,SH3_8
group_13588	0.314176245210728	0.312101910828025	-0.0020743343827024	0.68615692153923	0.7403035548368576	0.1305901651898302	False	False	Other_lineages_enriched	0.467829880043621	0.441657579062159	False		Other_lineages_enriched	471.0	pseudogene_only_no_valid_protein				
lcnD~~~lcnD_1~~~lcnD_2	0.28735632183908	0.267515923566879	-0.0198403982722015	0.405297351324338	0.4640218111930833	0.3334616050956129	False	False	Other_lineages_enriched	0.314323607427056	0.359416445623342	False		direction_ambiguous		annotated	mesE	Transport protein ComB	M	HlyD_3
dapH_2~~~lpxD~~~dapH_1~~~glmU_2~~~dapH_3	0.413793103448276	0.343949044585987	-0.0698440588622886	1.0	1.0	-0.0	False	False	Other_lineages_enriched	0.355812459858703	0.359666024405909	False		direction_ambiguous		annotated	-	Glycosyl transferases group 1	G	Glyco_transf_4,Glycos_transf_1
hsdR~~~hsdR_1	0.0613026819923372	0.490445859872611	0.429143177880274	0.0004997501249375	0.001059637491421533	2.9748426841711053	True	True	L8L10_enriched	0.115869017632242	0.624685138539043	False		L8L10_enriched	256.0	annotated	hsdR	Subunit R is required for both nuclease and ATPase activities, but not for modification	L	EcoR124_C,HSDR_N,Methylase_S,ResIII
group_853	0.0613026819923372	0.490445859872611	0.429143177880274	0.0004997501249375	0.001059637491421533	2.9748426841711053	True	True	L8L10_enriched	0.115869017632242	0.624685138539043	False		L8L10_enriched	257.0	annotated	-	type I restriction modification DNA specificity domain	V	Methylase_S
group_209	0.118773946360153	0.509554140127389	0.390780193767235	0.0004997501249375	0.001059637491421533	2.9748426841711053	True	True	L8L10_enriched	0.132362673726009	0.544010589013898	False		L8L10_enriched	325.0	valid_protein_no_eggnog_annotation				
ltrA	0.628352490421456	0.0254777070063694	-0.602874783415086	0.0004997501249375	0.001059637491421533	2.9748426841711053	True	True	Other_lineages_enriched	0.659644502962475	0.0236998025016458	False		Other_lineages_enriched	277.0	annotated	-	PFAM RNA-directed DNA polymerase (Reverse transcriptase)	L	GIIM,RVT_1
group_3169	0.252873563218391	0.305732484076433	0.0528589208580423	0.0014992503748125	0.002921366046722169	2.534414022584289	True	False	L8L10_enriched	0.239625167336011	0.421686746987952	False		L8L10_enriched	450.0	annotated	-	-	-	-
group_2309	0.57088122605364	0.0573248407643312	-0.513556385289309	0.0004997501249375	0.001059637491421533	2.9748426841711053	True	True	Other_lineages_enriched	0.666666666666667	0.041343669250646	False		Other_lineages_enriched	244.0	valid_protein_no_eggnog_annotation				
aguA	0.314176245210728	0.312101910828025	-0.0020743343827024	0.697651174412794	0.7504931830526138	0.12465324822561291	False	False	Other_lineages_enriched	0.467829880043621	0.441657579062159	False		Other_lineages_enriched	472.0	annotated	aguA	Porphyromonas-type peptidyl-arginine deiminase	E	PAD_porph
selD	0.455938697318008	0.273885350318471	-0.182053346999536	0.0004997501249375	0.001059637491421533	2.9748426841711053	True	False	Other_lineages_enriched	0.586588921282799	0.247230320699708	False		Other_lineages_enriched	357.0	annotated	selD	Synthesizes selenophosphate from selenide and ATP	E	AIRS,AIRS_C
prdB_2	0.455938697318008	0.267515923566879	-0.188422773751129	0.0004997501249375	0.001059637491421533	2.9748426841711053	True	False	Other_lineages_enriched	0.591764705882353	0.231764705882353	False		Other_lineages_enriched	340.0	annotated	-	the current gene model (or a revised gene model) may contain a premature stop	S	-
prdA_4~~~prdA_1~~~prdA_3	0.455938697318008	0.267515923566879	-0.188422773751129	0.0004997501249375	0.001059637491421533	2.9748426841711053	True	False	Other_lineages_enriched	0.591764705882353	0.231764705882353	False		Other_lineages_enriched	341.0	annotated	prdA	Glycine/sarcosine/betaine reductase component B subunits	EJ	Gly_reductase
prdB_2~~~prdB_1	0.455938697318008	0.267515923566879	-0.188422773751129	0.0004997501249375	0.001059637491421533	2.9748426841711053	True	False	Other_lineages_enriched	0.591764705882353	0.231764705882353	False		Other_lineages_enriched	342.0	annotated	prdB	the current gene model (or a revised gene model) may contain a premature stop	S	GRDB
group_250	0.455938697318008	0.267515923566879	-0.188422773751129	0.0004997501249375	0.001059637491421533	2.9748426841711053	True	False	Other_lineages_enriched	0.591764705882353	0.231764705882353	False		Other_lineages_enriched	343.0	annotated	-	Psort location Cytoplasmic, score	S	-
group_3511	0.348659003831418	0.305732484076433	-0.0429265197549845	0.0064967516241879	0.011254887803206694	1.9486588300007415	True	False	Other_lineages_enriched	0.2855321861058	0.439770554493308	False		direction_ambiguous		annotated	-	sequence-specific DNA binding	K	HTH_3
group_3385	0.157088122605364	0.382165605095541	0.225077482490177	0.0004997501249375	0.001059637491421533	2.9748426841711053	True	True	L8L10_enriched	0.243226212980466	0.49653434152489	False		L8L10_enriched	372.0	annotated	-	lysozyme activity	M	DUF1906,Glyco_hydro_25,LysM,SH3_5
group_2535	0.455938697318008	0.267515923566879	-0.188422773751129	0.0004997501249375	0.001059637491421533	2.9748426841711053	True	False	Other_lineages_enriched	0.591764705882353	0.231764705882353	False		Other_lineages_enriched	344.0	annotated	-	Sulfite exporter TauE/SafE	S	TauE
group_2458	0.593869731800766	0.0445859872611465	-0.54928374453962	0.0004997501249375	0.001059637491421533	2.9748426841711053	True	True	Other_lineages_enriched	0.595907928388747	0.125319693094629	False		Other_lineages_enriched	335.0	annotated	-	-	-	zinc_ribbon_2
group_558	0.455938697318008	0.267515923566879	-0.188422773751129	0.0004997501249375	0.001059637491421533	2.9748426841711053	True	False	Other_lineages_enriched	0.591764705882353	0.231764705882353	False		Other_lineages_enriched	345.0	annotated	-	Proline racemase	E	Pro_racemase
group_3666	0.260536398467433	0.394904458598726	0.134368060131293	0.0104947526236882	0.01743833075897762	1.7584950891775644	True	False	L8L10_enriched	0.297738693467337	0.445979899497487	False		L8L10_enriched	421.0	annotated	tnp2	Transposase	L	DDE_Tnp_ISL3,HTH_Tnp_ISL3,zf-ISL3
group_2131	0.298850574712644	0.312101910828025	0.0132513361153818	0.371314342828586	0.43141070508469354	0.36510908245663604	False	False	L8L10_enriched	0.391581632653061	0.332908163265306	False		direction_ambiguous		annotated	-	Voltage gated chloride channel	P	Voltage_CLC
yveA_2~~~yveA_1~~~yveA	0.455938697318008	0.261146496815287	-0.194792200502721	0.0004997501249375	0.001059637491421533	2.9748426841711053	True	False	Other_lineages_enriched	0.5924617196702	0.229681978798587	False		Other_lineages_enriched	338.0	annotated	-	amino acid	E	AA_permease_2
prdA_3	0.455938697318008	0.267515923566879	-0.188422773751129	0.0004997501249375	0.001059637491421533	2.9748426841711053	True	False	Other_lineages_enriched	0.591764705882353	0.231764705882353	False		Other_lineages_enriched	346.0	annotated	-	Glycine/sarcosine/betaine reductase component B subunits	EJ	Gly_reductase
group_1035	0.333333333333333	0.426751592356688	0.0934182590233546	0.111944027986007	0.14742428945399405	0.831430956729421	False	False	L8L10_enriched	0.37027027027027	0.278378378378378	False		direction_ambiguous		valid_protein_no_eggnog_annotation				
group_894	0.344827586206897	0.203821656050955	-0.141005930155941	0.350324837581209	0.40875366141291913	0.3885383441192907	False	False	Other_lineages_enriched	0.372549019607843	0.320261437908497	False		Other_lineages_enriched	587.0	annotated	yphA	NAD dependent epimerase/dehydratase family	GM	Epimerase,NAD_binding_10
prdA_3~~~prdA_2	0.455938697318008	0.267515923566879	-0.188422773751129	0.0004997501249375	0.001059637491421533	2.9748426841711053	True	False	Other_lineages_enriched	0.591764705882353	0.231764705882353	False		Other_lineages_enriched	347.0	annotated	prdA	D-proline reductase	EJ	Gly_reductase
group_3018	0.302681992337165	0.407643312101911	0.104961319764746	0.838580709645177	0.8749599234581564	0.05801183888577694	False	False	L8L10_enriched	0.410011918951132	0.398092967818832	False		direction_ambiguous		annotated	-	Protein of unknown function (DUF806)	S	DUF806
group_2688	0.559386973180077	0.0700636942675159	-0.489323278912561	0.0004997501249375	0.001059637491421533	2.9748426841711053	True	True	Other_lineages_enriched	0.7188995215311	0.0849282296650718	False		Other_lineages_enriched	119.0	annotated	-	Prophage endopeptidase tail	M	Glyco_hydro_25,Peptidase_M23,Prophage_tail
group_2534	0.455938697318008	0.261146496815287	-0.194792200502721	0.0004997501249375	0.001059637491421533	2.9748426841711053	True	False	Other_lineages_enriched	0.5924617196702	0.229681978798587	False		Other_lineages_enriched	339.0	annotated	yedF	Belongs to the sulfur carrier protein TusA family	O	DrsE,TusA
group_2406	0.455938697318008	0.261146496815287	-0.194792200502721	0.0004997501249375	0.001059637491421533	2.9748426841711053	True	False	Other_lineages_enriched	0.58968347010551	0.237983587338804	False		Other_lineages_enriched	349.0	annotated	-	Sulphur transport	S	Sulf_transp
ynjE	0.455938697318008	0.254777070063694	-0.201161627254313	0.0004997501249375	0.001059637491421533	2.9748426841711053	True	True	Other_lineages_enriched	0.595266272189349	0.221301775147929	False		Other_lineages_enriched	336.0	annotated	-	Rhodanese Homology Domain	P	Rhodanese
group_3168	0.279693486590038	0.32484076433121	0.0451472777411719	0.914542728635682	0.9500057663475953	0.02227375862131954	False	False	L8L10_enriched	0.373820012586532	0.367526746381372	False		direction_ambiguous		valid_protein_no_eggnog_annotation				
gtf3_3~~~gtf3_5~~~gtf3_1~~~gtf3_4~~~gtf3_2	0.003831417624521	0.605095541401274	0.601264123776753	0.0004997501249375	0.001059637491421533	2.9748426841711053	True	True	L8L10_enriched	0.0080428954423592	0.651474530831099	False		L8L10_enriched	240.0	annotated	-	transferase activity, transferring glycosyl groups	M	-
group_1452	0.32183908045977	0.375796178343949	0.053957097884179	0.112443778110945	0.14796415689918682	0.8298434761332105	False	False	L8L10_enriched	0.440657334144857	0.342057212416312	False		direction_ambiguous		annotated	-	Phage head-tail joining protein	S	Phage_H_T_join
group_1254	0.555555555555556	0.0573248407643312	-0.498230714791224	0.0004997501249375	0.001059637491421533	2.9748426841711053	True	True	Other_lineages_enriched	0.685469037400368	0.088289393010423	False		Other_lineages_enriched	162.0	annotated	-	hmm pf00665	L	HTH_21,rve,rve_2
ldhD_2~~~ldhD	0.482758620689655	0.0573248407643312	-0.425433779925324	0.0004997501249375	0.001059637491421533	2.9748426841711053	True	True	Other_lineages_enriched	0.424242424242424	0.132756132756133	False		Other_lineages_enriched	518.0	annotated	-	Belongs to the D-isomer specific 2-hydroxyacid dehydrogenase family	CH	2-Hacid_dh,2-Hacid_dh_C
group_3744	0.222222222222222	0.401273885350318	0.179051663128096	0.175412293853073	0.2202681052766294	0.6570483839439825	False	False	L8L10_enriched	0.379290285049447	0.457242582897033	False		L8L10_enriched	411.0	annotated	-	Domain of unknown function (DUF4355)	S	DUF4355
group_3037	0.18007662835249	0.509554140127389	0.329477511774898	0.0004997501249375	0.001059637491421533	2.9748426841711053	True	True	L8L10_enriched	0.252567975830816	0.538972809667674	False		L8L10_enriched	327.0	annotated	pspA	Lytic transglycosylase with a strong preference for naked glycan strands that lack stem peptides	D	Antigen_C,CW_binding_1,GbpC,Gram_pos_anchor,SPOR,Strep_SA_rep
kdgR~~~kipR	0.482758620689655	0.0573248407643312	-0.425433779925324	0.0004997501249375	0.001059637491421533	2.9748426841711053	True	True	Other_lineages_enriched	0.424242424242424	0.132756132756133	False		Other_lineages_enriched	519.0	annotated	-	helix_turn_helix isocitrate lyase regulation	K	HTH_IclR,IclR
group_2412	0.452107279693487	0.254777070063694	-0.197330209629792	0.0004997501249375	0.001059637491421533	2.9748426841711053	True	False	Other_lineages_enriched	0.586904761904762	0.222619047619048	False		Other_lineages_enriched	356.0	annotated	yeeE	Sulphur transport	S	Sulf_transp
rhaM	0.417624521072797	0.280254777070064	-0.137369744002733	0.0004997501249375	0.001059637491421533	2.9748426841711053	True	False	Other_lineages_enriched	0.526823387582881	0.267631103074141	False		Other_lineages_enriched	427.0	annotated	rhaM	Involved in the anomeric conversion of L-rhamnose	G	rhaM
gspA_2~~~gspA	0.003831417624521	0.605095541401274	0.601264123776753	0.0004997501249375	0.001059637491421533	2.9748426841711053	True	True	L8L10_enriched	0.0080321285140562	0.653279785809906	False		L8L10_enriched	237.0	annotated	-	Domain of unknown function (DUF4422)	M	DUF4422,Glyco_transf_8
group_2525	0.482758620689655	0.0573248407643312	-0.425433779925324	0.0004997501249375	0.001059637491421533	2.9748426841711053	True	True	Other_lineages_enriched	0.424242424242424	0.132756132756133	False		Other_lineages_enriched	520.0	annotated	pfoS/R	Phosphotransferase system, EIIC	S	PTS_EIIC_2
yedF	0.452107279693487	0.261146496815287	-0.1909607828782	0.0004997501249375	0.001059637491421533	2.9748426841711053	True	False	Other_lineages_enriched	0.581367924528302	0.23938679245283	False		Other_lineages_enriched	371.0	annotated	-	Belongs to the sulfur carrier protein TusA family	O	TusA
group_6777	0.0689655172413793	0.445859872611465	0.376894355370086	0.0004997501249375	0.001059637491421533	2.9748426841711053	True	True	L8L10_enriched	0.131797824696097	0.588611644273832	False		L8L10_enriched	271.0	valid_protein_no_eggnog_annotation				
IntTn~~~xerC_3~~~xerC_6~~~xerC_12~~~xerC_11~~~xerC_18~~~xerC_4~~~xerC_5~~~xerC_9~~~xerC_1	0.383141762452107	0.203821656050955	-0.179320106401152	0.000999500249875	0.0019983940068799303	2.6993188814033258	True	False	Other_lineages_enriched	0.469119579500657	0.216819973718791	False		Other_lineages_enriched	466.0	annotated	sip	Belongs to the 'phage' integrase family	L	Arm-DNA-bind_4,Phage_int_SAM_3,Phage_integrase
group_2982	0.314176245210728	0.369426751592357	0.0552505063816287	0.0539730134932534	0.07574151595411838	1.1206660067948098	False	False	L8L10_enriched	0.466705951679434	0.354743665291691	False		direction_ambiguous		annotated	cps3I	Acyltransferase family	G	Acyl_transf_3
group_2537	0.39463601532567	0.248407643312102	-0.146228372013569	0.071464267866067	0.09786980989970522	1.0093512552449466	False	False	Other_lineages_enriched	0.452079566003617	0.342374924653406	False		Other_lineages_enriched	481.0	valid_protein_no_eggnog_annotation				
group_2072	0.203065134099617	0.414012738853503	0.210947604753886	0.0004997501249375	0.001059637491421533	2.9748426841711053	True	True	L8L10_enriched	0.162341982701264	0.506986027944112	False		L8L10_enriched	359.0	valid_protein_no_eggnog_annotation				
group_1654	0.164750957854406	0.522292993630573	0.357542035776167	0.0004997501249375	0.001059637491421533	2.9748426841711053	True	True	L8L10_enriched	0.211432083589428	0.559311616472034	False		L8L10_enriched	296.0	annotated	-	-	-	-
group_727	0.390804597701149	0.101910828025478	-0.288893769675672	0.0004997501249375	0.001059637491421533	2.9748426841711053	True	True	Other_lineages_enriched	0.437627811860941	0.199045671438309	False		Other_lineages_enriched	499.0	valid_protein_no_eggnog_annotation				
artM_3~~~bceA	0.475095785440613	0.121019108280255	-0.354076677160358	0.0004997501249375	0.001059637491421533	2.9748426841711053	True	True	Other_lineages_enriched	0.513546798029557	0.254926108374384	False		Other_lineages_enriched	430.0	annotated	lolD	ABC transporter, ATP-binding protein	V	ABC_tran
bin3~~~bin3_2~~~hin~~~bin3_1	0.482758620689655	0.191082802547771	-0.291675818141884	0.0004997501249375	0.001059637491421533	2.9748426841711053	True	True	Other_lineages_enriched	0.571266968325792	0.297511312217195	False		Other_lineages_enriched	385.0	annotated	pinR1	Helix-turn-helix domain of Hin and related proteins, a family of DNA-binding domains unique to bacteria and represented by the Hin protein of Salmonella. The basic HTH domain is a simple fold comprised of three core helices that form a right-handed	L	HTH_7,Resolvase
levS	0.0421455938697318	0.484076433121019	0.441930839251287	0.0004997501249375	0.001059637491421533	2.9748426841711053	True	True	L8L10_enriched	0.0901312036508842	0.768967484312607	False		L8L10_enriched	15.0	annotated	-	Pfam Lipase (class 3)	I	DUF2974,Lipase_3
group_3063	0.524904214559387	0.0955414012738854	-0.429362813285502	0.0004997501249375	0.001059637491421533	2.9748426841711053	True	True	Other_lineages_enriched	0.653627760252366	0.0845425867507886	False		Other_lineages_enriched	287.0	annotated	-	Phage uncharacterised protein (Phage_XkdX)	S	-
group_1679	0.402298850574713	0.318471337579618	-0.0838275129950948	0.0004997501249375	0.001059637491421533	2.9748426841711053	True	False	Other_lineages_enriched	0.655755015839493	0.288278775079197	False		Other_lineages_enriched	283.0	annotated	-	Core-2/I-Branching enzyme	M	Branch
group_1601	0.409961685823755	0.191082802547771	-0.218878883275984	0.0004997501249375	0.001059637491421533	2.9748426841711053	True	True	Other_lineages_enriched	0.54510556621881	0.17530390275112	False		Other_lineages_enriched	410.0	annotated	-	-	-	-
group_838	0.398467432950192	0.318471337579618	-0.0799960953705737	0.0004997501249375	0.001059637491421533	2.9748426841711053	True	False	Other_lineages_enriched	0.652910052910053	0.288888888888889	False		Other_lineages_enriched	288.0	valid_protein_no_eggnog_annotation				
group_612	0.386973180076628	0.101910828025478	-0.285062352051151	0.000999500249875	0.0019983940068799303	2.6993188814033258	True	True	Other_lineages_enriched	0.434426229508197	0.199453551912568	False		Other_lineages_enriched	508.0	annotated	-	ABC-2 family transporter protein	S	-
group_1306	0.452107279693487	0.24203821656051	-0.210069063132977	0.0004997501249375	0.001059637491421533	2.9748426841711053	True	True	Other_lineages_enriched	0.587954680977937	0.219439475253429	False		Other_lineages_enriched	353.0	annotated	-	Belongs to the sulfur carrier protein TusA family	O	TusA
bcrA~~~bcrA_2	0.390804597701149	0.101910828025478	-0.288893769675672	0.0004997501249375	0.001059637491421533	2.9748426841711053	True	True	Other_lineages_enriched	0.43656207366985	0.199181446111869	False		Other_lineages_enriched	501.0	annotated	-	AAA domain, putative AbiEii toxin, Type IV TA system	V	ABC_tran
group_2069	0.39463601532567	0.248407643312102	-0.146228372013569	0.0719640179910045	0.09847235850513283	1.00668566019672	False	False	Other_lineages_enriched	0.452079566003617	0.342374924653406	False		Other_lineages_enriched	482.0	valid_protein_no_eggnog_annotation				
group_1600	0.222222222222222	0.407643312101911	0.185421089879689	0.24287856071964	0.29596333490059684	0.528762087713488	False	False	L8L10_enriched	0.323284156510584	0.393842206542656	False		L8L10_enriched	476.0	annotated	yeeA	Type II restriction enzyme, methylase subunits	V	N6_Mtase
group_140	0.256704980842912	0.414012738853503	0.157307758010591	0.92303848075962	0.9576233608636486	0.01880526802100005	False	False	L8L10_enriched	0.394213381555154	0.400241109101869	False		L8L10_enriched	472.0	annotated	-	-	-	-
rfaB	0.39463601532567	0.312101910828025	-0.082534104497645	0.0004997501249375	0.001059637491421533	2.9748426841711053	True	False	Other_lineages_enriched	0.651088688263409	0.286776420605417	False		Other_lineages_enriched	293.0	annotated	-	Glycosyl transferases group 1	M	Glyco_trans_1_4,Glyco_transf_4,Glycos_transf_1
smc_2~~~smc_1~~~smc_9~~~smc~~~smc_4~~~smc_3	0.53639846743295	0.0828025477707006	-0.45359591966225	0.0004997501249375	0.001059637491421533	2.9748426841711053	True	True	Other_lineages_enriched	0.644336175395859	0.137637028014616	False		Other_lineages_enriched	303.0	annotated	-	Phage tail tape measure protein TP901	L	NLPC_P60,PhageMin_Tail,SLT
group_3406	0.0613026819923372	0.471337579617834	0.410034897625497	0.0004997501249375	0.001059637491421533	2.9748426841711053	True	True	L8L10_enriched	0.119093851132686	0.586407766990291	False		L8L10_enriched	272.0	annotated	hsdM	HsdM N-terminal domain	V	HsdM_N,N6_Mtase
group_3381	0.417624521072797	0.184713375796178	-0.232911145276619	0.468265867066467	0.5296725135544144	0.2759925634460715	False	False	Other_lineages_enriched	0.306245802552048	0.350570852921424	False		direction_ambiguous		annotated	-	Bacterial membrane protein, YfhO	S	-
group_3057	0.39463601532567	0.248407643312102	-0.146228372013569	0.0699650174912544	0.09609617867181462	1.017293881995775	False	False	Other_lineages_enriched	0.452079566003617	0.342374924653406	False		Other_lineages_enriched	483.0	annotated	-	Putative HNHc nuclease	S	HNHc_6
group_2441	0.203065134099617	0.414012738853503	0.210947604753886	0.0004997501249375	0.001059637491421533	2.9748426841711053	True	True	L8L10_enriched	0.272340425531915	0.511854103343465	False		L8L10_enriched	349.0	annotated	-	sequence-specific DNA binding	K	HTH_19,HTH_3,HTH_31,Peptidase_S24
group_2378	0.203065134099617	0.452229299363057	0.24916416526344	0.000999500249875	0.0019983940068799303	2.6993188814033258	True	True	L8L10_enriched	0.277399380804954	0.484210526315789	False		L8L10_enriched	386.0	annotated	-	Fic/DOC family	S	Fic
group_1914	0.176245210727969	0.490445859872611	0.314200649144642	0.0004997501249375	0.001059637491421533	2.9748426841711053	True	True	L8L10_enriched	0.226438962681847	0.50853889943074	False		L8L10_enriched	354.0	valid_protein_no_eggnog_annotation				
group_1680	0.390804597701149	0.312101910828025	-0.078702686873124	0.0004997501249375	0.001059637491421533	2.9748426841711053	True	False	Other_lineages_enriched	0.651804670912951	0.286624203821656	False		Other_lineages_enriched	291.0	annotated	-	transferase activity, transferring glycosyl groups	M	-
group_1270	0.386973180076628	0.312101910828025	-0.0748712692486029	0.0004997501249375	0.001059637491421533	2.9748426841711053	True	False	Other_lineages_enriched	0.646776771443793	0.287693127330847	False		Other_lineages_enriched	297.0	annotated	-	-	-	-
sasA_1~~~sasA_4~~~sasA_2	0.386973180076628	0.101910828025478	-0.285062352051151	0.000999500249875	0.0019983940068799303	2.6993188814033258	True	True	Other_lineages_enriched	0.435494880546075	0.199317406143345	False		Other_lineages_enriched	505.0	annotated	spaK	His Kinase A (phosphoacceptor) domain	T	HATPase_c,HisKA
arlR_2	0.386973180076628	0.101910828025478	-0.285062352051151	0.0004997501249375	0.001059637491421533	2.9748426841711053	True	True	Other_lineages_enriched	0.435494880546075	0.199317406143345	False		Other_lineages_enriched	506.0	annotated	regX3	response regulator	KT	Response_reg,Trans_reg_C
group_2236	0.103448275862069	0.439490445859873	0.336042169997804	0.0004997501249375	0.001059637491421533	2.9748426841711053	True	True	L8L10_enriched	0.211749515816656	0.497094899935442	False		L8L10_enriched	371.0	valid_protein_no_eggnog_annotation				
group_1290	0.57088122605364	0.0382165605095541	-0.532664665544086	0.0004997501249375	0.001059637491421533	2.9748426841711053	True	True	Other_lineages_enriched	0.531944444444444	0.0791666666666667	False		Other_lineages_enriched	419.0	valid_protein_no_eggnog_annotation				
dacA_2~~~dacA_3~~~dacA_1	0.57088122605364	0.0382165605095541	-0.532664665544086	0.0004997501249375	0.001059637491421533	2.9748426841711053	True	True	Other_lineages_enriched	0.531944444444444	0.0791666666666667	False		Other_lineages_enriched	420.0	annotated	dacA	Belongs to the peptidase S11 family	M	PBP5_C,Peptidase_S11
epsJ~~~arnC_4~~~arnC_2~~~arnC_8~~~arnC_5~~~kfoC	0.0	0.439490445859873	0.439490445859873	0.0004997501249375	0.001059637491421533	2.9748426841711053	True	True	L8L10_enriched	0.0	0.623537508602891	False		L8L10_enriched	258.0	annotated	-	Glycosyltransferase like family 2	S	Glycos_transf_2
group_3572	0.494252873563218	0.101910828025478	-0.392342045537741	0.0004997501249375	0.001059637491421533	2.9748426841711053	True	True	Other_lineages_enriched	0.619550858652576	0.059445178335535	False		Other_lineages_enriched	325.0	annotated	-	protein encoded in hypervariable junctions of pilus gene clusters	S	HicB
yciB_1	0.57088122605364	0.0382165605095541	-0.532664665544086	0.0004997501249375	0.001059637491421533	2.9748426841711053	True	True	Other_lineages_enriched	0.531944444444444	0.0791666666666667	False		Other_lineages_enriched	421.0	annotated	yciB	ErfK YbiS YcfS YnhG	M	YkuD
ugd	0.524904214559387	0.0445859872611465	-0.48031822729824	0.0004997501249375	0.001059637491421533	2.9748426841711053	True	True	Other_lineages_enriched	0.496760259179266	0.0633549316054716	False		Other_lineages_enriched	442.0	annotated	ugd	UDP binding domain	M	HTH_3,UDPG_MGDP_dh,UDPG_MGDP_dh_C,UDPG_MGDP_dh_N
group_2937	0.0804597701149425	0.35031847133758	0.269858701222637	0.0004997501249375	0.001059637491421533	2.9748426841711053	True	True	L8L10_enriched	0.132305716120745	0.583172768143867	False		L8L10_enriched	275.0	annotated	-	Probable transposase	L	OrfB_IS605,OrfB_Zn_ribbon
iscS_3~~~iscS_1	0.39463601532567	0.273885350318471	-0.120750665007199	0.0004997501249375	0.001059637491421533	2.9748426841711053	True	False	Other_lineages_enriched	0.576629477392836	0.248972401644157	False		Other_lineages_enriched	378.0	annotated	csd	DegT/DnrJ/EryC1/StrS aminotransferase family	E	Aminotran_5
group_2538	0.39463601532567	0.24203821656051	-0.152597798765161	0.0459770114942529	0.06544028201881784	1.1841548377145992	False	False	Other_lineages_enriched	0.453995157384988	0.335351089588378	False		Other_lineages_enriched	480.0	annotated	-	N-terminal phage replisome organiser (Phage_rep_org_N)	S	Phage_rep_org_N
group_2253	0.256704980842912	0.407643312101911	0.150938331258999	1.0	1.0	-0.0	False	False	L8L10_enriched	0.401683704149128	0.395670475045099	False		direction_ambiguous		annotated	-	nuclease	L	Ada_Zn_binding
rnfC~~~rsxC	0.39463601532567	0.273885350318471	-0.120750665007199	0.0004997501249375	0.001059637491421533	2.9748426841711053	True	False	Other_lineages_enriched	0.576629477392836	0.248972401644157	False		Other_lineages_enriched	379.0	annotated	-	RnfC Barrel sandwich hybrid domain	C	Complex1_51K,RnfC_N
group_1218	0.24904214559387	0.426751592356688	0.177709446762818	0.677161419290355	0.7322766250612798	0.13532482871843174	False	False	L8L10_enriched	0.395032525133057	0.422235363690124	False		L8L10_enriched	448.0	annotated	-	Short C-terminal domain	S	SHOCT,bPH_3
group_3204	0.421455938697318	0.171974522292994	-0.249481416404324	0.824087956021989	0.8628439196353523	0.06406775697488425	False	False	Other_lineages_enriched	0.313138189244384	0.325391422736555	False		direction_ambiguous		annotated	-	Bacterial membrane protein, YfhO	S	PTPS_related
selB	0.39463601532567	0.267515923566879	-0.127120091758792	0.0004997501249375	0.001059637491421533	2.9748426841711053	True	False	Other_lineages_enriched	0.58175355450237	0.233412322274882	False		Other_lineages_enriched	370.0	annotated	selB	Elongation factor SelB, winged helix	J	GTP_EFTU,GTP_EFTU_D2,SelB-wing_2,SelB-wing_3
selA_2~~~selA~~~selA_1	0.39463601532567	0.267515923566879	-0.127120091758792	0.0004997501249375	0.001059637491421533	2.9748426841711053	True	False	Other_lineages_enriched	0.577307466196355	0.246913580246914	False		Other_lineages_enriched	377.0	annotated	selA	Converts seryl-tRNA(Sec) to selenocysteinyl-tRNA(Sec) required for selenoprotein biosynthesis	H	Se-cys_synth_N,SelA
group_1406	0.0153256704980843	0.477707006369427	0.462381335871342	0.0004997501249375	0.001059637491421533	2.9748426841711053	True	True	L8L10_enriched	0.0402010050251256	0.703517587939698	False		L8L10_enriched	34.0	annotated	-	Probable transposase	L	OrfB_IS605,OrfB_Zn_ribbon
group_3653	0.229885057471264	0.382165605095541	0.152280547624277	0.0004997501249375	0.001059637491421533	2.9748426841711053	True	False	L8L10_enriched	0.312315851502652	0.509133765468474	False		L8L10_enriched	353.0	annotated	-	Probable transposase	L	OrfB_IS605,OrfB_Zn_ribbon
group_1483	0.436781609195402	0.0445859872611465	-0.392195621934256	0.0004997501249375	0.001059637491421533	2.9748426841711053	True	True	Other_lineages_enriched	0.376029962546816	0.125842696629213	False		Other_lineages_enriched	581.0	annotated	-	Cell surface protein	S	DUF3324,DUF916
osmV~~~btuD_6	0.375478927203065	0.337579617834395	-0.0378993093686703	0.0004997501249375	0.001059637491421533	2.9748426841711053	True	False	Other_lineages_enriched	0.532704773129051	0.288744843842074	False		Other_lineages_enriched	417.0	annotated	proV	ABC transporter, ATP-binding protein	E	ABC_tran
sufT_1	0.39463601532567	0.261146496815287	-0.133489518510384	0.0004997501249375	0.001059637491421533	2.9748426841711053	True	False	Other_lineages_enriched	0.578327444051826	0.243816254416961	False		Other_lineages_enriched	376.0	annotated	-	Iron-sulfur cluster assembly protein	S	FeS_assembly_P
group_3094	0.363984674329502	0.21656050955414	-0.147424164775362	0.0039980009995002	0.007214355582340176	2.141802455912525	True	False	Other_lineages_enriched	0.459240821406347	0.296204107031736	False		Other_lineages_enriched	477.0	annotated	-	-	-	-
group_2584	0.233716475095785	0.331210191082803	0.0974937159870171	0.0379810094952524	0.054769114348733765	1.26146428183126	False	False	L8L10_enriched	0.349262536873156	0.470796460176991	False		L8L10_enriched	399.0	valid_protein_no_eggnog_annotation				
opuCC~~~opuCB	0.371647509578544	0.337579617834395	-0.0340678917441492	0.0004997501249375	0.001059637491421533	2.9748426841711053	True	False	Other_lineages_enriched	0.532704773129051	0.288744843842074	False		Other_lineages_enriched	418.0	annotated	proWX	Periplasmic glycine betaine choline-binding (lipo)protein of an ABC-type transport system (osmoprotectant binding protein)	EM	BPD_transp_1,OpuAC
group_3692	0.367816091954023	0.222929936305732	-0.14488615564829	0.0004997501249375	0.001059637491421533	2.9748426841711053	True	False	Other_lineages_enriched	0.436649964209019	0.131710808876163	False		Other_lineages_enriched	500.0	annotated	-	peptidoglycan catabolic process	S	-
group_2854	0.241379310344828	0.420382165605096	0.179002855260268	0.52623688155922	0.5877798388941118	0.23078531449885958	False	False	L8L10_enriched	0.388095238095238	0.421428571428571	False		L8L10_enriched	451.0	valid_protein_no_eggnog_annotation				
group_2485	0.375478927203065	0.222929936305732	-0.152548990897333	0.0104947526236882	0.01743833075897762	1.7584950891775644	True	False	Other_lineages_enriched	0.450528935905414	0.30491599253267	False		Other_lineages_enriched	489.0	valid_protein_no_eggnog_annotation				
group_2305	0.187739463601533	0.420382165605096	0.232642702003563	0.0044977511244377	0.008036925138298385	2.094910076984476	True	True	L8L10_enriched	0.276745675848815	0.442024343369635	False		L8L10_enriched	429.0	annotated	-	Virulence-associated protein E	S	VirE
group_1500	0.390804597701149	0.152866242038217	-0.237938355662933	0.695652173913043	0.7490764421710708	0.12547386091321971	False	False	Other_lineages_enriched	0.300429184549356	0.2689556509299	False		Other_lineages_enriched	676.0	annotated	gtcA	Teichoic acid glycosylation protein	S	GtrA
group_1499	0.390804597701149	0.159235668789809	-0.231568928911341	0.804097951024488	0.8451364429428032	0.07307317077388828	False	False	Other_lineages_enriched	0.298507462686567	0.280028429282161	False		Other_lineages_enriched	678.0	annotated	-	Predicted membrane protein (DUF2142)	S	DUF2142
group_584	0.39463601532567	0.261146496815287	-0.133489518510384	0.0004997501249375	0.001059637491421533	2.9748426841711053	True	False	Other_lineages_enriched	0.582443653618031	0.231316725978648	False		Other_lineages_enriched	367.0	annotated	-	Protein of unknown function (DUF3343)	S	DUF3343
group_3382	0.0306513409961686	0.414012738853503	0.383361397857335	0.0004997501249375	0.001059637491421533	2.9748426841711053	True	True	L8L10_enriched	0.0724946695095949	0.506041222459133	False		L8L10_enriched	363.0	valid_protein_no_eggnog_annotation				
group_2876	0.187739463601533	0.426751592356688	0.239012128755155	0.0049975012493753	0.00884359109381934	2.0533713463515078	True	True	L8L10_enriched	0.276391554702495	0.444017914267434	False		L8L10_enriched	425.0	annotated	-	VRR_NUC	S	VRR_NUC
group_2728	0.390804597701149	0.152866242038217	-0.237938355662933	0.696151924037981	0.749369679746863	0.12530388287955388	False	False	Other_lineages_enriched	0.300429184549356	0.2689556509299	False		Other_lineages_enriched	677.0	annotated	-	Glycosyltransferase like family 2	M	Glycos_transf_2
group_2291	0.199233716475096	0.407643312101911	0.208409595626815	0.0004997501249375	0.001059637491421533	2.9748426841711053	True	True	L8L10_enriched	0.27172582619339	0.504283965728274	False		L8L10_enriched	364.0	annotated	-	-	-	-
group_2760	0.268199233716475	0.280254777070064	0.0120555433535886	0.0049975012493753	0.00884359109381934	2.0533713463515078	True	False	L8L10_enriched	0.475609756097561	0.304878048780488	False		direction_ambiguous		valid_protein_no_eggnog_annotation				
qacA~~~ribZ_1~~~ribZ_2	0.444444444444444	0.140127388535032	-0.304317055909413	0.0004997501249375	0.001059637491421533	2.9748426841711053	True	True	Other_lineages_enriched	0.491951062459755	0.220218931101095	False		Other_lineages_enriched	447.0	annotated	-	Major Facilitator Superfamily	EGP	MFS_1
smc_3~~~smc_5~~~smc_4~~~smc_7~~~smc_6~~~smc_1~~~smc_2	0.199233716475096	0.407643312101911	0.208409595626815	0.0004997501249375	0.001059637491421533	2.9748426841711053	True	True	L8L10_enriched	0.27255985267035	0.499693063228975	False		L8L10_enriched	367.0	annotated	-	nuclear chromosome segregation	D	Gram_pos_anchor
group_2579	0.0766283524904215	0.43312101910828	0.356492666617859	0.0004997501249375	0.001059637491421533	2.9748426841711053	True	True	L8L10_enriched	0.185333333333333	0.481333333333333	False		L8L10_enriched	387.0	annotated	-	Psort location Cytoplasmic, score	S	Arc
group_242	0.103448275862069	0.509554140127389	0.40610586426532	0.0004997501249375	0.001059637491421533	2.9748426841711053	True	True	L8L10_enriched	0.191018342820999	0.543959519291588	False		L8L10_enriched	326.0	valid_protein_no_eggnog_annotation				
group_2451	0.195402298850575	0.343949044585987	0.148546745735413	0.338330834582709	0.3957401845757991	0.40258984800681136	False	False	L8L10_enriched	0.371617558628984	0.425736620565244	False		L8L10_enriched	443.0	annotated	-	-	-	-
group_2067	0.0498084291187739	0.305732484076433	0.255924054957659	0.0004997501249375	0.001059637491421533	2.9748426841711053	True	True	L8L10_enriched	0.0614035087719298	0.476608187134503	False		L8L10_enriched	391.0	valid_protein_no_eggnog_annotation				
group_3866	0.390804597701149	0.21656050955414	-0.174244088147009	0.0004997501249375	0.001059637491421533	2.9748426841711053	True	False	Other_lineages_enriched	0.496749024707412	0.202860858257477	False		Other_lineages_enriched	443.0	valid_protein_no_eggnog_annotation				
group_2861	0.333333333333333	0.235668789808917	-0.0976645435244161	0.0004997501249375	0.001059637491421533	2.9748426841711053	True	False	Other_lineages_enriched	0.391495601173021	0.142228739002933	False		Other_lineages_enriched	549.0	annotated	-	-	-	-
group_2845	0.333333333333333	0.235668789808917	-0.0976645435244161	0.0004997501249375	0.001059637491421533	2.9748426841711053	True	False	Other_lineages_enriched	0.38978102189781	0.15036496350365	False		Other_lineages_enriched	557.0	annotated	-	Terminase RNAseH like domain	S	Terminase_3,Terminase_3C
group_2843	0.333333333333333	0.235668789808917	-0.0976645435244161	0.0004997501249375	0.001059637491421533	2.9748426841711053	True	False	Other_lineages_enriched	0.391495601173021	0.142228739002933	False		Other_lineages_enriched	550.0	annotated	-	Minor capsid protein	S	-
insK_3~~~insK~~~insK_1~~~insK_2	0.298850574712644	0.356687898089172	0.0578373233765282	0.1944027986007	0.24171970618464397	0.6166879423172821	False	False	L8L10_enriched	0.336039975015615	0.41474078700812	False		L8L10_enriched	458.0	annotated	-	Integrase core domain	L	HTH_21,rve,rve_2
group_2746	0.333333333333333	0.235668789808917	-0.0976645435244161	0.000999500249875	0.0019983940068799303	2.6993188814033258	True	False	Other_lineages_enriched	0.391495601173021	0.142228739002933	False		Other_lineages_enriched	551.0	annotated	-	T=7 icosahedral viral capsid	S	-
group_1831	0.333333333333333	0.235668789808917	-0.0976645435244161	0.000999500249875	0.0019983940068799303	2.6993188814033258	True	False	Other_lineages_enriched	0.391495601173021	0.142228739002933	False		Other_lineages_enriched	552.0	annotated	-	Minor capsid protein	S	Minor_capsid_1
group_1762	0.333333333333333	0.235668789808917	-0.0976645435244161	0.0004997501249375	0.001059637491421533	2.9748426841711053	True	False	Other_lineages_enriched	0.391495601173021	0.142228739002933	False		Other_lineages_enriched	553.0	annotated	-	Minor capsid protein from bacteriophage	S	Minor_capsid_3
group_3303	0.333333333333333	0.235668789808917	-0.0976645435244161	0.0004997501249375	0.001059637491421533	2.9748426841711053	True	False	Other_lineages_enriched	0.38978102189781	0.15036496350365	False		Other_lineages_enriched	558.0	annotated	-	Phage portal protein, SPP1 Gp6-like	S	-
group_1661	0.264367816091954	0.254777070063694	-0.0095907460282597	0.0029985007496251	0.005538150207407345	2.256635269362656	True	False	Other_lineages_enriched	0.479950647748304	0.286243059839605	False		Other_lineages_enriched	456.0	valid_protein_no_eggnog_annotation				
group_3060	0.0	0.292993630573248	0.292993630573248	0.0004997501249375	0.001059637491421533	2.9748426841711053	True	True	L8L10_enriched	0.0	0.498498498498498	False		L8L10_enriched	368.0	annotated	-	Phage minor capsid protein 2	S	Phage_min_cap2
group_2312	0.183908045977011	0.420382165605096	0.236474119628084	0.0019990004997501	0.0038205955027126337	2.4178689398669198	True	True	L8L10_enriched	0.265635074145712	0.444874274661509	False		L8L10_enriched	423.0	annotated	-	Helicase C-terminal domain protein	L	DUF3427,Helicase_C,PLDc_2,ResIII
group_2237	0.206896551724138	0.394904458598726	0.188007906874588	1.0	1.0	-0.0	False	False	L8L10_enriched	0.350809061488673	0.354692556634304	False		L8L10_enriched	544.0	valid_protein_no_eggnog_annotation				
group_2132	0.517241379310345	0.0191082802547771	-0.498133099055568	0.0004997501249375	0.001059637491421533	2.9748426841711053	True	True	Other_lineages_enriched	0.667100130039012	0.0325097529258778	False		Other_lineages_enriched	241.0	valid_protein_no_eggnog_annotation				
cas6	0.386973180076628	0.159235668789809	-0.227737511286819	0.0004997501249375	0.001059637491421533	2.9748426841711053	True	True	Other_lineages_enriched	0.58578431372549	0.188725490196078	False		Other_lineages_enriched	363.0	annotated	cas6	CRISPR-associated endoribonuclease Cas6	S	CRISPR_Cas6
group_3525	0.352490421455939	0.165605095541401	-0.186885325914537	0.0044977511244377	0.008036925138298385	2.094910076984476	True	False	Other_lineages_enriched	0.444010416666667	0.25390625	False		Other_lineages_enriched	494.0	annotated	-	-	-	DUF3895
group_3211	0.390804597701149	0.203821656050955	-0.186982941650194	0.0004997501249375	0.001059637491421533	2.9748426841711053	True	False	Other_lineages_enriched	0.471938775510204	0.252551020408163	False		Other_lineages_enriched	464.0	valid_protein_no_eggnog_annotation				
group_2366	0.386973180076628	0.165605095541401	-0.221368084535227	0.0004997501249375	0.001059637491421533	2.9748426841711053	True	True	Other_lineages_enriched	0.580449301760777	0.205221615057681	False		Other_lineages_enriched	374.0	annotated	csm1	CRISPR-associated protein Csm1 family	S	HD
group_1798	0.333333333333333	0.229299363057325	-0.104033970276008	0.0004997501249375	0.001059637491421533	2.9748426841711053	True	False	Other_lineages_enriched	0.392070484581498	0.139500734214391	False		Other_lineages_enriched	548.0	annotated	-	domain, Protein	N	-
group_1647	0.0727969348659004	0.337579617834395	0.264782682968494	0.0004997501249375	0.001059637491421533	2.9748426841711053	True	True	L8L10_enriched	0.140808344198175	0.555410691003911	False		L8L10_enriched	317.0	annotated	-	Resolvase, N terminal domain	L	Resolvase
group_878	0.183908045977011	0.426751592356688	0.242843546379676	0.0039980009995002	0.007214355582340176	2.141802455912525	True	True	L8L10_enriched	0.265292981326465	0.446877012234385	False		L8L10_enriched	418.0	annotated	-	Bifunctional DNA primase/polymerase, N-terminal	S	PriCT_1,Prim-Pol
group_3825	0.0076628352490421	0.401273885350318	0.393611050101276	0.0004997501249375	0.001059637491421533	2.9748426841711053	True	True	L8L10_enriched	0.0066225165562913	0.668874172185431	False		L8L10_enriched	154.0	valid_protein_no_eggnog_annotation				
group_3676	0.241379310344828	0.32484076433121	0.0834614539863826	0.0149925037481259	0.023715938478192436	1.6249596849342671	True	False	L8L10_enriched	0.283687943262411	0.42682140554481	False		L8L10_enriched	441.0	annotated	-	Phage transcriptional regulator, ArpU family	S	-
group_3179	0.417624521072797	0.165605095541401	-0.252019425531396	0.0004997501249375	0.001059637491421533	2.9748426841711053	True	True	Other_lineages_enriched	0.553787396562699	0.173138128580522	False		Other_lineages_enriched	399.0	valid_protein_no_eggnog_annotation				
xerC_1~~~xerC_7~~~xerC_5~~~xerC_2~~~xerC_16	0.160919540229885	0.439490445859873	0.278570905629988	0.0004997501249375	0.001059637491421533	2.9748426841711053	True	True	L8L10_enriched	0.207594936708861	0.526582278481013	False		L8L10_enriched	339.0	annotated	-	Belongs to the 'phage' integrase family	L	Phage_int_SAM_5,Phage_integrase
group_2885	0.0191570881226054	0.624203821656051	0.605046733533446	0.0004997501249375	0.001059637491421533	2.9748426841711053	True	True	L8L10_enriched	0.0707964601769911	0.664981036662453	False		L8L10_enriched	184.0	valid_protein_no_eggnog_annotation				
group_2530	0.226053639846743	0.299363057324841	0.0733094174780975	0.0014992503748125	0.002921366046722169	2.534414022584289	True	False	L8L10_enriched	0.202549575070822	0.381019830028329	False		L8L10_enriched	502.0	annotated	-	Bacteriophage holin of superfamily 6 (Holin_LLH)	S	Phage_holin_6_1
pinR_1	0.0191570881226054	0.617834394904459	0.598677306781853	0.0004997501249375	0.001059637491421533	2.9748426841711053	True	True	L8L10_enriched	0.0709309689677011	0.662444585180494	False		L8L10_enriched	208.0	annotated	tnpR1	Resolvase, N terminal domain	L	HTH_24,HTH_7,Resolvase
csm5~~~csm5_2~~~csm5_1	0.390804597701149	0.165605095541401	-0.225199502159748	0.0004997501249375	0.001059637491421533	2.9748426841711053	True	True	Other_lineages_enriched	0.58645707376058	0.204353083434099	False		Other_lineages_enriched	358.0	annotated	csm5	RAMP superfamily	L	RAMPs
group_3159	0.0191570881226054	0.624203821656051	0.605046733533446	0.0004997501249375	0.001059637491421533	2.9748426841711053	True	True	L8L10_enriched	0.0707964601769911	0.664981036662453	False		L8L10_enriched	185.0	valid_protein_no_eggnog_annotation				
group_2653	0.32183908045977	0.229299363057325	-0.0925397174024453	0.0004997501249375	0.001059637491421533	2.9748426841711053	True	False	Other_lineages_enriched	0.390889052167524	0.139603232916973	False		Other_lineages_enriched	555.0	annotated	-	-	-	-
group_1201	0.32183908045977	0.229299363057325	-0.0925397174024453	0.0004997501249375	0.001059637491421533	2.9748426841711053	True	False	Other_lineages_enriched	0.390889052167524	0.139603232916973	False		Other_lineages_enriched	556.0	annotated	-	Bacteriophage Gp15 protein	S	Phage_Gp15
group_3868	0.0613026819923372	0.484076433121019	0.422773751128682	0.0004997501249375	0.001059637491421533	2.9748426841711053	True	True	L8L10_enriched	0.180124223602484	0.577639751552795	False		L8L10_enriched	278.0	valid_protein_no_eggnog_annotation				
group_1876	0.528735632183908	0.0127388535031847	-0.515996778680723	0.0004997501249375	0.001059637491421533	2.9748426841711053	True	True	Other_lineages_enriched	0.679948586118252	0.0347043701799486	False		Other_lineages_enriched	182.0	valid_protein_no_eggnog_annotation				
group_3242	0.494252873563218	0.0318471337579618	-0.462405739805257	0.0004997501249375	0.001059637491421533	2.9748426841711053	True	True	Other_lineages_enriched	0.624229979466119	0.0068446269678302	False		Other_lineages_enriched	323.0	valid_protein_no_eggnog_annotation				
csm4	0.390804597701149	0.165605095541401	-0.225199502159748	0.0004997501249375	0.001059637491421533	2.9748426841711053	True	True	Other_lineages_enriched	0.58645707376058	0.204353083434099	False		Other_lineages_enriched	359.0	annotated	-	CRISPR-associated RAMP protein, Csm4 family	L	-
group_2577	0.18007662835249	0.401273885350318	0.221197256997828	0.0079960019990005	0.01359485375991055	1.8666254597650045	True	True	L8L10_enriched	0.265533028122956	0.426422498364944	False		L8L10_enriched	442.0	annotated	-	Siphovirus Gp157	S	Sipho_Gp157
cas1_1~~~cas1~~~cas1_2	0.386973180076628	0.165605095541401	-0.221368084535227	0.0004997501249375	0.001059637491421533	2.9748426841711053	True	True	Other_lineages_enriched	0.58645707376058	0.204353083434099	False		Other_lineages_enriched	361.0	annotated	cas1	maintenance of DNA repeat elements	L	Cas_Cas1
csm3	0.386973180076628	0.165605095541401	-0.221368084535227	0.0004997501249375	0.001059637491421533	2.9748426841711053	True	True	Other_lineages_enriched	0.58645707376058	0.204353083434099	False		Other_lineages_enriched	362.0	annotated	csm3	RAMP superfamily	L	RAMPs
csm6~~~csm6_2~~~csm6_1	0.379310344827586	0.159235668789809	-0.220074676037777	0.0004997501249375	0.001059637491421533	2.9748426841711053	True	True	Other_lineages_enriched	0.584917228694053	0.188841201716738	False		Other_lineages_enriched	364.0	annotated	-	CRISPR-associated protein (Cas_Csm6)	S	Cas_Csm6
group_1123	0.333333333333333	0.261146496815287	-0.0721868365180467	0.0849575212393803	0.11421257955273689	0.9422860595799867	False	False	Other_lineages_enriched	0.42534504391468	0.319949811794228	False		Other_lineages_enriched	517.0	annotated	yvbG	MarC family integral membrane protein	U	MarC
group_3693	0.528735632183908	0.0	-0.528735632183908	0.0004997501249375	0.001059637491421533	2.9748426841711053	True	True	Other_lineages_enriched	0.680738786279683	0.0	False		Other_lineages_enriched	178.0	annotated	-	Phage tail protein	S	Sipho_tail
group_3351	0.371647509578544	0.165605095541401	-0.206042414037143	0.0169915042478761	0.026446389464691425	1.5776336106833386	True	True	Other_lineages_enriched	0.342857142857143	0.191941391941392	False		Other_lineages_enriched	609.0	valid_protein_no_eggnog_annotation				
csm2	0.390804597701149	0.165605095541401	-0.225199502159748	0.0004997501249375	0.001059637491421533	2.9748426841711053	True	True	Other_lineages_enriched	0.58645707376058	0.204353083434099	False		Other_lineages_enriched	360.0	annotated	-	Pfam:DUF310	L	Csm2_III-A
group_1390	0.18007662835249	0.407643312101911	0.22756668374942	0.0184907546226887	0.02851054585014472	1.544994467803256	True	True	L8L10_enriched	0.269205515430072	0.417596848325673	False		L8L10_enriched	455.0	annotated	-	-	-	DUF669
group_951	0.528735632183908	0.0063694267515923	-0.522366205432316	0.0004997501249375	0.001059637491421533	2.9748426841711053	True	True	Other_lineages_enriched	0.680961663417804	0.0194931773879142	False		Other_lineages_enriched	177.0	annotated	-	Phage tail assembly chaperone proteins, TAC	S	Phage_TAC_3
group_686	0.524904214559387	0.0063694267515923	-0.518534787807795	0.0004997501249375	0.001059637491421533	2.9748426841711053	True	True	Other_lineages_enriched	0.674069235793599	0.0195950359242325	False		Other_lineages_enriched	199.0	annotated	-	Phage tail tube protein	S	Phage_TTP_1
group_398	0.524904214559387	0.0063694267515923	-0.518534787807795	0.0004997501249375	0.001059637491421533	2.9748426841711053	True	True	Other_lineages_enriched	0.677524429967427	0.0195439739413681	False		Other_lineages_enriched	189.0	valid_protein_no_eggnog_annotation				
gspB	0.0114942528735632	0.592356687898089	0.580862435024526	0.0004997501249375	0.001059637491421533	2.9748426841711053	True	True	L8L10_enriched	0.0196850393700787	0.667979002624672	False		L8L10_enriched	163.0	valid_protein_no_eggnog_annotation				
group_3055	0.0881226053639847	0.388535031847134	0.300412426483149	0.0004997501249375	0.001059637491421533	2.9748426841711053	True	True	L8L10_enriched	0.234134319162046	0.533579790511399	False		L8L10_enriched	329.0	valid_protein_no_eggnog_annotation				
group_512	0.398467432950192	0.0955414012738854	-0.302926031676306	0.108945527236382	0.14376272016174554	0.842353718452925	False	False	Other_lineages_enriched	0.323188405797101	0.227536231884058	False		Other_lineages_enriched	641.0	annotated	-	transcriptional regulator (TetR family)	K	TetR_N
group_288	0.18007662835249	0.407643312101911	0.22756668374942	0.0124937531234383	0.02021950714230314	1.6942294346988658	True	True	L8L10_enriched	0.269205515430072	0.417596848325673	False		L8L10_enriched	456.0	annotated	-	AAA domain	L	AAA_24,PDDEXK_1
group_2235	0.149425287356322	0.407643312101911	0.258218024745589	0.0004997501249375	0.001059637491421533	2.9748426841711053	True	True	L8L10_enriched	0.201324503311258	0.474172185430464	False		L8L10_enriched	396.0	valid_protein_no_eggnog_annotation				
cas2_1~~~cas2_2~~~cas2	0.383141762452107	0.165605095541401	-0.217536666910706	0.0004997501249375	0.001059637491421533	2.9748426841711053	True	True	Other_lineages_enriched	0.582171012734991	0.204972710733778	False		Other_lineages_enriched	369.0	annotated	cas2	CRISPR (clustered regularly interspaced short palindromic repeat), is an adaptive immune system that provides protection against mobile genetic elements (viruses, transposable elements and conjugative plasmids). CRISPR clusters contain sequences complementary to antecedent mobile elements and target invading nucleic acids. CRISPR clusters are transcribed and processed into CRISPR RNA (crRNA). Functions as a ssRNA-specific endoribonuclease. Involved in the integration of spacer DNA into the CRISPR cassette	L	CRISPR_Cas2
xerC_7~~~xerC_6~~~xerC_5~~~xerC_10~~~xerC_19~~~xerC_2~~~xerC_4~~~xerC_1~~~xerC_8~~~xerC_12~~~xerC_17~~~xerC_3~~~IntTn_2~~~IntTn_1	0.0881226053639847	0.407643312101911	0.319520706737926	0.0004997501249375	0.001059637491421533	2.9748426841711053	True	True	L8L10_enriched	0.136950904392765	0.571059431524548	False		L8L10_enriched	285.0	annotated	-	Belongs to the 'phage' integrase family	L	Phage_int_SAM_5,Phage_integrase
group_3462	0.275862068965517	0.273885350318471	-0.0019767186470459	0.0059970014992503	0.01045508991535965	1.9806722278318074	True	False	Other_lineages_enriched	0.479709267110842	0.308903694730466	False		Other_lineages_enriched	457.0	annotated	-	Antitoxin component of a toxin-antitoxin (TA) module	D	PhdYeFM_antitox
group_3032	0.218390804597701	0.382165605095541	0.16377480049784	0.0039980009995002	0.007214355582340176	2.141802455912525	True	False	L8L10_enriched	0.227743271221532	0.391994478951001	False		L8L10_enriched	482.0	annotated	rny	peptidase	D	AAA,DUF237,DUF240,Peptidase_M23
gtf3_2~~~gtf3_1~~~gtf3_3	0.003831417624521	0.515923566878981	0.51209214925446	0.0004997501249375	0.001059637491421533	2.9748426841711053	True	True	L8L10_enriched	0.0087912087912087	0.526007326007326	False		L8L10_enriched	340.0	annotated	nss	transferase activity, transferring glycosyl groups	M	Glycos_transf_1
group_2596	0.199233716475096	0.273885350318471	0.0746516338433756	0.132433783108446	0.17146142056673067	0.7658335824421517	False	False	L8L10_enriched	0.271487039563438	0.364256480218281	False		L8L10_enriched	529.0	annotated	-	Cysteine-rich CPCC	S	Cys_rich_CPCC
group_2196	0.122605363984674	0.375796178343949	0.253190814359275	0.000999500249875	0.0019983940068799303	2.6993188814033258	True	True	L8L10_enriched	0.254545454545455	0.446753246753247	False		L8L10_enriched	419.0	annotated	-	PIN domain	S	PIN,PIN_3
group_2042	0.145593869731801	0.318471337579618	0.172877467847817	0.0019990004997501	0.0038205955027126337	2.4178689398669198	True	False	L8L10_enriched	0.226262626262626	0.426936026936027	False		L8L10_enriched	440.0	valid_protein_no_eggnog_annotation				
group_3118	0.318007662835249	0.210191082802548	-0.107816580032701	0.0004997501249375	0.001059637491421533	2.9748426841711053	True	False	Other_lineages_enriched	0.396113602391629	0.109118086696562	False		Other_lineages_enriched	547.0	annotated	-	Phage tail protein	S	-
group_2357	0.398467432950192	0.0955414012738854	-0.302926031676306	0.138930534732634	0.1790285928603946	0.7470776018144409	False	False	Other_lineages_enriched	0.323188405797101	0.227536231884058	False		Other_lineages_enriched	642.0	annotated	yxeA	ABC transporter permease	V	FtsX,MacB_PCD
group_2077	0.0229885057471264	0.331210191082803	0.308221685335676	0.0004997501249375	0.001059637491421533	2.9748426841711053	True	True	L8L10_enriched	0.0399201596806387	0.629407850964737	False		L8L10_enriched	255.0	annotated	-	site-specific DNA-methyltransferase (adenine-specific) activity	V	-
group_2518	0.264367816091954	0.254777070063694	-0.0095907460282597	0.000999500249875	0.0019983940068799303	2.6993188814033258	True	False	Other_lineages_enriched	0.445609436435124	0.243774574049803	False		Other_lineages_enriched	491.0	annotated	-	Helix-turn-helix domain	K	HTH_3
group_1866	0.379310344827586	0.146496815286624	-0.232813529540962	0.0029985007496251	0.005538150207407345	2.256635269362656	True	True	Other_lineages_enriched	0.346607669616519	0.178466076696165	False		Other_lineages_enriched	604.0	annotated	-	Membrane	J	DUF805,zinc_ribbon_2
group_1052	0.0153256704980843	0.585987261146497	0.570661590648412	0.0004997501249375	0.001059637491421533	2.9748426841711053	True	True	L8L10_enriched	0.0583279325988334	0.64549578742709	False		L8L10_enriched	243.0	annotated	-	-	-	-
group_677	0.0689655172413793	0.382165605095541	0.313200087854162	0.0004997501249375	0.001059637491421533	2.9748426841711053	True	True	L8L10_enriched	0.132384341637011	0.444128113879004	False		L8L10_enriched	424.0	annotated	-	-	-	-
cynR	0.452107279693487	0.0573248407643312	-0.394782438929155	0.0004997501249375	0.001059637491421533	2.9748426841711053	True	True	Other_lineages_enriched	0.529287226534933	0.0592801693719125	False		Other_lineages_enriched	424.0	annotated	-	Transcriptional regulator	K	HTH_1,LysR_substrate
group_1186	0.122605363984674	0.375796178343949	0.253190814359275	0.0024987506246876	0.00467805869792366	2.3299343331843234	True	True	L8L10_enriched	0.254545454545455	0.446753246753247	False		L8L10_enriched	420.0	annotated	-	Antitoxin component of a toxin-antitoxin (TA) module	D	PhdYeFM_antitox
arnC_3~~~arnC_4~~~arnC_1~~~glyG_2~~~arnC_5~~~glyG~~~arnC_2~~~epsJ	0.0	0.363057324840764	0.363057324840764	0.0004997501249375	0.001059637491421533	2.9748426841711053	True	True	L8L10_enriched	0.0	0.55803893294881	False		L8L10_enriched	300.0	annotated	-	Glycosyltransferase like family 2	M	Glycos_transf_2
group_3818	0.164750957854406	0.382165605095541	0.217414647241135	0.0034982508745627	0.006396635200712595	2.1940484163349723	True	True	L8L10_enriched	0.256916996047431	0.425559947299078	False		L8L10_enriched	444.0	annotated	-	Probable transposase	L	OrfB_IS605,OrfB_Zn_ribbon
group_3451	0.314176245210728	0.165605095541401	-0.148571149669327	0.0004997501249375	0.001059637491421533	2.9748426841711053	True	False	Other_lineages_enriched	0.416135881104034	0.168435951875442	False		Other_lineages_enriched	529.0	annotated	-	head morphogenesis protein, SPP1 gp7 family	S	Phage_Mu_F
group_3448	0.199233716475096	0.318471337579618	0.119237621104522	0.0254872563718141	0.038017433112325694	1.4200172094796812	True	False	L8L10_enriched	0.199853049228508	0.330639235855988	False		L8L10_enriched	574.0	valid_protein_no_eggnog_annotation				
group_3221	0.367816091954023	0.159235668789809	-0.208580423164214	0.000999500249875	0.0019983940068799303	2.6993188814033258	True	True	Other_lineages_enriched	0.432795698924731	0.223118279569892	False		Other_lineages_enriched	510.0	annotated	-	-	-	-
group_2794	0.0	0.267515923566879	0.267515923566879	0.0004997501249375	0.001059637491421533	2.9748426841711053	True	True	L8L10_enriched	0.0	0.48714069591528	False		L8L10_enriched	382.0	annotated	-	Phage portal protein, SPP1 Gp6-like	S	Phage_prot_Gp6
group_1314	0.425287356321839	0.121019108280255	-0.304268248041584	0.0004997501249375	0.001059637491421533	2.9748426841711053	True	True	Other_lineages_enriched	0.411854103343465	0.0683890577507599	False		Other_lineages_enriched	532.0	annotated	-	Cro/C1-type HTH DNA-binding domain	K	HTH_26
smc_5~~~smc_4~~~smc_3~~~smc_2	0.0114942528735632	0.484076433121019	0.472582180247456	0.0004997501249375	0.001059637491421533	2.9748426841711053	True	True	L8L10_enriched	0.0503512880562061	0.778688524590164	False		L8L10_enriched	12.0	annotated	-	nuclear chromosome segregation	D	Gram_pos_anchor
group_3339	0.114942528735632	0.24203821656051	0.127095687824877	0.0004997501249375	0.001059637491421533	2.9748426841711053	True	False	L8L10_enriched	0.170415814587594	0.466257668711656	False		L8L10_enriched	402.0	valid_protein_no_eggnog_annotation				
group_3322	0.229885057471264	0.331210191082803	0.101325133611538	0.0364817591204398	0.05286165184777887	1.2768592699374426	False	False	L8L10_enriched	0.2537517053206	0.381991814461119	False		L8L10_enriched	501.0	valid_protein_no_eggnog_annotation				
group_2261	0.195402298850575	0.229299363057325	0.0338970642067501	0.283858070964518	0.33851333471881534	0.47042421891167485	False	False	L8L10_enriched	0.286103542234332	0.35149863760218	False		L8L10_enriched	547.0	annotated	-	Helix-turn-helix domain	K	HTH_17
group_2071	0.0344827586206897	0.394904458598726	0.360421699978036	0.0004997501249375	0.001059637491421533	2.9748426841711053	True	True	L8L10_enriched	0.0748740100791937	0.485241180705544	False		L8L10_enriched	384.0	valid_protein_no_eggnog_annotation				
group_1806	0.218390804597701	0.292993630573248	0.0746028259755472	0.804097951024488	0.8451364429428032	0.07307317077388828	False	False	L8L10_enriched	0.315134761575674	0.302695231513476	False		direction_ambiguous		valid_protein_no_eggnog_annotation				
group_1119	0.0	0.267515923566879	0.267515923566879	0.0004997501249375	0.001059637491421533	2.9748426841711053	True	True	L8L10_enriched	0.0	0.466257668711656	False		L8L10_enriched	401.0	valid_protein_no_eggnog_annotation				
rfbX	0.28735632183908	0.312101910828025	0.024745588988945	0.0004997501249375	0.001059637491421533	2.9748426841711053	True	False	L8L10_enriched	0.56981981981982	0.304054054054054	False		direction_ambiguous		annotated	cps1C	Membrane protein involved in the export of O-antigen and teichoic acid	S	Polysacc_synt,Polysacc_synt_C
group_3550	0.0651340996168582	0.382165605095541	0.317031505478683	0.0004997501249375	0.001059637491421533	2.9748426841711053	True	True	L8L10_enriched	0.1398891966759	0.475069252077562	False		L8L10_enriched	395.0	annotated	mod	DNA methylase	L	N6_N4_Mtase,TypeIII_RM_meth
group_3390	0.233716475095785	0.235668789808917	0.0019523147131317	0.697151424287856	0.7502005039283102	0.12482264845880861	False	False	L8L10_enriched	0.248475609756098	0.227134146341463	False		direction_ambiguous		annotated	-	site-specific DNA-methyltransferase (adenine-specific) activity	V	N6_Mtase
drdA	0.390804597701149	0.0573248407643312	-0.333479756936818	0.0004997501249375	0.001059637491421533	2.9748426841711053	True	True	Other_lineages_enriched	0.47909284195606	0.10347271438696	False		Other_lineages_enriched	459.0	annotated	-	Class II Aldolase and Adducin N-terminal domain	G	Aldolase_II
smc_9~~~smc_1~~~smc_4~~~smc_5~~~smc_6~~~smc_3~~~smc_2	0.0229885057471264	0.273885350318471	0.250896844571345	0.0004997501249375	0.001059637491421533	2.9748426841711053	True	True	L8L10_enriched	0.0706371191135734	0.544321329639889	False		L8L10_enriched	324.0	annotated	-	EVIDENCE BY HOMOLOGY BIO14.03 Phage related functions and prophages	S	NLPC_P60,PhageMin_Tail,SLT
group_3279	0.295019157088123	0.21656050955414	-0.0784586475339825	0.0004997501249375	0.001059637491421533	2.9748426841711053	True	False	Other_lineages_enriched	0.385596399099775	0.114028507126782	False		Other_lineages_enriched	565.0	annotated	-	Prophage endopeptidase tail	M	Glyco_hydro_25,Peptidase_M23,Prophage_tail
tagE~~~bshA~~~mshA_5~~~mshA_3~~~mshA_2	0.444444444444444	0.0127388535031847	-0.43170559094126	0.0004997501249375	0.001059637491421533	2.9748426841711053	True	True	Other_lineages_enriched	0.714016341923319	0.0289126335637964	False		Other_lineages_enriched	123.0	annotated	-	glycosyl transferase group 1	M	Glycos_transf_1
rfbX~~~murJ_3	0.160919540229885	0.382165605095541	0.221246064865656	0.0004997501249375	0.001059637491421533	2.9748426841711053	True	True	L8L10_enriched	0.175048987589811	0.518615284128021	False		L8L10_enriched	345.0	annotated	cps1C	Membrane protein involved in the export of O-antigen and teichoic acid	S	Polysacc_synt,Polysacc_synt_C
group_3860	0.0421455938697318	0.452229299363057	0.410083705493326	0.0004997501249375	0.001059637491421533	2.9748426841711053	True	True	L8L10_enriched	0.103163686382393	0.521320495185695	False		L8L10_enriched	343.0	annotated	-	Transcription regulator MerR DNA binding	K	MerR_1
lexA_1~~~lexA_2~~~lexA_3~~~lexA	0.340996168582375	0.140127388535032	-0.200868780047344	0.0239880059970015	0.035976549731506574	1.443980489251106	True	True	Other_lineages_enriched	0.410832232496697	0.268163804491413	False		Other_lineages_enriched	534.0	annotated	-	Peptidase S24-like	K	HTH_3,Peptidase_S24
group_2986	0.275862068965517	0.235668789808917	-0.0401932791566	0.095952023988006	0.1276905973507592	0.8938410813507135	False	False	Other_lineages_enriched	0.365384615384615	0.260989010989011	False		Other_lineages_enriched	590.0	valid_protein_no_eggnog_annotation				
group_2969	0.145593869731801	0.318471337579618	0.172877467847817	0.0124937531234383	0.02021950714230314	1.6942294346988658	True	False	L8L10_enriched	0.280337443218689	0.421804023361454	False		L8L10_enriched	449.0	annotated	-	Transcriptional regulator	K	Phage_pRha
group_2769	0.157088122605364	0.299363057324841	0.142274934719477	0.0004997501249375	0.001059637491421533	2.9748426841711053	True	False	L8L10_enriched	0.189488243430152	0.427385892116183	False		L8L10_enriched	437.0	annotated	hsdR	Subunit R is required for both nuclease and ATPase activities, but not for modification	V	DUF3387,HSDR_N,ResIII
lpd~~~garB~~~garB_2	0.371647509578544	0.178343949044586	-0.193303560533958	0.0004997501249375	0.001059637491421533	2.9748426841711053	True	False	Other_lineages_enriched	0.52752880921895	0.192061459667093	False		Other_lineages_enriched	425.0	annotated	gshR	Glutathione reductase	C	Pyr_redox_2,Pyr_redox_dim
group_1605	0.486590038314176	0.0063694267515923	-0.480220611562584	0.0004997501249375	0.001059637491421533	2.9748426841711053	True	True	Other_lineages_enriched	0.657789613848202	0.0106524633821571	False		Other_lineages_enriched	281.0	annotated	-	Fic/DOC family	S	Fic
group_214	0.264367816091954	0.203821656050955	-0.0605461600409986	0.802598700649675	0.8443686841126051	0.07346788214942646	False	False	Other_lineages_enriched	0.301833568406206	0.287729196050776	False		Other_lineages_enriched	674.0	valid_protein_no_eggnog_annotation				
group_3482	0.0957854406130268	0.375796178343949	0.280010737730922	0.0004997501249375	0.001059637491421533	2.9748426841711053	True	True	L8L10_enriched	0.150365934797072	0.518962075848303	False		L8L10_enriched	344.0	annotated	-	IrrE N-terminal-like domain	S	Peptidase_M78
group_3398	0.402298850574713	0.101910828025478	-0.300388022549235	0.0004997501249375	0.001059637491421533	2.9748426841711053	True	True	Other_lineages_enriched	0.381861575178998	0.0270485282418457	False		Other_lineages_enriched	575.0	annotated	-	Bacteriophage abortive infection AbiH	S	AbiH
murJ_2~~~murJ_1~~~rfbX_2~~~murJ_3	0.413793103448276	0.0573248407643312	-0.356468262683945	0.0004997501249375	0.001059637491421533	2.9748426841711053	True	True	Other_lineages_enriched	0.387001477104874	0.13589364844904	False		Other_lineages_enriched	563.0	annotated	-	Polysaccharide biosynthesis protein	Q	Polysacc_synt,Polysacc_synt_3,Polysacc_synt_C
xerC_1~~~xerD_2~~~xerD_1~~~xerD_3~~~xerC_3~~~xerC_2	0.295019157088123	0.133757961783439	-0.161261195304683	0.0004997501249375	0.001059637491421533	2.9748426841711053	True	False	Other_lineages_enriched	0.467997247075017	0.155540261527873	False		Other_lineages_enriched	470.0	annotated	int2	Belongs to the 'phage' integrase family	L	Arm-DNA-bind_4,Phage_int_SAM_3,Phage_int_SAM_5,Phage_integrase
group_2396	0.486590038314176	0.0063694267515923	-0.480220611562584	0.0004997501249375	0.001059637491421533	2.9748426841711053	True	True	Other_lineages_enriched	0.664015904572565	0.0106030483764082	False		Other_lineages_enriched	262.0	annotated	-	-	-	-
group_1127	0.386973180076628	0.0700636942675159	-0.316909485809112	0.0004997501249375	0.001059637491421533	2.9748426841711053	True	True	Other_lineages_enriched	0.317360565593087	0.111547525530244	False		Other_lineages_enriched	654.0	annotated	-	-	-	-
group_975	0.157088122605364	0.299363057324841	0.142274934719477	0.0004997501249375	0.001059637491421533	2.9748426841711053	True	False	L8L10_enriched	0.190542420027816	0.418636995827538	False		L8L10_enriched	453.0	annotated	-	Type I restriction modification DNA specificity domain	V	Methylase_S
group_768	0.406130268199234	0.114649681528662	-0.291480586670571	0.0004997501249375	0.001059637491421533	2.9748426841711053	True	True	Other_lineages_enriched	0.378504672897196	0.0638629283489097	False		Other_lineages_enriched	576.0	annotated	hsdR	Subunit R is required for both nuclease and ATPase activities, but not for modification	V	EcoR124_C,HSDR_N,ResIII
group_9155	0.46360153256705	0.0	-0.46360153256705	0.0004997501249375	0.001059637491421533	2.9748426841711053	True	True	Other_lineages_enriched	0.41897233201581	0.0	False		Other_lineages_enriched	526.0	valid_protein_no_eggnog_annotation				
group_2202	0.126436781609195	0.299363057324841	0.172926275715645	0.0004997501249375	0.001059637491421533	2.9748426841711053	True	False	L8L10_enriched	0.192821956368754	0.399718508092892	False		L8L10_enriched	473.0	annotated	-	YjcQ protein	S	YjcQ
group_1929	0.264367816091954	0.222929936305732	-0.0414378797862215	0.0004997501249375	0.001059637491421533	2.9748426841711053	True	False	Other_lineages_enriched	0.463847203274216	0.171896316507503	False		Other_lineages_enriched	474.0	annotated	-	Helix-turn-helix XRE-family like proteins	K	HTH_19,HTH_3
group_1675	0.172413793103448	0.254777070063694	0.082363276960246	0.0669665167416292	0.09232413082161851	1.0346847722895127	False	False	L8L10_enriched	0.193499622071051	0.294784580498866	False		L8L10_enriched	648.0	annotated	-	Phage minor structural protein GP20	S	-
prmC_1~~~prmC_2	0.398467432950192	0.114649681528662	-0.283817751421529	0.0004997501249375	0.001059637491421533	2.9748426841711053	True	True	Other_lineages_enriched	0.37597503900156	0.0639625585023401	False		Other_lineages_enriched	582.0	annotated	hsdM	type I restriction-modification system	V	HsdM_N,N6_Mtase
group_1381	0.206896551724138	0.261146496815287	0.0542499450911487	0.519740129935032	0.5819040870322564	0.23514859250701373	False	False	L8L10_enriched	0.278711484593838	0.320728291316527	False		L8L10_enriched	592.0	annotated	-	Probable transposase	L	OrfB_IS605,OrfB_Zn_ribbon
group_3841	0.199233716475096	0.165605095541401	-0.0336286209336945	0.251374312843578	0.30507490269598136	0.5155935185751215	False	False	Other_lineages_enriched	0.367182246133154	0.28782784129119	False		Other_lineages_enriched	588.0	annotated	-	Integrase core domain	L	HTH_38,rve
group_3166	0.226053639846743	0.229299363057325	0.0032457232105815	0.176911544227886	0.22181260967689662	0.6540137685681383	False	False	L8L10_enriched	0.446694460988684	0.36212030970816	False		direction_ambiguous		valid_protein_no_eggnog_annotation				
group_3065	0.0651340996168582	0.280254777070064	0.215120677453205	0.0004997501249375	0.001059637491421533	2.9748426841711053	True	True	L8L10_enriched	0.127659574468085	0.35258358662614	False		L8L10_enriched	546.0	annotated	-	Acyltransferase family	S	Acyl_transf_3
group_2355	0.157088122605364	0.299363057324841	0.142274934719477	0.0004997501249375	0.001059637491421533	2.9748426841711053	True	False	L8L10_enriched	0.190542420027816	0.418636995827538	False		L8L10_enriched	454.0	annotated	hsdM	type I restriction-modification system	V	HsdM_N,N6_Mtase
group_2257	0.21455938697318	0.299363057324841	0.0848036703516607	0.486256871564218	0.5485163956878119	0.26081038641138043	False	False	L8L10_enriched	0.308724832214765	0.348993288590604	False		L8L10_enriched	551.0	valid_protein_no_eggnog_annotation				
group_798	0.0574712643678161	0.375796178343949	0.318324913976133	0.0004997501249375	0.001059637491421533	2.9748426841711053	True	True	L8L10_enriched	0.19479653102068	0.470980653769179	False		L8L10_enriched	398.0	annotated	-	-	-	-
group_222	0.486590038314176	0.0	-0.486590038314176	0.0004997501249375	0.001059637491421533	2.9748426841711053	True	True	Other_lineages_enriched	0.66577718478986	0.0	False		Other_lineages_enriched	249.0	annotated	-	-	-	-
group_3445	0.187739463601533	0.267515923566879	0.0797764599653464	0.0909545227386307	0.12148161833149095	0.9154894312108439	False	False	L8L10_enriched	0.330697340043135	0.231488138030194	False		direction_ambiguous		valid_protein_no_eggnog_annotation				
mobA	0.475095785440613	0.0063694267515923	-0.468726358689021	0.0004997501249375	0.001059637491421533	2.9748426841711053	True	True	Other_lineages_enriched	0.648793565683646	0.0107238605898123	False		Other_lineages_enriched	294.0	annotated	traA	MobA MobL family protein	L	MobA_MobL
group_2169	0.402298850574713	0.0955414012738854	-0.306757449300827	0.0004997501249375	0.001059637491421533	2.9748426841711053	True	True	Other_lineages_enriched	0.384	0.016	False		Other_lineages_enriched	567.0	annotated	-	Type I restriction modification DNA specificity domain	V	Methylase_S
tabA	0.003831417624521	0.305732484076433	0.301901066451912	0.0004997501249375	0.001059637491421533	2.9748426841711053	True	True	L8L10_enriched	0.0084328882642305	0.58608573436402	False		L8L10_enriched	273.0	annotated	-	single-species biofilm formation	G	DUF386
group_13769	0.157088122605364	0.292993630573248	0.135905507967884	0.0004997501249375	0.001059637491421533	2.9748426841711053	True	False	L8L10_enriched	0.192145862552595	0.405329593267882	False		L8L10_enriched	469.0	valid_protein_no_eggnog_annotation				
group_3420	0.229885057471264	0.292993630573248	0.063108573101984	0.588205897051474	0.6449711916088542	0.19045968320150658	False	False	L8L10_enriched	0.329196603527106	0.364467668190725	False		L8L10_enriched	528.0	annotated	-	AntA/AntB antirepressor	K	ANT,AntA
group_3209	0.0574712643678161	0.273885350318471	0.216414085950655	0.0004997501249375	0.001059637491421533	2.9748426841711053	True	True	L8L10_enriched	0.157642220699109	0.471555860178204	False		L8L10_enriched	397.0	valid_protein_no_eggnog_annotation				
group_2044	0.10727969348659	0.229299363057325	0.122019669570735	0.0004997501249375	0.001059637491421533	2.9748426841711053	True	False	L8L10_enriched	0.148507980569049	0.463566967383761	False		L8L10_enriched	405.0	annotated	-	Bacteriocin class II with double-glycine leader peptide	S	Bacteriocin_IIc
smc_8~~~smc_7~~~smc_5~~~smc_1~~~smc_9~~~smc_4~~~smc_2~~~smc_3~~~smc_6	0.237547892720307	0.121019108280255	-0.116528784440052	0.0024987506246876	0.00467805869792366	2.3299343331843234	True	False	Other_lineages_enriched	0.4332892998679	0.245706737120211	False		Other_lineages_enriched	509.0	annotated	-	nuclear chromosome segregation	D	Gram_pos_anchor
yiaC_2~~~yiaC_1~~~yiaC	0.187739463601533	0.312101910828025	0.124362447226493	0.737131434282859	0.7870538159306611	0.10399557111913016	False	False	L8L10_enriched	0.29346314325452	0.315716272600835	False		L8L10_enriched	601.0	annotated	yiaC	Acetyltransferase (GNAT) domain	K	Acetyltransf_10,Acetyltransf_7
hutI	0.421455938697318	0.0127388535031847	-0.408717085194133	0.0004997501249375	0.001059637491421533	2.9748426841711053	True	True	Other_lineages_enriched	0.400621118012422	0.046583850931677	False		Other_lineages_enriched	543.0	annotated	-	Imidazolonepropionase and related amidohydrolases	Q	Amidohydro_1
fabF	0.0842911877394636	0.178343949044586	0.0940527613051224	0.0644677661169415	0.08932770788701523	1.049013809689607	False	False	L8L10_enriched	0.0677361853832442	0.149732620320856	False		L8L10_enriched	1351.0	annotated	fabF	Catalyzes the condensation reaction of fatty acid synthesis by the addition to an acyl acceptor of two carbons from malonyl-ACP	I	Ketoacyl-synt_C,ketoacyl-synt
group_824	0.0842911877394636	0.178343949044586	0.0940527613051224	0.063968015992004	0.0887098538272951	1.0520281363674704	False	False	L8L10_enriched	0.0677361853832442	0.149732620320856	False		L8L10_enriched	1352.0	annotated	accB	first, biotin carboxylase catalyzes the carboxylation of the carrier protein and then the transcarboxylase transfers the carboxyl group to form malonyl-CoA	I	Biotin_lipoyl
group_594	0.375478927203065	0.133757961783439	-0.241720965419626	0.000999500249875	0.0019983940068799303	2.6993188814033258	True	True	Other_lineages_enriched	0.316706254948535	0.0997624703087886	False		Other_lineages_enriched	656.0	annotated	-	Glycosyl transferases group 1	G	Glyco_transf_4,Glycos_transf_1
group_465	0.421455938697318	0.0127388535031847	-0.408717085194133	0.0004997501249375	0.001059637491421533	2.9748426841711053	True	True	Other_lineages_enriched	0.400621118012422	0.046583850931677	False		Other_lineages_enriched	544.0	annotated	-	glutamate:sodium symporter activity	E	-
asp2~~~asp2_2~~~asp2_1	0.145593869731801	0.197452229299363	0.0518583595675623	0.0329835082458771	0.04804626864286695	1.3183403347537501	True	False	L8L10_enriched	0.248633879781421	0.385245901639344	False		L8L10_enriched	497.0	annotated	asp2	Accessory Sec system GspB-transporter	S	Asp2
gatC_3~~~gatC_2	0.371647509578544	0.0382165605095541	-0.33343094906899	0.0004997501249375	0.001059637491421533	2.9748426841711053	True	True	Other_lineages_enriched	0.451274362818591	0.0494752623688156	False		Other_lineages_enriched	484.0	annotated	pts36C	PTS system sugar-specific permease component	G	EIIC-GAT
xerC_7~~~xerC_4~~~xerC_1~~~IntTn~~~xerD_3~~~xerD_2~~~xerC_3	0.0268199233716475	0.337579617834395	0.310759694462747	0.0004997501249375	0.001059637491421533	2.9748426841711053	True	True	L8L10_enriched	0.102865540044085	0.427626745040411	False		L8L10_enriched	436.0	annotated	sip	Belongs to the 'phage' integrase family	L	Arm-DNA-bind_4,Phage_int_SAM_3,Phage_integrase
group_1604	0.471264367816092	0.0	-0.471264367816092	0.0004997501249375	0.001059637491421533	2.9748426841711053	True	True	Other_lineages_enriched	0.662207357859532	0.0	False		Other_lineages_enriched	268.0	annotated	-	Addiction module antitoxin, RelB DinJ family	L	RelB
dapE_1	0.421455938697318	0.0127388535031847	-0.408717085194133	0.0004997501249375	0.001059637491421533	2.9748426841711053	True	True	Other_lineages_enriched	0.400621118012422	0.046583850931677	False		Other_lineages_enriched	545.0	annotated	dapE	Peptidase dimerisation domain	E	M20_dimer,Peptidase_M20,Peptidase_M28
group_441	0.0	0.356687898089172	0.356687898089172	0.0004997501249375	0.001059637491421533	2.9748426841711053	True	True	L8L10_enriched	0.0	0.6728599867286	False		L8L10_enriched	76.0	annotated	yneR	-	-	-
gspA~~~gspA_3	0.14176245210728	0.305732484076433	0.163970031969153	0.0654672663668166	0.09048432998265969	1.0434266251186173	False	False	L8L10_enriched	0.300257731958763	0.411082474226804	False		L8L10_enriched	461.0	annotated	-	Glycosyl transferase family 8	M	Cys_rich_CPCC,Glyco_transf_8
group_3198	0.283524904214559	0.171974522292994	-0.111550381921566	0.0004997501249375	0.001059637491421533	2.9748426841711053	True	False	Other_lineages_enriched	0.536369386464263	0.198608475648324	False		Other_lineages_enriched	414.0	annotated	-	LPXTG-motif cell wall anchor domain protein	M	Gram_pos_anchor,YSIRK_signal
group_3110	0.279693486590038	0.235668789808917	-0.0440246967811211	0.0004997501249375	0.001059637491421533	2.9748426841711053	True	False	Other_lineages_enriched	0.389242745930644	0.195329087048832	False		Other_lineages_enriched	560.0	valid_protein_no_eggnog_annotation				
group_2433	0.459770114942529	0.0063694267515923	-0.453400688190936	0.0004997501249375	0.001059637491421533	2.9748426841711053	True	True	Other_lineages_enriched	0.644250168123739	0.0107599193006052	False		Other_lineages_enriched	304.0	annotated	-	Antitoxin component of a toxin-antitoxin (TA) module	D	PhdYeFM_antitox
group_1015	0.390804597701149	0.0636942675159236	-0.327110330185226	0.0004997501249375	0.001059637491421533	2.9748426841711053	True	True	Other_lineages_enriched	0.324825986078886	0.128383604021655	False		Other_lineages_enriched	639.0	annotated	-	Psort location CytoplasmicMembrane, score	S	PTPS_related
group_3878	0.0957854406130268	0.318471337579618	0.222685896966591	0.0004997501249375	0.001059637491421533	2.9748426841711053	True	True	L8L10_enriched	0.121640735502122	0.463932107496464	False		L8L10_enriched	403.0	annotated	-	-	-	-
group_3597	0.176245210727969	0.254777070063694	0.0785318593357249	0.0539730134932534	0.07574151595411838	1.1206660067948098	False	False	L8L10_enriched	0.278666666666667	0.388	False		L8L10_enriched	491.0	annotated	-	Domain of unknown function (DUF4355)	S	DUF4355
group_2638	0.383141762452107	0.114649681528662	-0.268492080923445	0.0004997501249375	0.001059637491421533	2.9748426841711053	True	True	Other_lineages_enriched	0.341346153846154	0.0560897435897436	False		Other_lineages_enriched	614.0	valid_protein_no_eggnog_annotation				
group_2147	0.402298850574713	0.0382165605095541	-0.364082290065159	0.0004997501249375	0.001059637491421533	2.9748426841711053	True	True	Other_lineages_enriched	0.558885017421603	0.0473867595818815	False		Other_lineages_enriched	394.0	valid_protein_no_eggnog_annotation				
group_1989	0.203065134099617	0.222929936305732	0.0198648022061156	0.100449775112444	0.13340669447622047	0.874822376557902	False	False	L8L10_enriched	0.317413666421749	0.213078618662748	False		direction_ambiguous		valid_protein_no_eggnog_annotation				
group_1409	0.46360153256705	0.0	-0.46360153256705	0.0004997501249375	0.001059637491421533	2.9748426841711053	True	True	Other_lineages_enriched	0.651382333108564	0.0	False		Other_lineages_enriched	292.0	annotated	-	Bacterial toxin of type II toxin-antitoxin system, YafQ	S	YafQ_toxin
group_1408	0.455938697318008	0.0	-0.455938697318008	0.0004997501249375	0.001059637491421533	2.9748426841711053	True	True	Other_lineages_enriched	0.625429553264605	0.0	False		Other_lineages_enriched	320.0	annotated	-	-	-	-
sdpI	0.0	0.318471337579618	0.318471337579618	0.0004997501249375	0.001059637491421533	2.9748426841711053	True	True	L8L10_enriched	0.0	0.631074606433949	False		L8L10_enriched	254.0	valid_protein_no_eggnog_annotation				
group_149	0.0076628352490421	0.547770700636943	0.540107865387901	0.0004997501249375	0.001059637491421533	2.9748426841711053	True	True	L8L10_enriched	0.0231809401159047	0.688989053444945	False		L8L10_enriched	39.0	annotated	-	Short repeat of unknown function (DUF308)	S	DUF308
group_3822	0.406130268199234	0.0828025477707006	-0.323327720428533	0.0004997501249375	0.001059637491421533	2.9748426841711053	True	True	Other_lineages_enriched	0.477769404672193	0.0150715900527506	False		Other_lineages_enriched	461.0	annotated	B4168_4126	Transposase	L	Transposase_mut
group_3413	0.164750957854406	0.235668789808917	0.0709178319545111	0.0019990004997501	0.0038205955027126337	2.4178689398669198	True	False	L8L10_enriched	0.216916780354707	0.418826739427012	False		L8L10_enriched	452.0	valid_protein_no_eggnog_annotation				
group_3066	0.0229885057471264	0.356687898089172	0.333699392342045	0.0004997501249375	0.001059637491421533	2.9748426841711053	True	True	L8L10_enriched	0.0812544547398432	0.493228795438346	False		L8L10_enriched	375.0	annotated	-	helicase	L	Helicase_C,Mrr_cat_2,N6_Mtase,ResIII
group_2432	0.452107279693487	0.0	-0.452107279693487	0.0004997501249375	0.001059637491421533	2.9748426841711053	True	True	Other_lineages_enriched	0.645903859174001	0.0	False		Other_lineages_enriched	300.0	annotated	-	CobQ CobB MinD ParA nucleotide binding domain protein	D	AAA_31
group_2385	0.417624521072797	0.0382165605095541	-0.379407960563243	0.0004997501249375	0.001059637491421533	2.9748426841711053	True	True	Other_lineages_enriched	0.418434528163862	0.118507681053402	False		Other_lineages_enriched	527.0	valid_protein_no_eggnog_annotation				
baeC~~~fenF	0.0881226053639847	0.171974522292994	0.083851916929009	0.0689655172413793	0.09488157800014395	1.0228181010555284	False	False	L8L10_enriched	0.0679177837354781	0.144772117962467	False		L8L10_enriched	1387.0	annotated	fabD	Malonyl CoA-acyl carrier protein transacylase	I	Acyl_transf_1
group_232	0.0268199233716475	0.388535031847134	0.361715108475486	0.0004997501249375	0.001059637491421533	2.9748426841711053	True	True	L8L10_enriched	0.0937718684394682	0.50664800559832	False		L8L10_enriched	360.0	annotated	-	-	-	-
group_203	0.409961685823755	0.0063694267515923	-0.403592259072162	0.0004997501249375	0.001059637491421533	2.9748426841711053	True	True	Other_lineages_enriched	0.535353535353535	0.0216450216450216	False		Other_lineages_enriched	415.0	valid_protein_no_eggnog_annotation				
fabZ_1	0.0842911877394636	0.178343949044586	0.0940527613051224	0.0789605197401299	0.10706786524433251	0.9703408563500725	False	False	L8L10_enriched	0.0677361853832442	0.149732620320856	False		L8L10_enriched	1353.0	annotated	fabZ	Involved in unsaturated fatty acids biosynthesis. Catalyzes the dehydration of short chain beta-hydroxyacyl-ACPs and long chain saturated and unsaturated beta-hydroxyacyl-ACPs	I	FabA
rclA_3~~~rclA_2~~~rclA_1	0.452107279693487	0.0063694267515923	-0.445737852941894	0.0004997501249375	0.001059637491421533	2.9748426841711053	True	True	Other_lineages_enriched	0.624829467939973	0.0109140518417462	False		Other_lineages_enriched	322.0	annotated	-	Pyridine nucleotide-disulfide oxidoreductase	C	Pyr_redox_2,Pyr_redox_dim
group_2640	0.157088122605364	0.299363057324841	0.142274934719477	0.0004997501249375	0.001059637491421533	2.9748426841711053	True	False	L8L10_enriched	0.189488243430152	0.427385892116183	False		L8L10_enriched	438.0	annotated	hsdM	type I restriction-modification system	V	HsdM_N,N6_Mtase
dinJ	0.452107279693487	0.0	-0.452107279693487	0.0004997501249375	0.001059637491421533	2.9748426841711053	True	True	Other_lineages_enriched	0.61782999308915	0.0	False		Other_lineages_enriched	326.0	annotated	-	RelB antitoxin	S	RelB
group_2068	0.371647509578544	0.0382165605095541	-0.33343094906899	0.0004997501249375	0.001059637491421533	2.9748426841711053	True	True	Other_lineages_enriched	0.451274362818591	0.0494752623688156	False		Other_lineages_enriched	485.0	annotated	pts36A	Phosphoenolpyruvate-dependent sugar phosphotransferase system, EIIA 2	G	PTS_EIIA_2
group_1896	0.172413793103448	0.254777070063694	0.082363276960246	0.0474762618690655	0.06731251413879984	1.1719041881356278	False	False	L8L10_enriched	0.271753681392236	0.389558232931727	False		L8L10_enriched	487.0	annotated	-	-	-	-
group_1195	0.0383141762452107	0.356687898089172	0.318373721843961	0.0004997501249375	0.001059637491421533	2.9748426841711053	True	True	L8L10_enriched	0.0843828715365239	0.656171284634761	False		L8L10_enriched	233.0	valid_protein_no_eggnog_annotation				
group_998	0.360153256704981	0.0382165605095541	-0.321936696195427	0.0004997501249375	0.001059637491421533	2.9748426841711053	True	True	Other_lineages_enriched	0.448948948948949	0.0495495495495496	False		Other_lineages_enriched	490.0	valid_protein_no_eggnog_annotation				
group_895	0.452107279693487	0.0	-0.452107279693487	0.0004997501249375	0.001059637491421533	2.9748426841711053	True	True	Other_lineages_enriched	0.642226748133062	0.0	False		Other_lineages_enriched	306.0	annotated	-	-	-	-
group_440	0.371647509578544	0.0382165605095541	-0.33343094906899	0.0004997501249375	0.001059637491421533	2.9748426841711053	True	True	Other_lineages_enriched	0.451274362818591	0.0494752623688156	False		Other_lineages_enriched	486.0	annotated	-	PTS system, Lactose/Cellobiose specific IIB subunit	G	PTS_IIB
group_3902	0.0383141762452107	0.312101910828025	0.273787734582815	0.0004997501249375	0.001059637491421533	2.9748426841711053	True	True	L8L10_enriched	0.125690607734807	0.493093922651934	False		L8L10_enriched	376.0	valid_protein_no_eggnog_annotation				
group_3547	0.0881226053639847	0.45859872611465	0.370476120750665	0.0004997501249375	0.001059637491421533	2.9748426841711053	True	True	L8L10_enriched	0.0820760410380205	0.710923355461678	False		L8L10_enriched	30.0	annotated	-	Transposase IS200 like	L	Y1_Tnp
group_2992	0.283524904214559	0.114649681528662	-0.168875222685897	0.000999500249875	0.0019983940068799303	2.6993188814033258	True	False	Other_lineages_enriched	0.397222222222222	0.213888888888889	False		Other_lineages_enriched	546.0	annotated	-	-	-	DUF3895
glpR~~~glcR_4~~~glcR_3	0.367816091954023	0.0382165605095541	-0.329599531444469	0.0004997501249375	0.001059637491421533	2.9748426841711053	True	True	Other_lineages_enriched	0.451274362818591	0.0494752623688156	False		Other_lineages_enriched	487.0	annotated	rdrB	DeoR C terminal sensor domain	K	DeoRC,HTH_DeoR
group_545	0.18007662835249	0.280254777070064	0.100178148717573	0.0064967516241879	0.011254887803206694	1.9486588300007415	True	False	L8L10_enriched	0.391695501730104	0.224221453287197	False		direction_ambiguous		valid_protein_no_eggnog_annotation				
group_363	0.448275862068966	0.0063694267515923	-0.441906435317373	0.0004997501249375	0.001059637491421533	2.9748426841711053	True	True	Other_lineages_enriched	0.628571428571429	0.0108843537414966	False		Other_lineages_enriched	316.0	annotated	-	-	-	-
group_3484	0.444444444444444	0.0063694267515923	-0.438075017692852	0.0004997501249375	0.001059637491421533	2.9748426841711053	True	True	Other_lineages_enriched	0.632293080054274	0.0108548168249661	False		Other_lineages_enriched	315.0	annotated	-	-	-	-
group_1616	0.241379310344828	0.210191082802548	-0.0311882275422798	0.0004997501249375	0.001059637491421533	2.9748426841711053	True	False	Other_lineages_enriched	0.388967468175389	0.196605374823197	False		Other_lineages_enriched	561.0	annotated	-	-	-	DUF3895
group_2922	0.344827586206897	0.0955414012738854	-0.249286184933011	0.0004997501249375	0.001059637491421533	2.9748426841711053	True	True	Other_lineages_enriched	0.43448275862069	0.186206896551724	False		Other_lineages_enriched	507.0	annotated	-	Helix-turn-helix XRE-family like proteins	K	HTH_3
group_2834	0.21455938697318	0.159235668789809	-0.0553237181833712	0.360819590204898	0.42040330612628674	0.3763338772614049	False	False	Other_lineages_enriched	0.253055355859094	0.309130122214234	False		direction_ambiguous		annotated	-	AAA domain	S	AAA_24
dinG_2~~~dinG_1~~~dinG_3	0.206896551724138	0.24203821656051	0.0351416648363716	0.0004997501249375	0.001059637491421533	2.9748426841711053	True	False	L8L10_enriched	0.389242745930644	0.195329087048832	False		direction_ambiguous		annotated	-	RNase_H superfamily	L	RNase_T
group_2186	0.0957854406130268	0.312101910828025	0.216316470214999	0.0004997501249375	0.001059637491421533	2.9748426841711053	True	True	L8L10_enriched	0.123297491039426	0.443010752688172	False		L8L10_enriched	427.0	annotated	-	-	-	-
group_1038	0.003831417624521	0.280254777070064	0.276423359445543	0.0004997501249375	0.001059637491421533	2.9748426841711053	True	True	L8L10_enriched	0.023082145281738	0.619144602851324	False		L8L10_enriched	260.0	annotated	-	Beta-lactamase superfamily domain	S	Lactamase_B_2,Lactamase_B_3
group_825	0.0842911877394636	0.171974522292994	0.08768333455353	0.0839580209895052	0.11309962353246919	0.9465388406805868	False	False	L8L10_enriched	0.0679177837354781	0.144772117962467	False		L8L10_enriched	1384.0	annotated	fabG	reductase	IQ	adh_short_C2
group_453	0.440613026819923	0.0063694267515923	-0.434243600068331	0.0004997501249375	0.001059637491421533	2.9748426841711053	True	True	Other_lineages_enriched	0.605809128630705	0.0110650069156293	False		Other_lineages_enriched	329.0	annotated	-	NUDIX domain	F	NUDIX
tetM_2~~~tetO~~~tetM~~~tetM_1~~~tetM	0.0191570881226054	0.617834394904459	0.598677306781853	0.0004997501249375	0.001059637491421533	2.9748426841711053	True	True	L8L10_enriched	0.0510137344669719	0.640941792020929	True	tet(M);tet(O)	L8L10_enriched	248.0	annotated	-	Elongation factor	J	EFG_C,EFG_II,EFG_IV,GTP_EFTU
group_3558	0.409961685823755	0.0127388535031847	-0.39722283232057	0.0004997501249375	0.001059637491421533	2.9748426841711053	True	True	Other_lineages_enriched	0.373608903020668	0.0365659777424483	False		Other_lineages_enriched	583.0	annotated	-	AAA domain	L	AAA_23
group_3131	0.409961685823755	0.0127388535031847	-0.39722283232057	0.0004997501249375	0.001059637491421533	2.9748426841711053	True	True	Other_lineages_enriched	0.373608903020668	0.0365659777424483	False		Other_lineages_enriched	584.0	annotated	-	-	-	-
smc_3~~~smc_1~~~smc_5~~~smc_4~~~smc_2~~~smc_6	0.003831417624521	0.222929936305732	0.219098518681211	0.0004997501249375	0.001059637491421533	2.9748426841711053	True	True	L8L10_enriched	0.0260336906584992	0.442572741194487	False		L8L10_enriched	428.0	annotated	-	nuclear chromosome segregation	D	Gram_pos_anchor
yjhC	0.0	0.24203821656051	0.24203821656051	0.0004997501249375	0.001059637491421533	2.9748426841711053	True	True	L8L10_enriched	0.0	0.509687034277198	False		L8L10_enriched	351.0	annotated	-	Oxidoreductase family, C-terminal alpha/beta domain	S	GFO_IDH_MocA,GFO_IDH_MocA_C
group_1177	0.0191570881226054	0.554140127388535	0.53498303926593	0.0004997501249375	0.001059637491421533	2.9748426841711053	True	True	L8L10_enriched	0.0314852840520192	0.59958932238193	False		L8L10_enriched	266.0	annotated	-	Lactococcus lactis RepB C-terminus	L	L_lactis_RepB_C,Rep_3
dkgA~~~yvgN_2	0.379310344827586	0.0509554140127389	-0.328354930814847	0.0004997501249375	0.001059637491421533	2.9748426841711053	True	True	Other_lineages_enriched	0.34317637669593	0.0606544293695132	False		Other_lineages_enriched	608.0	annotated	akr5f	reductase	S	Aldo_ket_red
yjmB_1~~~yjmB_2~~~yjmB	0.0	0.24203821656051	0.24203821656051	0.0004997501249375	0.001059637491421533	2.9748426841711053	True	True	L8L10_enriched	0.0	0.509687034277198	False		L8L10_enriched	352.0	annotated	gph	MFS/sugar transport protein	G	MFS_2
pncB2_1~~~pncB2_2~~~pncB	0.436781609195402	0.0063694267515923	-0.43041218244381	0.0004997501249375	0.001059637491421533	2.9748426841711053	True	True	Other_lineages_enriched	0.583274771609276	0.011243851018974	False		Other_lineages_enriched	366.0	annotated	nadC2	Catalyzes the synthesis of beta-nicotinate D- ribonucleotide from nicotinate and 5-phospho-D-ribose 1-phosphate at the expense of ATP	F	NAPRTase
group_2734	0.409961685823755	0.0127388535031847	-0.39722283232057	0.0004997501249375	0.001059637491421533	2.9748426841711053	True	True	Other_lineages_enriched	0.373608903020668	0.0365659777424483	False		Other_lineages_enriched	585.0	annotated	-	-	-	-
group_2367	0.0229885057471264	0.401273885350318	0.378285379603192	0.0004997501249375	0.001059637491421533	2.9748426841711053	True	True	L8L10_enriched	0.0767085076708508	0.528591352859135	False		L8L10_enriched	338.0	annotated	-	Phage regulatory protein Rha (Phage_pRha)	S	Phage_pRha
group_2215	0.0229885057471264	0.394904458598726	0.3719159528516	0.0004997501249375	0.001059637491421533	2.9748426841711053	True	True	L8L10_enriched	0.0773014757554462	0.517217146872804	False		L8L10_enriched	346.0	annotated	arpU	Transcriptional regulator, ArpU family	S	-
group_575	0.145593869731801	0.235668789808917	0.0900749200771164	0.222888555722139	0.27393427493638495	0.5623536249769203	False	False	L8L10_enriched	0.211552888222055	0.288072018004501	False		L8L10_enriched	655.0	annotated	-	GHKL domain	T	HATPase_c_5
group_3873	0.145593869731801	0.235668789808917	0.0900749200771164	0.0409795102448776	0.058861153555741806	1.2301712308877144	False	False	L8L10_enriched	0.223175965665236	0.34620886981402	False		L8L10_enriched	558.0	valid_protein_no_eggnog_annotation				
group_2733	0.39463601532567	0.0254777070063694	-0.369158308319301	0.0004997501249375	0.001059637491421533	2.9748426841711053	True	True	Other_lineages_enriched	0.33868378812199	0.0561797752808989	False		Other_lineages_enriched	619.0	annotated	-	Phage regulatory protein Rha (Phage_pRha)	S	ORF11CD3,Phage_pRha
group_2272	0.10727969348659	0.305732484076433	0.198452790589843	0.0089955022488755	0.01516897641251012	1.8190437239856339	True	False	L8L10_enriched	0.215949188426253	0.372618207480593	False		L8L10_enriched	515.0	annotated	-	Type I restriction modification DNA specificity domain	V	Methylase_S
group_2232	0.0114942528735632	0.496815286624204	0.485321033750641	0.0004997501249375	0.001059637491421533	2.9748426841711053	True	True	L8L10_enriched	0.041522491349481	0.57439446366782	False		L8L10_enriched	283.0	valid_protein_no_eggnog_annotation				
group_1619	0.0076628352490421	0.254777070063694	0.247114234814652	0.0004997501249375	0.001059637491421533	2.9748426841711053	True	True	L8L10_enriched	0.0357976653696498	0.407782101167315	False		L8L10_enriched	466.0	annotated	-	Putative ATP-dependent DNA helicase recG C-terminal	K	AlbA_2,HATPase_c_4
group_1568	0.409961685823755	0.0191082802547771	-0.390853405568978	0.0004997501249375	0.001059637491421533	2.9748426841711053	True	True	Other_lineages_enriched	0.422238918106687	0.0751314800901578	False		Other_lineages_enriched	521.0	annotated	-	competence protein	K	Band_7_1,DZR,Pribosyltran,Proteasom_PSMB,zinc_ribbon_2
group_1411	0.176245210727969	0.305732484076433	0.129487273348464	1.0	1.0	-0.0	False	False	L8L10_enriched	0.196457326892109	0.193236714975845	False		direction_ambiguous		annotated	-	-	-	-
group_823	0.0804597701149425	0.178343949044586	0.0978841789296434	0.0369815092453773	0.053538696381159136	1.2713322076982403	False	False	L8L10_enriched	0.0642857142857143	0.15	False		L8L10_enriched	1346.0	annotated	accC	Acetyl-CoA carboxylase biotin carboxylase subunit	I	Biotin_carb_C,Biotin_carb_N,CPSase_L_D2
group_9123	0.275862068965517	0.121019108280255	-0.154842960685262	0.0004997501249375	0.001059637491421533	2.9748426841711053	True	False	Other_lineages_enriched	0.315873015873016	0.0968253968253968	False		Other_lineages_enriched	657.0	valid_protein_no_eggnog_annotation				
group_3631	0.21455938697318	0.273885350318471	0.0593259633452912	0.000999500249875	0.0019983940068799303	2.6993188814033258	True	False	L8L10_enriched	0.408831908831909	0.166666666666667	False		direction_ambiguous		annotated	-	Bacterial Ig-like domain 2	N	Big_2,F5_F8_type_C
group_2514	0.0229885057471264	0.401273885350318	0.378285379603192	0.0004997501249375	0.001059637491421533	2.9748426841711053	True	True	L8L10_enriched	0.0769769069279216	0.523442967109867	False		L8L10_enriched	341.0	annotated	-	-	-	HTH_11
group_2489	0.0114942528735632	0.496815286624204	0.485321033750641	0.0004997501249375	0.001059637491421533	2.9748426841711053	True	True	L8L10_enriched	0.041522491349481	0.57439446366782	False		L8L10_enriched	284.0	valid_protein_no_eggnog_annotation				
group_2195	0.0996168582375479	0.375796178343949	0.276179320106401	0.0004997501249375	0.001059637491421533	2.9748426841711053	True	True	L8L10_enriched	0.208446866485014	0.429155313351499	False		L8L10_enriched	435.0	annotated	-	Transposase	L	HTH_28
group_826	0.0842911877394636	0.171974522292994	0.08768333455353	0.0859570214892554	0.11541499014144112	0.9377377811896191	False	False	L8L10_enriched	0.0679177837354781	0.144772117962467	False		L8L10_enriched	1385.0	annotated	acpP	Carrier of the growing fatty acid chain in fatty acid biosynthesis	IQ	PP-binding
group_319	0.172413793103448	0.305732484076433	0.133318690972985	0.286856571714143	0.34147124414671287	0.46664586309292927	False	False	L8L10_enriched	0.228782287822878	0.29520295202952	False		L8L10_enriched	647.0	valid_protein_no_eggnog_annotation				
group_230	0.0229885057471264	0.401273885350318	0.378285379603192	0.0004997501249375	0.001059637491421533	2.9748426841711053	True	True	L8L10_enriched	0.0769769069279216	0.523442967109867	False		L8L10_enriched	342.0	annotated	-	-	-	-
group_3612	0.39463601532567	0.0254777070063694	-0.369158308319301	0.0004997501249375	0.001059637491421533	2.9748426841711053	True	True	Other_lineages_enriched	0.349881796690307	0.0740740740740741	False		Other_lineages_enriched	601.0	annotated	-	-	-	-
cna~~~cna_1	0.421455938697318	0.0063694267515923	-0.415086511945726	0.0004997501249375	0.001059637491421533	2.9748426841711053	True	True	Other_lineages_enriched	0.55793991416309	0.011444921316166	False		Other_lineages_enriched	396.0	annotated	-	Cna protein B-type domain	M	Cna_B,Collagen_bind,Gram_pos_anchor
group_3380	0.379310344827586	0.0063694267515923	-0.372940918075994	0.0004997501249375	0.001059637491421533	2.9748426841711053	True	True	Other_lineages_enriched	0.55325232308792	0.0171551107934239	False		Other_lineages_enriched	401.0	annotated	-	Replication initiation factor	K	HTH_3,Omega_Repress,Rep_trans
group_2957	0.10727969348659	0.191082802547771	0.0838031090611807	0.0004997501249375	0.001059637491421533	2.9748426841711053	True	False	L8L10_enriched	0.151558073654391	0.432011331444759	False		L8L10_enriched	433.0	annotated	-	-	-	-
group_2867	0.386973180076628	0.0382165605095541	-0.348756619567074	0.0004997501249375	0.001059637491421533	2.9748426841711053	True	True	Other_lineages_enriched	0.580424366872005	0.0506502395619439	False		Other_lineages_enriched	375.0	annotated	-	-	-	-
group_2683	0.183908045977011	0.292993630573248	0.109085584596237	0.519740129935032	0.5819040870322564	0.23514859250701373	False	False	L8L10_enriched	0.299927901946647	0.258111031002163	False		direction_ambiguous		valid_protein_no_eggnog_annotation				
ecfA1_1~~~btuD_3~~~ecfA1_2~~~ecfA1_3	0.421455938697318	0.0063694267515923	-0.415086511945726	0.0004997501249375	0.001059637491421533	2.9748426841711053	True	True	Other_lineages_enriched	0.582278481012658	0.0112517580872011	False		Other_lineages_enriched	368.0	annotated	-	ABC transporter	P	ABC_tran
group_2281	0.0651340996168582	0.401273885350318	0.33613978573346	0.0004997501249375	0.001059637491421533	2.9748426841711053	True	True	L8L10_enriched	0.15	0.461111111111111	False		L8L10_enriched	408.0	annotated	-	Phage tail assembly chaperone proteins, TAC	S	Phage_TAC_3
group_1193	0.0613026819923372	0.35031847133758	0.289015789345242	0.0004997501249375	0.001059637491421533	2.9748426841711053	True	True	L8L10_enriched	0.0725689404934688	0.476052249637155	False		L8L10_enriched	392.0	annotated	-	-	-	-
group_957	0.390804597701149	0.0127388535031847	-0.378065744197965	0.0004997501249375	0.001059637491421533	2.9748426841711053	True	True	Other_lineages_enriched	0.338486574450773	0.0341741253051261	False		Other_lineages_enriched	620.0	valid_protein_no_eggnog_annotation				
fabH_2	0.0842911877394636	0.171974522292994	0.08768333455353	0.0759620189905048	0.10325695238189493	0.9860806972556585	False	False	L8L10_enriched	0.0679177837354781	0.144772117962467	False		L8L10_enriched	1386.0	annotated	fabH	Catalyzes the condensation reaction of fatty acid synthesis by the addition to an acyl acceptor of two carbons from malonyl-ACP. Catalyzes the first condensation reaction which initiates fatty acid synthesis and may therefore play a role in governing the total rate of fatty acid production. Possesses both acetoacetyl-ACP synthase and acetyl transacylase activities. Its substrate specificity determines the biosynthesis of branched- chain and or straight-chain of fatty acids	I	ACP_syn_III,ACP_syn_III_C
group_3884	0.183908045977011	0.299363057324841	0.115455011347829	1.0	1.0	-0.0	False	False	L8L10_enriched	0.278260869565217	0.272463768115942	False		direction_ambiguous		annotated	-	Transposase and inactivated derivatives, IS30 family DNA replication, recombination, and repair	L	HTH_38,rve
group_3358	0.164750957854406	0.248407643312102	0.0836566854576958	0.0609695152423788	0.08494484258927618	1.070862984105265	False	False	L8L10_enriched	0.209131075110457	0.318114874815906	False		L8L10_enriched	598.0	annotated	-	-	-	-
group_3318	0.229885057471264	0.171974522292994	-0.0579105351782707	0.0149925037481259	0.023715938478192436	1.6249596849342671	True	False	Other_lineages_enriched	0.222692036645525	0.367864693446089	False		direction_ambiguous		valid_protein_no_eggnog_annotation				
asp1_2~~~asp1~~~asp1_1	0.145593869731801	0.197452229299363	0.0518583595675623	0.0289855072463768	0.04267526647757443	1.3698237583355768	True	False	L8L10_enriched	0.248633879781421	0.385245901639344	False		L8L10_enriched	498.0	annotated	asp1	Accessory Sec system protein Asp1	S	Asp1
group_2475	0.0651340996168582	0.407643312101911	0.342509212485053	0.0004997501249375	0.001059637491421533	2.9748426841711053	True	True	L8L10_enriched	0.149791955617198	0.463245492371706	False		L8L10_enriched	406.0	annotated	-	Phage tail tube protein	S	Phage_TTP_1
smc_7~~~smc_3	0.0689655172413793	0.414012738853503	0.345047221612124	0.0004997501249375	0.001059637491421533	2.9748426841711053	True	True	L8L10_enriched	0.162790697674419	0.46922024623803	False		L8L10_enriched	400.0	annotated	-	Phage tail tape measure protein TP901	L	NLPC_P60,PhageMin_Tail,SLT
gntT~~~idnT	0.130268199233716	0.24203821656051	0.111770017326793	0.208395802098951	0.2577568197883046	0.5887898352306877	False	False	L8L10_enriched	0.239130434782609	0.311594202898551	False		L8L10_enriched	609.0	annotated	-	Gluconate	EG	GntP_permease
ecfA1_1~~~btuD_4~~~btuD_3~~~ecfA2_1~~~ecfA1_2	0.417624521072797	0.0063694267515923	-0.411255094321205	0.0004997501249375	0.001059637491421533	2.9748426841711053	True	True	Other_lineages_enriched	0.58128078817734	0.0112596762843068	False		Other_lineages_enriched	372.0	annotated	-	ABC transporter	P	ABC_tran
group_1855	0.0651340996168582	0.401273885350318	0.33613978573346	0.0004997501249375	0.001059637491421533	2.9748426841711053	True	True	L8L10_enriched	0.15	0.461111111111111	False		L8L10_enriched	409.0	valid_protein_no_eggnog_annotation				
group_3675	0.252873563218391	0.203821656050955	-0.0490519071674354	0.0004997501249375	0.001059637491421533	2.9748426841711053	True	False	Other_lineages_enriched	0.428871758934828	0.16958654519972	False		Other_lineages_enriched	514.0	annotated	-	Calcineurin-like phosphoesterase	S	-
group_3470	0.0229885057471264	0.401273885350318	0.378285379603192	0.0004997501249375	0.001059637491421533	2.9748426841711053	True	True	L8L10_enriched	0.0804093567251462	0.457602339181287	False		L8L10_enriched	410.0	valid_protein_no_eggnog_annotation				
rutB	0.417624521072797	0.0	-0.417624521072797	0.0004997501249375	0.001059637491421533	2.9748426841711053	True	True	Other_lineages_enriched	0.589562764456982	0.0	False		Other_lineages_enriched	350.0	annotated	pncA	Isochorismatase family	Q	Isochorismatase
nisC	0.383141762452107	0.0127388535031847	-0.370402908948923	0.0004997501249375	0.001059637491421533	2.9748426841711053	True	True	Other_lineages_enriched	0.476831091180867	0.0284005979073244	False		Other_lineages_enriched	462.0	annotated	spaC1	Lanthionine synthetase C-like protein	V	LANC_like
nisZ	0.390804597701149	0.0127388535031847	-0.378065744197965	0.0004997501249375	0.001059637491421533	2.9748426841711053	True	True	Other_lineages_enriched	0.49037037037037	0.0281481481481481	False		Other_lineages_enriched	448.0	annotated	-	Lanthionine-containing peptide antibiotic (lantibiotic) active on Gram-positive bacteria. The bactericidal activity of lantibiotics is based on depolarization of energized bacterial cytoplasmic membranes, initiated by the formation of aqueous transmembrane pores	S	Gallidermin
group_1373	0.390804597701149	0.0254777070063694	-0.36532689069478	0.0004997501249375	0.001059637491421533	2.9748426841711053	True	True	Other_lineages_enriched	0.350353495679497	0.0785545954438335	False		Other_lineages_enriched	600.0	annotated	-	Acyltransferase family	S	Acyl_transf_3
nanB~~~nanB_1~~~nanB_2	0.0	0.21656050955414	0.21656050955414	0.0004997501249375	0.001059637491421533	2.9748426841711053	True	True	L8L10_enriched	0.0	0.46272098385857	False		L8L10_enriched	407.0	annotated	nanB	BNR repeat-like domain	G	BNR,BNR_2,Sialidase
group_12344	0.367816091954023	0.0127388535031847	-0.355077238450838	0.0004997501249375	0.001059637491421533	2.9748426841711053	True	True	Other_lineages_enriched	0.317880794701987	0.0264900662251656	False		Other_lineages_enriched	653.0	annotated	-	Hydrolase, nudix family	F	NUDIX,Nudix_N
group_3402	0.160919540229885	0.152866242038217	-0.0080532981916685	0.208895552223888	0.2581811119946403	0.5880755330089881	False	False	Other_lineages_enriched	0.210052513128282	0.289572393098275	False		direction_ambiguous		annotated	-	-	-	-
group_3197	0.145593869731801	0.140127388535032	-0.0054664811967689	0.768615692153923	0.8143372043881595	0.08919572326760808	False	False	Other_lineages_enriched	0.208300704776821	0.225528582615505	False		direction_ambiguous		annotated	-	Putative inner membrane exporter, YdcZ	S	DMT_YdcZ
group_3017	0.409961685823755	0.0063694267515923	-0.403592259072162	0.0004997501249375	0.001059637491421533	2.9748426841711053	True	True	Other_lineages_enriched	0.487621905476369	0.0120030007501875	False		Other_lineages_enriched	451.0	annotated	-	Protein of unknown function (DUF3021)	S	DUF3021
group_1961	0.409961685823755	0.0063694267515923	-0.403592259072162	0.0004997501249375	0.001059637491421533	2.9748426841711053	True	True	Other_lineages_enriched	0.576271186440678	0.0112994350282486	False		Other_lineages_enriched	380.0	annotated	-	HNH endonuclease	V	-
drrA	0.409961685823755	0.0063694267515923	-0.403592259072162	0.0004997501249375	0.001059637491421533	2.9748426841711053	True	True	Other_lineages_enriched	0.501115241635688	0.0118959107806691	False		Other_lineages_enriched	440.0	annotated	cylA	ABC transporter	V	ABC_tran,DUF4162
group_1056	0.409961685823755	0.0063694267515923	-0.403592259072162	0.0004997501249375	0.001059637491421533	2.9748426841711053	True	True	Other_lineages_enriched	0.492146596858639	0.0119670905011219	False		Other_lineages_enriched	446.0	annotated	cylB	ABC-2 type transporter	V	ABC2_membrane,ABC2_membrane_3
group_2646	0.199233716475096	0.171974522292994	-0.0272591941821022	0.0614692653673163	0.08556874921221258	1.0676848161958679	False	False	Other_lineages_enriched	0.22478386167147	0.334293948126801	False		direction_ambiguous		annotated	-	-	-	DUF3895
group_2388	0.199233716475096	0.229299363057325	0.0300656465822291	0.19240379810095	0.2395958105603289	0.6205207800491632	False	False	L8L10_enriched	0.303387334315169	0.223858615611193	False		direction_ambiguous		annotated	-	Fic/DOC family	S	Fic
group_2099	0.0498084291187739	0.35031847133758	0.300510042218806	0.0004997501249375	0.001059637491421533	2.9748426841711053	True	True	L8L10_enriched	0.0975609756097561	0.378048780487805	False		L8L10_enriched	505.0	annotated	-	YCII-related domain	S	YCII
accD	0.0766283524904215	0.178343949044586	0.101715596554165	0.0389805097451274	0.05613670437508514	1.2507530871366892	False	False	L8L10_enriched	0.0642857142857143	0.15	False		L8L10_enriched	1344.0	annotated	accD	Component of the acetyl coenzyme A carboxylase (ACC) complex. Biotin carboxylase (BC) catalyzes the carboxylation of biotin on its carrier protein (BCCP) and then the CO(2) group is transferred by the transcarboxylase to acetyl-CoA to form malonyl- CoA	I	Carboxyl_trans
group_366	0.406130268199234	0.0063694267515923	-0.399760841447641	0.0004997501249375	0.001059637491421533	2.9748426841711053	True	True	Other_lineages_enriched	0.572237960339943	0.0113314447592068	False		Other_lineages_enriched	383.0	annotated	-	SMI1 / KNR4 family (SUKH-1)	G	SMI1_KNR4
group_227	0.0268199233716475	0.343949044585987	0.31712912121434	0.0004997501249375	0.001059637491421533	2.9748426841711053	True	True	L8L10_enriched	0.0873015873015873	0.58994708994709	False		L8L10_enriched	270.0	valid_protein_no_eggnog_annotation				
group_3109	0.210727969348659	0.254777070063694	0.0440491007150353	0.581209395302349	0.63836165250708	0.19493320969739664	False	False	L8L10_enriched	0.263355906696764	0.231753197893153	False		direction_ambiguous		annotated	-	D5 N terminal like	S	D5_N,Pox_D5
group_1908	0.0153256704980843	0.382165605095541	0.366839934597457	0.0004997501249375	0.001059637491421533	2.9748426841711053	True	True	L8L10_enriched	0.0676258992805755	0.493525179856115	False		L8L10_enriched	374.0	valid_protein_no_eggnog_annotation				
group_1385	0.114942528735632	0.337579617834395	0.222637089098763	0.12143928035982	0.158912799358859	0.7988411218797146	False	False	L8L10_enriched	0.248587570621469	0.338983050847458	False		L8L10_enriched	564.0	annotated	-	PFAM SpoVT AbrB	T	-
group_893	0.256704980842912	0.184713375796178	-0.0719916050467335	0.105447276361819	0.13936974553236806	0.8558314929122639	False	False	Other_lineages_enriched	0.297968397291196	0.197140707298721	False		Other_lineages_enriched	680.0	annotated	-	Xylose isomerase domain protein TIM barrel	G	AP_endonuc_2
group_684	0.402298850574713	0.0063694267515923	-0.39592942382312	0.0004997501249375	0.001059637491421533	2.9748426841711053	True	True	Other_lineages_enriched	0.468085106382979	0.0121580547112462	False		Other_lineages_enriched	468.0	annotated	-	COG3279 Response regulator of the LytR AlgR family	K	LytTR
ecfT_2	0.402298850574713	0.0063694267515923	-0.39592942382312	0.0004997501249375	0.001059637491421533	2.9748426841711053	True	True	Other_lineages_enriched	0.571226080793763	0.0113394755492558	False		Other_lineages_enriched	386.0	annotated	-	Cobalt transport protein	P	CbiQ
glyG_2~~~arnC_1~~~glyG~~~arnC_4~~~arnC_2~~~epsJ_2~~~glyG_1	0.0076628352490421	0.305732484076433	0.298069648827391	0.0004997501249375	0.001059637491421533	2.9748426841711053	True	True	L8L10_enriched	0.0315934065934066	0.59478021978022	False		L8L10_enriched	269.0	annotated	-	Glycosyltransferase like family 2	M	Glycos_transf_2
group_2954	0.134099616858238	0.229299363057325	0.0951997461990873	1.0	1.0	-0.0	False	False	L8L10_enriched	0.261710037174721	0.251301115241636	False		direction_ambiguous		valid_protein_no_eggnog_annotation				
group_2603	0.237547892720307	0.191082802547771	-0.0464650901725358	0.0099950024987506	0.01672601992553744	1.776607390180321	True	False	Other_lineages_enriched	0.344117647058824	0.185294117647059	False		Other_lineages_enriched	607.0	annotated	-	-	-	HTH_11
group_1970	0.383141762452107	0.0127388535031847	-0.370402908948923	0.0004997501249375	0.001059637491421533	2.9748426841711053	True	True	Other_lineages_enriched	0.333603238866397	0.0469635627530364	False		Other_lineages_enriched	629.0	valid_protein_no_eggnog_annotation				
group_1662	0.348659003831418	0.0764331210191083	-0.272225882812309	0.0004997501249375	0.001059637491421533	2.9748426841711053	True	True	Other_lineages_enriched	0.602775941837409	0.0753469927296761	False		Other_lineages_enriched	332.0	valid_protein_no_eggnog_annotation				
tetL~~~hsrA~~~ribZ_1	0.003831417624521	0.547770700636943	0.543939283012422	0.0004997501249375	0.001059637491421533	2.9748426841711053	True	True	L8L10_enriched	0.0304498269896194	0.585467128027682	True	tet(L)	L8L10_enriched	274.0	annotated	tetL	Major Facilitator Superfamily	EGP	MFS_1
group_365	0.398467432950192	0.0063694267515923	-0.392098006198599	0.0004997501249375	0.001059637491421533	2.9748426841711053	True	True	Other_lineages_enriched	0.588235294117647	0.0112044817927171	False		Other_lineages_enriched	351.0	annotated	-	phosphorelay sensor kinase activity	T	ECF_trnsprt
accA	0.0766283524904215	0.178343949044586	0.101715596554165	0.0439780109945027	0.06292120982496154	1.2012029355202456	False	False	L8L10_enriched	0.0642857142857143	0.15	False		L8L10_enriched	1345.0	annotated	accA	alpha subunit	I	ACCA
btuD_4~~~btuD_3~~~btuD_5	0.379310344827586	0.0127388535031847	-0.366571491324401	0.0004997501249375	0.001059637491421533	2.9748426841711053	True	True	Other_lineages_enriched	0.463046757164404	0.028657616892911	False		Other_lineages_enriched	475.0	annotated	nisT	ABC transporter	V	ABC_membrane,ABC_tran
yhdG_2~~~yhdG_3~~~yhdG_4	0.0	0.388535031847134	0.388535031847134	0.0004997501249375	0.001059637491421533	2.9748426841711053	True	True	L8L10_enriched	0.0	0.515219005196733	False		L8L10_enriched	348.0	annotated	potE2	amino acid	E	AA_permease_2
group_992	0.379310344827586	0.0127388535031847	-0.366571491324401	0.0004997501249375	0.001059637491421533	2.9748426841711053	True	True	Other_lineages_enriched	0.322738386308068	0.0472697636511817	False		Other_lineages_enriched	643.0	annotated	-	Glycosyl transferase family 2	M	Glyco_tranf_2_4
group_620	0.199233716475096	0.210191082802548	0.010957366327452	0.0004997501249375	0.001059637491421533	2.9748426841711053	True	False	L8L10_enriched	0.404899135446686	0.154178674351585	False		direction_ambiguous		annotated	-	Zn peptidase	E	Peptidase_M78
glyG	0.379310344827586	0.0127388535031847	-0.366571491324401	0.0004997501249375	0.001059637491421533	2.9748426841711053	True	True	Other_lineages_enriched	0.322738386308068	0.0472697636511817	False		Other_lineages_enriched	644.0	annotated	-	Glycosyltransferase like family 2	M	Glycos_transf_2
group_284	0.187739463601533	0.203821656050955	0.0160821924494229	0.0329835082458771	0.04804626864286695	1.3183403347537501	True	False	L8L10_enriched	0.290372670807453	0.156832298136646	False		direction_ambiguous		annotated	-	Antitoxin Phd_YefM, type II toxin-antitoxin system	D	PhdYeFM_antitox
group_248	0.172413793103448	0.210191082802548	0.0377772896990995	0.0029985007496251	0.005538150207407345	2.256635269362656	True	False	L8L10_enriched	0.159638554216867	0.33433734939759	False		L8L10_enriched	570.0	valid_protein_no_eggnog_annotation				
group_3854	0.137931034482759	0.178343949044586	0.0404129145618274	0.015992003998001	0.02508027280981118	1.6006677437922294	True	False	L8L10_enriched	0.187221396731055	0.326894502228826	False		L8L10_enriched	581.0	valid_protein_no_eggnog_annotation				
group_3785	0.375478927203065	0.0063694267515923	-0.369109500451473	0.0004997501249375	0.001059637491421533	2.9748426841711053	True	True	Other_lineages_enriched	0.588235294117647	0.0112044817927171	False		Other_lineages_enriched	352.0	annotated	repA	Replication initiator protein A	S	RepA_N
group_3098	0.0766283524904215	0.35031847133758	0.273690118847158	0.0034982508745627	0.006396635200712595	2.1940484163349723	True	True	L8L10_enriched	0.237771739130435	0.403532608695652	False		L8L10_enriched	470.0	valid_protein_no_eggnog_annotation				
group_2790	0.183908045977011	0.165605095541401	-0.0183029504356102	0.906046976511744	0.941477384927845	0.02619010763776282	False	False	Other_lineages_enriched	0.311327310632384	0.298818624044475	False		Other_lineages_enriched	661.0	annotated	-	head morphogenesis protein, SPP1 gp7 family	S	Phage_Mu_F
group_2743	0.18007662835249	0.133757961783439	-0.0463186665690509	0.278360819590205	0.3331634219214404	0.477342685925784	False	False	Other_lineages_enriched	0.21923937360179	0.289336316181954	False		direction_ambiguous		annotated	-	Helix-turn-helix domain	L	HTH_36
insK	0.145593869731801	0.32484076433121	0.179246894599409	0.000999500249875	0.0019983940068799303	2.6993188814033258	True	False	L8L10_enriched	0.219028062970568	0.412046543463381	False		L8L10_enriched	460.0	annotated	-	Integrase core domain	L	HTH_21,rve,rve_2
group_1572	0.187739463601533	0.203821656050955	0.0160821924494229	0.0209895052473763	0.03198909333492364	1.494998068925574	True	False	L8L10_enriched	0.290372670807453	0.156832298136646	False		direction_ambiguous		annotated	-	ParE toxin of type II toxin-antitoxin system, parDE	S	ParE_toxin
wfgD	0.383141762452107	0.0	-0.383141762452107	0.0004997501249375	0.001059637491421533	2.9748426841711053	True	True	Other_lineages_enriched	0.341625207296849	0.0	False		Other_lineages_enriched	610.0	annotated	-	Glycosyltransferase like family 2	M	Glycos_transf_2
group_980	0.126436781609195	0.222929936305732	0.0964931546965371	0.213393303348326	0.2633449193006495	0.5794750560457338	False	False	L8L10_enriched	0.225	0.304411764705882	False		L8L10_enriched	623.0	annotated	-	Putative nucleotide-binding of sugar-metabolising enzyme	S	DUF1357_C,DUF1537
group_486	0.379310344827586	0.0	-0.379310344827586	0.0004997501249375	0.001059637491421533	2.9748426841711053	True	True	Other_lineages_enriched	0.341625207296849	0.0	False		Other_lineages_enriched	611.0	annotated	-	Transposase IS116/IS110/IS902 family	L	DEDD_Tnp_IS110,Transposase_20
dapH_3	0.379310344827586	0.0	-0.379310344827586	0.0004997501249375	0.001059637491421533	2.9748426841711053	True	True	Other_lineages_enriched	0.340248962655602	0.0	False		Other_lineages_enriched	615.0	annotated	cat	Bacterial transferase hexapeptide (six repeats)	M	Hexapep
group_3041	0.0306513409961686	0.248407643312102	0.217756302315933	0.0004997501249375	0.001059637491421533	2.9748426841711053	True	True	L8L10_enriched	0.0253365003958828	0.391132224861441	False		L8L10_enriched	483.0	annotated	-	Dolichyl-phosphate-mannose-protein mannosyltransferase	M	PMT_2
mdtD	0.383141762452107	0.0	-0.383141762452107	0.0004997501249375	0.001059637491421533	2.9748426841711053	True	True	Other_lineages_enriched	0.533724340175953	0.0	False		Other_lineages_enriched	416.0	annotated	-	Major Facilitator	EGP	MFS_1
immR	0.0574712643678161	0.299363057324841	0.241891792957025	0.0004997501249375	0.001059637491421533	2.9748426841711053	True	True	L8L10_enriched	0.0829163688348821	0.487491065046462	False		L8L10_enriched	381.0	annotated	-	Helix-turn-helix domain	K	HTH_19,HTH_3
nisB_1~~~nisB_2~~~nisB	0.367816091954023	0.0127388535031847	-0.355077238450838	0.0004997501249375	0.001059637491421533	2.9748426841711053	True	True	Other_lineages_enriched	0.445461479786423	0.0289855072463768	False		Other_lineages_enriched	492.0	annotated	bsaB	Lantibiotic dehydratase, C terminus	S	Lant_dehydr_C,Lant_dehydr_N
garR_1~~~garR_2	0.126436781609195	0.222929936305732	0.0964931546965371	0.220889555222389	0.27178158493568777	0.5657799730330806	False	False	L8L10_enriched	0.225	0.304411764705882	False		L8L10_enriched	624.0	annotated	garR	NAD-binding of NADP-dependent 3-hydroxyisobutyrate dehydrogenase	I	NAD_binding_11,NAD_binding_2
group_3587	0.340996168582375	0.0063694267515923	-0.334626741830783	0.0004997501249375	0.001059637491421533	2.9748426841711053	True	True	Other_lineages_enriched	0.332786885245902	0.0278688524590164	False		Other_lineages_enriched	630.0	annotated	hsdM	type I restriction-modification system	V	HsdM_N,N6_Mtase
group_3565	0.126436781609195	0.292993630573248	0.166556848964053	0.320339830084958	0.3761652673306973	0.4246213068797058	False	False	L8L10_enriched	0.259574468085106	0.321985815602837	False		L8L10_enriched	590.0	annotated	hsdR	COG0610 Type I site-specific restriction-modification system, R (restriction) subunit and related helicases	L	HSDR_N,ResIII
group_3191	0.268199233716475	0.159235668789809	-0.108963564926666	0.0004997501249375	0.001059637491421533	2.9748426841711053	True	False	Other_lineages_enriched	0.286423841059603	0.0579470198675497	False		Other_lineages_enriched	699.0	valid_protein_no_eggnog_annotation				
licT~~~bglG	0.10727969348659	0.210191082802548	0.102911389315958	0.0004997501249375	0.001059637491421533	2.9748426841711053	True	False	L8L10_enriched	0.181688125894134	0.387696709585122	False		L8L10_enriched	494.0	annotated	licT	transcriptional antiterminator	K	CAT_RBD,PRD
group_2575	0.0076628352490421	0.388535031847134	0.380872196598092	0.0004997501249375	0.001059637491421533	2.9748426841711053	True	True	L8L10_enriched	0.0493642483171279	0.454749439042633	False		L8L10_enriched	412.0	annotated	nicK	Replication initiation factor	L	HTH_3,Rep_trans
group_2482	0.187739463601533	0.140127388535032	-0.0476120750665007	0.584707646176912	0.6417760473527399	0.19261649586727234	False	False	Other_lineages_enriched	0.248656945510361	0.216423637759018	False		Other_lineages_enriched	739.0	annotated	-	Helix-turn-helix XRE-family like proteins	K	HTH_19,HTH_26,HTH_3
fabI	0.0727969348659004	0.178343949044586	0.105547014178686	0.0454772613693153	0.06481296548957349	1.188338107133581	False	False	L8L10_enriched	0.0642857142857143	0.15	False		L8L10_enriched	1343.0	annotated	fabI	Enoyl- acyl-carrier-protein reductase NADH	I	adh_short_C2
lutR	0.126436781609195	0.222929936305732	0.0964931546965371	0.227886056971514	0.27893185650859537	0.5545018825936874	False	False	L8L10_enriched	0.225	0.304411764705882	False		L8L10_enriched	625.0	annotated	-	helix_turn_helix gluconate operon transcriptional repressor	K	FCD,GntR
group_3259	0.18007662835249	0.171974522292994	-0.0081021060594967	0.567216391804098	0.6252853834039822	0.2039217232163219	False	False	Other_lineages_enriched	0.226444972288203	0.190023752969121	False		Other_lineages_enriched	775.0	valid_protein_no_eggnog_annotation				
group_3132	0.122605363984674	0.292993630573248	0.170388266588574	0.24487756121939	0.29817870074570957	0.5255233819392737	False	False	L8L10_enriched	0.254623044096728	0.322901849217639	False		L8L10_enriched	589.0	annotated	hsdM	type I restriction-modification system	V	HsdM_N,N6_Mtase
secY_2~~~secY_1~~~secY~~~secY2	0.137931034482759	0.191082802547771	0.0531517680650121	0.0039980009995002	0.007214355582340176	2.141802455912525	True	False	L8L10_enriched	0.217421602787456	0.388850174216028	False		L8L10_enriched	490.0	annotated	secY2	SecY translocase	U	SecY
group_2666	0.191570881226054	0.127388535031847	-0.0641823461942065	0.264367816091954	0.31803284192149994	0.4975280299249584	False	False	Other_lineages_enriched	0.259459459459459	0.196138996138996	False		Other_lineages_enriched	732.0	annotated	-	IrrE N-terminal-like domain	E	Peptidase_M78
group_2590	0.199233716475096	0.197452229299363	-0.0017814871757327	0.0079960019990005	0.01359485375991055	1.8666254597650045	True	False	Other_lineages_enriched	0.272435897435897	0.125	False		Other_lineages_enriched	718.0	annotated	-	Phage transcriptional regulator, ArpU family	S	DUF1492
group_2097	0.0076628352490421	0.267515923566879	0.259853088317837	0.0004997501249375	0.001059637491421533	2.9748426841711053	True	True	L8L10_enriched	0.0456165359942979	0.528866714183892	False		L8L10_enriched	336.0	annotated	tnpB	Putative transposase DNA-binding domain	L	HTH_OrfB_IS605,OrfB_IS605,OrfB_Zn_ribbon
copY_2	0.0421455938697318	0.394904458598726	0.352758864728994	0.0004997501249375	0.001059637491421533	2.9748426841711053	True	True	L8L10_enriched	0.131268436578171	0.393805309734513	False		L8L10_enriched	477.0	annotated	-	Penicillinase repressor	K	Penicillinase_R
group_164	0.0804597701149425	0.171974522292994	0.0915147521780511	0.0804597701149425	0.10896627313141616	0.9627079026051517	False	False	L8L10_enriched	0.0679177837354781	0.144772117962467	False		L8L10_enriched	1382.0	annotated	-	Transcriptional regulator, MarR family	K	MarR,MarR_2
group_3837	0.272030651340996	0.0254777070063694	-0.246552944334627	0.0004997501249375	0.001059637491421533	2.9748426841711053	True	True	Other_lineages_enriched	0.479523454951601	0.0312732688011914	False		Other_lineages_enriched	458.0	annotated	qor	Belongs to the zinc-containing alcohol dehydrogenase family. Quinone oxidoreductase subfamily	C	ADH_N,ADH_zinc_N,ADH_zinc_N_2
group_3782	0.053639846743295	0.503184713375796	0.449544866632501	0.0004997501249375	0.001059637491421533	2.9748426841711053	True	True	L8L10_enriched	0.0450033090668432	0.631369953673064	False		L8L10_enriched	253.0	annotated	-	-	-	-
group_3107	0.199233716475096	0.203821656050955	0.0045879395758596	0.0004997501249375	0.001059637491421533	2.9748426841711053	True	False	L8L10_enriched	0.378339350180505	0.177617328519856	False		direction_ambiguous		annotated	-	DNA replication protein	L	PriCT_1,Prim-Pol
group_3079	0.218390804597701	0.184713375796178	-0.0336774288015228	0.0019990004997501	0.0038205955027126337	2.4178689398669198	True	False	Other_lineages_enriched	0.346010439970172	0.162565249813572	False		Other_lineages_enriched	605.0	annotated	-	Helix-turn-helix domain	S	HTH_17
group_3039	0.24904214559387	0.121019108280255	-0.128023037313615	0.0064967516241879	0.011254887803206694	1.9486588300007415	True	False	Other_lineages_enriched	0.331065759637188	0.157218442932729	False		Other_lineages_enriched	632.0	valid_protein_no_eggnog_annotation				
group_3033	0.199233716475096	0.203821656050955	0.0045879395758596	0.379310344827586	0.438998098421811	0.35753736095765776	False	False	L8L10_enriched	0.238358326756117	0.183109707971586	False		direction_ambiguous		annotated	-	Phage tail protein	S	Sipho_tail
group_2962	0.160919540229885	0.178343949044586	0.0174244088147009	0.529235382308846	0.5909286969527779	0.22846491909865685	False	False	L8L10_enriched	0.276056338028169	0.315492957746479	False		L8L10_enriched	602.0	annotated	-	Zn peptidase	E	Peptidase_M48,Peptidase_M78
group_2842	0.203065134099617	0.184713375796178	-0.0183517583034385	0.0139930034982509	0.022360303844198213	1.6505222993114606	True	False	Other_lineages_enriched	0.310370931112793	0.175624526873581	False		Other_lineages_enriched	663.0	annotated	-	AAA domain	D	AAA_23
group_2655	0.0727969348659004	0.32484076433121	0.25204382946531	0.0004997501249375	0.001059637491421533	2.9748426841711053	True	True	L8L10_enriched	0.160887656033287	0.452149791955617	False		L8L10_enriched	414.0	annotated	vpr	PA domain	DO	FIVAR,FlgD_ig,Inhibitor_I9,PA,Peptidase_S8,SLH,YSIRK_signal,fn3_5
fabZ_2	0.0804597701149425	0.171974522292994	0.0915147521780511	0.0649675162418791	0.08994452353655111	1.0460252744558576	False	False	L8L10_enriched	0.0679177837354781	0.144772117962467	False		L8L10_enriched	1383.0	annotated	fabZ	Involved in unsaturated fatty acids biosynthesis. Catalyzes the dehydration of short chain beta-hydroxyacyl-ACPs and long chain saturated and unsaturated beta-hydroxyacyl-ACPs	I	FabA
group_3240	0.0306513409961686	0.471337579617834	0.440686238621666	0.0004997501249375	0.001059637491421533	2.9748426841711053	True	True	L8L10_enriched	0.118999323867478	0.528735632183908	False		L8L10_enriched	337.0	annotated	vpr	PA domain	DO	FIVAR,FlgD_ig,Inhibitor_I9,PA,Peptidase_S8,SLH,YSIRK_signal,fn3_5
group_3141	0.183908045977011	0.235668789808917	0.0517607438319057	0.1944027986007	0.24171970618464397	0.6166879423172821	False	False	L8L10_enriched	0.258418167580266	0.17541111981206	False		direction_ambiguous		valid_protein_no_eggnog_annotation				
group_2938	0.134099616858238	0.184713375796178	0.0506137589379408	0.0029985007496251	0.005538150207407345	2.256635269362656	True	False	L8L10_enriched	0.17096536477524	0.355195283714075	False		L8L10_enriched	542.0	valid_protein_no_eggnog_annotation				
group_2796	0.203065134099617	0.184713375796178	-0.0183517583034385	0.0144927536231884	0.02304711543841978	1.6373834228804223	True	False	Other_lineages_enriched	0.310370931112793	0.175624526873581	False		Other_lineages_enriched	664.0	annotated	-	Primase C terminal 2 (PriCT-2)	L	AAA_25,PriCT_2
group_2784	0.134099616858238	0.267515923566879	0.133416306708641	0.0004997501249375	0.001059637491421533	2.9748426841711053	True	False	L8L10_enriched	0.135154565061107	0.427030913012221	False		L8L10_enriched	439.0	annotated	XK27_08315	Sulfatase	M	Sulfatase
group_2492	0.203065134099617	0.184713375796178	-0.0183517583034385	0.0164917541229385	0.025741511054041856	1.5893659631359525	True	False	Other_lineages_enriched	0.310370931112793	0.175624526873581	False		Other_lineages_enriched	665.0	annotated	-	-	-	-
group_2198	0.203065134099617	0.184713375796178	-0.0183517583034385	0.015992003998001	0.02508027280981118	1.6006677437922294	True	False	Other_lineages_enriched	0.310370931112793	0.175624526873581	False		Other_lineages_enriched	666.0	annotated	-	magnesium ion binding	S	-
group_1833	0.222222222222222	0.178343949044586	-0.0438782731776362	0.0104947526236882	0.01743833075897762	1.7584950891775644	True	False	Other_lineages_enriched	0.304849884526559	0.155504234026174	False		Other_lineages_enriched	672.0	annotated	-	-	-	-
group_1761	0.203065134099617	0.184713375796178	-0.0183517583034385	0.0104947526236882	0.01743833075897762	1.7584950891775644	True	False	Other_lineages_enriched	0.310370931112793	0.175624526873581	False		Other_lineages_enriched	667.0	annotated	-	AAA domain	S	AAA_24
radD~~~uvrB_3	0.203065134099617	0.184713375796178	-0.0183517583034385	0.0134932533733133	0.021656244454489687	1.6644168549177887	True	False	Other_lineages_enriched	0.310370931112793	0.175624526873581	False		Other_lineages_enriched	668.0	annotated	-	helicase superfamily c-terminal domain	L	Helicase_C,ResIII
zwf_1~~~zwf~~~zwf_2	0.0727969348659004	0.165605095541401	0.0928081606755009	0.15592203898051	0.19828757948312636	0.702704488673564	False	False	L8L10_enriched	0.0649819494584837	0.129963898916967	False		L8L10_enriched	1483.0	annotated	zwf	Catalyzes the oxidation of glucose 6-phosphate to 6- phosphogluconolactone	G	G6PD_C,G6PD_N
group_1274	0.363984674329502	0.0063694267515923	-0.35761524757791	0.0004997501249375	0.001059637491421533	2.9748426841711053	True	True	Other_lineages_enriched	0.556907659269864	0.0114531138153185	False		Other_lineages_enriched	397.0	annotated	-	-	-	-
group_1075	0.199233716475096	0.197452229299363	-0.0017814871757327	0.380809595202399	0.44042387370723224	0.3561291476060589	False	False	Other_lineages_enriched	0.233333333333333	0.179365079365079	False		Other_lineages_enriched	764.0	annotated	-	Phage capsid family	S	Phage_capsid
group_12329	0.291187739463602	0.0063694267515923	-0.284818312712009	0.0004997501249375	0.001059637491421533	2.9748426841711053	True	True	Other_lineages_enriched	0.435857805255023	0.0185471406491499	False		Other_lineages_enriched	504.0	valid_protein_no_eggnog_annotation				
group_2701	0.199233716475096	0.197452229299363	-0.0017814871757327	0.373313343328336	0.4334275779657742	0.36308345901223893	False	False	Other_lineages_enriched	0.238924050632911	0.17879746835443	False		Other_lineages_enriched	753.0	annotated	-	Phage gp6-like head-tail connector protein	L	Phage_connect_1
group_2565	0.199233716475096	0.184713375796178	-0.0145203406789174	0.024487756121939	0.036675980191722274	1.435618270499876	True	False	Other_lineages_enriched	0.307808946171342	0.175890826383624	False		Other_lineages_enriched	670.0	annotated	-	-	-	-
group_2448	0.118773946360153	0.267515923566879	0.148741977206726	0.0014992503748125	0.002921366046722169	2.534414022584289	True	False	L8L10_enriched	0.127626459143969	0.315953307392996	False		L8L10_enriched	600.0	annotated	-	Putative ATP-dependent DNA helicase recG C-terminal	K	AlbA_2,HATPase_c_4,HTH_24
group_2431	0.241379310344828	0.101910828025478	-0.13946848231935	0.0004997501249375	0.001059637491421533	2.9748426841711053	True	False	Other_lineages_enriched	0.361194029850746	0.146268656716418	False		Other_lineages_enriched	593.0	annotated	-	Domain of unknown function (DUF4352)	S	DUF4352
clpP_1~~~clpP_2	0.199233716475096	0.197452229299363	-0.0017814871757327	0.383808095952024	0.44326942732629476	0.35333222133174713	False	False	Other_lineages_enriched	0.233333333333333	0.179365079365079	False		Other_lineages_enriched	765.0	annotated	-	Belongs to the peptidase S14 family	OU	CLP_protease
group_1402	0.241379310344828	0.101910828025478	-0.13946848231935	0.0014992503748125	0.002921366046722169	2.534414022584289	True	False	Other_lineages_enriched	0.361194029850746	0.146268656716418	False		Other_lineages_enriched	594.0	annotated	-	-	-	-
group_1154	0.0153256704980843	0.388535031847134	0.373209361349049	0.0004997501249375	0.001059637491421533	2.9748426841711053	True	True	L8L10_enriched	0.0310880829015544	0.488527017024426	False		L8L10_enriched	379.0	annotated	-	Protein of unknown function (DUF3800)	S	DUF3800
group_5372	0.233716475095785	0.127388535031847	-0.106327940063938	0.0004997501249375	0.001059637491421533	2.9748426841711053	True	False	Other_lineages_enriched	0.471984179301252	0.209624258404746	False		Other_lineages_enriched	463.0	valid_protein_no_eggnog_annotation				
tagU_2~~~tagU~~~tagU_3~~~tagU_4~~~tagU_1	0.279693486590038	0.0191082802547771	-0.260585206335261	0.0004997501249375	0.001059637491421533	2.9748426841711053	True	True	Other_lineages_enriched	0.493468795355588	0.0551523947750363	False		Other_lineages_enriched	444.0	annotated	-	Oligosaccharide biosynthesis protein Alg14 like	M	Alg14
group_3731	0.10727969348659	0.127388535031847	0.0201088415452571	0.0004997501249375	0.001059637491421533	2.9748426841711053	True	False	L8L10_enriched	0.121739130434783	0.297233201581028	False		L8L10_enriched	644.0	valid_protein_no_eggnog_annotation				
group_3569	0.0191570881226054	0.414012738853503	0.394855650730898	0.0004997501249375	0.001059637491421533	2.9748426841711053	True	True	L8L10_enriched	0.0299727520435967	0.607629427792916	False		L8L10_enriched	263.0	valid_protein_no_eggnog_annotation				
group_3520	0.199233716475096	0.203821656050955	0.0045879395758596	0.214392803598201	0.264479329036343	0.5776082655428312	False	False	L8L10_enriched	0.221498371335505	0.149837133550489	False		direction_ambiguous		valid_protein_no_eggnog_annotation				
group_3347	0.187739463601533	0.21656050955414	0.0288210459526076	0.0129935032483758	0.020915287348997686	1.6795361643978708	True	False	L8L10_enriched	0.318250377073906	0.173453996983409	False		direction_ambiguous		annotated	-	X-Pro dipeptidyl-peptidase (S15 family)	S	DLH,Hydrolase_4,Peptidase_S15
group_2880	0.153256704980843	0.159235668789809	0.005978963808966	0.692153923038481	0.7455531796050328	0.12752137329039384	False	False	L8L10_enriched	0.232102486812359	0.260738507912585	False		L8L10_enriched	729.0	valid_protein_no_eggnog_annotation				
group_2805	0.0	0.24203821656051	0.24203821656051	0.0004997501249375	0.001059637491421533	2.9748426841711053	True	True	L8L10_enriched	0.0	0.372660699755899	False		L8L10_enriched	514.0	annotated	arbY	family 8	M	Glyco_transf_8
group_1875	0.199233716475096	0.197452229299363	-0.0017814871757327	0.377311344327836	0.43714517565408567	0.35937431013472326	False	False	Other_lineages_enriched	0.238924050632911	0.17879746835443	False		Other_lineages_enriched	754.0	annotated	-	Phage tail tube protein	S	Phage_TTP_1
group_1764	0.203065134099617	0.171974522292994	-0.0310906118066232	0.0004997501249375	0.001059637491421533	2.9748426841711053	True	False	Other_lineages_enriched	0.316846986089645	0.137557959814529	False		Other_lineages_enriched	655.0	annotated	-	-	-	-
group_1343	0.203065134099617	0.178343949044586	-0.0247211850550309	0.0329835082458771	0.04804626864286695	1.3183403347537501	True	False	Other_lineages_enriched	0.291925465838509	0.15527950310559	False		Other_lineages_enriched	697.0	valid_protein_no_eggnog_annotation				
group_3187	0.195402298850575	0.165605095541401	-0.0297972033091735	0.789105447276362	0.83283230261871	0.07944243842428714	False	False	Other_lineages_enriched	0.247908745247148	0.231178707224335	False		Other_lineages_enriched	740.0	annotated	-	-	-	-
group_3102	0.137931034482759	0.191082802547771	0.0531517680650121	0.162418790604698	0.205676370116249	0.6868156009528749	False	False	L8L10_enriched	0.177985948477752	0.260733801717408	False		L8L10_enriched	730.0	annotated	-	N-acetylmuramoyl-L-alanine amidase activity	S	-
group_2792	0.164750957854406	0.21656050955414	0.051809551699734	0.571214392803598	0.6288511273932026	0.20145215615109255	False	False	L8L10_enriched	0.235294117647059	0.196078431372549	False		direction_ambiguous		valid_protein_no_eggnog_annotation				
group_2700	0.199233716475096	0.197452229299363	-0.0017814871757327	0.40279860069965	0.46164222236707714	0.3356944769267416	False	False	Other_lineages_enriched	0.233333333333333	0.179365079365079	False		Other_lineages_enriched	766.0	annotated	-	Phage portal protein, HK97 family	S	Phage_portal
group_2252	0.191570881226054	0.197452229299363	0.0058813480733094	0.374312843578211	0.43412911636402857	0.36238108572965205	False	False	L8L10_enriched	0.229116945107399	0.179793158313445	False		direction_ambiguous		annotated	-	Bacteriophage HK97-gp10, putative tail-component	S	HK97-gp10_like
hsdM	0.241379310344828	0.159235668789809	-0.0821436415550187	0.0004997501249375	0.001059637491421533	2.9748426841711053	True	False	Other_lineages_enriched	0.293831168831169	0.0827922077922078	False		Other_lineages_enriched	693.0	annotated	hsdM	type I restriction-modification system	V	HsdM_N,N6_Mtase
group_1802	0.191570881226054	0.197452229299363	0.0058813480733094	0.378810594702649	0.43857375598918774	0.3579573598223944	False	False	L8L10_enriched	0.229116945107399	0.179793158313445	False		direction_ambiguous		valid_protein_no_eggnog_annotation				
group_1025	0.241379310344828	0.159235668789809	-0.0821436415550187	0.0004997501249375	0.001059637491421533	2.9748426841711053	True	False	Other_lineages_enriched	0.293831168831169	0.0827922077922078	False		Other_lineages_enriched	694.0	annotated	hsdR	DEAD/DEAH box helicase	L	DUF4145,EcoEI_R_C,HSDR_N,Helicase_C,ResIII
copB_1~~~copB_2~~~copB	0.0421455938697318	0.394904458598726	0.352758864728994	0.0004997501249375	0.001059637491421533	2.9748426841711053	True	True	L8L10_enriched	0.131268436578171	0.393805309734513	False		L8L10_enriched	478.0	annotated	copB	haloacid dehalogenase-like hydrolase	P	E1-E2_ATPase,Hydrolase
group_139	0.199233716475096	0.197452229299363	-0.0017814871757327	0.373813093453273	0.43385492882301324	0.362655464367579	False	False	Other_lineages_enriched	0.238924050632911	0.17879746835443	False		Other_lineages_enriched	755.0	valid_protein_no_eggnog_annotation				
group_8649	0.0114942528735632	0.471337579617834	0.459843326744271	0.0004997501249375	0.001059637491421533	2.9748426841711053	True	True	L8L10_enriched	0.0333575054387237	0.516316171138506	False		L8L10_enriched	347.0	valid_protein_no_eggnog_annotation				
group_3263	0.168582375478927	0.171974522292994	0.0033921468140664	0.0024987506246876	0.00467805869792366	2.3299343331843234	True	False	L8L10_enriched	0.275080906148867	0.106796116504854	False		direction_ambiguous		annotated	-	DNA (cytosine-5-)-methyltransferase activity	Q	Methyltransf_11
group_3155	0.199233716475096	0.140127388535032	-0.0591063279400639	0.0829585207396302	0.11189043218873579	0.9512070486395643	False	False	Other_lineages_enriched	0.202985074626866	0.304477611940298	False		direction_ambiguous		valid_protein_no_eggnog_annotation				
bglF_1~~~bglF_2~~~bglF_3~~~bglF	0.130268199233716	0.261146496815287	0.13087829758157	0.135432283858071	0.1748626078810125	0.7573030488809017	False	False	L8L10_enriched	0.205283018867925	0.285283018867925	False		L8L10_enriched	657.0	annotated	-	phosphoenolpyruvate-dependent sugar phosphotransferase system, EIIA 1	G	PTS_EIIA_1,PTS_EIIB,PTS_EIIC
group_2601	0.191570881226054	0.197452229299363	0.0058813480733094	0.394302848575712	0.45332445431157403	0.3435908525580882	False	False	L8L10_enriched	0.229116945107399	0.179793158313445	False		direction_ambiguous		valid_protein_no_eggnog_annotation				
group_2426	0.0957854406130268	0.229299363057325	0.133513922444298	0.0654672663668166	0.09048432998265969	1.0434266251186173	False	False	L8L10_enriched	0.241014799154334	0.34954193093728	False		L8L10_enriched	550.0	annotated	-	-	-	DUF3895
group_2389	0.199233716475096	0.197452229299363	-0.0017814871757327	0.365817091454273	0.4257743964471316	0.3708204580128937	False	False	Other_lineages_enriched	0.238924050632911	0.17879746835443	False		Other_lineages_enriched	756.0	annotated	-	Phage Terminase	S	Terminase_1
smc_7	0.199233716475096	0.197452229299363	-0.0017814871757327	0.376811594202899	0.43671973369628986	0.35979718352685036	False	False	Other_lineages_enriched	0.238924050632911	0.17879746835443	False		Other_lineages_enriched	757.0	annotated	-	Phage tail tape measure protein TP901	L	PhageMin_Tail
pinR	0.0153256704980843	0.369426751592357	0.354101081094272	0.0004997501249375	0.001059637491421533	2.9748426841711053	True	True	L8L10_enriched	0.0427215189873418	0.375	False		L8L10_enriched	509.0	annotated	-	recombinase activity	L	HTH_7,Resolvase
group_742	0.0421455938697318	0.394904458598726	0.352758864728994	0.0004997501249375	0.001059637491421533	2.9748426841711053	True	True	L8L10_enriched	0.131268436578171	0.393805309734513	False		L8L10_enriched	479.0	annotated	-	membrane protein (DUF2078)	S	SHOCT
group_3623	0.298850574712644	0.0063694267515923	-0.292481147961051	0.0004997501249375	0.001059637491421533	2.9748426841711053	True	True	Other_lineages_enriched	0.313432835820896	0.0281923714759536	False		Other_lineages_enriched	659.0	annotated	-	Domain of unknown function (DUF2479)	S	DUF2479,Pectate_lyase_3
group_2753	0.0804597701149425	0.210191082802548	0.129731312687605	0.145427286356822	0.1862350985408972	0.7299384669306208	False	False	L8L10_enriched	0.269415807560137	0.356013745704467	False		L8L10_enriched	540.0	annotated	-	-	-	-
group_2546	0.28735632183908	0.0509554140127389	-0.236400907826342	0.0004997501249375	0.001059637491421533	2.9748426841711053	True	True	Other_lineages_enriched	0.439461883408072	0.0657698056801196	False		Other_lineages_enriched	498.0	valid_protein_no_eggnog_annotation				
group_2350	0.32183908045977	0.0318471337579618	-0.289991946701808	0.0004997501249375	0.001059637491421533	2.9748426841711053	True	True	Other_lineages_enriched	0.439705882352941	0.0897058823529412	False		Other_lineages_enriched	497.0	valid_protein_no_eggnog_annotation				
group_2173	0.260536398467433	0.0700636942675159	-0.190472704199917	0.000999500249875	0.0019983940068799303	2.6993188814033258	True	False	Other_lineages_enriched	0.382545454545455	0.162909090909091	False		Other_lineages_enriched	574.0	annotated	-	PFAM transposase IS200-family protein	L	Y1_Tnp
group_1714	0.226053639846743	0.127388535031847	-0.0986651048148962	0.0334832583708146	0.0486881448948959	1.3125767725327346	True	False	Other_lineages_enriched	0.297482837528604	0.176964149504195	False		Other_lineages_enriched	681.0	annotated	-	Cro/C1-type HTH DNA-binding domain	K	HTH_26
mcrB	0.126436781609195	0.165605095541401	0.0391683139322059	0.125937031484258	0.163952002663228	0.7852832740828924	False	False	L8L10_enriched	0.217455621301775	0.303254437869822	False		L8L10_enriched	629.0	annotated	mcrB	ATPase family associated with various cellular activities (AAA)	V	AAA_5,EVE,Mrr_N
group_3859	0.0268199233716475	0.35031847133758	0.323498547965932	0.0004997501249375	0.001059637491421533	2.9748426841711053	True	True	L8L10_enriched	0.0681986656782802	0.449221645663454	False		L8L10_enriched	416.0	annotated	yokH	SMI1 / KNR4 family	G	SMI1_KNR4
group_3269	0.0306513409961686	0.375796178343949	0.345144837347781	0.0004997501249375	0.001059637491421533	2.9748426841711053	True	True	L8L10_enriched	0.0672926447574335	0.367762128325509	False		L8L10_enriched	521.0	annotated	-	Phage-related minor tail protein	D	PhageMin_Tail
group_2950	0.0229885057471264	0.363057324840764	0.340068819093638	0.0004997501249375	0.001059637491421533	2.9748426841711053	True	True	L8L10_enriched	0.0678233438485804	0.354889589905363	False		L8L10_enriched	543.0	valid_protein_no_eggnog_annotation				
group_2812	0.226053639846743	0.127388535031847	-0.0986651048148962	0.0374812593703148	0.054143248410866845	1.2664556915911318	False	False	Other_lineages_enriched	0.297482837528604	0.176964149504195	False		Other_lineages_enriched	682.0	annotated	-	Putative inner membrane protein (DUF1819)	S	DUF1819
group_2732	0.226053639846743	0.127388535031847	-0.0986651048148962	0.0339830084957521	0.04937125793364338	1.3065258072208157	True	False	Other_lineages_enriched	0.297482837528604	0.176964149504195	False		Other_lineages_enriched	683.0	annotated	-	PglZ domain	S	PglZ
group_2422	0.0804597701149425	0.292993630573248	0.212533860458306	0.0004997501249375	0.001059637491421533	2.9748426841711053	True	True	L8L10_enriched	0.0684248039914469	0.506058446186743	False		L8L10_enriched	362.0	annotated	-	Core-2/I-Branching enzyme	M	Branch
immR_2~~~immR	0.195402298850575	0.171974522292994	-0.0234277765575811	0.0284857571214393	0.04197699897814959	1.3769886132480769	True	False	Other_lineages_enriched	0.270055599682288	0.141382049245433	False		Other_lineages_enriched	723.0	annotated	-	transcriptional	K	HTH_19,HTH_3
group_2089	0.18007662835249	0.197452229299363	0.0173756009468727	0.0514742628685657	0.07245095948394874	1.139955858697635	False	False	L8L10_enriched	0.396825396825397	0.28042328042328	False		direction_ambiguous		annotated	-	Peptidase_C39 like family	S	Peptidase_C39_2
mcrC	0.126436781609195	0.165605095541401	0.0391683139322059	0.140929535232384	0.18103813590280907	0.7422299308346562	False	False	L8L10_enriched	0.217455621301775	0.303254437869822	False		L8L10_enriched	630.0	annotated	mcrC	Psort location Cytoplasmic, score	V	McrBC
group_1808	0.191570881226054	0.171974522292994	-0.01959635893306	0.0259870064967516	0.038675332613729234	1.412565942614088	True	False	Other_lineages_enriched	0.270055599682288	0.141382049245433	False		Other_lineages_enriched	724.0	annotated	-	IrrE N-terminal-like domain	E	Peptidase_M78
group_1751	0.164750957854406	0.101910828025478	-0.0628401298289284	1.0	1.0	-0.0	False	False	Other_lineages_enriched	0.207114624505929	0.211857707509881	False		direction_ambiguous		valid_protein_no_eggnog_annotation				
group_1715	0.226053639846743	0.127388535031847	-0.0986651048148962	0.0484757621189405	0.06855263355446736	1.163975856465957	False	False	Other_lineages_enriched	0.297482837528604	0.176964149504195	False		Other_lineages_enriched	684.0	annotated	-	Domain of unknown function (DUF1788)	S	DUF1788
group_1511	0.222222222222222	0.127388535031847	-0.0948336871903751	0.0439780109945027	0.06292120982496154	1.2012029355202456	False	False	Other_lineages_enriched	0.294881588999236	0.177234530175707	False		Other_lineages_enriched	691.0	annotated	-	Putative ATP-dependent Lon protease	O	Lon_2,Lon_C,MIT_C
group_1299	0.172413793103448	0.114649681528662	-0.0577641115747859	0.183408295852074	0.22917342997064233	0.6398357352475277	False	False	Other_lineages_enriched	0.285498489425982	0.20392749244713	False		Other_lineages_enriched	701.0	valid_protein_no_eggnog_annotation				
tdh	0.0114942528735632	0.280254777070064	0.2687605241965	0.0004997501249375	0.001059637491421533	2.9748426841711053	True	True	L8L10_enriched	0.0147383935151069	0.511422254974208	False		L8L10_enriched	350.0	annotated	-	nadph quinone reductase	C	ADH_N,ADH_zinc_N,ADH_zinc_N_2
group_3659	0.0076628352490421	0.171974522292994	0.164311687043951	0.0004997501249375	0.001059637491421533	2.9748426841711053	True	False	L8L10_enriched	0.0617088607594937	0.356012658227848	False		L8L10_enriched	541.0	annotated	tnpB	Putative transposase DNA-binding domain	L	HTH_OrfB_IS605,OrfB_IS605,OrfB_Zn_ribbon
group_3602	0.176245210727969	0.171974522292994	-0.0042706884349757	0.0079960019990005	0.01359485375991055	1.8666254597650045	True	False	Other_lineages_enriched	0.293103448275862	0.139498432601881	False		Other_lineages_enriched	695.0	valid_protein_no_eggnog_annotation				
group_3523	0.310344827586207	0.0382165605095541	-0.272128267076653	0.0004997501249375	0.001059637491421533	2.9748426841711053	True	True	Other_lineages_enriched	0.441980783444198	0.0798226164079823	False		Other_lineages_enriched	495.0	annotated	-	-	-	-
group_3302	0.0421455938697318	0.388535031847134	0.346389437977402	0.0004997501249375	0.001059637491421533	2.9748426841711053	True	True	L8L10_enriched	0.131268436578171	0.393805309734513	False		L8L10_enriched	480.0	annotated	-	Domain of unknown function DUF302	S	DUF302
group_2975	0.229885057471264	0.152866242038217	-0.0770188154330478	0.0004997501249375	0.001059637491421533	2.9748426841711053	True	False	Other_lineages_enriched	0.431818181818182	0.147727272727273	False		Other_lineages_enriched	511.0	annotated	-	Psort location CytoplasmicMembrane, score	S	-
group_2813	0.226053639846743	0.127388535031847	-0.0986651048148962	0.0409795102448776	0.058861153555741806	1.2301712308877144	False	False	Other_lineages_enriched	0.297482837528604	0.176964149504195	False		Other_lineages_enriched	685.0	annotated	-	RNA-binding protein homologous to eukaryotic snRNP	K	-
group_2226	0.0076628352490421	0.24203821656051	0.234375381311467	0.0004997501249375	0.001059637491421533	2.9748426841711053	True	True	L8L10_enriched	0.0242130750605327	0.361581920903955	False		L8L10_enriched	530.0	annotated	-	Phage minor structural protein GP20	S	-
group_2116	0.302681992337165	0.0700636942675159	-0.232618298069649	0.0004997501249375	0.001059637491421533	2.9748426841711053	True	True	Other_lineages_enriched	0.408536585365854	0.0670731707317073	False		Other_lineages_enriched	536.0	annotated	-	PTS sugar transporter subunit IIA	GKT	HTH_11,Mga,PRD,PTS_EIIA_2
group_1895	0.134099616858238	0.222929936305732	0.0888303194474949	0.0004997501249375	0.001059637491421533	2.9748426841711053	True	False	L8L10_enriched	0.132420091324201	0.345509893455099	False		L8L10_enriched	559.0	annotated	-	Belongs to the 'phage' integrase family	L	Phage_int_SAM_1,Phage_int_SAM_4,Phage_integrase
xerC_5~~~xerC_1~~~xerC_2~~~xerC_6~~~xerC_4	0.0383141762452107	0.235668789808917	0.197354613563706	0.0004997501249375	0.001059637491421533	2.9748426841711053	True	False	L8L10_enriched	0.105185185185185	0.413333333333333	False		L8L10_enriched	459.0	annotated	-	Belongs to the 'phage' integrase family	L	Arm-DNA-bind_4,Phage_int_SAM_3,Phage_integrase
group_1560	0.0	0.171974522292994	0.171974522292994	0.0004997501249375	0.001059637491421533	2.9748426841711053	True	False	L8L10_enriched	0.0	0.422712933753943	False		L8L10_enriched	447.0	annotated	-	peptidoglycan catabolic process	S	-
group_793	0.0421455938697318	0.388535031847134	0.346389437977402	0.0004997501249375	0.001059637491421533	2.9748426841711053	True	True	L8L10_enriched	0.131268436578171	0.393805309734513	False		L8L10_enriched	481.0	annotated	-	Domain of unknown function DUF302	S	DUF302
group_174	0.314176245210728	0.0	-0.314176245210728	0.0004997501249375	0.001059637491421533	2.9748426841711053	True	True	Other_lineages_enriched	0.450813323005422	0.0	False		Other_lineages_enriched	488.0	valid_protein_no_eggnog_annotation				
group_3188	0.164750957854406	0.152866242038217	-0.0118847158161896	0.0284857571214393	0.04197699897814959	1.3769886132480769	True	False	Other_lineages_enriched	0.318385650224215	0.186846038863976	False		Other_lineages_enriched	651.0	valid_protein_no_eggnog_annotation				
group_2634	0.172413793103448	0.203821656050955	0.0314078629475071	0.0664667666166917	0.09175031252702101	1.0373924477458512	False	False	L8L10_enriched	0.208855472013367	0.120300751879699	False		direction_ambiguous		annotated	-	-	-	-
group_2098	0.226053639846743	0.127388535031847	-0.0986651048148962	0.0429785107446277	0.06157138821893403	1.2106210544802078	False	False	Other_lineages_enriched	0.297482837528604	0.176964149504195	False		Other_lineages_enriched	686.0	annotated	-	restriction	V	Eco57I,N6_Mtase
group_1257	0.183908045977011	0.197452229299363	0.0135441833223516	0.652673663168416	0.7088199473104585	0.14946406921783909	False	False	L8L10_enriched	0.214915797914996	0.181234963913392	False		direction_ambiguous		annotated	-	Phage terminase, small subunit	L	Terminase_4
group_3829	0.28735632183908	0.0573248407643312	-0.230031481074749	0.0004997501249375	0.001059637491421533	2.9748426841711053	True	True	Other_lineages_enriched	0.489530685920578	0.0664259927797834	False		Other_lineages_enriched	449.0	annotated	-	Cro/C1-type HTH DNA-binding domain	K	HTH_26,HTH_3
group_3533	0.0651340996168582	0.318471337579618	0.25333723796276	0.0004997501249375	0.001059637491421533	2.9748426841711053	True	True	L8L10_enriched	0.0965309200603318	0.395173453996983	False		L8L10_enriched	475.0	annotated	-	to Yersinia pestis insertion element IS1661 DNA-binding protein YPO0996 SWALL Q8ZHA8 (EMBL AJ414145)(178 aa) fasta scores E() 8.6e-14, 36.51 id in 178 aa, and to Klebsiella pneumoniae OrfA SWALL Q9AG22 (EMBL AF345899) (173 aa) fasta scores E() 1e-18, 40.22 38d in 174 aa	L	HTH_28,HTH_Tnp_1
group_3046	0.118773946360153	0.280254777070064	0.16148083070991	0.605697151424288	0.6619476331486001	0.1791763663520853	False	False	L8L10_enriched	0.153461217681401	0.178482068390325	False		L8L10_enriched	1174.0	annotated	-	Domain of unknown function (DUF771)	S	DUF771
group_2797	0.206896551724138	0.159235668789809	-0.047660882934329	0.0004997501249375	0.001059637491421533	2.9748426841711053	True	False	Other_lineages_enriched	0.340157480314961	0.0850393700787402	False		Other_lineages_enriched	616.0	annotated	-	-	-	-
group_2550	0.314176245210728	0.0254777070063694	-0.288698538204359	0.0004997501249375	0.001059637491421533	2.9748426841711053	True	True	Other_lineages_enriched	0.492603550295858	0.0281065088757396	False		Other_lineages_enriched	445.0	valid_protein_no_eggnog_annotation				
group_1950	0.0766283524904215	0.280254777070064	0.203626424579642	0.0004997501249375	0.001059637491421533	2.9748426841711053	True	True	L8L10_enriched	0.0411861614497529	0.311367380560132	False		L8L10_enriched	611.0	annotated	-	Gram-positive pilin backbone subunit 2, Cna-B-like domain	M	GramPos_pilinBB
group_3887	0.153256704980843	0.191082802547771	0.0378260975669278	0.495252373813093	0.557709012889317	0.25359233701019984	False	False	L8L10_enriched	0.142737195633921	0.178001679261125	False		L8L10_enriched	1178.0	annotated	-	-	-	-
glf_1~~~glf_3~~~glf	0.137931034482759	0.140127388535032	0.0021963540522732	0.324837581209395	0.3813109476611886	0.41872072569776675	False	False	L8L10_enriched	0.322946175637394	0.260623229461756	False		direction_ambiguous		annotated	glf	UDP-galactopyranose mutase	M	GLF,NAD_binding_8
group_3760	0.0	0.331210191082803	0.331210191082803	0.0004997501249375	0.001059637491421533	2.9748426841711053	True	True	L8L10_enriched	0.0	0.331943286071726	False		L8L10_enriched	573.0	valid_protein_no_eggnog_annotation				
group_3540	0.226053639846743	0.0828025477707006	-0.143251092076043	0.0004997501249375	0.001059637491421533	2.9748426841711053	True	False	Other_lineages_enriched	0.428468727534148	0.13371675053918	False		Other_lineages_enriched	515.0	annotated	-	IrrE N-terminal-like domain	K	HTH_19,HTH_3,Peptidase_M78
group_3503	0.329501915708812	0.0063694267515923	-0.32313248895722	0.0004997501249375	0.001059637491421533	2.9748426841711053	True	True	Other_lineages_enriched	0.505559673832469	0.0118606375092661	False		Other_lineages_enriched	437.0	annotated	-	MULE transposase domain	L	Transposase_mut
group_3076	0.191570881226054	0.178343949044586	-0.0132269321814677	0.0334832583708146	0.0486881448948959	1.3125767725327346	True	False	Other_lineages_enriched	0.246530612244898	0.120816326530612	False		Other_lineages_enriched	741.0	valid_protein_no_eggnog_annotation				
group_3071	0.0766283524904215	0.254777070063694	0.178148717573273	0.0004997501249375	0.001059637491421533	2.9748426841711053	True	False	L8L10_enriched	0.0902021772939347	0.354587869362364	False		L8L10_enriched	545.0	annotated	-	lysozyme activity	M	DUF1906,Glyco_hydro_25,LysM,SH3_5
group_2928	0.172413793103448	0.152866242038217	-0.0195475510652317	0.225387306346827	0.27669566855916355	0.5579976393251759	False	False	Other_lineages_enriched	0.234161988773055	0.161988773055333	False		Other_lineages_enriched	761.0	annotated	-	-	-	HTH_Tnp_1_2
group_2599	0.199233716475096	0.0955414012738854	-0.10369231520121	0.0004997501249375	0.001059637491421533	2.9748426841711053	True	False	Other_lineages_enriched	0.40852314474651	0.121969140337987	False		Other_lineages_enriched	537.0	valid_protein_no_eggnog_annotation				
group_924	0.0613026819923372	0.312101910828025	0.250799228835688	0.0004997501249375	0.001059637491421533	2.9748426841711053	True	True	L8L10_enriched	0.104105571847507	0.429618768328446	False		L8L10_enriched	434.0	annotated	-	-	-	-
group_224	0.0	0.171974522292994	0.171974522292994	0.0004997501249375	0.001059637491421533	2.9748426841711053	True	False	L8L10_enriched	0.0	0.416468725257324	False		L8L10_enriched	457.0	valid_protein_no_eggnog_annotation				
group_3668	0.0153256704980843	0.305732484076433	0.290406813578349	0.0004997501249375	0.001059637491421533	2.9748426841711053	True	True	L8L10_enriched	0.03125	0.324013157894737	False		L8L10_enriched	588.0	annotated	-	Transposase	L	DDE_Tnp_1,DDE_Tnp_1_6,DUF772
group_3362	0.0	0.286624203821656	0.286624203821656	0.0004997501249375	0.001059637491421533	2.9748426841711053	True	True	L8L10_enriched	0.0	0.366013071895425	False		L8L10_enriched	526.0	annotated	-	RRXRR protein	V	HNH,HNH_5,RRXRR
xerC_8~~~xerC_5~~~xerC_6~~~xerC_10~~~xerC_13~~~xerC_15~~~xerC_9~~~xerC_16	0.126436781609195	0.165605095541401	0.0391683139322059	0.591704147926037	0.6483755129418994	0.18817339541979936	False	False	L8L10_enriched	0.241071428571429	0.270833333333333	False		L8L10_enriched	682.0	annotated	-	Phage integrase, N-terminal SAM-like domain	L	Arm-DNA-bind_4,Phage_int_SAM_3,Phage_integrase
group_2606	0.168582375478927	0.114649681528662	-0.0539326939502648	0.087456271864068	0.11718927035059132	0.9311121497586053	False	False	Other_lineages_enriched	0.284186401833461	0.187929717341482	False		Other_lineages_enriched	703.0	annotated	-	-	-	-
group_2227	0.0766283524904215	0.286624203821656	0.209995851331235	0.0004997501249375	0.001059637491421533	2.9748426841711053	True	True	L8L10_enriched	0.0411861614497529	0.311367380560132	False		L8L10_enriched	610.0	annotated	-	PFAM Cna B domain protein	M	Collagen_bind,Gram_pos_anchor,Sortase
group_1673	0.233716475095785	0.0764331210191083	-0.157283354076677	0.0144927536231884	0.02304711543841978	1.6373834228804223	True	False	Other_lineages_enriched	0.279179810725552	0.143533123028391	False		Other_lineages_enriched	709.0	valid_protein_no_eggnog_annotation				
group_767	0.203065134099617	0.10828025477707	-0.0947848793225468	0.0004997501249375	0.001059637491421533	2.9748426841711053	True	False	Other_lineages_enriched	0.41991341991342	0.137085137085137	False		Other_lineages_enriched	524.0	valid_protein_no_eggnog_annotation				
group_394	0.003831417624521	0.203821656050955	0.199990238426434	0.0004997501249375	0.001059637491421533	2.9748426841711053	True	False	L8L10_enriched	0.0283582089552239	0.47910447761194	False		L8L10_enriched	389.0	annotated	XK27_07085	CAAX protease self-immunity	S	Abi
group_219	0.0766283524904215	0.280254777070064	0.203626424579642	0.0004997501249375	0.001059637491421533	2.9748426841711053	True	True	L8L10_enriched	0.0411861614497529	0.311367380560132	False		L8L10_enriched	612.0	annotated	-	Sortase family	M	Sortase
group_3070	0.226053639846743	0.0700636942675159	-0.155989945579227	0.0004997501249375	0.001059637491421533	2.9748426841711053	True	False	Other_lineages_enriched	0.436154949784792	0.129124820659971	False		Other_lineages_enriched	503.0	annotated	-	-	-	-
group_2936	0.172413793103448	0.197452229299363	0.0250384361959148	0.117941029485257	0.1549504354680709	0.8098071988947563	False	False	L8L10_enriched	0.379679144385027	0.283422459893048	False		direction_ambiguous		annotated	-	Acyltransferase family	S	Acyl_transf_3
group_2521	0.0919540229885057	0.229299363057325	0.137345340068819	0.0109945027486257	0.018122504530626152	1.741781783002093	True	False	L8L10_enriched	0.180866965620329	0.324364723467862	False		L8L10_enriched	587.0	annotated	-	Bacterial membrane protein, YfhO	S	-
epsJ_1~~~glyG_2	0.0076628352490421	0.191082802547771	0.183419967298729	0.0004997501249375	0.001059637491421533	2.9748426841711053	True	False	L8L10_enriched	0.0391156462585034	0.260204081632653	False		L8L10_enriched	733.0	annotated	-	Glycosyltransferase like family 2	S	Glycos_transf_2
group_1387	0.0229885057471264	0.363057324840764	0.340068819093638	0.0004997501249375	0.001059637491421533	2.9748426841711053	True	True	L8L10_enriched	0.112342941611234	0.409460458240946	False		L8L10_enriched	464.0	valid_protein_no_eggnog_annotation				
paiA~~~paiA_1	0.0191570881226054	0.197452229299363	0.178295141176758	0.0004997501249375	0.001059637491421533	2.9748426841711053	True	False	L8L10_enriched	0.044280442804428	0.47970479704797	False		L8L10_enriched	388.0	annotated	XK27_03150	Acetyltransferase (GNAT) domain	K	Acetyltransf_1,Acetyltransf_10
group_235	0.0727969348659004	0.254777070063694	0.181980135197794	0.0004997501249375	0.001059637491421533	2.9748426841711053	True	False	L8L10_enriched	0.0324508966695132	0.259607173356106	False		L8L10_enriched	735.0	valid_protein_no_eggnog_annotation				
group_3877	0.245210727969349	0.0509554140127389	-0.19425531395661	0.000999500249875	0.0019983940068799303	2.6993188814033258	True	False	Other_lineages_enriched	0.341426403641882	0.141122913505311	False		Other_lineages_enriched	613.0	annotated	-	Fic/DOC family	S	Fic
group_3800	0.0957854406130268	0.235668789808917	0.13988334919589	0.0109945027486257	0.018122504530626152	1.741781783002093	True	False	L8L10_enriched	0.201874549387167	0.356164383561644	False		L8L10_enriched	539.0	annotated	-	Alpha/beta hydrolase family	I	Abhydrolase_5
group_3001	0.206896551724138	0.0828025477707006	-0.124094003953437	0.0004997501249375	0.001059637491421533	2.9748426841711053	True	False	Other_lineages_enriched	0.328638497652582	0.10641627543036	False		Other_lineages_enriched	637.0	valid_protein_no_eggnog_annotation				
group_2586	0.168582375478927	0.178343949044586	0.0097615735656587	0.303348325837081	0.3578706529298897	0.44627391433193087	False	False	L8L10_enriched	0.245888801879405	0.187940485512921	False		direction_ambiguous		annotated	-	Phage regulatory protein Rha (Phage_pRha)	S	Phage_pRha
group_2407	0.164750957854406	0.10828025477707	-0.0564707030773361	0.15192403798101	0.19380166672374294	0.7126424922707447	False	False	Other_lineages_enriched	0.27047913446677	0.183925811437403	False		Other_lineages_enriched	721.0	valid_protein_no_eggnog_annotation				
group_1400	0.218390804597701	0.121019108280255	-0.0973716963174464	0.0004997501249375	0.001059637491421533	2.9748426841711053	True	False	Other_lineages_enriched	0.365963855421687	0.128012048192771	False		Other_lineages_enriched	589.0	annotated	-	Cro/C1-type HTH DNA-binding domain	K	HTH_26
group_857	0.164750957854406	0.101910828025478	-0.0628401298289284	0.0034982508745627	0.006396635200712595	2.1940484163349723	True	False	Other_lineages_enriched	0.292682926829268	0.13375295043273	False		Other_lineages_enriched	696.0	annotated	-	-	-	-
group_3863	0.157088122605364	0.089171974522293	-0.067916148083071	0.770114942528736	0.8151393304311548	0.08876815167027852	False	False	Other_lineages_enriched	0.213375796178344	0.194267515923567	False		Other_lineages_enriched	789.0	annotated	-	DnaB-like helicase C terminal domain	L	DnaB_C
IntTn~~~xerC_16~~~xerD_3~~~IntTn_2~~~xerC_5~~~xerC_1	0.122605363984674	0.171974522292994	0.0493691583083193	1.0	1.0	-0.0	False	False	L8L10_enriched	0.146258503401361	0.153061224489796	False		L8L10_enriched	1334.0	annotated	-	Belongs to the 'phage' integrase family	L	Methylase_S,Phage_int_SAM_5,Phage_integrase
group_3475	0.183908045977011	0.159235668789809	-0.0246723771872026	0.300349825087456	0.35509604365380965	0.4496541664167478	False	False	Other_lineages_enriched	0.224555735056543	0.159935379644588	False		Other_lineages_enriched	780.0	annotated	-	Belongs to the 'phage' integrase family	L	Methylase_S,Phage_int_SAM_5,Phage_integrase
group_3368	0.0881226053639847	0.229299363057325	0.14117675769334	0.0004997501249375	0.001059637491421533	2.9748426841711053	True	False	L8L10_enriched	0.0808664259927798	0.475090252707581	False		L8L10_enriched	394.0	annotated	acmA	mannosyl-glycoprotein	NU	Glucosaminidase,SH3_8,YceG
group_3292	0.0574712643678161	0.312101910828025	0.254630646460209	0.0004997501249375	0.001059637491421533	2.9748426841711053	True	True	L8L10_enriched	0.10790273556231	0.372340425531915	False		L8L10_enriched	516.0	annotated	-	transposase, IS605 OrfB family	L	HTH_OrfB_IS605,OrfB_IS605,OrfB_Zn_ribbon
ytbE~~~yvgN_2~~~yvgN~~~yvgN_3	0.14176245210728	0.0700636942675159	-0.0716987578397638	0.0909545227386307	0.12148161833149095	0.9154894312108439	False	False	Other_lineages_enriched	0.244604316546763	0.156674660271783	False		Other_lineages_enriched	744.0	annotated	yvgN	Aldo keto reductase	C	Aldo_ket_red
group_1379	0.003831417624521	0.318471337579618	0.314639919955097	0.0004997501249375	0.001059637491421533	2.9748426841711053	True	True	L8L10_enriched	0.0099420049710024	0.333057166528583	False		L8L10_enriched	571.0	annotated	repE	Primase C terminal 1 (PriCT-1)	K	PriCT_1
cdaR_2	0.126436781609195	0.178343949044586	0.0519071674353906	0.0054972513743128	0.00965020952496573	2.0154632571693076	True	False	L8L10_enriched	0.321401370906321	0.155369383092155	False		direction_ambiguous		annotated	-	PucR C-terminal helix-turn-helix domain	KT	HTH_30
group_14635	0.003831417624521	0.464968152866242	0.461136735241721	0.0004997501249375	0.001059637491421533	2.9748426841711053	True	True	L8L10_enriched	0.031095406360424	0.55547703180212	False		L8L10_enriched	316.0	valid_protein_no_eggnog_annotation				
group_3515	0.0919540229885057	0.089171974522293	-0.0027820484662127	0.545727136431784	0.6058527340103532	0.21763292794445382	False	False	Other_lineages_enriched	0.135802469135802	0.100529100529101	False		Other_lineages_enriched	923.0	valid_protein_no_eggnog_annotation				
group_3283	0.157088122605364	0.191082802547771	0.0339946799424067	0.0389805097451274	0.05613670437508514	1.2507530871366892	False	False	L8L10_enriched	0.26038338658147	0.142172523961661	False		direction_ambiguous		valid_protein_no_eggnog_annotation				
group_3248	0.153256704980843	0.197452229299363	0.0441955243185202	0.43328335832084	0.4921298399404232	0.3079203010326362	False	False	L8L10_enriched	0.19253112033195	0.147717842323651	False		direction_ambiguous		annotated	-	-	-	-
group_3004	0.0229885057471264	0.235668789808917	0.212680284061791	0.0004997501249375	0.001059637491421533	2.9748426841711053	True	True	L8L10_enriched	0.0616600790513834	0.357312252964427	False		L8L10_enriched	534.0	annotated	-	Bacteriophage holin of superfamily 6 (Holin_LLH)	S	Phage_holin_6_1
group_2948	0.10727969348659	0.165605095541401	0.0583254020548112	0.769115442278861	0.814604751626116	0.0890530609834072	False	False	L8L10_enriched	0.218009478672986	0.202211690363349	False		direction_ambiguous		valid_protein_no_eggnog_annotation				
group_2799	0.0344827586206897	0.312101910828025	0.277619152207336	0.0004997501249375	0.001059637491421533	2.9748426841711053	True	True	L8L10_enriched	0.0318979266347687	0.373205741626794	False		L8L10_enriched	513.0	annotated	-	Probable transposase	L	OrfB_IS605,OrfB_Zn_ribbon
group_2093	0.28735632183908	0.0127388535031847	-0.274617468335896	0.0004997501249375	0.001059637491421533	2.9748426841711053	True	True	Other_lineages_enriched	0.386634844868735	0.0222752585521082	False		Other_lineages_enriched	564.0	valid_protein_no_eggnog_annotation				
gntP	0.126436781609195	0.178343949044586	0.0519071674353906	0.0039980009995002	0.007214355582340176	2.141802455912525	True	False	L8L10_enriched	0.321401370906321	0.155369383092155	False		direction_ambiguous		annotated	yojA	GntP family permease	EG	GntP_permease
group_1243	0.28735632183908	0.0063694267515923	-0.280986895087488	0.0004997501249375	0.001059637491421533	2.9748426841711053	True	True	Other_lineages_enriched	0.431221020092736	0.0231839258114374	False		Other_lineages_enriched	512.0	annotated	-	Protein of unknown function (DUF806)	S	DUF806
group_3735	0.0804597701149425	0.222929936305732	0.14247016619079	0.0169915042478761	0.026446389464691425	1.5776336106833386	True	False	L8L10_enriched	0.137161084529506	0.267942583732057	False		L8L10_enriched	702.0	annotated	-	-	-	-
group_3220	0.111111111111111	0.203821656050955	0.0927105449398443	0.0004997501249375	0.001059637491421533	2.9748426841711053	True	False	L8L10_enriched	0.086220169361047	0.374133949191686	False		L8L10_enriched	511.0	annotated	-	Psort location CytoplasmicMembrane, score	S	PTPS_related
gtf3_1~~~gtf3_2~~~gtf3_3~~~gtf3_4	0.0076628352490421	0.261146496815287	0.253483661566244	0.0004997501249375	0.001059637491421533	2.9748426841711053	True	True	L8L10_enriched	0.0336503291880029	0.503291880029261	False		L8L10_enriched	365.0	annotated	-	transferase activity, transferring glycosyl groups	M	-
group_2188	0.302681992337165	0.0063694267515923	-0.296312565585572	0.0004997501249375	0.001059637491421533	2.9748426841711053	True	True	Other_lineages_enriched	0.469248291571754	0.0121488230827639	False		Other_lineages_enriched	465.0	annotated	B4168_4126	Transposase	L	Transposase_mut
group_2146	0.0	0.197452229299363	0.197452229299363	0.0004997501249375	0.001059637491421533	2.9748426841711053	True	False	L8L10_enriched	0.0	0.408910103420843	False		L8L10_enriched	465.0	valid_protein_no_eggnog_annotation				
group_1868	0.183908045977011	0.121019108280255	-0.0628889376967567	0.0069965017491254	0.01204465687741285	1.9192055674687718	True	False	Other_lineages_enriched	0.328267477203647	0.151975683890578	False		Other_lineages_enriched	638.0	valid_protein_no_eggnog_annotation				
group_1420	0.0076628352490421	0.152866242038217	0.145203406789174	0.0004997501249375	0.001059637491421533	2.9748426841711053	True	False	L8L10_enriched	0.0631578947368421	0.317408906882591	False		L8L10_enriched	599.0	annotated	-	Resolvase, N-terminal	L	MerR,MerR_1,Resolvase
group_1310	0.241379310344828	0.0955414012738854	-0.145837909070942	0.0004997501249375	0.001059637491421533	2.9748426841711053	True	False	Other_lineages_enriched	0.300914380714879	0.0365752285951787	False		Other_lineages_enriched	675.0	annotated	-	restriction	V	Methylase_S
ctpE_2~~~ctpE_3~~~kdpB	0.0114942528735632	0.152866242038217	0.141371989164653	0.0004997501249375	0.001059637491421533	2.9748426841711053	True	False	L8L10_enriched	0.0255795363709033	0.375699440447642	False		L8L10_enriched	508.0	annotated	-	E1-E2 ATPase	P	E1-E2_ATPase,Hydrolase
group_13521	0.0268199233716475	0.273885350318471	0.247065426946824	0.0004997501249375	0.001059637491421533	2.9748426841711053	True	True	L8L10_enriched	0.092372288313506	0.508047585724283	False		L8L10_enriched	355.0	valid_protein_no_eggnog_annotation				
insK~~~insK_1	0.0957854406130268	0.171974522292994	0.0761890816799668	0.421789105447276	0.4803992749563686	0.318397656728511	False	False	L8L10_enriched	0.240469208211144	0.293255131964809	False		L8L10_enriched	649.0	annotated	-	hmm pf00665	L	HTH_21,rve,rve_2
group_3765	0.218390804597701	0.0636942675159236	-0.154696537081778	0.0004997501249375	0.001059637491421533	2.9748426841711053	True	False	Other_lineages_enriched	0.34472049689441	0.102484472049689	False		Other_lineages_enriched	606.0	valid_protein_no_eggnog_annotation				
group_3295	0.0383141762452107	0.127388535031847	0.0890743587866364	0.0004997501249375	0.001059637491421533	2.9748426841711053	True	False	L8L10_enriched	0.0282861896838602	0.307820299500832	False		L8L10_enriched	620.0	valid_protein_no_eggnog_annotation				
group_2923	0.279693486590038	0.0127388535031847	-0.266954633086854	0.0004997501249375	0.001059637491421533	2.9748426841711053	True	True	Other_lineages_enriched	0.3776	0.0224	False		Other_lineages_enriched	579.0	valid_protein_no_eggnog_annotation				
group_2884	0.122605363984674	0.165605095541401	0.0429997315567269	1.0	1.0	-0.0	False	False	L8L10_enriched	0.130434782608696	0.130434782608696	False		direction_ambiguous		valid_protein_no_eggnog_annotation				
group_2859	0.0153256704980843	0.267515923566879	0.252190253068795	0.0004997501249375	0.001059637491421533	2.9748426841711053	True	True	L8L10_enriched	0.04496253122398	0.289758534554538	False		L8L10_enriched	651.0	annotated	-	Eco57I restriction-modification methylase	LV	N6_Mtase
group_2636	0.111111111111111	0.248407643312102	0.137296532200991	0.712143928035982	0.7638392717703648	0.11699801672112813	False	False	L8L10_enriched	0.134239592183517	0.166525063721325	False		L8L10_enriched	1264.0	annotated	-	Host cell surface-exposed lipoprotein	M	Lipoprotein_Ltp
tkt_2~~~tkt	0.0996168582375479	0.159235668789809	0.059618810552261	0.130934532733633	0.1698540493532759	0.7699240950063759	False	False	L8L10_enriched	0.139802631578947	0.215460526315789	False		L8L10_enriched	894.0	annotated	tkt	Catalyzes the transfer of a two-carbon ketol group from a ketose donor to an aldose acceptor, via a covalent intermediate with the cofactor thiamine pyrophosphate	G	Transket_pyr,Transketolase_C,Transketolase_N
group_1380	0.272030651340996	0.0318471337579618	-0.240183517583034	0.0004997501249375	0.001059637491421533	2.9748426841711053	True	True	Other_lineages_enriched	0.405405405405405	0.0930930930930931	False		Other_lineages_enriched	538.0	annotated	-	Phage gp6-like head-tail connector protein	S	Phage_connect_1
yybR~~~yybR_1	0.222222222222222	0.0191082802547771	-0.203113941967445	0.0004997501249375	0.001059637491421533	2.9748426841711053	True	True	Other_lineages_enriched	0.430555555555556	0.0262345679012346	False		Other_lineages_enriched	513.0	annotated	ydeP	Transcriptional regulator, HxlR family	K	HxlR
group_3294	0.0153256704980843	0.248407643312102	0.233081972814018	0.0004997501249375	0.001059637491421533	2.9748426841711053	True	True	L8L10_enriched	0.0697847067557535	0.44543429844098	False		L8L10_enriched	422.0	annotated	-	Mannosyl-glycoprotein endo-beta-N-acetylglucosaminidase	MNU	Glucosaminidase,LysM
group_3069	0.0957854406130268	0.286624203821656	0.190838763208629	0.27936031984008	0.33423829116668974	0.47594379774066425	False	False	L8L10_enriched	0.222554144884242	0.283793876026886	False		L8L10_enriched	663.0	annotated	-	Transposase IS200 like	L	Y1_Tnp
group_3024	0.0842911877394636	0.229299363057325	0.145008175317861	0.0004997501249375	0.001059637491421533	2.9748426841711053	True	False	L8L10_enriched	0.112359550561798	0.389513108614232	False		L8L10_enriched	489.0	valid_protein_no_eggnog_annotation				
group_2864	0.103448275862069	0.210191082802548	0.106742806940479	0.213393303348326	0.2633449193006495	0.5794750560457338	False	False	L8L10_enriched	0.167731629392971	0.23482428115016	False		L8L10_enriched	818.0	annotated	-	ORF6C domain	K	AntA,ORF6C
group_1368	0.291187739463602	0.0191082802547771	-0.272079459208824	0.0004997501249375	0.001059637491421533	2.9748426841711053	True	True	Other_lineages_enriched	0.428351309707242	0.0308166409861325	False		Other_lineages_enriched	516.0	annotated	-	YjcQ protein	S	YjcQ
group_8643	0.0727969348659004	0.280254777070064	0.207457842204163	0.0154922538730635	0.024377734723851113	1.6130066532147327	True	True	L8L10_enriched	0.184798807749627	0.324888226527571	False		L8L10_enriched	586.0	valid_protein_no_eggnog_annotation				
group_3852	0.0229885057471264	0.178343949044586	0.15535544329746	0.0004997501249375	0.001059637491421533	2.9748426841711053	True	False	L8L10_enriched	0.0664605873261206	0.387944358578053	False		L8L10_enriched	492.0	annotated	yceE	haloacid dehalogenase-like hydrolase	S	Hydrolase_3
group_3844	0.0076628352490421	0.356687898089172	0.34902506284013	0.0004997501249375	0.001059637491421533	2.9748426841711053	True	True	L8L10_enriched	0.0	0.492840994724944	False		L8L10_enriched	377.0	annotated	repB	Initiator Replication protein	L	Rep_3
group_3743	0.0957854406130268	0.0700636942675159	-0.0257217463455109	1.0	1.0	-0.0	False	False	Other_lineages_enriched	0.166944908180301	0.163606010016695	False		Other_lineages_enriched	859.0	annotated	-	-	-	-
group_3712	0.195402298850575	0.0955414012738854	-0.0998608975766894	0.396301849075462	0.4551462505066739	0.3418490306345776	False	False	Other_lineages_enriched	0.254237288135593	0.204930662557781	False		Other_lineages_enriched	736.0	valid_protein_no_eggnog_annotation				
group_3326	0.0842911877394636	0.178343949044586	0.0940527613051224	0.377811094452774	0.43757031853142014	0.35895214493606575	False	False	L8L10_enriched	0.120851063829787	0.177021276595745	False		L8L10_enriched	1185.0	valid_protein_no_eggnog_annotation				
group_3090	0.164750957854406	0.146496815286624	-0.0182541425677819	0.203398300849575	0.2519539102629134	0.5986788971120302	False	False	Other_lineages_enriched	0.270145817344589	0.194934765924789	False		Other_lineages_enriched	722.0	annotated	-	Phage gp6-like head-tail connector protein	S	Phage_connect_1
group_2652	0.0383141762452107	0.248407643312102	0.210093467066891	0.0004997501249375	0.001059637491421533	2.9748426841711053	True	True	L8L10_enriched	0.0973837209302326	0.449127906976744	False		L8L10_enriched	417.0	annotated	-	Type II restriction enzyme, methylase subunits	V	-
group_2587	0.233716475095785	0.0573248407643312	-0.176391634331454	0.0039980009995002	0.007214355582340176	2.141802455912525	True	False	Other_lineages_enriched	0.274858528698464	0.108326596604689	False		Other_lineages_enriched	717.0	valid_protein_no_eggnog_annotation				
group_1978	0.0804597701149425	0.21656050955414	0.136100739439198	0.0254872563718141	0.038017433112325694	1.4200172094796812	True	False	L8L10_enriched	0.138374899436846	0.252614641995173	False		L8L10_enriched	752.0	annotated	-	Mannosyl-glycoprotein endo-beta-N-acetylglucosaminidase	NU	Glucosaminidase,LysM,SLAP
immR_1	0.153256704980843	0.101910828025478	-0.0513458769553652	0.255372313843078	0.30912996844707646	0.5098588904387866	False	False	Other_lineages_enriched	0.298375184638109	0.224519940915805	False		Other_lineages_enriched	679.0	annotated	-	Helix-turn-helix domain	K	HTH_19,HTH_3
group_1899	0.114942528735632	0.140127388535032	0.0251848597993997	0.0149925037481259	0.023715938478192436	1.6249596849342671	True	False	L8L10_enriched	0.132693844924061	0.268585131894484	False		L8L10_enriched	698.0	annotated	-	Putative HNHc nuclease	S	HNHc_6
group_1688	0.157088122605364	0.197452229299363	0.0403641066939991	0.0284857571214393	0.04197699897814959	1.3769886132480769	True	False	L8L10_enriched	0.172307692307692	0.289230769230769	False		L8L10_enriched	652.0	annotated	-	Integrase core domain	L	HTH_21,rve,rve_2
yjeM_1~~~yjeM_2~~~yjeM_3	0.0268199233716475	0.133757961783439	0.106938038411792	0.0004997501249375	0.001059637491421533	2.9748426841711053	True	False	L8L10_enriched	0.0389926888708367	0.336311941510967	False		L8L10_enriched	567.0	annotated	potE	Amino Acid	E	AA_permease_2
group_3485	0.0727969348659004	0.254777070063694	0.181980135197794	0.0004997501249375	0.001059637491421533	2.9748426841711053	True	False	L8L10_enriched	0.0435132957292506	0.344883158742949	False		L8L10_enriched	561.0	annotated	tnp2	Transposase	L	DDE_Tnp_ISL3,HTH_Tnp_ISL3,zf-ISL3
group_3424	0.0	0.171974522292994	0.171974522292994	0.0004997501249375	0.001059637491421533	2.9748426841711053	True	False	L8L10_enriched	0.0	0.278829604130809	False		L8L10_enriched	666.0	annotated	-	Bacterial membrane protein, YfhO	S	-
xerC_3~~~xerC_4~~~IntTn~~~xerC_9	0.206896551724138	0.121019108280255	-0.0858774434438832	0.0114942528735632	0.018814487440829978	1.725507608577245	True	False	Other_lineages_enriched	0.266129032258065	0.120967741935484	False		Other_lineages_enriched	727.0	annotated	-	Phage integrase, N-terminal SAM-like domain	L	Arm-DNA-bind_4,Phage_int_SAM_3,Phage_integrase
group_3300	0.291187739463602	0.0	-0.291187739463602	0.0004997501249375	0.001059637491421533	2.9748426841711053	True	True	Other_lineages_enriched	0.480243161094225	0.0	False		Other_lineages_enriched	455.0	annotated	-	Bacterial membrane protein YfhO	S	YfhO
group_2625	0.0842911877394636	0.197452229299363	0.113161041559899	0.0559720139930035	0.07831328497110257	1.106164558500916	False	False	L8L10_enriched	0.140549273021002	0.243941841680129	False		L8L10_enriched	780.0	annotated	-	Psort location CytoplasmicMembrane, score	S	-
group_2607	0.0919540229885057	0.101910828025478	0.0099568050369719	0.0004997501249375	0.001059637491421533	2.9748426841711053	True	False	L8L10_enriched	0.088379705400982	0.274959083469722	False		L8L10_enriched	671.0	annotated	-	lactoylglutathione lyase activity	E	Glyoxalase,Glyoxalase_4
group_2576	0.103448275862069	0.178343949044586	0.074895673182517	0.167416291854073	0.21127410251212966	0.6751537344922818	False	False	L8L10_enriched	0.181395348837209	0.268217054263566	False		L8L10_enriched	700.0	valid_protein_no_eggnog_annotation				
group_2047	0.0766283524904215	0.24203821656051	0.165409864070088	0.0004997501249375	0.001059637491421533	2.9748426841711053	True	False	L8L10_enriched	0.0434782608695652	0.217391304347826	False		L8L10_enriched	886.0	valid_protein_no_eggnog_annotation				
group_1907	0.0153256704980843	0.273885350318471	0.258559679820387	0.0004997501249375	0.001059637491421533	2.9748426841711053	True	True	L8L10_enriched	0.0537124802527646	0.36650868878357	False		L8L10_enriched	523.0	valid_protein_no_eggnog_annotation				
xerD_1~~~xerC_6	0.218390804597701	0.0828025477707006	-0.135588256827001	0.0004997501249375	0.001059637491421533	2.9748426841711053	True	False	Other_lineages_enriched	0.415942028985507	0.134782608695652	False		Other_lineages_enriched	530.0	annotated	-	Belongs to the 'phage' integrase family	L	Phage_int_SAM_1,Phage_integrase
group_7270	0.0076628352490421	0.203821656050955	0.196158820801913	0.0004997501249375	0.001059637491421533	2.9748426841711053	True	False	L8L10_enriched	0.0471928397070789	0.32546786004882	False		L8L10_enriched	584.0	valid_protein_no_eggnog_annotation				
yvcJ_2~~~yvcJ~~~yvcJ_1	0.0268199233716475	0.178343949044586	0.151524025672938	0.16191904047976	0.2051223523186502	0.6879870116954436	False	False	L8L10_enriched	0.0408921933085502	0.100371747211896	False		L8L10_enriched	1614.0	annotated	yvcJ	Displays ATPase and GTPase activities	S	ATP_bind_2
group_3594	0.0766283524904215	0.146496815286624	0.0698684627962027	0.0174912543728136	0.027045369853787336	1.567907075070109	True	False	L8L10_enriched	0.14171974522293	0.265923566878981	False		L8L10_enriched	713.0	annotated	-	sequence-specific DNA binding	S	-
xre	0.0613026819923372	0.273885350318471	0.212582668326134	0.0004997501249375	0.001059637491421533	2.9748426841711053	True	True	L8L10_enriched	0.157205240174672	0.387190684133916	False		L8L10_enriched	495.0	annotated	-	Helix-turn-helix domain	K	HTH_19,HTH_3
group_3172	0.145593869731801	0.184713375796178	0.0391195060643776	0.291854072963518	0.34604504153105137	0.4608673693711555	False	False	L8L10_enriched	0.179180887372014	0.114334470989761	False		direction_ambiguous		annotated	-	HNH endonuclease	S	HNH_3
group_2678	0.206896551724138	0.10828025477707	-0.0986162969470679	0.0004997501249375	0.001059637491421533	2.9748426841711053	True	False	Other_lineages_enriched	0.347120843471208	0.0308191403081914	False		Other_lineages_enriched	603.0	annotated	-	Calcineurin-like phosphoesterase	S	-
group_2154	0.003831417624521	0.318471337579618	0.314639919955097	0.0004997501249375	0.001059637491421533	2.9748426841711053	True	True	L8L10_enriched	0.0272654370489174	0.368885324779471	False		L8L10_enriched	519.0	annotated	arbY	family 8	M	Glyco_transf_8
rnmV	0.0114942528735632	0.146496815286624	0.135002562413061	0.0004997501249375	0.001059637491421533	2.9748426841711053	True	False	L8L10_enriched	0.0092421441774491	0.142329020332717	False		L8L10_enriched	1405.0	annotated	rnmV	Required for correct processing of both the 5' and 3' ends of 5S rRNA precursor. Cleaves both sides of a double-stranded region yielding mature 5S rRNA in one step	J	DUF4093,Toprim,Toprim_4
group_1338	0.218390804597701	0.0573248407643312	-0.16106596383337	0.0149925037481259	0.023715938478192436	1.6249596849342671	True	False	Other_lineages_enriched	0.263665594855305	0.128617363344051	False		Other_lineages_enriched	728.0	valid_protein_no_eggnog_annotation				
group_847	0.114942528735632	0.191082802547771	0.0761402738121385	0.442278860569715	0.5018281148681856	0.2994450110364136	False	False	L8L10_enriched	0.175718849840256	0.226837060702875	False		L8L10_enriched	839.0	valid_protein_no_eggnog_annotation				
group_3726	0.0574712643678161	0.184713375796178	0.127242111428362	0.0004997501249375	0.001059637491421533	2.9748426841711053	True	False	L8L10_enriched	0.115269461077844	0.387724550898204	False		L8L10_enriched	493.0	annotated	-	Bacteriophage holin family	S	Phage_holin_4_1
group_3157	0.160919540229885	0.0955414012738854	-0.0653781389559997	0.15992003998001	0.20282391521714124	0.6928808381232858	False	False	Other_lineages_enriched	0.154838709677419	0.232258064516129	False		direction_ambiguous		valid_protein_no_eggnog_annotation				
group_2648	0.0191570881226054	0.235668789808917	0.216511701686312	0.0004997501249375	0.001059637491421533	2.9748426841711053	True	True	L8L10_enriched	0.067175572519084	0.406106870229008	False		L8L10_enriched	468.0	annotated	-	Phage regulatory protein Rha (Phage_pRha)	S	Phage_pRha
spxA_2~~~spxA_1	0.0421455938697318	0.318471337579618	0.276325743709886	0.0004997501249375	0.001059637491421533	2.9748426841711053	True	True	L8L10_enriched	0.133633633633634	0.364864864864865	False		L8L10_enriched	527.0	annotated	-	ArsC family	P	ArsC
aroE	0.0114942528735632	0.222929936305732	0.211435683432169	0.0004997501249375	0.001059637491421533	2.9748426841711053	True	True	L8L10_enriched	0.0252365930599369	0.397476340694006	False		L8L10_enriched	474.0	annotated	aroE	Involved in the biosynthesis of the chorismate, which leads to the biosynthesis of aromatic amino acids. Catalyzes the reversible NADPH linked reduction of 3-dehydroshikimate (DHSA) to yield shikimate (SA)	E	Shikimate_dh_N
group_950	0.0191570881226054	0.0828025477707006	0.0636454596480953	0.0004997501249375	0.001059637491421533	2.9748426841711053	True	False	L8L10_enriched	0.0423280423280423	0.194003527336861	False		L8L10_enriched	979.0	annotated	-	-	-	-
pspB_1	0.0842911877394636	0.133757961783439	0.0494667740439759	0.547726136931534	0.6070493175880944	0.21677602476277028	False	False	L8L10_enriched	0.317415730337079	0.278089887640449	False		direction_ambiguous		annotated	-	Phosphoglycerate mutase family	G	His_Phos_1
group_367	0.28735632183908	0.0063694267515923	-0.280986895087488	0.0004997501249375	0.001059637491421533	2.9748426841711053	True	True	Other_lineages_enriched	0.468085106382979	0.0121580547112462	False		Other_lineages_enriched	469.0	annotated	-	MULE transposase domain	L	Transposase_mut
group_146	0.199233716475096	0.0828025477707006	-0.116431168704395	0.0004997501249375	0.001059637491421533	2.9748426841711053	True	False	Other_lineages_enriched	0.303436714165968	0.0201173512154233	False		Other_lineages_enriched	673.0	valid_protein_no_eggnog_annotation				
group_13748	0.226053639846743	0.0382165605095541	-0.187837079337189	0.0004997501249375	0.001059637491421533	2.9748426841711053	True	False	Other_lineages_enriched	0.349079263410729	0.0496397117694155	False		Other_lineages_enriched	602.0	annotated	-	Integrase core domain	L	HTH_21,rve,rve_3
group_3226	0.0804597701149425	0.21656050955414	0.136100739439198	0.0269865067466267	0.04005429717573648	1.3973508843338527	True	False	L8L10_enriched	0.138374899436846	0.252614641995173	False		L8L10_enriched	753.0	annotated	-	Domain of unknown function (DUF4422)	M	DUF4422
group_2990	0.114942528735632	0.10828025477707	-0.0066622739585621	0.230384807596202	0.28167641596641396	0.5502495138392919	False	False	Other_lineages_enriched	0.174464710547185	0.23949246629659	False		direction_ambiguous		annotated	sthIR	Type III restriction enzyme, res subunit	L	ResIII
rapA_2~~~rapA~~~rapA_1	0.0153256704980843	0.254777070063694	0.23945139956561	0.0004997501249375	0.001059637491421533	2.9748426841711053	True	True	L8L10_enriched	0.0451505016722408	0.282608695652174	False		L8L10_enriched	664.0	annotated	-	SNF2 family N-terminal domain	L	Helicase_C,PLDc_2,ResIII,SNF2_N
group_1856	0.275862068965517	0.0063694267515923	-0.269492642213925	0.0004997501249375	0.001059637491421533	2.9748426841711053	True	True	Other_lineages_enriched	0.504451038575668	0.0118694362017804	False		Other_lineages_enriched	438.0	annotated	-	-	-	-
group_1464	0.0229885057471264	0.133757961783439	0.110769456036313	0.0004997501249375	0.001059637491421533	2.9748426841711053	True	False	L8L10_enriched	0.028099173553719	0.31900826446281	False		L8L10_enriched	596.0	valid_protein_no_eggnog_annotation				
group_759	0.0229885057471264	0.133757961783439	0.110769456036313	0.0004997501249375	0.001059637491421533	2.9748426841711053	True	False	L8L10_enriched	0.028099173553719	0.31900826446281	False		L8L10_enriched	597.0	valid_protein_no_eggnog_annotation				
group_3578	0.164750957854406	0.121019108280255	-0.0437318495741514	0.0229885057471264	0.034651018498070216	1.4602839956382934	True	False	Other_lineages_enriched	0.216398985629755	0.0929839391377853	False		Other_lineages_enriched	787.0	annotated	-	Prophage endopeptidase tail	M	Glyco_hydro_25,Peptidase_M23,Prophage_tail
group_3527	0.0153256704980843	0.261146496815287	0.245820826317202	0.0004997501249375	0.001059637491421533	2.9748426841711053	True	True	L8L10_enriched	0.0466613032984714	0.344328238133548	False		L8L10_enriched	562.0	annotated	-	DnaD domain protein	L	-
group_2421	0.126436781609195	0.152866242038217	0.0264294604290211	0.764117941029485	0.8106144931397788	0.09118563568640248	False	False	L8L10_enriched	0.196825396825397	0.215873015873016	False		L8L10_enriched	892.0	annotated	-	-	-	-
secA_2~~~secA_3	0.003831417624521	0.210191082802548	0.206359665178027	0.0004997501249375	0.001059637491421533	2.9748426841711053	True	True	L8L10_enriched	0.0260137719969396	0.443764345830145	False		L8L10_enriched	426.0	annotated	secA2	Part of the Sec protein translocase complex. Interacts with the SecYEG preprotein conducting channel. Has a central role in coupling the hydrolysis of ATP to the transfer of proteins into and across the cell membrane, serving as an ATP-driven molecular motor driving the stepwise translocation of polypeptide chains across the membrane	U	SecA_DEAD,SecA_PP_bind,SecA_SW
group_2013	0.237547892720307	0.0382165605095541	-0.199331332210752	0.0004997501249375	0.001059637491421533	2.9748426841711053	True	False	Other_lineages_enriched	0.295666949872557	0.0050977060322854	False		Other_lineages_enriched	689.0	annotated	-	AAA domain (Cdc48 subfamily)	O	AAA_2
group_1697	0.0383141762452107	0.267515923566879	0.229201747321668	0.0004997501249375	0.001059637491421533	2.9748426841711053	True	True	L8L10_enriched	0.0659163987138264	0.326366559485531	False		L8L10_enriched	582.0	annotated	-	Helix-turn-helix domain	S	HTH_17
sasA_3~~~resE~~~sasA_1	0.0421455938697318	0.312101910828025	0.269956316958294	0.0004997501249375	0.001059637491421533	2.9748426841711053	True	True	L8L10_enriched	0.134339622641509	0.35622641509434	False		L8L10_enriched	536.0	annotated	hpk7	Histidine kinase	T	HAMP,HATPase_c,HisKA
lgt_1	0.0421455938697318	0.312101910828025	0.269956316958294	0.0004997501249375	0.001059637491421533	2.9748426841711053	True	True	L8L10_enriched	0.134339622641509	0.35622641509434	False		L8L10_enriched	537.0	annotated	lgt	Transfers the N-acyl diglyceride group on what will become the N-terminal cysteine of membrane lipoproteins	M	LGT
walR_1	0.0421455938697318	0.312101910828025	0.269956316958294	0.0004997501249375	0.001059637491421533	2.9748426841711053	True	True	L8L10_enriched	0.134339622641509	0.35622641509434	False		L8L10_enriched	538.0	annotated	-	response regulator	K	Response_reg,Trans_reg_C
group_78	0.0421455938697318	0.318471337579618	0.276325743709886	0.0004997501249375	0.001059637491421533	2.9748426841711053	True	True	L8L10_enriched	0.133533383345836	0.36609152288072	False		L8L10_enriched	525.0	annotated	-	Integrase core domain	L	HTH_38,rve
group_3900	0.0689655172413793	0.140127388535032	0.0711618712936525	0.884057971014493	0.9192082721655899	0.036586075986760024	False	False	L8L10_enriched	0.240362811791383	0.247921390778534	False		L8L10_enriched	767.0	valid_protein_no_eggnog_annotation				
group_3879	0.245210727969349	0.0127388535031847	-0.232471874466164	0.0004997501249375	0.001059637491421533	2.9748426841711053	True	True	Other_lineages_enriched	0.458715596330275	0.0122324159021407	False		Other_lineages_enriched	478.0	annotated	-	-	-	-
group_3846	0.157088122605364	0.0764331210191083	-0.0806550015862557	0.0039980009995002	0.007214355582340176	2.141802455912525	True	False	Other_lineages_enriched	0.336603773584906	0.153962264150943	False		Other_lineages_enriched	622.0	annotated	-	Domain of unknown function (DUF4417)	S	DUF4417
group_3696	0.0727969348659004	0.197452229299363	0.124655294433463	0.592203898050975	0.6487073949727269	0.18795115127966439	False	False	L8L10_enriched	0.25237053245806	0.288840262582057	False		L8L10_enriched	654.0	annotated	-	Type I restriction modification DNA specificity domain	V	Methylase_S
group_3586	0.0191570881226054	0.337579617834395	0.31842252971179	0.0004997501249375	0.001059637491421533	2.9748426841711053	True	True	L8L10_enriched	0.0219435736677116	0.410658307210031	False		L8L10_enriched	462.0	annotated	-	Phage tail protein	S	Sipho_tail
group_3516	0.0651340996168582	0.235668789808917	0.170534690192059	0.0004997501249375	0.001059637491421533	2.9748426841711053	True	False	L8L10_enriched	0.160294117647059	0.369117647058823	False		L8L10_enriched	518.0	annotated	-	Helix-turn-helix domain	K	HTH_3
group_3163	0.0689655172413793	0.248407643312102	0.179442126070723	0.0004997501249375	0.001059637491421533	2.9748426841711053	True	False	L8L10_enriched	0.106646058732612	0.347758887171561	False		L8L10_enriched	553.0	valid_protein_no_eggnog_annotation				
group_2987	0.0804597701149425	0.222929936305732	0.14247016619079	0.0004997501249375	0.001059637491421533	2.9748426841711053	True	False	L8L10_enriched	0.060560181680545	0.425435276305829	False		L8L10_enriched	445.0	annotated	-	Glycosyl transferases group 1	M	Glyco_trans_1_4,Glyco_transf_4,Glycos_transf_1
group_2909	0.14176245210728	0.089171974522293	-0.0525904775849867	1.0	1.0	-0.0	False	False	Other_lineages_enriched	0.244309559939302	0.238239757207891	False		Other_lineages_enriched	745.0	annotated	-	-	-	HTH_26
tuaB	0.111111111111111	0.0828025477707006	-0.0283085633404105	0.104447776111944	0.13810410204207685	0.8597934215822608	False	False	Other_lineages_enriched	0.110356536502547	0.191850594227504	False		direction_ambiguous		annotated	-	Polysaccharide biosynthesis protein	S	Polysacc_synt_3,Polysacc_synt_C
group_2554	0.0076628352490421	0.127388535031847	0.119725699782805	0.0004997501249375	0.001059637491421533	2.9748426841711053	True	False	L8L10_enriched	0.0233527939949958	0.308590492076731	False		L8L10_enriched	616.0	valid_protein_no_eggnog_annotation				
gtf3_4~~~gtf3_5~~~gtf3_1~~~gtf3_3~~~gtf3_2	0.003831417624521	0.35031847133758	0.346487053713059	0.0004997501249375	0.001059637491421533	2.9748426841711053	True	True	L8L10_enriched	0.0094861660079051	0.409486166007905	False		L8L10_enriched	463.0	annotated	nss	transferase activity, transferring glycosyl groups	M	Glycos_transf_1
group_2414	0.237547892720307	0.0382165605095541	-0.199331332210752	0.0004997501249375	0.001059637491421533	2.9748426841711053	True	False	Other_lineages_enriched	0.289855072463768	0.0051150895140665	False		Other_lineages_enriched	698.0	annotated	-	-	-	-
group_2352	0.0076628352490421	0.127388535031847	0.119725699782805	0.0004997501249375	0.001059637491421533	2.9748426841711053	True	False	L8L10_enriched	0.0233527939949958	0.308590492076731	False		L8L10_enriched	617.0	valid_protein_no_eggnog_annotation				
group_2348	0.126436781609195	0.133757961783439	0.007321180174244	0.0454772613693153	0.06481296548957349	1.188338107133581	False	False	L8L10_enriched	0.153359683794466	0.265612648221344	False		L8L10_enriched	714.0	valid_protein_no_eggnog_annotation				
group_2244	0.0996168582375479	0.203821656050955	0.104204797813408	0.5992003998001	0.6557174750386349	0.1832832421200933	False	False	L8L10_enriched	0.145606694560669	0.180753138075314	False		L8L10_enriched	1161.0	annotated	-	-	-	-
rfaB_1~~~rfaB	0.0804597701149425	0.21656050955414	0.136100739439198	0.0229885057471264	0.034651018498070216	1.4602839956382934	True	False	L8L10_enriched	0.138374899436846	0.252614641995173	False		L8L10_enriched	754.0	annotated	-	Glycosyl transferases group 1	M	Glyco_trans_1_4,Glyco_transf_4,Glycos_transf_1
group_1805	0.111111111111111	0.133757961783439	0.0226468506723284	0.451274362818591	0.5116823900506735	0.29099952935467943	False	False	L8L10_enriched	0.169218372280419	0.219178082191781	False		L8L10_enriched	873.0	valid_protein_no_eggnog_annotation				
group_1632	0.126436781609195	0.165605095541401	0.0391683139322059	0.547726136931534	0.6070493175880944	0.21677602476277028	False	False	L8L10_enriched	0.230647709320695	0.18957345971564	False		direction_ambiguous		annotated	-	NAD dependent epimerase dehydratase family	M	Epimerase,GDP_Man_Dehyd
group_9052	0.0421455938697318	0.178343949044586	0.136198355174854	0.0029985007496251	0.005538150207407345	2.256635269362656	True	False	L8L10_enriched	0.0717948717948718	0.218803418803419	False		L8L10_enriched	877.0	annotated	-	Exporter of polyketide antibiotics	M	-
group_6845	0.0153256704980843	0.203821656050955	0.188495985552871	0.0004997501249375	0.001059637491421533	2.9748426841711053	True	False	L8L10_enriched	0.0084459459459459	0.302364864864865	False		L8L10_enriched	631.0	valid_protein_no_eggnog_annotation				
group_3867	0.0919540229885057	0.21656050955414	0.124606486565634	0.0119940029985007	0.01953546212558567	1.7091763107653832	True	False	L8L10_enriched	0.0731707317073171	0.184668989547038	False		L8L10_enriched	1141.0	annotated	-	-	-	-
group_3460	0.145593869731801	0.114649681528662	-0.0309441882031384	0.87656171914043	0.9122775946202518	0.03987299120249796	False	False	Other_lineages_enriched	0.179007323026851	0.193653376729048	False		direction_ambiguous		valid_protein_no_eggnog_annotation				
group_3223	0.0996168582375479	0.184713375796178	0.0850965175586304	1.0	1.0	-0.0	False	False	L8L10_enriched	0.193181818181818	0.183441558441558	False		direction_ambiguous		annotated	-	-	-	-
group_3044	0.18007662835249	0.114649681528662	-0.065426946823828	0.0004997501249375	0.001059637491421533	2.9748426841711053	True	False	Other_lineages_enriched	0.309791332263242	0.0850722311396469	False		Other_lineages_enriched	669.0	annotated	-	sequence-specific DNA binding	K	HTH_3
group_2891	0.0076628352490421	0.121019108280255	0.113356273031213	0.0004997501249375	0.001059637491421533	2.9748426841711053	True	False	L8L10_enriched	0.023489932885906	0.298657718120805	False		L8L10_enriched	641.0	valid_protein_no_eggnog_annotation				
group_2789	0.122605363984674	0.210191082802548	0.0875857188178735	0.478260869565217	0.5404216615971845	0.26726725157527653	False	False	L8L10_enriched	0.133898305084746	0.171186440677966	False		L8L10_enriched	1230.0	valid_protein_no_eggnog_annotation				
lafA	0.0229885057471264	0.121019108280255	0.0980306025331283	0.0004997501249375	0.001059637491421533	2.9748426841711053	True	False	L8L10_enriched	0.0283806343906511	0.302170283806344	False		L8L10_enriched	632.0	valid_protein_no_eggnog_annotation				
group_1414	0.0229885057471264	0.121019108280255	0.0980306025331283	0.0004997501249375	0.001059637491421533	2.9748426841711053	True	False	L8L10_enriched	0.0283806343906511	0.302170283806344	False		L8L10_enriched	633.0	valid_protein_no_eggnog_annotation				
group_1041	0.0076628352490421	0.127388535031847	0.119725699782805	0.0004997501249375	0.001059637491421533	2.9748426841711053	True	False	L8L10_enriched	0.0233527939949958	0.308590492076731	False		L8L10_enriched	618.0	annotated	pltK	GHKL domain	T	HATPase_c_5
group_281	0.0076628352490421	0.21656050955414	0.208897674305098	0.0004997501249375	0.001059637491421533	2.9748426841711053	True	True	L8L10_enriched	0.0426621160409556	0.250853242320819	False		L8L10_enriched	757.0	valid_protein_no_eggnog_annotation				
group_228	0.0344827586206897	0.222929936305732	0.188447177685043	0.0004997501249375	0.001059637491421533	2.9748426841711053	True	False	L8L10_enriched	0.105342362678706	0.389766741911211	False		L8L10_enriched	486.0	annotated	-	-	-	-
agrA_2	0.0076628352490421	0.127388535031847	0.119725699782805	0.0004997501249375	0.001059637491421533	2.9748426841711053	True	False	L8L10_enriched	0.0233527939949958	0.308590492076731	False		L8L10_enriched	619.0	annotated	-	LytTr DNA-binding domain	K	LytTR,Response_reg
group_3798	0.176245210727969	0.0955414012738854	-0.080703809454084	0.0019990004997501	0.0038205955027126337	2.4178689398669198	True	False	Other_lineages_enriched	0.293929712460064	0.108626198083067	False		Other_lineages_enriched	692.0	annotated	-	hmm pf00665	L	HTH_21,rve
group_3761	0.0766283524904215	0.191082802547771	0.114454450057349	0.0004997501249375	0.001059637491421533	2.9748426841711053	True	False	L8L10_enriched	0.0425894378194208	0.253833049403748	False		L8L10_enriched	749.0	valid_protein_no_eggnog_annotation				
group_3677	0.145593869731801	0.152866242038217	0.0072723723064157	0.731634182908546	0.7824520067132941	0.10654229130075016	False	False	L8L10_enriched	0.164128595600677	0.143824027072758	False		direction_ambiguous		valid_protein_no_eggnog_annotation				
group_3504	0.122605363984674	0.152866242038217	0.0302608780535422	0.484257871064468	0.5464485223141856	0.2624507441038355	False	False	L8L10_enriched	0.159519725557461	0.125214408233276	False		direction_ambiguous		valid_protein_no_eggnog_annotation				
group_3253	0.118773946360153	0.184713375796178	0.0659394294360251	0.741629185407296	0.7908311216560001	0.10191624818800932	False	False	L8L10_enriched	0.156016597510373	0.184232365145228	False		L8L10_enriched	1142.0	valid_protein_no_eggnog_annotation				
group_3153	0.229885057471264	0.0445859872611465	-0.185299070210118	0.0004997501249375	0.001059637491421533	2.9748426841711053	True	False	Other_lineages_enriched	0.246339362618432	0.0310077519379845	False		Other_lineages_enriched	742.0	annotated	-	BRO family, N-terminal domain	K	Bro-N
group_2960	0.256704980842912	0.0127388535031847	-0.243966127339727	0.0004997501249375	0.001059637491421533	2.9748426841711053	True	True	Other_lineages_enriched	0.384676775738228	0.0191540303272147	False		Other_lineages_enriched	566.0	valid_protein_no_eggnog_annotation				
group_2686	0.172413793103448	0.0573248407643312	-0.115088952339117	0.0004997501249375	0.001059637491421533	2.9748426841711053	True	False	Other_lineages_enriched	0.285482562854826	0.0924574209245742	False		Other_lineages_enriched	702.0	annotated	-	DNA primase	S	D5_N,Pox_D5
group_2522	0.114942528735632	0.178343949044586	0.0634014203089538	1.0	1.0	-0.0	False	False	L8L10_enriched	0.139175257731959	0.142611683848797	False		L8L10_enriched	1403.0	valid_protein_no_eggnog_annotation				
group_1926	0.14176245210728	0.171974522292994	0.0302120701857139	0.465267366316842	0.5264615288509596	0.2786333593658393	False	False	L8L10_enriched	0.233438485804416	0.189274447949527	False		direction_ambiguous		valid_protein_no_eggnog_annotation				
group_807	0.003831417624521	0.159235668789809	0.155404251165288	0.0004997501249375	0.001059637491421533	2.9748426841711053	True	False	L8L10_enriched	0.0291345329905741	0.25706940874036	False		L8L10_enriched	743.0	annotated	-	Abi-like protein	V	Abi_2
group_741	0.0229885057471264	0.121019108280255	0.0980306025331283	0.0004997501249375	0.001059637491421533	2.9748426841711053	True	False	L8L10_enriched	0.0283806343906511	0.302170283806344	False		L8L10_enriched	634.0	valid_protein_no_eggnog_annotation				
group_13479	0.0613026819923372	0.210191082802548	0.148888400810211	0.0004997501249375	0.001059637491421533	2.9748426841711053	True	False	L8L10_enriched	0.126348228043143	0.332819722650231	False		L8L10_enriched	572.0	annotated	-	to Yersinia pestis insertion element IS1661 DNA-binding protein YPO0996 SWALL Q8ZHA8 (EMBL AJ414145)(178 aa) fasta scores E() 8.6e-14, 36.51 id in 178 aa, and to Klebsiella pneumoniae OrfA SWALL Q9AG22 (EMBL AF345899) (173 aa) fasta scores E() 1e-18, 40.22 38d in 174 aa	L	HTH_28,HTH_Tnp_1
group_3686	0.0421455938697318	0.140127388535032	0.0979817946653	0.0014992503748125	0.002921366046722169	2.534414022584289	True	False	L8L10_enriched	0.0731914893617021	0.22468085106383	False		L8L10_enriched	848.0	annotated	-	Transposase IS66 family	L	DDE_Tnp_IS66,DDE_Tnp_IS66_C,LZ_Tnp_IS66,zf-IS66
group_3627	0.103448275862069	0.197452229299363	0.0940039534372941	0.186406796601699	0.23265545257674175	0.6332867647673265	False	False	L8L10_enriched	0.147058823529412	0.218954248366013	False		L8L10_enriched	876.0	annotated	rusA	Endodeoxyribonuclease RusA	L	RusA
group_3617	0.003831417624521	0.267515923566879	0.263684505942358	0.0004997501249375	0.001059637491421533	2.9748426841711053	True	True	L8L10_enriched	0.0249791840133222	0.309741881765196	False		L8L10_enriched	613.0	valid_protein_no_eggnog_annotation				
group_3357	0.172413793103448	0.121019108280255	-0.0513946848231935	0.0034982508745627	0.006396635200712595	2.1940484163349723	True	False	Other_lineages_enriched	0.234295415959253	0.067911714770798	False		Other_lineages_enriched	760.0	annotated	-	Cro/C1-type HTH DNA-binding domain	K	HTH_26
group_3205	0.0306513409961686	0.121019108280255	0.0903677672840862	0.0004997501249375	0.001059637491421533	2.9748426841711053	True	False	L8L10_enriched	0.0287511230907457	0.174303683737646	False		L8L10_enriched	1196.0	annotated	-	Acyltransferase family	S	Acyl_transf_3
ssp5_1~~~ssp5~~~ssp5_2	0.0459770114942529	0.286624203821656	0.240647192327403	0.0004997501249375	0.001059637491421533	2.9748426841711053	True	True	L8L10_enriched	0.0701754385964912	0.334928229665072	False		L8L10_enriched	568.0	annotated	pspA	Lytic transglycosylase with a strong preference for naked glycan strands that lack stem peptides	D	Antigen_C,CW_binding_1,GbpC,Gram_pos_anchor,SPOR,Strep_SA_rep
group_2231	0.0076628352490421	0.331210191082803	0.32354735583376	0.0004997501249375	0.001059637491421533	2.9748426841711053	True	True	L8L10_enriched	0.0130187144019528	0.359641985353946	False		L8L10_enriched	533.0	valid_protein_no_eggnog_annotation				
group_1466	0.114942528735632	0.114649681528662	-0.0002928472069697	0.0694652673663168	0.09544956462552703	1.020226048214918	False	False	Other_lineages_enriched	0.169914263445051	0.271239282930631	False		direction_ambiguous		annotated	-	-	-	-
group_1316	0.0651340996168582	0.171974522292994	0.106840422676135	0.0819590204897551	0.11067826742366518	0.9559376479972144	False	False	L8L10_enriched	0.156050955414013	0.251592356687898	False		L8L10_enriched	756.0	annotated	-	Transcriptional regulator	K	HTH_3
group_15056	0.0344827586206897	0.261146496815287	0.226663738194597	0.0004997501249375	0.001059637491421533	2.9748426841711053	True	True	L8L10_enriched	0.0788863109048724	0.374323279195669	False		L8L10_enriched	510.0	annotated	tnp2	Transposase	L	DDE_Tnp_ISL3,HTH_Tnp_ISL3,zf-ISL3
group_3869	0.118773946360153	0.171974522292994	0.0532005759328404	0.719640179910045	0.7706254120258689	0.11315667385839147	False	False	L8L10_enriched	0.151387720773759	0.166526492851135	False		L8L10_enriched	1263.0	annotated	-	Phage transcriptional regulator, ArpU family	S	DUF1492
group_2903	0.14176245210728	0.152866242038217	0.0111037899309369	0.31584207896052	0.37128064579911296	0.4302976891840834	False	False	L8L10_enriched	0.184121621621622	0.126689189189189	False		direction_ambiguous		valid_protein_no_eggnog_annotation				
group_2614	0.114942528735632	0.0636942675159236	-0.0512482612197086	0.0074962518740629	0.012817929385073822	1.8921821253059585	True	False	Other_lineages_enriched	0.27162489894907	0.111560226354082	False		Other_lineages_enriched	719.0	annotated	-	N-6 DNA Methylase	V	N6_Mtase
group_2557	0.21455938697318	0.0254777070063694	-0.189081679966811	0.0004997501249375	0.001059637491421533	2.9748426841711053	True	False	Other_lineages_enriched	0.274978650725875	0.0170794192997438	False		Other_lineages_enriched	716.0	valid_protein_no_eggnog_annotation				
group_2542	0.206896551724138	0.0509554140127389	-0.155941137711399	0.0004997501249375	0.001059637491421533	2.9748426841711053	True	False	Other_lineages_enriched	0.404207362885049	0.0931630353117956	False		Other_lineages_enriched	539.0	annotated	-	SIR2-like domain	K	SIR2_2
group_1905	0.149425287356322	0.114649681528662	-0.0347756058276594	0.0059970014992503	0.01045508991535965	1.9806722278318074	True	False	Other_lineages_enriched	0.230899830220713	0.0713073005093379	False		Other_lineages_enriched	769.0	valid_protein_no_eggnog_annotation				
group_138	0.160919540229885	0.10828025477707	-0.052639285452815	0.260869565217391	0.31474376323372516	0.5020428668436544	False	False	Other_lineages_enriched	0.199833472106578	0.13488759367194	False		Other_lineages_enriched	809.0	annotated	-	HNH endonuclease	V	-
murJ_1~~~murJ_3~~~murJ_2~~~rfbX_2~~~rfbX	0.126436781609195	0.089171974522293	-0.0372648070869024	0.258870564717641	0.31279006627965794	0.5047470479025798	False	False	Other_lineages_enriched	0.208709942481512	0.147904683648316	False		Other_lineages_enriched	798.0	annotated	cps1C	Membrane protein involved in the export of O-antigen and teichoic acid	S	Polysacc_synt,Polysacc_synt_C
group_3661	0.0191570881226054	0.286624203821656	0.267467115699051	0.0004997501249375	0.001059637491421533	2.9748426841711053	True	True	L8L10_enriched	0.0046224961479198	0.454545454545455	False		L8L10_enriched	413.0	annotated	-	transposase, IS605 OrfB family	L	HTH_OrfB_IS605,OrfB_IS605,OrfB_Zn_ribbon
group_3620	0.14176245210728	0.127388535031847	-0.0143739170754326	0.0019990004997501	0.0038205955027126337	2.4178689398669198	True	False	Other_lineages_enriched	0.229059829059829	0.0615384615384615	False		Other_lineages_enriched	772.0	annotated	-	-	-	HTH_Tnp_1_2
smc_2~~~smc_4~~~smc_8~~~smc_3~~~smc_10~~~smc_5~~~smc_6	0.0766283524904215	0.165605095541401	0.0889767430509798	0.0004997501249375	0.001059637491421533	2.9748426841711053	True	False	L8L10_enriched	0.0430663221360896	0.234280792420327	False		L8L10_enriched	820.0	annotated	-	nuclear chromosome segregation	D	Gram_pos_anchor
group_2332	0.053639846743295	0.210191082802548	0.156551236059253	0.0264867566216892	0.03938351221501169	1.404685556161785	True	False	L8L10_enriched	0.133333333333333	0.260240963855422	False		L8L10_enriched	732.0	annotated	-	Terminase small subunit	L	Terminase_2
group_2092	0.21455938697318	0.0573248407643312	-0.157234546208849	0.0004997501249375	0.001059637491421533	2.9748426841711053	True	False	Other_lineages_enriched	0.319314641744548	0.123052959501558	False		Other_lineages_enriched	650.0	valid_protein_no_eggnog_annotation				
group_2088	0.206896551724138	0.0509554140127389	-0.155941137711399	0.0004997501249375	0.001059637491421533	2.9748426841711053	True	False	Other_lineages_enriched	0.404207362885049	0.0931630353117956	False		Other_lineages_enriched	540.0	annotated	-	-	-	-
ald~~~ald2~~~ald_2~~~ald_1	0.222222222222222	0.0063694267515923	-0.21585279547063	0.0004997501249375	0.001059637491421533	2.9748426841711053	True	True	Other_lineages_enriched	0.286201022146508	0.010221465076661	False		Other_lineages_enriched	700.0	annotated	ald	Belongs to the AlaDH PNT family	C	AlaDh_PNT_C,AlaDh_PNT_N
group_1151	0.256704980842912	0.0	-0.256704980842912	0.0004997501249375	0.001059637491421533	2.9748426841711053	True	True	Other_lineages_enriched	0.504113687359761	0.0	False		Other_lineages_enriched	439.0	annotated	-	protein conserved in bacteria	S	Zeta_toxin
group_3483	0.191570881226054	0.0127388535031847	-0.178832027722869	0.0004997501249375	0.001059637491421533	2.9748426841711053	True	False	Other_lineages_enriched	0.26962457337884	0.0238907849829352	False		Other_lineages_enriched	725.0	valid_protein_no_eggnog_annotation				
group_3425	0.003831417624521	0.165605095541401	0.16177367791688	0.0004997501249375	0.001059637491421533	2.9748426841711053	True	False	L8L10_enriched	0.0290846877673225	0.260051325919589	False		L8L10_enriched	734.0	annotated	-	-	-	-
gtfB_2~~~gtfB_3~~~gtfB~~~gtfB_1	0.0	0.171974522292994	0.171974522292994	0.0004997501249375	0.001059637491421533	2.9748426841711053	True	False	L8L10_enriched	0.0	0.215878679750223	False		L8L10_enriched	891.0	annotated	gtf2	A stabilizing protein that is part of the accessory SecA2 SecY2 system specifically required to export serine-rich repeat cell wall proteins usually encoded upstream in the same operon. Stabilizes the glycosylation activity of Gtf1	M	-
group_2547	0.0076628352490421	0.21656050955414	0.208897674305098	0.0004997501249375	0.001059637491421533	2.9748426841711053	True	True	L8L10_enriched	0.0272572402044293	0.269165247018739	False		L8L10_enriched	687.0	annotated	tnp2	Transposase	L	DDE_Tnp_ISL3,HTH_Tnp_ISL3,zf-ISL3
group_1115	0.21455938697318	0.0509554140127389	-0.163603972960441	0.0004997501249375	0.001059637491421533	2.9748426841711053	True	False	Other_lineages_enriched	0.32156862745098	0.109803921568627	False		Other_lineages_enriched	645.0	annotated	-	-	-	-
group_1008	0.206896551724138	0.0509554140127389	-0.155941137711399	0.0004997501249375	0.001059637491421533	2.9748426841711053	True	False	Other_lineages_enriched	0.23407917383821	0.044750430292599	False		Other_lineages_enriched	762.0	annotated	-	-	-	-
group_861	0.003831417624521	0.203821656050955	0.199990238426434	0.0004997501249375	0.001059637491421533	2.9748426841711053	True	False	L8L10_enriched	0.0103537532355479	0.264020707506471	False		L8L10_enriched	717.0	valid_protein_no_eggnog_annotation				
group_746	0.252873563218391	0.0	-0.252873563218391	0.0004997501249375	0.001059637491421533	2.9748426841711053	True	True	Other_lineages_enriched	0.351195383347073	0.0	False		Other_lineages_enriched	598.0	valid_protein_no_eggnog_annotation				
group_3701	0.0	0.229299363057325	0.229299363057325	0.0004997501249375	0.001059637491421533	2.9748426841711053	True	True	L8L10_enriched	0.0	0.201438848920863	False		L8L10_enriched	942.0	valid_protein_no_eggnog_annotation				
group_3495	0.0114942528735632	0.299363057324841	0.287868804451278	0.0004997501249375	0.001059637491421533	2.9748426841711053	True	True	L8L10_enriched	0.0159744408945687	0.386581469648562	False		L8L10_enriched	496.0	annotated	tnp2	Transposase	L	DDE_Tnp_ISL3,HTH_Tnp_ISL3,zf-ISL3
group_3342	0.21455938697318	0.0127388535031847	-0.201820533469995	0.0004997501249375	0.001059637491421533	2.9748426841711053	True	True	Other_lineages_enriched	0.310855263157895	0.0444078947368421	False		Other_lineages_enriched	662.0	annotated	-	BRO family, N-terminal domain protein	K	ANT,Bro-N
group_2498	0.111111111111111	0.140127388535032	0.0290162774239207	0.457771114442779	0.5185135173904973	0.28523991728539116	False	False	L8L10_enriched	0.149825783972125	0.10801393728223	False		direction_ambiguous		annotated	-	Zn peptidase	E	Peptidase_M48,Peptidase_M78
group_2474	0.003831417624521	0.203821656050955	0.199990238426434	0.0004997501249375	0.001059637491421533	2.9748426841711053	True	False	L8L10_enriched	0.0103537532355479	0.264020707506471	False		L8L10_enriched	718.0	valid_protein_no_eggnog_annotation				
group_1378	0.003831417624521	0.203821656050955	0.199990238426434	0.0004997501249375	0.001059637491421533	2.9748426841711053	True	False	L8L10_enriched	0.0103537532355479	0.264020707506471	False		L8L10_enriched	719.0	valid_protein_no_eggnog_annotation				
group_832	0.206896551724138	0.0127388535031847	-0.194157698220953	0.0004997501249375	0.001059637491421533	2.9748426841711053	True	False	Other_lineages_enriched	0.203935599284436	0.0071556350626118	False		Other_lineages_enriched	803.0	annotated	ytkL	Belongs to the UPF0173 family	S	Lactamase_B_2,Lactamase_B_3
fetA	0.0613026819923372	0.0063694267515923	-0.0549332552407448	0.0029985007496251	0.005538150207407345	2.256635269362656	True	False	Other_lineages_enriched	0.102272727272727	0.0037878787878787	False		Other_lineages_enriched	993.0	annotated	ybbL	ABC transporter	S	ABC_tran
group_3850	0.103448275862069	0.133757961783439	0.0303096859213705	1.0	1.0	-0.0	False	False	L8L10_enriched	0.169154228855721	0.172470978441128	False		direction_ambiguous		valid_protein_no_eggnog_annotation				
group_3759	0.206896551724138	0.0127388535031847	-0.194157698220953	0.0004997501249375	0.001059637491421533	2.9748426841711053	True	False	Other_lineages_enriched	0.243055555555556	0.0208333333333333	False		Other_lineages_enriched	746.0	annotated	-	Protein of unknown function (DUF805)	S	DUF805,zinc_ribbon_2
group_3687	0.0306513409961686	0.127388535031847	0.0967371940356786	0.0074962518740629	0.012817929385073822	1.8921821253059585	True	False	L8L10_enriched	0.0645724258289703	0.19022687609075	False		L8L10_enriched	1070.0	annotated	XK27_01125	PFAM IS66 Orf2 family protein	L	TnpB_IS66
group_3411	0.0727969348659004	0.140127388535032	0.0673304536691315	0.0004997501249375	0.001059637491421533	2.9748426841711053	True	False	L8L10_enriched	0.0395713107996702	0.311624072547403	False		L8L10_enriched	608.0	annotated	-	MucBP domain	S	Gram_pos_anchor,MucBP
toxA_1~~~toxA	0.0842911877394636	0.171974522292994	0.08768333455353	0.12543728135932	0.16343054253814132	0.7866667775695505	False	False	L8L10_enriched	0.139802631578947	0.215460526315789	False		L8L10_enriched	893.0	annotated	-	Peptidase_C39 like family	G	CW_binding_1,Peptidase_C39_2,SH3_8,SLAP
group_3260	0.0804597701149425	0.152866242038217	0.072406471923274	0.0004997501249375	0.001059637491421533	2.9748426841711053	True	False	L8L10_enriched	0.0756501182033097	0.348305752561072	False		L8L10_enriched	552.0	annotated	ganB	arabinogalactan	G	Big_4,Glyco_hydro_53,SLH
group_2832	0.111111111111111	0.0764331210191083	-0.0346779900920028	0.87656171914043	0.9122775946202518	0.03987299120249796	False	False	Other_lineages_enriched	0.162386081193041	0.180613090306545	False		direction_ambiguous		valid_protein_no_eggnog_annotation				
group_2517	0.122605363984674	0.0828025477707006	-0.0398028162139737	0.879560219890055	0.9151092278300382	0.03852706526394487	False	False	Other_lineages_enriched	0.178396072013093	0.18494271685761	False		direction_ambiguous		annotated	-	Helix-turn-helix XRE-family like proteins	K	HTH_3
xerC_3~~~xerC_10~~~IntTn_1~~~xerC_4~~~xerC_1~~~xerC_2~~~xerC_5~~~xerC_23	0.0651340996168582	0.165605095541401	0.100470995924543	0.175412293853073	0.2202681052766294	0.6570483839439825	False	False	L8L10_enriched	0.124474348191758	0.193439865433137	False		L8L10_enriched	982.0	annotated	-	Phage integrase, N-terminal SAM-like domain	L	Arm-DNA-bind_4,Phage_int_SAM_3,Phage_integrase
group_1843	0.122605363984674	0.152866242038217	0.0302608780535422	0.881559220389805	0.916899504793058	0.03767826182783769	False	False	L8L10_enriched	0.176470588235294	0.189542483660131	False		L8L10_enriched	1104.0	annotated	-	Peptidase S24-like	K	HTH_3,Peptidase_S24
group_1013	0.237547892720307	0.0063694267515923	-0.231178465968714	0.0004997501249375	0.001059637491421533	2.9748426841711053	True	True	Other_lineages_enriched	0.468373493975904	0.0256024096385542	False		Other_lineages_enriched	467.0	annotated	-	Psort location CytoplasmicMembrane, score	S	-
group_952	0.203065134099617	0.0509554140127389	-0.152109720086878	0.0004997501249375	0.001059637491421533	2.9748426841711053	True	False	Other_lineages_enriched	0.231034482758621	0.0448275862068965	False		Other_lineages_enriched	768.0	annotated	-	-	-	-
group_914	0.0766283524904215	0.133757961783439	0.057129609293018	0.176411794102949	0.22127021757488274	0.6550770371044293	False	False	L8L10_enriched	0.190108191653787	0.264296754250386	False		L8L10_enriched	716.0	annotated	-	Plasmid pRiA4b ORF-3-like protein	L	PRiA4_ORF3
group_5351	0.0	0.203821656050955	0.203821656050955	0.0004997501249375	0.001059637491421533	2.9748426841711053	True	True	L8L10_enriched	0.0	0.383185125303153	False		L8L10_enriched	499.0	valid_protein_no_eggnog_annotation				
group_3741	0.003831417624521	0.273885350318471	0.27005393269395	0.0004997501249375	0.001059637491421533	2.9748426841711053	True	True	L8L10_enriched	0.010126582278481	0.30210970464135	False		L8L10_enriched	635.0	valid_protein_no_eggnog_annotation				
group_3404	0.0153256704980843	0.191082802547771	0.175757132049686	0.0004997501249375	0.001059637491421533	2.9748426841711053	True	False	L8L10_enriched	0.0793522267206478	0.301214574898785	False		L8L10_enriched	636.0	valid_protein_no_eggnog_annotation				
group_3099	0.0996168582375479	0.0700636942675159	-0.029553163970032	0.710644677661169	0.7627277566428508	0.11763044878962199	False	False	Other_lineages_enriched	0.137271937445699	0.125108601216334	False		Other_lineages_enriched	919.0	annotated	-	DNA methylase	L	N6_N4_Mtase,TypeIII_RM_meth
group_3050	0.118773946360153	0.165605095541401	0.046831149181248	0.129435282358821	0.16810770806949754	0.7744123728466602	False	False	L8L10_enriched	0.161120840630473	0.0875656742556918	False		direction_ambiguous		annotated	-	Phage plasmid primase, P4	S	D5_N,Pox_D5
group_2966	0.122605363984674	0.0573248407643312	-0.0652805232203431	0.225887056471764	0.2771026995809614	0.5573592432274974	False	False	Other_lineages_enriched	0.181972789115646	0.11734693877551	False		Other_lineages_enriched	832.0	annotated	-	Protein of unknown function (DUF669)	S	DUF669
group_2886	0.118773946360153	0.165605095541401	0.046831149181248	0.142428785607196	0.18267919368458965	0.7383109139640199	False	False	L8L10_enriched	0.161120840630473	0.0875656742556918	False		direction_ambiguous		annotated	-	SNF2 family N-terminal domain	L	Helicase_C,ResIII,SNF2_N
group_2464	0.233716475095785	0.0063694267515923	-0.227347048344193	0.0004997501249375	0.001059637491421533	2.9748426841711053	True	True	Other_lineages_enriched	0.333884297520661	0.0132231404958678	False		Other_lineages_enriched	628.0	annotated	-	-	-	-
group_2331	0.18007662835249	0.0127388535031847	-0.167337774849306	0.0004997501249375	0.001059637491421533	2.9748426841711053	True	False	Other_lineages_enriched	0.260720411663808	0.0240137221269297	False		Other_lineages_enriched	731.0	annotated	-	Protein of unknown function (DUF1064)	S	DUF1064
fgd	0.0114942528735632	0.254777070063694	0.243282817190131	0.0034982508745627	0.006396635200712595	2.1940484163349723	True	True	L8L10_enriched	0.0514184397163121	0.175531914893617	False		L8L10_enriched	1190.0	annotated	-	COG2141 Coenzyme F420-dependent N5,N10-methylene tetrahydromethanopterin reductase and related flavin-dependent oxidoreductases	C	Bac_luciferase
group_1811	0.0344827586206897	0.267515923566879	0.233033164946189	0.0849575212393803	0.11421257955273689	0.9422860595799867	False	False	L8L10_enriched	0.15993665874901	0.256532066508314	False		L8L10_enriched	744.0	annotated	-	-	-	-
group_855	0.237547892720307	0.0	-0.237547892720307	0.0004997501249375	0.001059637491421533	2.9748426841711053	True	True	Other_lineages_enriched	0.481397114654518	0.0	False		Other_lineages_enriched	454.0	valid_protein_no_eggnog_annotation				
group_401	0.203065134099617	0.0445859872611465	-0.15847914683847	0.0004997501249375	0.001059637491421533	2.9748426841711053	True	False	Other_lineages_enriched	0.235701906412478	0.0311958405545927	False		Other_lineages_enriched	759.0	annotated	-	-	-	-
group_308	0.118773946360153	0.165605095541401	0.046831149181248	0.131934032983508	0.1708815403618942	0.7673048498127287	False	False	L8L10_enriched	0.161120840630473	0.0875656742556918	False		direction_ambiguous		annotated	-	DNA polymerase elongation subunit (Family B)	L	-
odcI_2~~~odcI~~~odcI_1	0.0459770114942529	0.140127388535032	0.094150377040779	0.0004997501249375	0.001059637491421533	2.9748426841711053	True	False	L8L10_enriched	0.0640625	0.3734375	False		L8L10_enriched	512.0	annotated	speA	Orn/Lys/Arg decarboxylase, C-terminal domain	E	OKR_DC_1,OKR_DC_1_C
group_3136	0.0804597701149425	0.197452229299363	0.116992459184421	0.000999500249875	0.0019983940068799303	2.6993188814033258	True	False	L8L10_enriched	0.0686106346483705	0.216123499142367	False		L8L10_enriched	889.0	annotated	-	sequence-specific DNA binding	S	-
group_3031	0.0	0.312101910828025	0.312101910828025	0.0004997501249375	0.001059637491421533	2.9748426841711053	True	True	L8L10_enriched	0.0	0.326359832635983	False		L8L10_enriched	583.0	valid_protein_no_eggnog_annotation				
group_2771	0.0076628352490421	0.133757961783439	0.126095126534397	0.0004997501249375	0.001059637491421533	2.9748426841711053	True	False	L8L10_enriched	0.0152284263959391	0.292724196277496	False		L8L10_enriched	650.0	annotated	-	Transposase and inactivated derivatives, IS30 family DNA replication, recombination, and repair	L	HTH_38,rve
group_2764	0.118773946360153	0.165605095541401	0.046831149181248	0.133433283358321	0.17268761534393862	0.7627388076592435	False	False	L8L10_enriched	0.161120840630473	0.0875656742556918	False		direction_ambiguous		annotated	-	VRR_NUC	L	VRR_NUC
group_2617	0.241379310344828	0.0	-0.241379310344828	0.0004997501249375	0.001059637491421533	2.9748426841711053	True	True	Other_lineages_enriched	0.313659359190556	0.0	False		Other_lineages_enriched	658.0	annotated	-	protein conserved in bacteria	S	Zeta_toxin
group_2394	0.114942528735632	0.165605095541401	0.0506625668057691	0.131434282858571	0.1703681990633326	0.7686114674344133	False	False	L8L10_enriched	0.159509202453988	0.0876424189307625	False		direction_ambiguous		annotated	-	AAA domain	L	AAA_24,PDDEXK_1
group_1966	0.0689655172413793	0.159235668789809	0.0902701515484296	0.219390304847576	0.270239646531874	0.568250935821309	False	False	L8L10_enriched	0.117147707979626	0.185059422750424	False		L8L10_enriched	1140.0	valid_protein_no_eggnog_annotation				
group_1924	0.118773946360153	0.165605095541401	0.046831149181248	0.126436781609195	0.16453759692033867	0.7837348498756836	False	False	L8L10_enriched	0.161120840630473	0.0875656742556918	False		direction_ambiguous		valid_protein_no_eggnog_annotation				
group_1273	0.114942528735632	0.165605095541401	0.0506625668057691	0.125937031484258	0.163952002663228	0.7852832740828924	False	False	L8L10_enriched	0.159509202453988	0.0876424189307625	False		direction_ambiguous		annotated	-	Protein of unknown function (DUF669)	S	DUF669
group_791	0.0	0.152866242038217	0.152866242038217	0.0004997501249375	0.001059637491421533	2.9748426841711053	True	False	L8L10_enriched	0.0	0.240985048372911	False		L8L10_enriched	788.0	annotated	-	Phage minor capsid protein 2	S	Phage_min_cap2
group_630	0.118773946360153	0.165605095541401	0.046831149181248	0.146926536731634	0.18793592334267625	0.7259901979818004	False	False	L8L10_enriched	0.161120840630473	0.0875656742556918	False		direction_ambiguous		valid_protein_no_eggnog_annotation				
group_434	0.0766283524904215	0.21656050955414	0.139932157063719	0.0004997501249375	0.001059637491421533	2.9748426841711053	True	False	L8L10_enriched	0.043859649122807	0.201754385964912	False		L8L10_enriched	941.0	annotated	-	by MetaGeneAnnotator	S	Antigen_C
group_304	0.118773946360153	0.165605095541401	0.046831149181248	0.149925037481259	0.19147403042664665	0.7178901209497516	False	False	L8L10_enriched	0.161120840630473	0.0875656742556918	False		direction_ambiguous		annotated	-	-	-	-
group_302	0.003831417624521	0.331210191082803	0.327378773458281	0.0004997501249375	0.001059637491421533	2.9748426841711053	True	True	L8L10_enriched	0.0033003300330033	0.346534653465346	False		L8L10_enriched	555.0	annotated	-	Bacterial protein of unknown function (DUF961)	S	DUF961
group_3611	0.114942528735632	0.0828025477707006	-0.0321399809649315	0.562218890554723	0.620814760180232	0.2070379660594324	False	False	Other_lineages_enriched	0.135802469135802	0.100529100529101	False		Other_lineages_enriched	922.0	valid_protein_no_eggnog_annotation				
group_2824	0.003831417624521	0.280254777070064	0.276423359445543	0.0004997501249375	0.001059637491421533	2.9748426841711053	True	True	L8L10_enriched	0.0248344370860927	0.31953642384106	False		L8L10_enriched	594.0	valid_protein_no_eggnog_annotation				
group_2477	0.122605363984674	0.0636942675159236	-0.0589110964687508	0.614192903548226	0.670565148174753	0.17355902225929964	False	False	Other_lineages_enriched	0.181666666666667	0.151666666666667	False		Other_lineages_enriched	834.0	annotated	-	Bacteriophage Mu Gam like protein	S	Phage_Mu_Gam
xerC_1~~~IntTn_2~~~xerD_2~~~xerC_3~~~IntTn~~~xerC_2~~~xerC_10	0.0191570881226054	0.280254777070064	0.261097688947458	0.0239880059970015	0.035976549731506574	1.443980489251106	True	True	L8L10_enriched	0.0732345248474281	0.18308631211857	False		L8L10_enriched	1144.0	annotated	-	Belongs to the 'phage' integrase family	L	Arm-DNA-bind_4,Phage_int_SAM_3,Phage_integrase
group_2230	0.003831417624521	0.184713375796178	0.180881958171657	0.0004997501249375	0.001059637491421533	2.9748426841711053	True	False	L8L10_enriched	0.010507880910683	0.238178633975482	False		L8L10_enriched	797.0	annotated	-	-	-	-
group_1991	0.0842911877394636	0.178343949044586	0.0940527613051224	0.0169915042478761	0.026446389464691425	1.5776336106833386	True	False	L8L10_enriched	0.0813852813852814	0.187012987012987	False		L8L10_enriched	1122.0	annotated	-	Primase C terminal 1 (PriCT-1)	K	PriCT_1
group_1922	0.003831417624521	0.331210191082803	0.327378773458281	0.0004997501249375	0.001059637491421533	2.9748426841711053	True	True	L8L10_enriched	0.0033003300330033	0.346534653465346	False		L8L10_enriched	556.0	annotated	-	Bacterial protein of unknown function (DUF961)	S	DUF961
group_795	0.226053639846743	0.0	-0.226053639846743	0.0004997501249375	0.001059637491421533	2.9748426841711053	True	True	Other_lineages_enriched	0.341625207296849	0.0	False		Other_lineages_enriched	612.0	annotated	-	-	-	-
group_714	0.118773946360153	0.159235668789809	0.0404617224296556	0.134432783608196	0.17384459261734922	0.7598388133670873	False	False	L8L10_enriched	0.161262050832603	0.0858895705521472	False		direction_ambiguous		valid_protein_no_eggnog_annotation				
group_697	0.218390804597701	0.0	-0.218390804597701	0.0004997501249375	0.001059637491421533	2.9748426841711053	True	True	Other_lineages_enriched	0.357963875205255	0.0	False		Other_lineages_enriched	595.0	annotated	-	Bacteriophage HK97-gp10, putative tail-component	S	HK97-gp10_like
group_19	0.229885057471264	0.0063694267515923	-0.223515630719672	0.0004997501249375	0.001059637491421533	2.9748426841711053	True	True	Other_lineages_enriched	0.31814415907208	0.0248550124275062	False		Other_lineages_enriched	652.0	annotated	-	Phage head-tail joining protein	S	Phage_H_T_join
group_3555	0.003831417624521	0.248407643312102	0.244576225687581	0.0004997501249375	0.001059637491421533	2.9748426841711053	True	True	L8L10_enriched	0.008984725965858	0.194070080862534	False		L8L10_enriched	978.0	annotated	-	COG COG1961 Site-specific recombinases, DNA invertase Pin homologs	L	Resolvase
group_3543	0.118773946360153	0.152866242038217	0.0340922956780633	0.0059970014992503	0.01045508991535965	1.9806722278318074	True	False	L8L10_enriched	0.3046875	0.1328125	False		direction_ambiguous		annotated	-	Collagen triple helix repeat (20 copies)	M	Collagen,DUF2479,PTR
IntTn~~~IntTn_1~~~xerC_6~~~IntTn_3	0.0	0.222929936305732	0.222929936305732	0.0004997501249375	0.001059637491421533	2.9748426841711053	True	True	L8L10_enriched	0.0	0.269896193771626	False		L8L10_enriched	684.0	annotated	int7	Belongs to the 'phage' integrase family	L	Arm-DNA-bind_4,Phage_int_SAM_3,Phage_integrase
group_3180	0.145593869731801	0.101910828025478	-0.0436830417063231	0.289855072463768	0.34429432724157016	0.46307013288051163	False	False	Other_lineages_enriched	0.277272727272727	0.207575757575758	False		Other_lineages_enriched	711.0	annotated	-	Helix-turn-helix domain	K	MerR_1
group_2286	0.003831417624521	0.184713375796178	0.180881958171657	0.0004997501249375	0.001059637491421533	2.9748426841711053	True	False	L8L10_enriched	0.010507880910683	0.238178633975482	False		L8L10_enriched	798.0	annotated	-	Thioredoxin	S	Thioredoxin
group_1942	0.0	0.191082802547771	0.191082802547771	0.0004997501249375	0.001059637491421533	2.9748426841711053	True	False	L8L10_enriched	0.0	0.284734133790738	False		L8L10_enriched	659.0	annotated	-	Transposase IS200 like	L	Y1_Tnp
group_1595	0.003831417624521	0.235668789808917	0.231837372184396	0.0004997501249375	0.001059637491421533	2.9748426841711053	True	True	L8L10_enriched	0.025531914893617	0.272340425531915	False		L8L10_enriched	677.0	valid_protein_no_eggnog_annotation				
group_1476	0.0727969348659004	0.178343949044586	0.105547014178686	0.0004997501249375	0.001059637491421533	2.9748426841711053	True	False	L8L10_enriched	0.0331588132635253	0.221640488656195	False		L8L10_enriched	871.0	valid_protein_no_eggnog_annotation				
sbnD~~~mdtG~~~sbnD_2	0.0344827586206897	0.0636942675159236	0.0292115088952339	0.6031984007996	0.6596544077778567	0.18068353128219078	False	False	L8L10_enriched	0.157130657557643	0.134927412467976	False		direction_ambiguous		annotated	mdtG2	Transporter, major facilitator family protein	EGP	MFS_1,Sugar_tr
group_764	0.229885057471264	0.0	-0.229885057471264	0.0004997501249375	0.001059637491421533	2.9748426841711053	True	True	Other_lineages_enriched	0.330550918196995	0.0	False		Other_lineages_enriched	633.0	annotated	-	Bacterial regulatory proteins, tetR family	K	TetR_N
group_500	0.226053639846743	0.0063694267515923	-0.219684213095151	0.0004997501249375	0.001059637491421533	2.9748426841711053	True	True	Other_lineages_enriched	0.420233463035019	0.0233463035019455	False		Other_lineages_enriched	523.0	annotated	-	-	-	ParE_toxin
group_237	0.003831417624521	0.184713375796178	0.180881958171657	0.0004997501249375	0.001059637491421533	2.9748426841711053	True	False	L8L10_enriched	0.010507880910683	0.238178633975482	False		L8L10_enriched	799.0	valid_protein_no_eggnog_annotation				
group_13725	0.0804597701149425	0.184713375796178	0.104253605681236	0.5952023988006	0.6517753087563898	0.18590209596348561	False	False	L8L10_enriched	0.131511528608027	0.160546541417592	False		L8L10_enriched	1303.0	annotated	-	-	-	-
group_3635	0.0	0.363057324840764	0.363057324840764	0.0004997501249375	0.001059637491421533	2.9748426841711053	True	True	L8L10_enriched	0.0	0.272884283246978	False		L8L10_enriched	673.0	valid_protein_no_eggnog_annotation				
group_3542	0.137931034482759	0.10828025477707	-0.0296507797056886	0.0054972513743128	0.00965020952496573	2.0154632571693076	True	False	Other_lineages_enriched	0.337837837837838	0.160660660660661	False		Other_lineages_enriched	621.0	valid_protein_no_eggnog_annotation				
group_3345	0.0268199233716475	0.152866242038217	0.126046318666569	0.0004997501249375	0.001059637491421533	2.9748426841711053	True	False	L8L10_enriched	0.0753480753480753	0.286650286650287	False		L8L10_enriched	656.0	annotated	-	TIGRFAM transposase, IS605 OrfB family, central region	L	OrfB_IS605,OrfB_Zn_ribbon
group_3199	0.114942528735632	0.159235668789809	0.0442931400541767	0.286856571714143	0.34147124414671287	0.46664586309292927	False	False	L8L10_enriched	0.158674803836094	0.0976460331299041	False		direction_ambiguous		annotated	-	Transcriptional regulator	K	Phage_pRha
epsJ_2~~~arnC_7~~~arnC_4	0.0	0.191082802547771	0.191082802547771	0.0004997501249375	0.001059637491421533	2.9748426841711053	True	False	L8L10_enriched	0.0	0.259355961705831	False		L8L10_enriched	739.0	annotated	-	Glycosyltransferase like family 2	M	Glycos_transf_2
dnaC_1	0.0727969348659004	0.114649681528662	0.041852746662762	0.0114942528735632	0.018814487440829978	1.725507608577245	True	False	L8L10_enriched	0.112211221122112	0.237623762376238	False		L8L10_enriched	809.0	annotated	-	DnaB-like helicase C terminal domain	L	DnaB_C
group_2906	0.0766283524904215	0.178343949044586	0.101715596554165	0.0014992503748125	0.002921366046722169	2.534414022584289	True	False	L8L10_enriched	0.0441306266548985	0.190644307149162	False		L8L10_enriched	1065.0	valid_protein_no_eggnog_annotation				
group_2872	0.0268199233716475	0.197452229299363	0.170632305927716	0.0004997501249375	0.001059637491421533	2.9748426841711053	True	False	L8L10_enriched	0.0406091370558376	0.267343485617597	False		L8L10_enriched	706.0	valid_protein_no_eggnog_annotation				
group_2238	0.153256704980843	0.089171974522293	-0.0640847304585499	0.0014992503748125	0.002921366046722169	2.534414022584289	True	False	Other_lineages_enriched	0.236595744680851	0.0612765957446808	False		Other_lineages_enriched	758.0	valid_protein_no_eggnog_annotation				
group_1829	0.103448275862069	0.133757961783439	0.0303096859213705	0.274362818590705	0.32885612486590504	0.4829940650995587	False	False	L8L10_enriched	0.0771992818671454	0.127468581687612	False		L8L10_enriched	1494.0	valid_protein_no_eggnog_annotation				
group_1650	0.114942528735632	0.159235668789809	0.0442931400541767	0.389305347326337	0.4485178739301679	0.3482202451626612	False	False	L8L10_enriched	0.18744769874477	0.138912133891213	False		direction_ambiguous		valid_protein_no_eggnog_annotation				
group_1396	0.0	0.363057324840764	0.363057324840764	0.0004997501249375	0.001059637491421533	2.9748426841711053	True	True	L8L10_enriched	0.0	0.272884283246978	False		L8L10_enriched	674.0	valid_protein_no_eggnog_annotation				
group_1224	0.003831417624521	0.171974522292994	0.168143104668473	0.0004997501249375	0.001059637491421533	2.9748426841711053	True	False	L8L10_enriched	0.0269200316706255	0.389548693586698	False		L8L10_enriched	488.0	annotated	asp3	Accessory Sec system protein Asp3	S	Sec-ASP3
group_1071	0.0	0.184713375796178	0.184713375796178	0.0004997501249375	0.001059637491421533	2.9748426841711053	True	False	L8L10_enriched	0.0	0.284734133790738	False		L8L10_enriched	660.0	annotated	-	transposase, IS605 OrfB family	L	HTH_OrfB_IS605,OrfB_IS605,OrfB_Zn_ribbon
argH_1~~~argH_2	0.0	0.363057324840764	0.363057324840764	0.0004997501249375	0.001059637491421533	2.9748426841711053	True	True	L8L10_enriched	0.0	0.272884283246978	False		L8L10_enriched	675.0	annotated	-	Type II restriction enzyme, methylase subunits	V	-
group_940	0.003831417624521	0.184713375796178	0.180881958171657	0.0004997501249375	0.001059637491421533	2.9748426841711053	True	False	L8L10_enriched	0.010507880910683	0.238178633975482	False		L8L10_enriched	800.0	valid_protein_no_eggnog_annotation				
group_916	0.222222222222222	0.0063694267515923	-0.21585279547063	0.0004997501249375	0.001059637491421533	2.9748426841711053	True	True	Other_lineages_enriched	0.411580594679186	0.0234741784037559	False		Other_lineages_enriched	533.0	annotated	-	-	-	-
group_880	0.0268199233716475	0.165605095541401	0.138785172169754	0.0019990004997501	0.0038205955027126337	2.4178689398669198	True	False	L8L10_enriched	0.0939818631492168	0.257213520197857	False		L8L10_enriched	742.0	annotated	-	-	-	-
group_864	0.003831417624521	0.184713375796178	0.180881958171657	0.0004997501249375	0.001059637491421533	2.9748426841711053	True	False	L8L10_enriched	0.010507880910683	0.238178633975482	False		L8L10_enriched	801.0	annotated	-	-	-	-
group_439	0.0191570881226054	0.299363057324841	0.280205969202235	0.0004997501249375	0.001059637491421533	2.9748426841711053	True	True	L8L10_enriched	0.0954616588419405	0.339593114241002	False		L8L10_enriched	563.0	valid_protein_no_eggnog_annotation				
group_14311	0.0268199233716475	0.254777070063694	0.227957146692047	0.0004997501249375	0.001059637491421533	2.9748426841711053	True	True	L8L10_enriched	0.0246710526315789	0.330592105263158	False		L8L10_enriched	575.0	annotated	pspA	Lytic transglycosylase with a strong preference for naked glycan strands that lack stem peptides	D	Antigen_C,CW_binding_1,GbpC,Gram_pos_anchor,SPOR,Strep_SA_rep
group_3845	0.0	0.203821656050955	0.203821656050955	0.0004997501249375	0.001059637491421533	2.9748426841711053	True	True	L8L10_enriched	0.0	0.407643312101911	False		L8L10_enriched	467.0	valid_protein_no_eggnog_annotation				
group_3835	0.114942528735632	0.089171974522293	-0.0257705542133392	0.0894552723638181	0.11962464384690773	0.9221793422186774	False	False	Other_lineages_enriched	0.271239282930631	0.169914263445051	False		Other_lineages_enriched	720.0	annotated	-	Domain of unknown function (DUF4417)	S	DUF4417
group_3764	0.0996168582375479	0.0700636942675159	-0.029553163970032	0.853573213393303	0.889476198017373	0.0508656689493869	False	False	Other_lineages_enriched	0.154233025984912	0.169321039396479	False		direction_ambiguous		annotated	XK27_01125	PFAM IS66 Orf2 family protein	L	TnpB_IS66
group_3281	0.003831417624521	0.184713375796178	0.180881958171657	0.0004997501249375	0.001059637491421533	2.9748426841711053	True	False	L8L10_enriched	0.0259067357512953	0.246977547495682	False		L8L10_enriched	774.0	valid_protein_no_eggnog_annotation				
group_3054	0.0881226053639847	0.114649681528662	0.0265270761646778	0.174912543728136	0.21980809747681468	0.6579563127099725	False	False	L8L10_enriched	0.140495867768595	0.206611570247934	False		L8L10_enriched	924.0	valid_protein_no_eggnog_annotation				
group_3022	0.137931034482759	0.0573248407643312	-0.0806061937184274	0.0419790104947526	0.06019183619678408	1.2204624079965678	False	False	Other_lineages_enriched	0.205432937181664	0.0967741935483871	False		Other_lineages_enriched	800.0	annotated	-	-	-	-
group_2245	0.0229885057471264	0.222929936305732	0.199941430558606	0.000999500249875	0.0019983940068799303	2.6993188814033258	True	False	L8L10_enriched	0.0650684931506849	0.222602739726027	False		L8L10_enriched	868.0	annotated	-	cadmium resistance	P	Cad
group_2134	0.003831417624521	0.165605095541401	0.16177367791688	0.0004997501249375	0.001059637491421533	2.9748426841711053	True	False	L8L10_enriched	0.0106856634016029	0.208370436331256	False		L8L10_enriched	917.0	annotated	-	Uncharacterised protein family (UPF0236)	S	UPF0236
group_2062	0.126436781609195	0.133757961783439	0.007321180174244	0.124437781109445	0.16251386791740835	0.789109573128022	False	False	L8L10_enriched	0.167247386759582	0.0905923344947735	False		direction_ambiguous		valid_protein_no_eggnog_annotation				
group_1382	0.003831417624521	0.184713375796178	0.180881958171657	0.0004997501249375	0.001059637491421533	2.9748426841711053	True	False	L8L10_enriched	0.010507880910683	0.238178633975482	False		L8L10_enriched	802.0	valid_protein_no_eggnog_annotation				
group_1101	0.0114942528735632	0.273885350318471	0.262391097444908	0.0044977511244377	0.008036925138298385	2.094910076984476	True	True	L8L10_enriched	0.0642919200695048	0.198088618592528	False		L8L10_enriched	963.0	annotated	-	Phage integrase family	S	-
group_945	0.0919540229885057	0.10828025477707	0.0163262317885643	0.609695152423788	0.666095997094291	0.176463176229171	False	False	L8L10_enriched	0.140439932318105	0.16751269035533	False		L8L10_enriched	1247.0	annotated	-	-	-	-
group_865	0.003831417624521	0.184713375796178	0.180881958171657	0.0004997501249375	0.001059637491421533	2.9748426841711053	True	False	L8L10_enriched	0.010507880910683	0.238178633975482	False		L8L10_enriched	803.0	valid_protein_no_eggnog_annotation				
group_775	0.0727969348659004	0.178343949044586	0.105547014178686	0.0004997501249375	0.001059637491421533	2.9748426841711053	True	False	L8L10_enriched	0.033717834960071	0.191659272404614	False		L8L10_enriched	1042.0	annotated	-	sequence-specific DNA binding	S	-
group_238	0.003831417624521	0.184713375796178	0.180881958171657	0.0004997501249375	0.001059637491421533	2.9748426841711053	True	False	L8L10_enriched	0.010507880910683	0.238178633975482	False		L8L10_enriched	804.0	valid_protein_no_eggnog_annotation				
group_3491	0.003831417624521	0.203821656050955	0.199990238426434	0.0004997501249375	0.001059637491421533	2.9748426841711053	True	False	L8L10_enriched	0.0101180438448567	0.3035413153457	False		L8L10_enriched	628.0	valid_protein_no_eggnog_annotation				
group_3426	0.153256704980843	0.0700636942675159	-0.083193010713327	0.232383808095952	0.2838045395389777	0.5469806621521143	False	False	Other_lineages_enriched	0.230769230769231	0.166666666666667	False		Other_lineages_enriched	771.0	valid_protein_no_eggnog_annotation				
group_3237	0.0919540229885057	0.165605095541401	0.0736510725528955	0.395802098950525	0.4547307935990167	0.3422456351124515	False	False	L8L10_enriched	0.138333333333333	0.195	False		L8L10_enriched	974.0	valid_protein_no_eggnog_annotation				
group_3183	0.118773946360153	0.10828025477707	-0.0104936915830832	0.0049975012493753	0.00884359109381934	2.0533713463515078	True	False	Other_lineages_enriched	0.225423728813559	0.0796610169491525	False		Other_lineages_enriched	777.0	annotated	-	-	-	-
group_3086	0.206896551724138	0.0063694267515923	-0.200527124972546	0.0004997501249375	0.001059637491421533	2.9748426841711053	True	True	Other_lineages_enriched	0.27715996578272	0.0119760479041916	False		Other_lineages_enriched	712.0	valid_protein_no_eggnog_annotation				
wbbI_2~~~wbbI~~~wbbI_1	0.0804597701149425	0.165605095541401	0.0851453254264587	0.0004997501249375	0.001059637491421533	2.9748426841711053	True	False	L8L10_enriched	0.0747663551401869	0.367601246105919	False		L8L10_enriched	522.0	annotated	-	transferase activity, transferring glycosyl groups	M	-
group_2959	0.0727969348659004	0.178343949044586	0.105547014178686	0.0014992503748125	0.002921366046722169	2.534414022584289	True	False	L8L10_enriched	0.033717834960071	0.191659272404614	False		L8L10_enriched	1043.0	valid_protein_no_eggnog_annotation				
group_2958	0.210727969348659	0.0	-0.210727969348659	0.0004997501249375	0.001059637491421533	2.9748426841711053	True	True	Other_lineages_enriched	0.363338788870704	0.0	False		Other_lineages_enriched	592.0	valid_protein_no_eggnog_annotation				
group_2706	0.153256704980843	0.0573248407643312	-0.0959318642165117	0.0004997501249375	0.001059637491421533	2.9748426841711053	True	False	Other_lineages_enriched	0.329929300864101	0.0989787902592302	False		Other_lineages_enriched	634.0	valid_protein_no_eggnog_annotation				
smc_1~~~smc_4~~~toxB~~~toxA~~~smc_7~~~toxB_1	0.003831417624521	0.248407643312102	0.244576225687581	0.0004997501249375	0.001059637491421533	2.9748426841711053	True	True	L8L10_enriched	0.0247524752475248	0.325082508250825	False		L8L10_enriched	585.0	annotated	-	Glycosyl hydrolases family 25	M	CW_binding_1,Glyco_hydro_25,SH3_5,SH3_8
gtfA_1~~~gtfA_2~~~gtfA	0.0	0.146496815286624	0.146496815286624	0.0004997501249375	0.001059637491421533	2.9748426841711053	True	False	L8L10_enriched	0.0	0.368678629690049	False		L8L10_enriched	520.0	annotated	gtf1	An N-acetylglucosaminyl transferase that is part of the accessory SecA2 SecY2 system specifically required to export serine-rich repeat cell wall proteins usually encoded upstream in the same operon	M	Glycos_transf_1
group_2055	0.0727969348659004	0.178343949044586	0.105547014178686	0.0004997501249375	0.001059637491421533	2.9748426841711053	True	False	L8L10_enriched	0.033717834960071	0.191659272404614	False		L8L10_enriched	1044.0	valid_protein_no_eggnog_annotation				
group_2039	0.0727969348659004	0.178343949044586	0.105547014178686	0.0004997501249375	0.001059637491421533	2.9748426841711053	True	False	L8L10_enriched	0.033717834960071	0.191659272404614	False		L8L10_enriched	1045.0	annotated	-	Transposase	L	HTH_23,HTH_38,HTH_7,rve
group_1838	0.0727969348659004	0.178343949044586	0.105547014178686	0.0004997501249375	0.001059637491421533	2.9748426841711053	True	False	L8L10_enriched	0.033717834960071	0.191659272404614	False		L8L10_enriched	1046.0	valid_protein_no_eggnog_annotation				
bglA~~~bglH_2	0.134099616858238	0.0382165605095541	-0.0958830563486834	0.217391304347826	0.2678774673994341	0.5720638156775111	False	False	Other_lineages_enriched	0.173390557939914	0.109871244635193	False		Other_lineages_enriched	847.0	annotated	-	Belongs to the glycosyl hydrolase 1 family	G	Glyco_hydro_1
group_1250	0.003831417624521	0.248407643312102	0.244576225687581	0.0004997501249375	0.001059637491421533	2.9748426841711053	True	True	L8L10_enriched	0.0090171325518485	0.187556357078449	False		L8L10_enriched	1112.0	valid_protein_no_eggnog_annotation				
group_445	0.0727969348659004	0.178343949044586	0.105547014178686	0.000999500249875	0.0019983940068799303	2.6993188814033258	True	False	L8L10_enriched	0.033717834960071	0.191659272404614	False		L8L10_enriched	1047.0	valid_protein_no_eggnog_annotation				
group_205	0.0229885057471264	0.121019108280255	0.0980306025331283	0.0004997501249375	0.001059637491421533	2.9748426841711053	True	False	L8L10_enriched	0.0642978003384095	0.243654822335025	False		L8L10_enriched	781.0	valid_protein_no_eggnog_annotation				
group_3816	0.0498084291187739	0.121019108280255	0.0712106791614808	0.567216391804098	0.6252853834039822	0.2039217232163219	False	False	L8L10_enriched	0.151986183074266	0.120898100172712	False		direction_ambiguous		annotated	-	-	-	-
group_3521	0.003831417624521	0.235668789808917	0.231837372184396	0.0004997501249375	0.001059637491421533	2.9748426841711053	True	True	L8L10_enriched	0.0090826521344232	0.174386920980926	False		L8L10_enriched	1195.0	valid_protein_no_eggnog_annotation				
group_3510	0.21455938697318	0.0	-0.21455938697318	0.0004997501249375	0.001059637491421533	2.9748426841711053	True	True	Other_lineages_enriched	0.466257668711656	0.0	False		Other_lineages_enriched	473.0	annotated	-	-	-	-
group_3465	0.003831417624521	0.210191082802548	0.206359665178027	0.0004997501249375	0.001059637491421533	2.9748426841711053	True	True	L8L10_enriched	0.0101010101010101	0.306397306397306	False		L8L10_enriched	621.0	valid_protein_no_eggnog_annotation				
group_3245	0.183908045977011	0.0445859872611465	-0.139322058715865	0.0279860069965017	0.04133298657708342	1.3837032129838207	True	False	Other_lineages_enriched	0.167400881057269	0.0704845814977974	False		Other_lineages_enriched	853.0	valid_protein_no_eggnog_annotation				
group_3186	0.10727969348659	0.0955414012738854	-0.0117382922127047	0.0024987506246876	0.00467805869792366	2.3299343331843234	True	False	Other_lineages_enriched	0.279967819790829	0.111021721641191	False		Other_lineages_enriched	705.0	valid_protein_no_eggnog_annotation				
group_3177	0.0	0.343949044585987	0.343949044585987	0.0004997501249375	0.001059637491421533	2.9748426841711053	True	True	L8L10_enriched	0.0	0.240985048372911	False		L8L10_enriched	786.0	annotated	-	Lytic transglycosylase with a strong preference for naked glycan strands that lack stem peptides	M	Gram_pos_anchor,MucBP,YSIRK_signal
group_3100	0.130268199233716	0.101910828025478	-0.0283573712082388	0.300849575212394	0.355304426639727	0.4493993817219554	False	False	Other_lineages_enriched	0.173913043478261	0.121057118499574	False		Other_lineages_enriched	843.0	annotated	-	Terminase-like family	S	Terminase_3,Terminase_6,Terminase_6C
group_2615	0.0651340996168582	0.133757961783439	0.0686238621665813	0.0109945027486257	0.018122504530626152	1.741781783002093	True	False	L8L10_enriched	0.0745880312228968	0.190806591500434	False		L8L10_enriched	1055.0	valid_protein_no_eggnog_annotation				
group_2371	0.0	0.267515923566879	0.267515923566879	0.0004997501249375	0.001059637491421533	2.9748426841711053	True	True	L8L10_enriched	0.0	0.498498498498498	False		L8L10_enriched	369.0	annotated	-	Filamentation induced by cAMP protein fic	S	-
group_2214	0.0727969348659004	0.178343949044586	0.105547014178686	0.000999500249875	0.0019983940068799303	2.6993188814033258	True	False	L8L10_enriched	0.033717834960071	0.191659272404614	False		L8L10_enriched	1048.0	annotated	-	Thioredoxin	S	Thioredoxin
group_2064	0.0957854406130268	0.152866242038217	0.0570808014251897	0.163418290854573	0.20686256948360274	0.6843180851551317	False	False	L8L10_enriched	0.128870292887029	0.197489539748954	False		L8L10_enriched	965.0	valid_protein_no_eggnog_annotation				
casC	0.0689655172413793	0.165605095541401	0.096639578300022	0.118940529735132	0.15601474740336782	0.8068343477148309	False	False	L8L10_enriched	0.258823529411765	0.172549019607843	False		direction_ambiguous		annotated	casC	CT1975-like protein	L	Cas_CT1975
group_1463	0.126436781609195	0.0955414012738854	-0.0308953803353101	0.0004997501249375	0.001059637491421533	2.9748426841711053	True	False	Other_lineages_enriched	0.334920634920635	0.0777777777777778	False		Other_lineages_enriched	626.0	valid_protein_no_eggnog_annotation				
group_1388	0.0727969348659004	0.178343949044586	0.105547014178686	0.0004997501249375	0.001059637491421533	2.9748426841711053	True	False	L8L10_enriched	0.033717834960071	0.191659272404614	False		L8L10_enriched	1049.0	valid_protein_no_eggnog_annotation				
group_1322	0.0727969348659004	0.178343949044586	0.105547014178686	0.0004997501249375	0.001059637491421533	2.9748426841711053	True	False	L8L10_enriched	0.033717834960071	0.191659272404614	False		L8L10_enriched	1050.0	valid_protein_no_eggnog_annotation				
group_1114	0.0	0.331210191082803	0.331210191082803	0.0004997501249375	0.001059637491421533	2.9748426841711053	True	True	L8L10_enriched	0.0	0.277347114556417	False		L8L10_enriched	668.0	annotated	-	Transposase IS116 IS110 IS902	L	DEDD_Tnp_IS110,Transposase_20
group_942	0.118773946360153	0.089171974522293	-0.0296019718378603	0.0004997501249375	0.001059637491421533	2.9748426841711053	True	False	Other_lineages_enriched	0.339171974522293	0.0684713375796178	False		Other_lineages_enriched	617.0	valid_protein_no_eggnog_annotation				
group_773	0.0727969348659004	0.178343949044586	0.105547014178686	0.000999500249875	0.0019983940068799303	2.6993188814033258	True	False	L8L10_enriched	0.033717834960071	0.191659272404614	False		L8L10_enriched	1051.0	valid_protein_no_eggnog_annotation				
group_724	0.0727969348659004	0.171974522292994	0.0991775874270932	0.0004997501249375	0.001059637491421533	2.9748426841711053	True	False	L8L10_enriched	0.0338078291814947	0.186832740213523	False		L8L10_enriched	1123.0	annotated	-	-	-	-
group_597	0.118773946360153	0.089171974522293	-0.0296019718378603	0.0004997501249375	0.001059637491421533	2.9748426841711053	True	False	Other_lineages_enriched	0.339171974522293	0.0684713375796178	False		Other_lineages_enriched	618.0	annotated	-	Predicted membrane protein (DUF2335)	S	DUF2335
group_3886	0.003831417624521	0.210191082802548	0.206359665178027	0.0004997501249375	0.001059637491421533	2.9748426841711053	True	True	L8L10_enriched	0.0035335689045936	0.229681978798587	False		L8L10_enriched	826.0	annotated	-	protein of Mannheimia haemolytica PHL213 UniRef RepID A7JSI2_PASHA	S	MazG
group_3456	0.0766283524904215	0.152866242038217	0.0762378895477951	0.0154922538730635	0.024377734723851113	1.6130066532147327	True	False	L8L10_enriched	0.0451263537906137	0.149819494584838	False		L8L10_enriched	1350.0	valid_protein_no_eggnog_annotation				
group_3344	0.134099616858238	0.0700636942675159	-0.0640359225907216	0.0004997501249375	0.001059637491421533	2.9748426841711053	True	False	Other_lineages_enriched	0.413685847589425	0.031104199066874	False		Other_lineages_enriched	531.0	annotated	-	Conserved repeat domain	M	-
yhdJ~~~dpnA	0.0574712643678161	0.159235668789809	0.101764404421993	0.0679660169915042	0.09358463267321619	1.028795459949403	False	False	L8L10_enriched	0.0628366247755835	0.141831238779174	False		L8L10_enriched	1409.0	annotated	-	Belongs to the N(4) N(6)-methyltransferase family	L	N6_N4_Mtase
group_3289	0.0881226053639847	0.0828025477707006	-0.005320057593284	1.0	1.0	-0.0	False	False	Other_lineages_enriched	0.130208333333333	0.133680555555556	False		Other_lineages_enriched	935.0	annotated	int	Recombinase zinc beta ribbon domain	L	Recombinase,Resolvase,Zn_ribbon_recom
group_3161	0.172413793103448	0.0063694267515923	-0.166044366351856	0.0004997501249375	0.001059637491421533	2.9748426841711053	True	False	Other_lineages_enriched	0.259291270527226	0.0121002592912705	False		Other_lineages_enriched	733.0	annotated	-	Protein of unknown function (DUF1064)	S	DUF1064
group_2853	0.126436781609195	0.0955414012738854	-0.0308953803353101	0.280359820089955	0.3350691357259346	0.4748655745557951	False	False	Other_lineages_enriched	0.163934426229508	0.110440034512511	False		Other_lineages_enriched	870.0	annotated	-	-	-	-
group_2818	0.0459770114942529	0.127388535031847	0.0814115235375943	0.0004997501249375	0.001059637491421533	2.9748426841711053	True	False	L8L10_enriched	0.0802620802620803	0.281736281736282	False		L8L10_enriched	665.0	annotated	-	-	-	-
group_2427	0.003831417624521	0.159235668789809	0.155404251165288	0.0004997501249375	0.001059637491421533	2.9748426841711053	True	False	L8L10_enriched	0.0107238605898123	0.201966041108132	False		L8L10_enriched	934.0	annotated	-	-	-	-
group_2415	0.0727969348659004	0.171974522292994	0.0991775874270932	0.0004997501249375	0.001059637491421533	2.9748426841711053	True	False	L8L10_enriched	0.0338078291814947	0.186832740213523	False		L8L10_enriched	1124.0	valid_protein_no_eggnog_annotation				
group_2073	0.003831417624521	0.248407643312102	0.244576225687581	0.0004997501249375	0.001059637491421533	2.9748426841711053	True	True	L8L10_enriched	0.0103806228373702	0.259515570934256	False		L8L10_enriched	736.0	annotated	-	protein encoded in hypervariable junctions of pilus gene clusters	S	HicB
group_2023	0.0191570881226054	0.159235668789809	0.140078580667204	0.0004997501249375	0.001059637491421533	2.9748426841711053	True	False	L8L10_enriched	0.0235294117647059	0.295798319327731	False		L8L10_enriched	646.0	valid_protein_no_eggnog_annotation				
group_1810	0.126436781609195	0.0955414012738854	-0.0308953803353101	0.28135932033983	0.33589817410135503	0.47379235692005434	False	False	Other_lineages_enriched	0.163934426229508	0.110440034512511	False		Other_lineages_enriched	871.0	valid_protein_no_eggnog_annotation				
cas3_1~~~cas3_2~~~cas3~~~cas3_3	0.0689655172413793	0.159235668789809	0.0902701515484296	0.260369815092454	0.31425587572514135	0.5027165934474139	False	False	L8L10_enriched	0.256012412723041	0.192397207137316	False		direction_ambiguous		annotated	cas3	CRISPR-associated helicase cas3	L	DEAD,Helicase_C
group_1695	0.0957854406130268	0.0828025477707006	-0.0129828928423262	0.744127936031984	0.7929823897882883	0.10073645720029388	False	False	Other_lineages_enriched	0.176079734219269	0.162790697674419	False		Other_lineages_enriched	840.0	valid_protein_no_eggnog_annotation				
group_1372	0.003831417624521	0.159235668789809	0.155404251165288	0.0004997501249375	0.001059637491421533	2.9748426841711053	True	False	L8L10_enriched	0.0107238605898123	0.201966041108132	False		L8L10_enriched	935.0	valid_protein_no_eggnog_annotation				
gtfB_1~~~gtfB_2~~~gtfB	0.0	0.140127388535032	0.140127388535032	0.0004997501249375	0.001059637491421533	2.9748426841711053	True	False	L8L10_enriched	0.0	0.356614626129827	False		L8L10_enriched	535.0	annotated	gtf2	A stabilizing protein that is part of the accessory SecA2 SecY2 system specifically required to export serine-rich repeat cell wall proteins usually encoded upstream in the same operon. Stabilizes the glycosylation activity of Gtf1	M	-
deaD~~~yjaB	0.153256704980843	0.0191082802547771	-0.134148424726066	0.0014992503748125	0.002921366046722169	2.534414022584289	True	False	Other_lineages_enriched	0.201948627103632	0.0265721877767936	False		Other_lineages_enriched	806.0	annotated	-	Helicase C-terminal domain protein	L	DUF3427,Helicase_C,PLDc_2,ResIII
argG_2~~~argG_3~~~argG_1	0.0	0.337579617834395	0.337579617834395	0.0004997501249375	0.001059637491421533	2.9748426841711053	True	True	L8L10_enriched	0.0	0.259355961705831	False		L8L10_enriched	738.0	annotated	argG	Belongs to the argininosuccinate synthase family. Type 1 subfamily	E	Arginosuc_synth
group_723	0.003831417624521	0.248407643312102	0.244576225687581	0.0004997501249375	0.001059637491421533	2.9748426841711053	True	True	L8L10_enriched	0.0103806228373702	0.259515570934256	False		L8L10_enriched	737.0	valid_protein_no_eggnog_annotation				
group_709	0.003831417624521	0.159235668789809	0.155404251165288	0.0004997501249375	0.001059637491421533	2.9748426841711053	True	False	L8L10_enriched	0.0107238605898123	0.201966041108132	False		L8L10_enriched	936.0	annotated	-	type IV secretory pathway VirB4	U	DUF87
group_172	0.003831417624521	0.159235668789809	0.155404251165288	0.0004997501249375	0.001059637491421533	2.9748426841711053	True	False	L8L10_enriched	0.0107238605898123	0.201966041108132	False		L8L10_enriched	937.0	valid_protein_no_eggnog_annotation				
group_163	0.0689655172413793	0.159235668789809	0.0902701515484296	0.0834582708645677	0.11251841346102724	0.9487764001291161	False	False	L8L10_enriched	0.260252365930599	0.162460567823344	False		direction_ambiguous		annotated	casD	CRISPR-associated protein (Cas_Cas5)	S	Cas_Cas5d
group_11	0.0	0.337579617834395	0.337579617834395	0.0004997501249375	0.001059637491421533	2.9748426841711053	True	True	L8L10_enriched	0.0	0.240985048372911	False		L8L10_enriched	787.0	annotated	-	-	-	DDE_Tnp_ISL3,HTH_Tnp_ISL3,zf-ISL3
group_3790	0.114942528735632	0.0955414012738854	-0.0194011274617468	0.0744627686156921	0.10155414842247742	0.9933023312430033	False	False	Other_lineages_enriched	0.217028380634391	0.113522537562604	False		Other_lineages_enriched	785.0	annotated	-	Helix-turn-helix domain	L	HTH_28,HTH_Tnp_1
group_3705	0.053639846743295	0.21656050955414	0.162920662810845	0.0004997501249375	0.001059637491421533	2.9748426841711053	True	False	L8L10_enriched	0.0723089564502876	0.28430566967954	False		L8L10_enriched	662.0	annotated	-	transposase, IS605 OrfB family	L	HTH_OrfB_IS605,OrfB_IS605,OrfB_Zn_ribbon
group_3529	0.0191570881226054	0.229299363057325	0.210142274934719	0.0869565217391304	0.11661446444055136	0.9332475779036641	False	False	L8L10_enriched	0.0960548885077187	0.188679245283019	False		L8L10_enriched	1111.0	annotated	-	PFAM HNH endonuclease	L	HNH,RRXRR
group_3518	0.003831417624521	0.229299363057325	0.225467945432804	0.0004997501249375	0.001059637491421533	2.9748426841711053	True	True	L8L10_enriched	0.0105263157894737	0.235087719298246	False		L8L10_enriched	817.0	valid_protein_no_eggnog_annotation				
group_2888	0.0306513409961686	0.191082802547771	0.160431461551602	0.0004997501249375	0.001059637491421533	2.9748426841711053	True	False	L8L10_enriched	0.0497592295345104	0.345104333868379	False		L8L10_enriched	560.0	valid_protein_no_eggnog_annotation				
group_2181	0.0	0.299363057324841	0.299363057324841	0.0004997501249375	0.001059637491421533	2.9748426841711053	True	True	L8L10_enriched	0.0	0.250218722659667	False		L8L10_enriched	760.0	valid_protein_no_eggnog_annotation				
ygbT	0.0689655172413793	0.152866242038217	0.0839007247968372	0.0819590204897551	0.11067826742366518	0.9559376479972144	False	False	L8L10_enriched	0.260457774269929	0.161010260457774	False		direction_ambiguous		annotated	cas1	CRISPR (clustered regularly interspaced short palindromic repeat), is an adaptive immune system that provides protection against mobile genetic elements (viruses, transposable elements and conjugative plasmids). CRISPR clusters contain spacers, sequences complementary to antecedent mobile elements, and target invading nucleic acids. CRISPR clusters are transcribed and processed into CRISPR RNA (crRNA). Acts as a dsDNA endonuclease. Involved in the integration of spacer DNA into the CRISPR cassette	L	Cas_Cas1
group_1718	0.0727969348659004	0.165605095541401	0.0928081606755009	0.0004997501249375	0.001059637491421533	2.9748426841711053	True	False	L8L10_enriched	0.0339892665474061	0.177101967799642	False		L8L10_enriched	1184.0	annotated	-	Uncharacterised protein family (UPF0236)	S	UPF0236
group_1188	0.003831417624521	0.171974522292994	0.168143104668473	0.0004997501249375	0.001059637491421533	2.9748426841711053	True	False	L8L10_enriched	0.0282157676348548	0.312033195020747	False		L8L10_enriched	607.0	valid_protein_no_eggnog_annotation				
group_1073	0.0727969348659004	0.178343949044586	0.105547014178686	0.0004997501249375	0.001059637491421533	2.9748426841711053	True	False	L8L10_enriched	0.033717834960071	0.191659272404614	False		L8L10_enriched	1052.0	valid_protein_no_eggnog_annotation				
group_889	0.003831417624521	0.159235668789809	0.155404251165288	0.0004997501249375	0.001059637491421533	2.9748426841711053	True	False	L8L10_enriched	0.0107238605898123	0.201966041108132	False		L8L10_enriched	938.0	annotated	spoIIQ	Peptidase family M23	M	Peptidase_M23
group_805	0.003831417624521	0.24203821656051	0.238206798935988	0.0004997501249375	0.001059637491421533	2.9748426841711053	True	True	L8L10_enriched	0.010443864229765	0.248912097476066	False		L8L10_enriched	763.0	annotated	-	HicA toxin of bacterial toxin-antitoxin,	S	HicA_toxin
group_786	0.0804597701149425	0.133757961783439	0.053298191668497	1.0	1.0	-0.0	False	False	L8L10_enriched	0.28954802259887	0.298022598870056	False		L8L10_enriched	642.0	annotated	-	Bacterial membrane protein, YfhO	S	-
group_515	0.0804597701149425	0.152866242038217	0.072406471923274	1.0	1.0	-0.0	False	False	L8L10_enriched	0.146757679180887	0.146757679180887	False		L8L10_enriched	1372.0	annotated	-	Psort location CytoplasmicMembrane, score	S	-
group_492	0.003831417624521	0.159235668789809	0.155404251165288	0.0004997501249375	0.001059637491421533	2.9748426841711053	True	False	L8L10_enriched	0.0107238605898123	0.201966041108132	False		L8L10_enriched	939.0	valid_protein_no_eggnog_annotation				
group_462	0.003831417624521	0.159235668789809	0.155404251165288	0.0004997501249375	0.001059637491421533	2.9748426841711053	True	False	L8L10_enriched	0.0107238605898123	0.201966041108132	False		L8L10_enriched	940.0	annotated	-	-	-	-
cse3	0.0689655172413793	0.152866242038217	0.0839007247968372	0.0804597701149425	0.10896627313141616	0.9627079026051517	False	False	L8L10_enriched	0.260457774269929	0.161010260457774	False		direction_ambiguous		annotated	casE	CRISPR_assoc	S	CRISPR_assoc
group_8568	0.0076628352490421	0.0828025477707006	0.0751397125216585	0.0004997501249375	0.001059637491421533	2.9748426841711053	True	False	L8L10_enriched	0.0053285968028419	0.218472468916519	False		L8L10_enriched	878.0	valid_protein_no_eggnog_annotation				
group_6601	0.0076628352490421	0.235668789808917	0.228005954559875	0.0004997501249375	0.001059637491421533	2.9748426841711053	True	True	L8L10_enriched	0.0267782426778243	0.299581589958159	False		L8L10_enriched	640.0	annotated	-	Transposase	L	DDE_Tnp_IS1595
group_3710	0.0842911877394636	0.159235668789809	0.0749444810503453	1.0	1.0	-0.0	False	False	L8L10_enriched	0.15811606391926	0.159798149705635	False		direction_ambiguous		annotated	-	PDDEXK-like domain of unknown function (DUF3799)	S	-
group_3568	0.111111111111111	0.0382165605095541	-0.072894550601557	1.0	1.0	-0.0	False	False	Other_lineages_enriched	0.110418521816563	0.108637577916296	False		direction_ambiguous		annotated	rha	ORF6C domain	S	ANT,ORF6C,Phage_pRha
group_3299	0.0	0.191082802547771	0.191082802547771	0.0004997501249375	0.001059637491421533	2.9748426841711053	True	False	L8L10_enriched	0.0	0.207885304659498	False		L8L10_enriched	919.0	valid_protein_no_eggnog_annotation				
group_3190	0.0804597701149425	0.146496815286624	0.0660370451716817	0.0004997501249375	0.001059637491421533	2.9748426841711053	True	False	L8L10_enriched	0.0769230769230769	0.320512820512821	False		L8L10_enriched	593.0	annotated	-	-	-	-
group_2276	0.0766283524904215	0.089171974522293	0.0125436220318715	0.140429785107446	0.18053692623060263	0.7434339559853478	False	False	L8L10_enriched	0.126878130217028	0.203672787979967	False		L8L10_enriched	931.0	annotated	-	DNA methylase	L	N6_N4_Mtase,TypeIII_RM_meth
group_1858	0.003831417624521	0.210191082802548	0.206359665178027	0.0004997501249375	0.001059637491421533	2.9748426841711053	True	True	L8L10_enriched	0.025974025974026	0.242424242424242	False		L8L10_enriched	784.0	valid_protein_no_eggnog_annotation				
group_1729	0.0651340996168582	0.114649681528662	0.0495155819118042	0.0064967516241879	0.011254887803206694	1.9486588300007415	True	False	L8L10_enriched	0.100909842845327	0.244830438378825	False		L8L10_enriched	776.0	annotated	-	-	-	-
group_1630	0.0766283524904215	0.0955414012738854	0.0189130487834639	0.000999500249875	0.0019983940068799303	2.6993188814033258	True	False	L8L10_enriched	0.0871710526315789	0.268092105263158	False		L8L10_enriched	701.0	annotated	-	GDSL-like Lipase/Acylhydrolase	E	Lipase_GDSL_2
group_1587	0.0842911877394636	0.159235668789809	0.0749444810503453	1.0	1.0	-0.0	False	False	L8L10_enriched	0.15811606391926	0.159798149705635	False		direction_ambiguous		annotated	-	DNA metabolic process	S	-
group_1441	0.0651340996168582	0.159235668789809	0.0941015691729507	0.247876061969015	0.3011621033141241	0.5211996784110119	False	False	L8L10_enriched	0.245253164556962	0.17246835443038	False		direction_ambiguous		annotated	casB	CRISPR-associated protein Cse2 (CRISPR_cse2)	S	CRISPR_Cse2
dinG_3~~~dinG_2	0.0689655172413793	0.159235668789809	0.0902701515484296	0.0789605197401299	0.10706786524433251	0.9703408563500725	False	False	L8L10_enriched	0.260252365930599	0.162460567823344	False		direction_ambiguous		annotated	cas2	CRISPR-associated protein (Cas_Cas2CT1978)	L	Cas_Cas2CT1978,RNase_T
insK_1~~~insK	0.0498084291187739	0.197452229299363	0.147643800180589	0.0004997501249375	0.001059637491421533	2.9748426841711053	True	False	L8L10_enriched	0.056772100567721	0.321167883211679	False		L8L10_enriched	591.0	annotated	-	Integrase core domain	L	HTH_21,rve,rve_2
group_919	0.0727969348659004	0.171974522292994	0.0991775874270932	0.0004997501249375	0.001059637491421533	2.9748426841711053	True	False	L8L10_enriched	0.033717834960071	0.191659272404614	False		L8L10_enriched	1053.0	valid_protein_no_eggnog_annotation				
ribZ_2	0.199233716475096	0.0	-0.199233716475096	0.0004997501249375	0.001059637491421533	2.9748426841711053	True	False	Other_lineages_enriched	0.389694041867955	0.0	False		Other_lineages_enriched	559.0	annotated	-	Major Facilitator	EGP	MFS_1
group_636	0.0651340996168582	0.159235668789809	0.0941015691729507	0.247376311844078	0.30066578661978494	0.5219159883530995	False	False	L8L10_enriched	0.245253164556962	0.17246835443038	False		direction_ambiguous		annotated	casA	the current gene model (or a revised gene model) may contain a frame shift	L	CRISPR_Cse1
cbh_1	0.0	0.331210191082803	0.331210191082803	0.0004997501249375	0.001059637491421533	2.9748426841711053	True	True	L8L10_enriched	0.0	0.24715162138475	False		L8L10_enriched	770.0	annotated	cbh	Linear amide C-N hydrolase, choloylglycine hydrolase family protein	M	CBAH
expZ~~~expZ_3~~~expZ_1	0.0957854406130268	0.0191082802547771	-0.0766771603582498	0.0539730134932534	0.07574151595411838	1.1206660067948098	False	False	Other_lineages_enriched	0.115027829313544	0.0296846011131725	False		Other_lineages_enriched	965.0	annotated	yjcA	ABC transporter	S	ABC_tran,ABC_tran_Xtn
group_3751	0.195402298850575	0.0	-0.195402298850575	0.0004997501249375	0.001059637491421533	2.9748426841711053	True	False	Other_lineages_enriched	0.351195383347073	0.0	False		Other_lineages_enriched	599.0	valid_protein_no_eggnog_annotation				
group_3613	0.111111111111111	0.10828025477707	-0.002830856334041	0.384307846076962	0.4436910836803048	0.3529192986833793	False	False	Other_lineages_enriched	0.084304932735426	0.121973094170404	False		direction_ambiguous		valid_protein_no_eggnog_annotation				
group_3286	0.0153256704980843	0.178343949044586	0.163018278546502	0.0004997501249375	0.001059637491421533	2.9748426841711053	True	False	L8L10_enriched	0.0615911035072712	0.227544910179641	False		L8L10_enriched	832.0	annotated	-	Mannosyl-glycoprotein endo-beta-N-acetylglucosaminidase	MNU	Glucosaminidase,LysM
group_3212	0.195402298850575	0.0	-0.195402298850575	0.0004997501249375	0.001059637491421533	2.9748426841711053	True	False	Other_lineages_enriched	0.376623376623377	0.0	False		Other_lineages_enriched	580.0	annotated	-	ThiF family	H	ThiF
group_3207	0.114942528735632	0.121019108280255	0.0060765795446226	0.0634682658670665	0.08805386780294068	1.055251562711111	False	False	L8L10_enriched	0.142342342342342	0.0558558558558559	False		direction_ambiguous		valid_protein_no_eggnog_annotation				
group_3195	0.0574712643678161	0.0191082802547771	-0.038362984113039	0.0749625187406297	0.1020245763115964	0.9912952000922343	False	False	Other_lineages_enriched	0.105947955390335	0.0353159851301115	False		Other_lineages_enriched	987.0	valid_protein_no_eggnog_annotation				
group_3156	0.14176245210728	0.0382165605095541	-0.103545891597726	0.0004997501249375	0.001059637491421533	2.9748426841711053	True	False	Other_lineages_enriched	0.228176318063959	0.0432152117545376	False		Other_lineages_enriched	774.0	valid_protein_no_eggnog_annotation				
group_2974	0.122605363984674	0.0636942675159236	-0.0589110964687508	0.578210894552724	0.6352800592034764	0.19703477651396	False	False	Other_lineages_enriched	0.157399486740804	0.131736526946108	False		Other_lineages_enriched	889.0	annotated	-	Type I restriction modification DNA specificity domain	V	Methylase_S
group_2761	0.0651340996168582	0.171974522292994	0.106840422676135	0.409795102448776	0.4680328813063143	0.3297236348142159	False	False	L8L10_enriched	0.153338829348722	0.197856553998351	False		L8L10_enriched	964.0	annotated	-	IstB-like ATP binding protein	L	IstB_IS21
group_2383	0.0727969348659004	0.171974522292994	0.0991775874270932	0.000999500249875	0.0019983940068799303	2.6993188814033258	True	False	L8L10_enriched	0.0336283185840708	0.19646017699115	False		L8L10_enriched	971.0	valid_protein_no_eggnog_annotation				
group_2349	0.003831417624521	0.235668789808917	0.231837372184396	0.0004997501249375	0.001059637491421533	2.9748426841711053	True	True	L8L10_enriched	0.010462074978204	0.245858761987794	False		L8L10_enriched	775.0	valid_protein_no_eggnog_annotation				
hldD~~~wbgU	0.003831417624521	0.152866242038217	0.149034824413695	0.0004997501249375	0.001059637491421533	2.9748426841711053	True	False	L8L10_enriched	0.0035335689045936	0.229681978798587	False		L8L10_enriched	827.0	annotated	cps2D	RmlD substrate binding domain	M	Epimerase,GDP_Man_Dehyd
group_2006	0.0229885057471264	0.152866242038217	0.12987773629109	0.0074962518740629	0.012817929385073822	1.8921821253059585	True	False	L8L10_enriched	0.102479338842975	0.244628099173554	False		L8L10_enriched	778.0	annotated	-	cell adhesion	K	-
pre~~~pre_2	0.0	0.229299363057325	0.229299363057325	0.0004997501249375	0.001059637491421533	2.9748426841711053	True	True	L8L10_enriched	0.0	0.379254457050243	False		L8L10_enriched	504.0	annotated	XK26_06135	Plasmid recombination enzyme	D	Mob_Pre
group_1795	0.0766283524904215	0.140127388535032	0.0634990360446104	0.0279860069965017	0.04133298657708342	1.3837032129838207	True	False	L8L10_enriched	0.0454132606721163	0.138056312443233	False		L8L10_enriched	1443.0	valid_protein_no_eggnog_annotation				
group_1736	0.195402298850575	0.0	-0.195402298850575	0.0004997501249375	0.001059637491421533	2.9748426841711053	True	False	Other_lineages_enriched	0.3779399837794	0.0	False		Other_lineages_enriched	577.0	annotated	arsR	DNA-binding transcription factor activity	K	HTH_20,HTH_5
group_1723	0.0459770114942529	0.121019108280255	0.0750420967860019	0.000999500249875	0.0019983940068799303	2.6993188814033258	True	False	L8L10_enriched	0.0812603648424544	0.260364842454395	False		L8L10_enriched	731.0	annotated	ileS	amino acids such as valine, to avoid such errors it has two additional distinct tRNA(Ile)-dependent editing activities. One activity is designated as 'pretransfer' editing and involves the hydrolysis of activated Val-AMP. The other activity is designated 'posttransfer' editing and involves deacylation of mischarged Val-tRNA(Ile)	J	Anticodon_1,tRNA-synt_1,zf-FPG_IleRS
group_1707	0.111111111111111	0.0955414012738854	-0.0155697098372257	0.653173413293353	0.7091289610548923	0.14927477753691504	False	False	Other_lineages_enriched	0.0849909584086799	0.106690777576854	False		direction_ambiguous		annotated	-	-	-	-
group_1503	0.149425287356322	0.0318471337579618	-0.11757815359836	0.0004997501249375	0.001059637491421533	2.9748426841711053	True	False	Other_lineages_enriched	0.233246301131419	0.0261096605744125	False		Other_lineages_enriched	767.0	annotated	yeeA	Type II restriction enzyme, methylase subunits	V	N6_Mtase
group_1059	0.0727969348659004	0.165605095541401	0.0928081606755009	0.0004997501249375	0.001059637491421533	2.9748426841711053	True	False	L8L10_enriched	0.0339285714285714	0.180357142857143	False		L8L10_enriched	1165.0	annotated	-	-	-	-
arnC_2	0.003831417624521	0.191082802547771	0.18725138492325	0.0004997501249375	0.001059637491421533	2.9748426841711053	True	False	L8L10_enriched	0.0273092369477912	0.366265060240964	False		L8L10_enriched	524.0	annotated	-	Glycosyltransferase like family 2	M	Glycos_transf_2
group_802	0.195402298850575	0.0	-0.195402298850575	0.0004997501249375	0.001059637491421533	2.9748426841711053	True	False	Other_lineages_enriched	0.3779399837794	0.0	False		Other_lineages_enriched	578.0	annotated	-	Transcriptional regulator	K	HTH_20
group_706	0.003831417624521	0.184713375796178	0.180881958171657	0.0004997501249375	0.001059637491421533	2.9748426841711053	True	False	L8L10_enriched	0.010443864229765	0.248912097476066	False		L8L10_enriched	764.0	valid_protein_no_eggnog_annotation				
group_696	0.0727969348659004	0.165605095541401	0.0928081606755009	0.0004997501249375	0.001059637491421533	2.9748426841711053	True	False	L8L10_enriched	0.0339285714285714	0.180357142857143	False		L8L10_enriched	1166.0	annotated	-	RelB antitoxin	S	RelB
group_590	0.203065134099617	0.0	-0.203065134099617	0.0004997501249375	0.001059637491421533	2.9748426841711053	True	True	Other_lineages_enriched	0.436278342455043	0.0	False		Other_lineages_enriched	502.0	annotated	-	Transposase and inactivated derivatives, IS30 family DNA replication, recombination, and repair	L	HTH_38,rve
group_464	0.0842911877394636	0.0509554140127389	-0.0333357737267247	0.718140929535232	0.7695201179897851	0.11378002168339288	False	False	Other_lineages_enriched	0.153052450558899	0.12725709372313	False		Other_lineages_enriched	899.0	annotated	-	Adenine specific DNA methylase Mod	L	N6_N4_Mtase,TypeIII_RM_meth
metAA	0.0727969348659004	0.0	-0.0727969348659004	0.0044977511244377	0.008036925138298385	2.094910076984476	True	False	Other_lineages_enriched	0.0916030534351145	0.0	False		Other_lineages_enriched	1009.0	annotated	metAA	Transfers an acetyl group from acetyl-CoA to L- homoserine, forming acetyl-L-homoserine	E	HTS
group_3849	0.130268199233716	0.0700636942675159	-0.0602045049662005	0.221389305347326	0.2722947969837399	0.5649606570913227	False	False	Other_lineages_enriched	0.177777777777778	0.112820512820513	False		Other_lineages_enriched	838.0	valid_protein_no_eggnog_annotation				
lexA_1~~~lexA_2	0.103448275862069	0.0445859872611465	-0.0588622886009225	0.0049975012493753	0.00884359109381934	2.0533713463515078	True	False	Other_lineages_enriched	0.218057921635434	0.0783645655877342	False		Other_lineages_enriched	783.0	annotated	-	sequence-specific DNA binding	S	-
group_3664	0.0383141762452107	0.171974522292994	0.133660346047783	0.0004997501249375	0.001059637491421533	2.9748426841711053	True	False	L8L10_enriched	0.0478632478632479	0.242735042735043	False		L8L10_enriched	783.0	annotated	-	PFAM Glycosyl transferase, group 1	M	Glyco_trans_4_4,Glyco_transf_4,Glycos_transf_1
group_3458	0.0	0.203821656050955	0.203821656050955	0.0004997501249375	0.001059637491421533	2.9748426841711053	True	True	L8L10_enriched	0.0	0.161764705882353	False		L8L10_enriched	1298.0	annotated	isp	Transposase	L	DDE_Tnp_ISL3,HTH_Tnp_ISL3,zf-ISL3
group_3215	0.0957854406130268	0.114649681528662	0.0188642409156356	1.0	1.0	-0.0	False	False	L8L10_enriched	0.0875912408759124	0.0875912408759124	False		L8L10_enriched	1650.0	valid_protein_no_eggnog_annotation				
group_3135	0.114942528735632	0.0955414012738854	-0.0194011274617468	1.0	1.0	-0.0	False	False	Other_lineages_enriched	0.155668358714044	0.152284263959391	False		Other_lineages_enriched	895.0	annotated	-	Helix-turn-helix domain	L	DnaB_2,HTH_36
group_3108	0.134099616858238	0.0382165605095541	-0.0958830563486834	0.0024987506246876	0.00467805869792366	2.3299343331843234	True	False	Other_lineages_enriched	0.205217391304348	0.0556521739130435	False		Other_lineages_enriched	801.0	annotated	-	Bifunctional DNA primase/polymerase, N-terminal	L	Prim-Pol
endA_2	0.0727969348659004	0.140127388535032	0.0673304536691315	0.0074962518740629	0.012817929385073822	1.8921821253059585	True	False	L8L10_enriched	0.034703196347032	0.138812785388128	False		L8L10_enriched	1427.0	annotated	endA	DNA RNA non-specific endonuclease	F	Endonuclea_NS_2,Endonuclease_NS
group_2973	0.114942528735632	0.0764331210191083	-0.0385094077165239	0.135432283858071	0.1748626078810125	0.7573030488809017	False	False	Other_lineages_enriched	0.169136878814298	0.0871839581517001	False		Other_lineages_enriched	850.0	annotated	hsdS	Type I restriction modification DNA specificity domain	V	Methylase_S
dinG_3~~~dinG_1	0.0919540229885057	0.114649681528662	0.0226956585401567	0.0174912543728136	0.027045369853787336	1.567907075070109	True	False	L8L10_enriched	0.135782747603834	0.266773162939297	False		L8L10_enriched	708.0	annotated	polC_2	DNA polymerase III	L	BRCT,RNase_T
mprA	0.0766283524904215	0.127388535031847	0.0507601825414257	1.0	1.0	-0.0	False	False	L8L10_enriched	0.269956458635704	0.27866473149492	False		L8L10_enriched	667.0	annotated	mprA	Response regulators consisting of a CheY-like receiver domain and a winged-helix DNA-binding domain	KT	Response_reg,Trans_reg_C
group_2795	0.0804597701149425	0.140127388535032	0.0596676184200893	0.056471764117941	0.07897897401044804	1.1024885123378274	False	False	L8L10_enriched	0.144694533762058	0.247588424437299	False		L8L10_enriched	768.0	valid_protein_no_eggnog_annotation				
group_2600	0.114942528735632	0.0445859872611465	-0.0703565414744857	0.0994502748625687	0.13213252244845317	0.8789902741226925	False	False	Other_lineages_enriched	0.203045685279188	0.104906937394247	False		Other_lineages_enriched	804.0	annotated	-	type I restriction-modification system	V	HsdM_N,Methylase_S,N6_Mtase
group_2184	0.0727969348659004	0.140127388535032	0.0673304536691315	0.0069965017491254	0.01204465687741285	1.9192055674687718	True	False	L8L10_enriched	0.034703196347032	0.138812785388128	False		L8L10_enriched	1428.0	annotated	ssb	Plays an important role in DNA replication, recombination and repair. Binds to ssDNA and to an array of partner proteins to recruit them to their sites of action during DNA metabolism	L	SSB
group_1997	0.191570881226054	0.0	-0.191570881226054	0.0004997501249375	0.001059637491421533	2.9748426841711053	True	False	Other_lineages_enriched	0.336106489184692	0.0	False		Other_lineages_enriched	623.0	valid_protein_no_eggnog_annotation				
group_1985	0.0727969348659004	0.140127388535032	0.0673304536691315	0.0039980009995002	0.007214355582340176	2.141802455912525	True	False	L8L10_enriched	0.034703196347032	0.138812785388128	False		L8L10_enriched	1429.0	valid_protein_no_eggnog_annotation				
group_1938	0.0919540229885057	0.114649681528662	0.0226956585401567	0.0184907546226887	0.02851054585014472	1.544994467803256	True	False	L8L10_enriched	0.135782747603834	0.266773162939297	False		L8L10_enriched	709.0	annotated	-	-	-	-
group_1725	0.176245210727969	0.0254777070063694	-0.1507675037216	0.0179910044977511	0.027792011167412034	1.5560800243883248	True	False	Other_lineages_enriched	0.151624548736462	0.0433212996389892	False		Other_lineages_enriched	900.0	annotated	XK27_09655	Virulence protein RhuM family	S	HTH_5,Virulence_RhuM
group_1646	0.0919540229885057	0.089171974522293	-0.0027820484662127	0.495752123938031	0.5580810551335197	0.253302719985796	False	False	Other_lineages_enriched	0.259090909090909	0.225757575757576	False		Other_lineages_enriched	734.0	annotated	-	CAAX protease self-immunity	V	Abi
group_966	0.0957854406130268	0.140127388535032	0.044341947922005	0.0189905047476262	0.02919911952563151	1.534630244131201	True	False	L8L10_enriched	0.199484092863285	0.0808254514187446	False		direction_ambiguous		annotated	-	AAA ATPase domain	L	AAA_15
group_752	0.0766283524904215	0.140127388535032	0.0634990360446104	0.0299850074962519	0.044087728558746105	1.3556822758576	True	False	L8L10_enriched	0.0454132606721163	0.138056312443233	False		L8L10_enriched	1444.0	valid_protein_no_eggnog_annotation				
group_547	0.0727969348659004	0.140127388535032	0.0673304536691315	0.0059970014992503	0.01045508991535965	1.9806722278318074	True	False	L8L10_enriched	0.034703196347032	0.138812785388128	False		L8L10_enriched	1430.0	valid_protein_no_eggnog_annotation				
group_186	0.003831417624521	0.0764331210191083	0.0726017033945872	0.0004997501249375	0.001059637491421533	2.9748426841711053	True	False	L8L10_enriched	0.0207253886010363	0.252158894645941	False		L8L10_enriched	755.0	annotated	-	-	-	-
bglF	0.164750957854406	0.0	-0.164750957854406	0.0004997501249375	0.001059637491421533	2.9748426841711053	True	False	Other_lineages_enriched	0.331943286071726	0.0	False		Other_lineages_enriched	631.0	annotated	-	Pts system	G	PTS_EIIA_1,PTS_EIIB,PTS_EIIC
metK	0.0766283524904215	0.146496815286624	0.0698684627962027	0.237881059470265	0.2900881165634801	0.5374700616717011	False	False	L8L10_enriched	0.10880829015544	0.164075993091537	False		L8L10_enriched	1274.0	annotated	metK	Catalyzes the formation of S-adenosylmethionine (AdoMet) from methionine and ATP. The overall synthetic reaction is composed of two sequential steps, AdoMet formation and the subsequent tripolyphosphate hydrolysis which occurs prior to release of AdoMet from the enzyme	H	S-AdoMet_synt_C,S-AdoMet_synt_M,S-AdoMet_synt_N
leuS	0.0766283524904215	0.146496815286624	0.0698684627962027	0.253373313343328	0.30704857207291864	0.5127929179603474	False	False	L8L10_enriched	0.10880829015544	0.164075993091537	False		L8L10_enriched	1275.0	annotated	leuS	Belongs to the class-I aminoacyl-tRNA synthetase family	J	Anticodon_1,tRNA-synt_1,tRNA-synt_1_2
group_77	0.14176245210728	0.089171974522293	-0.0525904775849867	0.0024987506246876	0.00467805869792366	2.3299343331843234	True	False	Other_lineages_enriched	0.186500888099467	0.0373001776198934	False		Other_lineages_enriched	825.0	annotated	-	-	-	-
group_46	0.111111111111111	0.0955414012738854	-0.0155697098372257	0.643178410794603	0.6994299879763092	0.15525575130410088	False	False	Other_lineages_enriched	0.0849909584086799	0.106690777576854	False		direction_ambiguous		annotated	-	-	-	-
group_4437	0.0919540229885057	0.101910828025478	0.0099568050369719	0.628185907046477	0.6844816678962109	0.16463817884939375	False	False	L8L10_enriched	0.15550041356493	0.190239867659223	False		L8L10_enriched	1069.0	valid_protein_no_eggnog_annotation				
group_3805	0.0766283524904215	0.0764331210191083	-0.0001952314713131	0.0229885057471264	0.034651018498070216	1.4602839956382934	True	False	Other_lineages_enriched	0.0606601248884924	0.155218554861731	False		direction_ambiguous		annotated	-	-	-	-
group_3575	0.0689655172413793	0.191082802547771	0.122117285306391	0.651174412793603	0.7074248895993808	0.1503196643042617	False	False	L8L10_enriched	0.191911181601903	0.222045995241872	False		L8L10_enriched	870.0	annotated	-	-	-	-
group_3545	0.003831417624521	0.165605095541401	0.16177367791688	0.0004997501249375	0.001059637491421533	2.9748426841711053	True	False	L8L10_enriched	0.0106856634016029	0.208370436331256	False		L8L10_enriched	918.0	annotated	-	the current gene model (or a revised gene model) may contain a frame shift	S	-
xerC_16	0.122605363984674	0.0573248407643312	-0.0652805232203431	0.357321339330335	0.41662201454120806	0.38025778541764166	False	False	Other_lineages_enriched	0.157439446366782	0.112456747404844	False		Other_lineages_enriched	888.0	annotated	-	Belongs to the 'phage' integrase family	L	Arm-DNA-bind_4,Phage_int_SAM_3,Phage_integrase
group_3450	0.122605363984674	0.0636942675159236	-0.0589110964687508	0.0704647676161919	0.09662147702677999	1.014926327854703	False	False	Other_lineages_enriched	0.181660899653979	0.0882352941176471	False		Other_lineages_enriched	835.0	annotated	-	Helix-turn-helix domain	K	HTH_17
sle1~~~sle1_2	0.149425287356322	0.0127388535031847	-0.136686433853137	0.0004997501249375	0.001059637491421533	2.9748426841711053	True	False	Other_lineages_enriched	0.242214532871972	0.027681660899654	False		Other_lineages_enriched	747.0	annotated	-	Glycosyl hydrolases family 25	M	Glyco_hydro_25,LysM,SH3_5
group_3027	0.0	0.197452229299363	0.197452229299363	0.0004997501249375	0.001059637491421533	2.9748426841711053	True	False	L8L10_enriched	0.0	0.225377107364685	False		L8L10_enriched	843.0	annotated	-	-	-	-
group_3020	0.0498084291187739	0.165605095541401	0.115796666422627	0.0214892553723138	0.03261496842550621	1.4865830375810172	True	False	L8L10_enriched	0.0421245421245421	0.126373626373626	False		L8L10_enriched	1500.0	annotated	-	Helix-turn-helix XRE-family like proteins	K	HTH_19
group_2810	0.0	0.165605095541401	0.165605095541401	0.0004997501249375	0.001059637491421533	2.9748426841711053	True	False	L8L10_enriched	0.0	0.360655737704918	False		L8L10_enriched	531.0	annotated	-	amidase activity	NU	Amidase_3,CW_binding_1,GBS_Bsp-like,Glucosaminidase,LysM,Peptidase_C39_2,Rod-binding
group_2588	0.0842911877394636	0.127388535031847	0.0430973472923835	0.0364817591204398	0.05286165184777887	1.2768592699374426	False	False	L8L10_enriched	0.139366515837104	0.0506787330316742	False		direction_ambiguous		valid_protein_no_eggnog_annotation				
group_2450	0.0306513409961686	0.159235668789809	0.12858432779364	0.0939530234882559	0.12523269109781685	0.9022822868592809	False	False	L8L10_enriched	0.110450297366185	0.190314358538658	False		L8L10_enriched	1067.0	annotated	-	lysozyme activity	M	DUF1906,Glyco_hydro_25,LysM,SH3_5
group_2161	0.0919540229885057	0.133757961783439	0.0418039387949337	0.546726636681659	0.6065536255441301	0.21713079702598329	False	False	L8L10_enriched	0.123104371097235	0.0927743086529884	False		direction_ambiguous		valid_protein_no_eggnog_annotation				
group_1919	0.0727969348659004	0.140127388535032	0.0673304536691315	0.0039980009995002	0.007214355582340176	2.141802455912525	True	False	L8L10_enriched	0.034703196347032	0.138812785388128	False		L8L10_enriched	1431.0	valid_protein_no_eggnog_annotation				
group_1692	0.0114942528735632	0.254777070063694	0.243282817190131	0.0004997501249375	0.001059637491421533	2.9748426841711053	True	True	L8L10_enriched	0.0666125101543461	0.308692120227457	False		L8L10_enriched	615.0	annotated	-	High confidence in function and specificity	L	HTH_28,HTH_Tnp_1
group_1549	0.111111111111111	0.089171974522293	-0.0219391365888181	0.648175912043978	0.7043996141770803	0.1521808905821186	False	False	Other_lineages_enriched	0.0851449275362319	0.103260869565217	False		direction_ambiguous		annotated	-	Phage transcriptional regulator, ArpU family	S	DUF1492
group_1453	0.0842911877394636	0.10828025477707	0.0239890670376065	0.133933033483258	0.17326633110613865	0.7612858206410102	False	False	L8L10_enriched	0.211490424646128	0.12323064113239	False		direction_ambiguous		valid_protein_no_eggnog_annotation				
group_1268	0.0	0.146496815286624	0.146496815286624	0.0004997501249375	0.001059637491421533	2.9748426841711053	True	False	L8L10_enriched	0.0	0.134328358208955	False		L8L10_enriched	1462.0	annotated	-	-	-	-
yhjE	0.0	0.159235668789809	0.159235668789809	0.0004997501249375	0.001059637491421533	2.9748426841711053	True	False	L8L10_enriched	0.0	0.329156223893066	False		L8L10_enriched	578.0	annotated	-	MFS transporter, metabolite H symporter (MHS) family protein	EGP	MFS_1,Sugar_tr
recB	0.0881226053639847	0.140127388535032	0.0520047831710472	0.0629685157421289	0.08743415902668131	1.058318862805959	False	False	L8L10_enriched	0.172774869109948	0.0820244328097731	False		direction_ambiguous		annotated	pcrA	UvrD-like helicase C-terminal domain	L	UvrD-helicase,UvrD_C
group_760	0.0727969348659004	0.140127388535032	0.0673304536691315	0.0069965017491254	0.01204465687741285	1.9192055674687718	True	False	L8L10_enriched	0.034703196347032	0.138812785388128	False		L8L10_enriched	1432.0	annotated	-	COG0433 Predicted ATPase	S	DUF87
group_725	0.0727969348659004	0.140127388535032	0.0673304536691315	0.0054972513743128	0.00965020952496573	2.0154632571693076	True	False	L8L10_enriched	0.034703196347032	0.138812785388128	False		L8L10_enriched	1433.0	annotated	-	PRTRC system protein D	O	-
group_624	0.0727969348659004	0.140127388535032	0.0673304536691315	0.0034982508745627	0.006396635200712595	2.1940484163349723	True	False	L8L10_enriched	0.034703196347032	0.138812785388128	False		L8L10_enriched	1434.0	annotated	-	-	-	-
group_475	0.0	0.159235668789809	0.159235668789809	0.0004997501249375	0.001059637491421533	2.9748426841711053	True	False	L8L10_enriched	0.0	0.329156223893066	False		L8L10_enriched	579.0	annotated	-	An automated process has identified a potential problem with this gene model	L	DDE_Tnp_1,DDE_Tnp_1_3
group_317	0.111111111111111	0.089171974522293	-0.0219391365888181	0.644677661169415	0.7008290641878003	0.15438789577455617	False	False	Other_lineages_enriched	0.0851449275362319	0.103260869565217	False		direction_ambiguous		annotated	-	-	-	-
group_292	0.0727969348659004	0.140127388535032	0.0673304536691315	0.0099950024987506	0.01672601992553744	1.776607390180321	True	False	L8L10_enriched	0.034703196347032	0.138812785388128	False		L8L10_enriched	1435.0	annotated	-	Uncharacterized protein pXO2-11	S	pXO2-11
group_110	0.0	0.133757961783439	0.133757961783439	0.0004997501249375	0.001059637491421533	2.9748426841711053	True	False	L8L10_enriched	0.0	0.390989541432019	False		L8L10_enriched	484.0	annotated	-	ParE toxin of type II toxin-antitoxin system, parDE	S	ParE_toxin
group_14440	0.0191570881226054	0.165605095541401	0.146448007418796	0.0004997501249375	0.001059637491421533	2.9748426841711053	True	False	L8L10_enriched	0.0423728813559322	0.26271186440678	False		L8L10_enriched	723.0	valid_protein_no_eggnog_annotation				
group_9344	0.176245210727969	0.0127388535031847	-0.163506357224785	0.0014992503748125	0.002921366046722169	2.534414022584289	True	False	Other_lineages_enriched	0.195903829029386	0.0231522707034728	False		Other_lineages_enriched	811.0	annotated	-	Transporter, major facilitator family protein	G	MFS_1
group_3719	0.0727969348659004	0.152866242038217	0.0800693071723162	0.0029985007496251	0.005538150207407345	2.256635269362656	True	False	L8L10_enriched	0.0345140781108084	0.148955495004541	False		L8L10_enriched	1357.0	annotated	-	PD-(D/E)XK nuclease family transposase	S	PDDEXK_2
group_3663	0.111111111111111	0.0700636942675159	-0.0410474168435952	0.0954522738630685	0.12712823054923633	0.895757997751557	False	False	Other_lineages_enriched	0.173310225303293	0.0935875216637782	False		Other_lineages_enriched	848.0	annotated	-	Transcriptional regulator	K	HTH_26,HTH_3
group_3662	0.003831417624521	0.197452229299363	0.193620811674842	0.0004997501249375	0.001059637491421533	2.9748426841711053	True	False	L8L10_enriched	0.0256629597946963	0.263473053892216	False		L8L10_enriched	722.0	valid_protein_no_eggnog_annotation				
group_3651	0.003831417624521	0.184713375796178	0.180881958171657	0.0004997501249375	0.001059637491421533	2.9748426841711053	True	False	L8L10_enriched	0.0261324041811847	0.231707317073171	False		L8L10_enriched	824.0	annotated	-	-	-	-
group_3614	0.0229885057471264	0.127388535031847	0.104400029284721	0.0329835082458771	0.04804626864286695	1.3183403347537501	True	False	L8L10_enriched	0.0892703862660944	0.193991416309013	False		L8L10_enriched	980.0	annotated	-	Domain of unknown function (DUF4357)	L	DUF4357
group_3579	0.0191570881226054	0.121019108280255	0.101862020157649	0.000999500249875	0.0019983940068799303	2.6993188814033258	True	False	L8L10_enriched	0.068259385665529	0.225255972696246	False		L8L10_enriched	846.0	valid_protein_no_eggnog_annotation				
group_3389	0.0766283524904215	0.152866242038217	0.0762378895477951	0.0019990004997501	0.0038205955027126337	2.4178689398669198	True	False	L8L10_enriched	0.0442477876106195	0.185840707964602	False		L8L10_enriched	1131.0	valid_protein_no_eggnog_annotation				
group_3377	0.0651340996168582	0.165605095541401	0.100470995924543	0.0079960019990005	0.01359485375991055	1.8666254597650045	True	False	L8L10_enriched	0.259529602595296	0.118410381184104	False		direction_ambiguous		annotated	-	-	-	-
group_3297	0.0727969348659004	0.159235668789809	0.0864387339239085	0.0004997501249375	0.001059637491421533	2.9748426841711053	True	False	L8L10_enriched	0.0769230769230769	0.250836120401338	False		L8L10_enriched	759.0	annotated	tnp2	Transposase	L	DDE_Tnp_ISL3,HTH_Tnp_ISL3,zf-ISL3
group_3164	0.0613026819923372	0.159235668789809	0.0979329867974718	0.170414792603698	0.21456505220832434	0.6684410133535664	False	False	L8L10_enriched	0.1004329004329	0.167965367965368	False		L8L10_enriched	1244.0	valid_protein_no_eggnog_annotation				
group_3144	0.0	0.191082802547771	0.191082802547771	0.0004997501249375	0.001059637491421533	2.9748426841711053	True	False	L8L10_enriched	0.0	0.1998199819982	False		L8L10_enriched	955.0	valid_protein_no_eggnog_annotation				
group_3129	0.0114942528735632	0.21656050955414	0.205066256680577	0.0029985007496251	0.005538150207407345	2.256635269362656	True	True	L8L10_enriched	0.0654608096468562	0.211886304909561	False		L8L10_enriched	900.0	annotated	-	Stealth protein CR3, conserved region 3	M	Stealth_CR1,Stealth_CR2,Stealth_CR3,Stealth_CR4
group_2907	0.0	0.184713375796178	0.184713375796178	0.0004997501249375	0.001059637491421533	2.9748426841711053	True	False	L8L10_enriched	0.0	0.196573489630298	False		L8L10_enriched	969.0	valid_protein_no_eggnog_annotation				
group_2791	0.134099616858238	0.0318471337579618	-0.102252483100276	0.0039980009995002	0.007214355582340176	2.141802455912525	True	False	Other_lineages_enriched	0.194736842105263	0.0508771929824561	False		Other_lineages_enriched	815.0	annotated	-	head morphogenesis protein, SPP1 gp7 family	S	Phage_Mu_F
group_2765	0.0459770114942529	0.146496815286624	0.100519803792371	0.19640179910045	0.2440210890030101	0.612572639063491	False	False	L8L10_enriched	0.111396743787489	0.174807197943445	False		L8L10_enriched	1193.0	annotated	-	type I restriction modification DNA specificity domain protein	V	Methylase_S
group_2241	0.0	0.203821656050955	0.203821656050955	0.0004997501249375	0.001059637491421533	2.9748426841711053	True	True	L8L10_enriched	0.0	0.371335504885993	False		L8L10_enriched	517.0	valid_protein_no_eggnog_annotation				
group_1561	0.003831417624521	0.184713375796178	0.180881958171657	0.0004997501249375	0.001059637491421533	2.9748426841711053	True	False	L8L10_enriched	0.010443864229765	0.248912097476066	False		L8L10_enriched	765.0	valid_protein_no_eggnog_annotation				
group_1468	0.111111111111111	0.089171974522293	-0.0219391365888181	0.64167916041979	0.6980299879772889	0.1561259193062041	False	False	Other_lineages_enriched	0.0851449275362319	0.103260869565217	False		direction_ambiguous		valid_protein_no_eggnog_annotation				
tag_2~~~tag	0.183908045977011	0.0	-0.183908045977011	0.0004997501249375	0.001059637491421533	2.9748426841711053	True	False	Other_lineages_enriched	0.372660699755899	0.0	False		Other_lineages_enriched	586.0	annotated	tag	glycosylase	L	Adenine_glyco
group_1307	0.0727969348659004	0.140127388535032	0.0673304536691315	0.0069965017491254	0.01204465687741285	1.9192055674687718	True	False	L8L10_enriched	0.034703196347032	0.138812785388128	False		L8L10_enriched	1436.0	valid_protein_no_eggnog_annotation				
gtfA~~~gtfA_2~~~gtfA_1	0.0	0.127388535031847	0.127388535031847	0.0004997501249375	0.001059637491421533	2.9748426841711053	True	False	L8L10_enriched	0.0	0.329156223893066	False		L8L10_enriched	580.0	annotated	gtf1	An N-acetylglucosaminyl transferase that is part of the accessory SecA2 SecY2 system specifically required to export serine-rich repeat cell wall proteins usually encoded upstream in the same operon	M	Glycos_transf_1
group_1228	0.0727969348659004	0.159235668789809	0.0864387339239085	0.0004997501249375	0.001059637491421533	2.9748426841711053	True	False	L8L10_enriched	0.0338078291814947	0.186832740213523	False		L8L10_enriched	1125.0	valid_protein_no_eggnog_annotation				
group_996	0.003831417624521	0.089171974522293	0.0853405568977719	0.0004997501249375	0.001059637491421533	2.9748426841711053	True	False	L8L10_enriched	0.0	0.262380538662033	False		L8L10_enriched	725.0	annotated	-	Phage minor capsid protein 2	S	Ntox50,Phage_min_cap2
group_939	0.18007662835249	0.0063694267515923	-0.173707201600898	0.0004997501249375	0.001059637491421533	2.9748426841711053	True	False	Other_lineages_enriched	0.3888	0.0112	False		Other_lineages_enriched	562.0	valid_protein_no_eggnog_annotation				
group_740	0.0268199233716475	0.146496815286624	0.119676891914977	0.0089955022488755	0.01516897641251012	1.8190437239856339	True	False	L8L10_enriched	0.0664335664335664	0.185314685314685	False		L8L10_enriched	1132.0	annotated	-	-	-	-
group_675	0.0727969348659004	0.140127388535032	0.0673304536691315	0.0054972513743128	0.00965020952496573	2.0154632571693076	True	False	L8L10_enriched	0.034703196347032	0.138812785388128	False		L8L10_enriched	1437.0	valid_protein_no_eggnog_annotation				
group_627	0.0727969348659004	0.140127388535032	0.0673304536691315	0.0019990004997501	0.0038205955027126337	2.4178689398669198	True	False	L8L10_enriched	0.034703196347032	0.138812785388128	False		L8L10_enriched	1438.0	annotated	spoIIQ	Peptidase family M23	M	Peptidase_M23
group_564	0.0727969348659004	0.140127388535032	0.0673304536691315	0.0069965017491254	0.01204465687741285	1.9192055674687718	True	False	L8L10_enriched	0.034703196347032	0.138812785388128	False		L8L10_enriched	1439.0	valid_protein_no_eggnog_annotation				
group_415	0.157088122605364	0.0127388535031847	-0.144349269102179	0.0004997501249375	0.001059637491421533	2.9748426841711053	True	False	Other_lineages_enriched	0.33442088091354	0.034257748776509	False		Other_lineages_enriched	627.0	annotated	-	Fic/DOC family	S	Fic
group_295	0.0	0.133757961783439	0.133757961783439	0.0004997501249375	0.001059637491421533	2.9748426841711053	True	False	L8L10_enriched	0.0	0.390989541432019	False		L8L10_enriched	485.0	annotated	-	Addiction module antitoxin, RelB DinJ family	L	RelB
group_156	0.0996168582375479	0.0191082802547771	-0.0805085779827708	0.015992003998001	0.02508027280981118	1.6006677437922294	True	False	Other_lineages_enriched	0.159928122192273	0.0431266846361186	False		Other_lineages_enriched	882.0	annotated	-	(CBS) domain	S	CBS
group_13400	0.18007662835249	0.0	-0.18007662835249	0.0004997501249375	0.001059637491421533	2.9748426841711053	True	False	Other_lineages_enriched	0.390989541432019	0.0	False		Other_lineages_enriched	554.0	valid_protein_no_eggnog_annotation				
group_13136	0.0651340996168582	0.133757961783439	0.0686238621665813	0.0364817591204398	0.05286165184777887	1.2768592699374426	False	False	L8L10_enriched	0.250809061488673	0.131067961165049	False		direction_ambiguous		annotated	-	Helix-turn-helix domain	L	HTH_28,HTH_Tnp_1
group_6600	0.003831417624521	0.21656050955414	0.212729091929619	0.0004997501249375	0.001059637491421533	2.9748426841711053	True	True	L8L10_enriched	0.0169779286926995	0.285229202037351	False		L8L10_enriched	658.0	annotated	-	Aminoglycoside-2''-adenylyltransferase	J	Aminoglyc_resit
group_3732	0.114942528735632	0.0700636942675159	-0.0448788344681163	0.0004997501249375	0.001059637491421533	2.9748426841711053	True	False	Other_lineages_enriched	0.202690582959641	0.0035874439461883	False		Other_lineages_enriched	805.0	annotated	-	-	-	-
group_3694	0.003831417624521	0.146496815286624	0.142665397662103	0.0004997501249375	0.001059637491421533	2.9748426841711053	True	False	L8L10_enriched	0.0108108108108108	0.187387387387387	False		L8L10_enriched	1114.0	valid_protein_no_eggnog_annotation				
group_3466	0.003831417624521	0.210191082802548	0.206359665178027	0.0004997501249375	0.001059637491421533	2.9748426841711053	True	True	L8L10_enriched	0.0	0.303647158608991	False		L8L10_enriched	626.0	annotated	-	transposase, IS605 OrfB family	L	HTH_OrfB_IS605,OrfB_IS605,OrfB_Zn_ribbon
group_3447	0.0727969348659004	0.089171974522293	0.0163750396563926	0.0014992503748125	0.002921366046722169	2.534414022584289	True	False	L8L10_enriched	0.0338983050847458	0.181980374665477	False		L8L10_enriched	1154.0	valid_protein_no_eggnog_annotation				
group_3410	0.003831417624521	0.146496815286624	0.142665397662103	0.0004997501249375	0.001059637491421533	2.9748426841711053	True	False	L8L10_enriched	0.0108108108108108	0.187387387387387	False		L8L10_enriched	1115.0	valid_protein_no_eggnog_annotation				
group_3307	0.0114942528735632	0.203821656050955	0.192327403177392	0.16791604197901	0.21174257876802063	0.6741918020436657	False	False	L8L10_enriched	0.0666666666666667	0.131531531531532	False		L8L10_enriched	1470.0	valid_protein_no_eggnog_annotation				
hup_1~~~hup_4	0.0727969348659004	0.146496815286624	0.0736998804207238	0.000999500249875	0.0019983940068799303	2.6993188814033258	True	False	L8L10_enriched	0.0341726618705036	0.16726618705036	False		L8L10_enriched	1249.0	annotated	hup	Histone-like DNA-binding protein which is capable of wrapping DNA to stabilize it, and thus to prevent its denaturation under extreme environmental conditions	L	Bac_DNA_binding
group_2656	0.003831417624521	0.146496815286624	0.142665397662103	0.0004997501249375	0.001059637491421533	2.9748426841711053	True	False	L8L10_enriched	0.0108108108108108	0.187387387387387	False		L8L10_enriched	1116.0	valid_protein_no_eggnog_annotation				
arsC_2~~~arsC_1	0.0	0.127388535031847	0.127388535031847	0.0004997501249375	0.001059637491421533	2.9748426841711053	True	False	L8L10_enriched	0.0	0.260869565217391	False		L8L10_enriched	728.0	annotated	arsC	Belongs to the low molecular weight phosphotyrosine protein phosphatase family	T	LMWPc
group_2442	0.111111111111111	0.0828025477707006	-0.0283085633404105	1.0	1.0	-0.0	False	False	Other_lineages_enriched	0.0854545454545454	0.0963636363636364	False		direction_ambiguous		annotated	-	DnaD domain protein	L	DnaB_2
group_2365	0.003831417624521	0.140127388535032	0.136295970910511	0.0004997501249375	0.001059637491421533	2.9748426841711053	True	False	L8L10_enriched	0.0108892921960073	0.174228675136116	False		L8L10_enriched	1197.0	annotated	-	mechanosensitive ion channel activity	I	-
group_2362	0.168582375478927	0.0	-0.168582375478927	0.0004997501249375	0.001059637491421533	2.9748426841711053	True	False	Other_lineages_enriched	0.240985048372911	0.0	False		Other_lineages_enriched	750.0	annotated	-	-	-	-
group_2344	0.183908045977011	0.0	-0.183908045977011	0.0004997501249375	0.001059637491421533	2.9748426841711053	True	False	Other_lineages_enriched	0.319327731092437	0.0	False		Other_lineages_enriched	646.0	annotated	-	hydrolase, family 25	M	GA
ebh~~~ebhA	0.0076628352490421	0.210191082802548	0.202528247553506	0.0004997501249375	0.001059637491421533	2.9748426841711053	True	True	L8L10_enriched	0.028594122319301	0.382843526608419	False		L8L10_enriched	500.0	annotated	ebh	interspecies interaction between organisms	D	DUF1542,FIVAR,GA,Rib,YSIRK_signal
group_1752	0.0766283524904215	0.0828025477707006	0.0061741952802791	0.15192403798101	0.19380166672374294	0.7126424922707447	False	False	L8L10_enriched	0.109401709401709	0.181196581196581	False		L8L10_enriched	1157.0	valid_protein_no_eggnog_annotation				
group_1491	0.0498084291187739	0.133757961783439	0.0839495326646655	0.0209895052473763	0.03198909333492364	1.494998068925574	True	False	L8L10_enriched	0.0669014084507042	0.172535211267606	False		L8L10_enriched	1217.0	annotated	-	type I restriction modification DNA specificity domain	V	-
group_1461	0.0	0.165605095541401	0.165605095541401	0.0004997501249375	0.001059637491421533	2.9748426841711053	True	False	L8L10_enriched	0.0	0.300764655904843	False		L8L10_enriched	638.0	annotated	repB	Initiator Replication protein	L	Rep_3
group_1359	0.0727969348659004	0.146496815286624	0.0736998804207238	0.0004997501249375	0.001059637491421533	2.9748426841711053	True	False	L8L10_enriched	0.0341726618705036	0.16726618705036	False		L8L10_enriched	1250.0	valid_protein_no_eggnog_annotation				
group_1222	0.003831417624521	0.146496815286624	0.142665397662103	0.0004997501249375	0.001059637491421533	2.9748426841711053	True	False	L8L10_enriched	0.0108108108108108	0.187387387387387	False		L8L10_enriched	1117.0	annotated	-	-	-	-
msrA_2~~~msrA	0.183908045977011	0.0	-0.183908045977011	0.0004997501249375	0.001059637491421533	2.9748426841711053	True	False	Other_lineages_enriched	0.319327731092437	0.0	False		Other_lineages_enriched	647.0	annotated	msrA	Has an important function as a repair enzyme for proteins that have been inactivated by oxidation. Catalyzes the reversible oxidation-reduction of methionine sulfoxide in proteins to methionine	O	PMSR,SelR
group_1048	0.003831417624521	0.146496815286624	0.142665397662103	0.0004997501249375	0.001059637491421533	2.9748426841711053	True	False	L8L10_enriched	0.0108108108108108	0.187387387387387	False		L8L10_enriched	1118.0	annotated	-	Toprim-like	EL	DUF3991,Toprim_2
group_1007	0.0	0.178343949044586	0.178343949044586	0.0004997501249375	0.001059637491421533	2.9748426841711053	True	False	L8L10_enriched	0.0	0.190045248868778	False		L8L10_enriched	1072.0	valid_protein_no_eggnog_annotation				
group_963	0.0804597701149425	0.178343949044586	0.0978841789296434	0.279860069965017	0.33459322588342927	0.47548285593557127	False	False	L8L10_enriched	0.0502325581395349	0.0893023255813954	False		L8L10_enriched	1646.0	annotated	-	DNA restriction-modification system	L	-
group_870	0.111111111111111	0.0318471337579618	-0.0792639773531493	0.0189905047476262	0.02919911952563151	1.534630244131201	True	False	Other_lineages_enriched	0.183727034120735	0.0664916885389326	False		Other_lineages_enriched	828.0	annotated	-	site-specific DNA-methyltransferase (adenine-specific) activity	V	N6_Mtase
group_796	0.0727969348659004	0.146496815286624	0.0736998804207238	0.000999500249875	0.0019983940068799303	2.6993188814033258	True	False	L8L10_enriched	0.0341726618705036	0.16726618705036	False		L8L10_enriched	1251.0	valid_protein_no_eggnog_annotation				
saeS	0.183908045977011	0.0	-0.183908045977011	0.0004997501249375	0.001059637491421533	2.9748426841711053	True	False	Other_lineages_enriched	0.319327731092437	0.0	False		Other_lineages_enriched	648.0	annotated	-	Histidine kinase	T	HAMP,HATPase_c,HisKA
group_659	0.003831417624521	0.146496815286624	0.142665397662103	0.0004997501249375	0.001059637491421533	2.9748426841711053	True	False	L8L10_enriched	0.0108108108108108	0.187387387387387	False		L8L10_enriched	1119.0	annotated	-	-	-	-
group_655	0.003831417624521	0.146496815286624	0.142665397662103	0.0004997501249375	0.001059637491421533	2.9748426841711053	True	False	L8L10_enriched	0.0108108108108108	0.187387387387387	False		L8L10_enriched	1120.0	annotated	-	DNA/RNA non-specific endonuclease	F	Endonuclea_NS_2
group_626	0.003831417624521	0.146496815286624	0.142665397662103	0.0004997501249375	0.001059637491421533	2.9748426841711053	True	False	L8L10_enriched	0.0108108108108108	0.187387387387387	False		L8L10_enriched	1121.0	annotated	-	four-way junction helicase activity	L	-
group_608	0.003831417624521	0.235668789808917	0.231837372184396	0.0004997501249375	0.001059637491421533	2.9748426841711053	True	True	L8L10_enriched	0.0072661217075386	0.176203451407811	False		L8L10_enriched	1187.0	annotated	-	NADPH-dependent FMN reductase	S	FMN_red
ligA_3~~~ligA_2	0.003831417624521	0.140127388535032	0.136295970910511	0.0004997501249375	0.001059637491421533	2.9748426841711053	True	False	L8L10_enriched	0.0108892921960073	0.174228675136116	False		L8L10_enriched	1198.0	annotated	-	BRCA1 C Terminus (BRCT) domain	S	BRCT
group_539	0.14176245210728	0.0191082802547771	-0.122654171852503	0.0004997501249375	0.001059637491421533	2.9748426841711053	True	False	Other_lineages_enriched	0.27661357921207	0.046940486169321	False		Other_lineages_enriched	715.0	annotated	asp2	Accessory Sec system protein Asp2	S	Asp2
group_499	0.126436781609195	0.0636942675159236	-0.0627425140932718	0.0004997501249375	0.001059637491421533	2.9748426841711053	True	False	Other_lineages_enriched	0.260797342192691	0.0780730897009967	False		Other_lineages_enriched	730.0	annotated	-	IrrE N-terminal-like domain	E	Peptidase_M78
saeR	0.183908045977011	0.0	-0.183908045977011	0.0004997501249375	0.001059637491421533	2.9748426841711053	True	False	Other_lineages_enriched	0.319327731092437	0.0	False		Other_lineages_enriched	649.0	annotated	saeR	Transcriptional regulatory protein, C terminal	K	Response_reg,Trans_reg_C
group_352	0.0727969348659004	0.140127388535032	0.0673304536691315	0.0044977511244377	0.008036925138298385	2.094910076984476	True	False	L8L10_enriched	0.034703196347032	0.138812785388128	False		L8L10_enriched	1440.0	valid_protein_no_eggnog_annotation				
group_200	0.114942528735632	0.0509554140127389	-0.0639871147228933	0.483258370814593	0.5456944248917354	0.26305048318061364	False	False	Other_lineages_enriched	0.168367346938776	0.130952380952381	False		Other_lineages_enriched	852.0	annotated	-	Protein of unknown function (DUF669)	S	DUF669
group_12342	0.0229885057471264	0.229299363057325	0.206310857310198	0.15792103948026	0.20044292183646256	0.6980092752161101	False	False	L8L10_enriched	0.125104253544621	0.206839032527106	False		L8L10_enriched	922.0	annotated	-	Acetyltransferase (GNAT) family	K	Acetyltransf_1,Acetyltransf_7
group_8928	0.0	0.152866242038217	0.152866242038217	0.0004997501249375	0.001059637491421533	2.9748426841711053	True	False	L8L10_enriched	0.0	0.149861239592969	False		L8L10_enriched	1349.0	valid_protein_no_eggnog_annotation				
group_8793	0.003831417624521	0.133757961783439	0.129926544158918	0.0004997501249375	0.001059637491421533	2.9748426841711053	True	False	L8L10_enriched	0.0099585062240663	0.330290456431535	False		L8L10_enriched	577.0	annotated	-	Rib/alpha-like repeat	M	Gram_pos_anchor,Rib,YSIRK_signal
group_3876	0.0881226053639847	0.127388535031847	0.0392659296678625	0.338330834582709	0.3957401845757991	0.40258984800681136	False	False	L8L10_enriched	0.0672727272727273	0.114545454545455	False		L8L10_enriched	1550.0	annotated	-	RloB-like protein	S	RloB
group_3874	0.0881226053639847	0.127388535031847	0.0392659296678625	0.335832083958021	0.39337601018189805	0.4051921288175584	False	False	L8L10_enriched	0.0672727272727273	0.114545454545455	False		L8L10_enriched	1551.0	annotated	-	AAA domain, putative AbiEii toxin, Type IV TA system	S	AAA_21
group_3826	0.0	0.165605095541401	0.165605095541401	0.0004997501249375	0.001059637491421533	2.9748426841711053	True	False	L8L10_enriched	0.0	0.263888888888889	False		L8L10_enriched	720.0	valid_protein_no_eggnog_annotation				
group_3775	0.0	0.24203821656051	0.24203821656051	0.0004997501249375	0.001059637491421533	2.9748426841711053	True	True	L8L10_enriched	0.0	0.223801065719361	False		L8L10_enriched	849.0	annotated	tnpR1	Resolvase, N terminal domain	L	Resolvase
group_3720	0.0	0.146496815286624	0.146496815286624	0.0004997501249375	0.001059637491421533	2.9748426841711053	True	False	L8L10_enriched	0.0	0.254799301919721	False		L8L10_enriched	747.0	valid_protein_no_eggnog_annotation				
tarI2~~~tarI	0.0689655172413793	0.127388535031847	0.0584230177904678	0.397301349325337	0.45613517283170224	0.3409064377837051	False	False	L8L10_enriched	0.212051868802441	0.262395118230358	False		L8L10_enriched	724.0	annotated	tarI	Catalyzes the transfer of the cytidylyl group of CTP to D-ribitol 5-phosphate	I	IspD
group_3703	0.0804597701149425	0.146496815286624	0.0660370451716817	0.228385807096452	0.27943974540765293	0.5537118230478425	False	False	L8L10_enriched	0.115384615384615	0.0531135531135531	False		direction_ambiguous		valid_protein_no_eggnog_annotation				
group_3660	0.0	0.152866242038217	0.152866242038217	0.0004997501249375	0.001059637491421533	2.9748426841711053	True	False	L8L10_enriched	0.0	0.271391529818496	False		L8L10_enriched	680.0	annotated	-	MobA MobL family protein	D	MobA_MobL
group_3629	0.0	0.235668789808917	0.235668789808917	0.0004997501249375	0.001059637491421533	2.9748426841711053	True	True	L8L10_enriched	0.0	0.171846435100548	False		L8L10_enriched	1226.0	valid_protein_no_eggnog_annotation				
group_3522	0.176245210727969	0.0	-0.176245210727969	0.0004997501249375	0.001059637491421533	2.9748426841711053	True	False	Other_lineages_enriched	0.323554065381391	0.0	False		Other_lineages_enriched	640.0	annotated	-	Transposase	L	HTH_Tnp_1
group_3509	0.0881226053639847	0.0828025477707006	-0.005320057593284	0.691154422788606	0.7447200206306267	0.12800697067317335	False	False	Other_lineages_enriched	0.133333333333333	0.112280701754386	False		Other_lineages_enriched	929.0	annotated	-	-	-	-
group_3493	0.003831417624521	0.165605095541401	0.16177367791688	0.0004997501249375	0.001059637491421533	2.9748426841711053	True	False	L8L10_enriched	0.010498687664042	0.239720034995626	False		L8L10_enriched	794.0	valid_protein_no_eggnog_annotation				
group_3474	0.122605363984674	0.0573248407643312	-0.0652805232203431	0.707646176911544	0.7602524137344432	0.1190421923349182	False	False	Other_lineages_enriched	0.138768430182134	0.126626192541197	False		Other_lineages_enriched	918.0	annotated	-	Type I restriction modification DNA specificity domain	V	Methylase_S
group_3455	0.003831417624521	0.203821656050955	0.199990238426434	0.0004997501249375	0.001059637491421533	2.9748426841711053	True	False	L8L10_enriched	0.0033003300330033	0.346534653465346	False		L8L10_enriched	557.0	annotated	-	RRXRR protein	V	HNH,HNH_5,RRXRR
dpnM	0.003831417624521	0.191082802547771	0.18725138492325	0.0004997501249375	0.001059637491421533	2.9748426841711053	True	False	L8L10_enriched	0.010958904109589	0.162557077625571	False		L8L10_enriched	1291.0	annotated	dpnM	Site-specific DNA-methyltransferase (adenine-specific)	H	MethyltransfD12
group_3154	0.0689655172413793	0.089171974522293	0.0202064572809137	0.186906546726637	0.23310260085702839	0.6324528807842101	False	False	L8L10_enriched	0.145543744889616	0.219133278822567	False		L8L10_enriched	874.0	valid_protein_no_eggnog_annotation				
group_3146	0.003831417624521	0.140127388535032	0.136295970910511	0.0004997501249375	0.001059637491421533	2.9748426841711053	True	False	L8L10_enriched	0.0108892921960073	0.174228675136116	False		L8L10_enriched	1199.0	valid_protein_no_eggnog_annotation				
group_2844	0.0727969348659004	0.159235668789809	0.0864387339239085	0.0594702648675662	0.08296127126953033	1.081124601591148	False	False	L8L10_enriched	0.0646319569120287	0.140035906642729	False		L8L10_enriched	1416.0	annotated	-	endonuclease activity	S	-
group_2647	0.003831417624521	0.140127388535032	0.136295970910511	0.0004997501249375	0.001059637491421533	2.9748426841711053	True	False	L8L10_enriched	0.0108892921960073	0.174228675136116	False		L8L10_enriched	1200.0	annotated	-	COG3505 Type IV secretory pathway, VirD4 components	U	T4SS-DNA_transf
group_2491	0.0	0.171974522292994	0.171974522292994	0.0004997501249375	0.001059637491421533	2.9748426841711053	True	False	L8L10_enriched	0.0	0.166819431714024	False		L8L10_enriched	1258.0	valid_protein_no_eggnog_annotation				
group_2490	0.0	0.178343949044586	0.178343949044586	0.0004997501249375	0.001059637491421533	2.9748426841711053	True	False	L8L10_enriched	0.0	0.190045248868778	False		L8L10_enriched	1073.0	annotated	-	-	-	-
group_1927	0.118773946360153	0.0573248407643312	-0.061449105595822	0.269365317341329	0.3239265403794449	0.48955346733983257	False	False	Other_lineages_enriched	0.165374677002584	0.111972437553833	False		Other_lineages_enriched	864.0	valid_protein_no_eggnog_annotation				
group_1746	0.0	0.178343949044586	0.178343949044586	0.0004997501249375	0.001059637491421533	2.9748426841711053	True	False	L8L10_enriched	0.0	0.190045248868778	False		L8L10_enriched	1074.0	valid_protein_no_eggnog_annotation				
group_1528	0.0727969348659004	0.140127388535032	0.0673304536691315	0.0074962518740629	0.012817929385073822	1.8921821253059585	True	False	L8L10_enriched	0.034703196347032	0.138812785388128	False		L8L10_enriched	1441.0	valid_protein_no_eggnog_annotation				
group_1194	0.0383141762452107	0.0573248407643312	0.0190106645191205	0.272363818090955	0.32681674457745696	0.4856957003302758	False	False	L8L10_enriched	0.0804289544235925	0.132260947274352	False		L8L10_enriched	1468.0	annotated	-	Glycosyl transferase family 2	M	Glycos_transf_2
group_1060	0.0	0.286624203821656	0.286624203821656	0.0004997501249375	0.001059637491421533	2.9748426841711053	True	True	L8L10_enriched	0.0	0.2174688057041	False		L8L10_enriched	885.0	annotated	isp	Transposase	L	DDE_Tnp_ISL3,HTH_Tnp_ISL3,zf-ISL3
group_1058	0.0	0.171974522292994	0.171974522292994	0.0004997501249375	0.001059637491421533	2.9748426841711053	True	False	L8L10_enriched	0.0	0.223801065719361	False		L8L10_enriched	850.0	annotated	-	-	-	-
clpE_1~~~clpB_2~~~clpC_3	0.003831417624521	0.140127388535032	0.136295970910511	0.0004997501249375	0.001059637491421533	2.9748426841711053	True	False	L8L10_enriched	0.0108892921960073	0.174228675136116	False		L8L10_enriched	1201.0	annotated	-	Belongs to the ClpA ClpB family	O	AAA,AAA_2,ClpB_D2-small
group_765	0.0727969348659004	0.140127388535032	0.0673304536691315	0.0049975012493753	0.00884359109381934	2.0533713463515078	True	False	L8L10_enriched	0.034703196347032	0.138812785388128	False		L8L10_enriched	1442.0	valid_protein_no_eggnog_annotation				
group_418	0.0727969348659004	0.146496815286624	0.0736998804207238	0.0014992503748125	0.002921366046722169	2.534414022584289	True	False	L8L10_enriched	0.0341726618705036	0.16726618705036	False		L8L10_enriched	1252.0	annotated	srtA	COG3764 Sortase (surface protein transpeptidase)	M	Sortase
group_403	0.003831417624521	0.140127388535032	0.136295970910511	0.0004997501249375	0.001059637491421533	2.9748426841711053	True	False	L8L10_enriched	0.0108892921960073	0.174228675136116	False		L8L10_enriched	1202.0	annotated	-	-	-	-
group_269	0.0727969348659004	0.127388535031847	0.0545916001659467	0.0004997501249375	0.001059637491421533	2.9748426841711053	True	False	L8L10_enriched	0.0341113105924596	0.170556552962298	False		L8L10_enriched	1234.0	annotated	-	-	-	-
group_90	0.003831417624521	0.140127388535032	0.136295970910511	0.0004997501249375	0.001059637491421533	2.9748426841711053	True	False	L8L10_enriched	0.0108892921960073	0.174228675136116	False		L8L10_enriched	1203.0	valid_protein_no_eggnog_annotation				
group_14741	0.149425287356322	0.0127388535031847	-0.136686433853137	0.0004997501249375	0.001059637491421533	2.9748426841711053	True	False	Other_lineages_enriched	0.195555555555556	0.0266666666666667	False		Other_lineages_enriched	812.0	valid_protein_no_eggnog_annotation				
group_12641	0.153256704980843	0.0318471337579618	-0.121409571222881	0.83408295852074	0.8708185514340425	0.060072327564318545	False	False	Other_lineages_enriched	0.126760563380282	0.112676056338028	False		Other_lineages_enriched	942.0	annotated	-	Transposase IS66 family	L	DDE_Tnp_IS66,DDE_Tnp_IS66_C,LZ_Tnp_IS66,zf-IS66
group_9326	0.0114942528735632	0.146496815286624	0.135002562413061	0.1944027986007	0.24171970618464397	0.6166879423172821	False	False	L8L10_enriched	0.0534069981583794	0.104972375690608	False		L8L10_enriched	1581.0	valid_protein_no_eggnog_annotation				
group_3788	0.0268199233716475	0.171974522292994	0.145154598921346	0.0004997501249375	0.001059637491421533	2.9748426841711053	True	False	L8L10_enriched	0.0213289581624282	0.337981952420016	False		L8L10_enriched	565.0	annotated	-	Transposase IS200 like	L	Y1_Tnp
group_3766	0.0191570881226054	0.0636942675159236	0.0445371793933182	0.0124937531234383	0.02021950714230314	1.6942294346988658	True	False	L8L10_enriched	0.0650263620386643	0.177504393673111	False		L8L10_enriched	1181.0	annotated	-	-	-	-
group_3645	0.0229885057471264	0.203821656050955	0.180833150303829	0.0004997501249375	0.001059637491421533	2.9748426841711053	True	False	L8L10_enriched	0.0421792618629174	0.200351493848858	False		L8L10_enriched	951.0	valid_protein_no_eggnog_annotation				
apaH	0.0	0.184713375796178	0.184713375796178	0.0004997501249375	0.001059637491421533	2.9748426841711053	True	False	L8L10_enriched	0.0	0.193315266485998	False		L8L10_enriched	983.0	annotated	-	phosphatase	T	AAA_33,Metallophos,RNA_lig_T4_1
group_3539	0.0804597701149425	0.0955414012738854	0.0150816311589428	0.0824587706146927	0.111261936599268	0.9536533851011398	False	False	L8L10_enriched	0.157801418439716	0.0691489361702128	False		direction_ambiguous		annotated	-	Type I restriction modification DNA specificity domain	V	Methylase_S
group_3494	0.0229885057471264	0.114649681528662	0.091661175781536	0.0004997501249375	0.001059637491421533	2.9748426841711053	True	False	L8L10_enriched	0.0602510460251046	0.266108786610879	False		L8L10_enriched	712.0	annotated	-	Resolvase, N terminal domain	L	Resolvase
group_3349	0.003831417624521	0.171974522292994	0.168143104668473	0.0024987506246876	0.00467805869792366	2.3299343331843234	True	False	L8L10_enriched	0.0275229357798165	0.137614678899083	False		L8L10_enriched	1451.0	valid_protein_no_eggnog_annotation				
group_3337	0.003831417624521	0.140127388535032	0.136295970910511	0.0004997501249375	0.001059637491421533	2.9748426841711053	True	False	L8L10_enriched	0.0260642919200695	0.236316246741964	False		L8L10_enriched	814.0	valid_protein_no_eggnog_annotation				
group_3336	0.003831417624521	0.21656050955414	0.212729091929619	0.0004997501249375	0.001059637491421533	2.9748426841711053	True	True	L8L10_enriched	0.0260416666666667	0.237847222222222	False		L8L10_enriched	807.0	valid_protein_no_eggnog_annotation				
group_3241	0.0	0.178343949044586	0.178343949044586	0.0004997501249375	0.001059637491421533	2.9748426841711053	True	False	L8L10_enriched	0.0	0.194945848375451	False		L8L10_enriched	975.0	annotated	-	-	-	-
group_2848	0.0	0.146496815286624	0.146496815286624	0.0004997501249375	0.001059637491421533	2.9748426841711053	True	False	L8L10_enriched	0.0	0.260869565217391	False		L8L10_enriched	727.0	valid_protein_no_eggnog_annotation				
group_2570	0.053639846743295	0.171974522292994	0.118334675549699	0.0069965017491254	0.01204465687741285	1.9192055674687718	True	False	L8L10_enriched	0.0532386867790594	0.172138420585626	False		L8L10_enriched	1224.0	valid_protein_no_eggnog_annotation				
ywqC~~~cap8A	0.0114942528735632	0.146496815286624	0.135002562413061	0.0004997501249375	0.001059637491421533	2.9748426841711053	True	False	L8L10_enriched	0.057784911717496	0.337078651685393	False		L8L10_enriched	566.0	annotated	epsB	biosynthesis protein	M	GNVR,Wzz
group_2425	0.122605363984674	0.0573248407643312	-0.0652805232203431	1.0	1.0	-0.0	False	False	Other_lineages_enriched	0.172901080631754	0.164588528678304	False		Other_lineages_enriched	849.0	annotated	-	PFAM HNH endonuclease	L	HNH
group_2060	0.0229885057471264	0.197452229299363	0.174463723552237	0.0004997501249375	0.001059637491421533	2.9748426841711053	True	False	L8L10_enriched	0.009009009009009	0.189189189189189	False		L8L10_enriched	1106.0	valid_protein_no_eggnog_annotation				
group_1768	0.053639846743295	0.0700636942675159	0.0164238475242209	0.157421289355322	0.19996266323276254	0.6990510876646444	False	False	L8L10_enriched	0.0843585237258348	0.15817223198594	False		L8L10_enriched	1316.0	annotated	-	Oligosaccharide biosynthesis protein Alg14 like	M	Alg14
group_1628	0.0	0.197452229299363	0.197452229299363	0.0004997501249375	0.001059637491421533	2.9748426841711053	True	False	L8L10_enriched	0.0	0.204667863554758	False		L8L10_enriched	928.0	valid_protein_no_eggnog_annotation				
topB_2~~~topB_3	0.003831417624521	0.133757961783439	0.129926544158918	0.0004997501249375	0.001059637491421533	2.9748426841711053	True	False	L8L10_enriched	0.010958904109589	0.162557077625571	False		L8L10_enriched	1293.0	annotated	topB	Releases the supercoiling and torsional tension of DNA, which is introduced during the DNA replication and transcription, by transiently cleaving and rejoining one strand of the DNA duplex. Introduces a single-strand break via transesterification at a target site in duplex DNA. The scissile phosphodiester is attacked by the catalytic tyrosine of the enzyme, resulting in the formation of a DNA-(5'-phosphotyrosyl)-enzyme intermediate and the expulsion of a 3'-OH DNA strand. The free DNA strand then undergoes passage around the unbroken strand, thus removing DNA supercoils. Finally, in the religation step, the DNA 3'-OH attacks the covalent intermediate to expel the active-site tyrosine and restore the DNA phosphodiester backbone	L	Topoisom_bac,Toprim
group_915	0.0727969348659004	0.133757961783439	0.0609610269175391	0.0619690154922539	0.08622800086443268	1.0643516825948296	False	False	L8L10_enriched	0.0440366972477064	0.121100917431193	False		L8L10_enriched	1531.0	annotated	-	by MetaGeneAnnotator	S	Antigen_C
group_556	0.0842911877394636	0.0764331210191083	-0.0078580667203553	1.0	1.0	-0.0	False	False	Other_lineages_enriched	0.0741427247451344	0.072289156626506	False		Other_lineages_enriched	1065.0	annotated	-	Protein of unknown function (DUF4065)	S	DUF4065
group_473	0.0	0.089171974522293	0.089171974522293	0.0004997501249375	0.001059637491421533	2.9748426841711053	True	False	L8L10_enriched	0.0	0.263888888888889	False		L8L10_enriched	721.0	annotated	-	Protein of unknown function (DUF454)	S	DUF454
group_397	0.003831417624521	0.133757961783439	0.129926544158918	0.0004997501249375	0.001059637491421533	2.9748426841711053	True	False	L8L10_enriched	0.010958904109589	0.162557077625571	False		L8L10_enriched	1294.0	valid_protein_no_eggnog_annotation				
group_196	0.0957854406130268	0.0955414012738854	-0.0002440393391414	0.28535732133933	0.33993216696062634	0.4686077372336269	False	False	Other_lineages_enriched	0.167241379310345	0.108620689655172	False		Other_lineages_enriched	854.0	annotated	-	Phage gp6-like head-tail connector protein	S	Phage_connect_1
ackA_2	0.0689655172413793	0.0764331210191083	0.0074676037777289	0.0379810094952524	0.054769114348733765	1.26146428183126	False	False	L8L10_enriched	0.258785942492013	0.143769968051118	False		direction_ambiguous		annotated	ackA	Catalyzes the formation of acetyl phosphate from acetate and ATP. Can also catalyze the reverse reaction	F	Acetate_kinase
group_14528	0.0383141762452107	0.152866242038217	0.114552065793006	0.0049975012493753	0.00884359109381934	2.0533713463515078	True	False	L8L10_enriched	0.104575163398693	0.261437908496732	False		L8L10_enriched	726.0	annotated	-	Integrase core domain	L	HTH_21,rve,rve_2
group_3817	0.0	0.140127388535032	0.140127388535032	0.0004997501249375	0.001059637491421533	2.9748426841711053	True	False	L8L10_enriched	0.0	0.266897746967071	False		L8L10_enriched	707.0	annotated	dcm	PFAM C-5 cytosine-specific DNA methylase	H	DNA_methylase
group_3492	0.003831417624521	0.140127388535032	0.136295970910511	0.0004997501249375	0.001059637491421533	2.9748426841711053	True	False	L8L10_enriched	0.0103092783505155	0.271477663230241	False		L8L10_enriched	679.0	valid_protein_no_eggnog_annotation				
group_3184	0.0383141762452107	0.133757961783439	0.0954437855382288	0.193403298350825	0.24074947792443083	0.6184346459886186	False	False	L8L10_enriched	0.073345259391771	0.137745974955277	False		L8L10_enriched	1450.0	annotated	-	Psort location Cytoplasmic, score	L	-
group_3083	0.0574712643678161	0.0955414012738854	0.0380701369060693	0.0059970014992503	0.01045508991535965	1.9806722278318074	True	False	L8L10_enriched	0.0802047781569966	0.213310580204778	False		L8L10_enriched	897.0	valid_protein_no_eggnog_annotation				
group_3080	0.130268199233716	0.0191082802547771	-0.111159918978939	0.0374812593703148	0.054143248410866845	1.2664556915911318	False	False	Other_lineages_enriched	0.125	0.0367647058823529	False		Other_lineages_enriched	950.0	annotated	-	Helix-turn-helix XRE-family like proteins	K	HTH_3
group_3058	0.0383141762452107	0.089171974522293	0.0508577982770823	0.000999500249875	0.0019983940068799303	2.6993188814033258	True	False	L8L10_enriched	0.0736301369863014	0.214041095890411	False		L8L10_enriched	896.0	annotated	-	Protein of unknown function (DUF1064)	S	DUF1064
group_2971	0.122605363984674	0.0318471337579618	-0.0907582302267125	0.12543728135932	0.16343054253814132	0.7866667775695505	False	False	Other_lineages_enriched	0.164192139737991	0.0890829694323144	False		Other_lineages_enriched	867.0	valid_protein_no_eggnog_annotation				
group_2893	0.0957854406130268	0.0955414012738854	-0.0002440393391414	0.276361819090455	0.3311317068738361	0.4799992322317468	False	False	Other_lineages_enriched	0.167241379310345	0.108620689655172	False		Other_lineages_enriched	855.0	annotated	-	domain protein	D	NLPC_P60,SLT
group_2877	0.0153256704980843	0.127388535031847	0.112062864533763	0.0004997501249375	0.001059637491421533	2.9748426841711053	True	False	L8L10_enriched	0.0864691753402722	0.312249799839872	False		L8L10_enriched	604.0	annotated	-	Phage gp6-like head-tail connector protein	S	Phage_connect_1
group_2814	0.122605363984674	0.0318471337579618	-0.0907582302267125	0.144427786106947	0.18509901019929614	0.732595903592494	False	False	Other_lineages_enriched	0.164192139737991	0.0890829694323144	False		Other_lineages_enriched	868.0	annotated	-	Psort location Cytoplasmic, score	S	Arc
group_2783	0.0	0.191082802547771	0.191082802547771	0.0004997501249375	0.001059637491421533	2.9748426841711053	True	False	L8L10_enriched	0.0	0.201438848920863	False		L8L10_enriched	943.0	annotated	pphA	Calcineurin-like phosphoesterase	T	Metallophos
group_2696	0.0804597701149425	0.0955414012738854	0.0150816311589428	0.233883058470765	0.28542395468932247	0.5445095807910453	False	False	L8L10_enriched	0.151142355008787	0.0913884007029877	False		direction_ambiguous		annotated	-	Core-2/I-Branching enzyme	M	Branch
group_2682	0.0	0.133757961783439	0.133757961783439	0.0004997501249375	0.001059637491421533	2.9748426841711053	True	False	L8L10_enriched	0.0	0.163452708907254	False		L8L10_enriched	1285.0	valid_protein_no_eggnog_annotation				
group_2580	0.0459770114942529	0.171974522292994	0.125997510798741	0.160919540229885	0.20401303772892307	0.6903420775113646	False	False	L8L10_enriched	0.121621621621622	0.189189189189189	False		L8L10_enriched	1107.0	valid_protein_no_eggnog_annotation				
group_2507	0.0	0.184713375796178	0.184713375796178	0.0004997501249375	0.001059637491421533	2.9748426841711053	True	False	L8L10_enriched	0.0	0.190045248868778	False		L8L10_enriched	1071.0	valid_protein_no_eggnog_annotation				
group_1990	0.0842911877394636	0.0764331210191083	-0.0078580667203553	1.0	1.0	-0.0	False	False	Other_lineages_enriched	0.0741427247451344	0.072289156626506	False		Other_lineages_enriched	1066.0	annotated	-	-	-	-
group_1842	0.0459770114942529	0.171974522292994	0.125997510798741	0.154422788605697	0.196608612231751	0.7063974622780114	False	False	L8L10_enriched	0.121621621621622	0.189189189189189	False		L8L10_enriched	1108.0	valid_protein_no_eggnog_annotation				
group_1797	0.10727969348659	0.0445859872611465	-0.0626937062254435	0.0139930034982509	0.022360303844198213	1.6505222993114606	True	False	Other_lineages_enriched	0.276849642004773	0.13206046141607	False		Other_lineages_enriched	714.0	annotated	-	Fic/DOC family	S	Fic
group_1731	0.003831417624521	0.140127388535032	0.136295970910511	0.0004997501249375	0.001059637491421533	2.9748426841711053	True	False	L8L10_enriched	0.0108892921960073	0.174228675136116	False		L8L10_enriched	1204.0	annotated	-	-	-	-
group_1722	0.0114942528735632	0.222929936305732	0.211435683432169	0.0004997501249375	0.001059637491421533	2.9748426841711053	True	True	L8L10_enriched	0.0311418685121107	0.238754325259516	False		L8L10_enriched	795.0	annotated	-	Eco57I restriction-modification methylase	LV	N6_Mtase
group_1329	0.0957854406130268	0.0955414012738854	-0.0002440393391414	0.27336331834083	0.32777734131478703	0.48442107176026417	False	False	Other_lineages_enriched	0.167241379310345	0.108620689655172	False		Other_lineages_enriched	856.0	annotated	-	Phage portal protein, SPP1 Gp6-like	S	Phage_prot_Gp6
group_1069	0.0996168582375479	0.0509554140127389	-0.048661444224809	0.0519740129935032	0.07309192181544731	1.1361306190043656	False	False	Other_lineages_enriched	0.251602564102564	0.145833333333333	False		Other_lineages_enriched	737.0	annotated	-	interspecies interaction between organisms	S	Exo_endo_phos
group_745	0.0727969348659004	0.140127388535032	0.0673304536691315	0.0029985007496251	0.005538150207407345	2.256635269362656	True	False	L8L10_enriched	0.0345140781108084	0.148955495004541	False		L8L10_enriched	1358.0	valid_protein_no_eggnog_annotation				
group_711	0.003831417624521	0.197452229299363	0.193620811674842	0.000999500249875	0.0019983940068799303	2.6993188814033258	True	False	L8L10_enriched	0.010840108401084	0.182475158084914	False		L8L10_enriched	1151.0	annotated	-	-	-	-
group_681	0.0727969348659004	0.140127388535032	0.0673304536691315	0.0029985007496251	0.005538150207407345	2.256635269362656	True	False	L8L10_enriched	0.0345140781108084	0.148955495004541	False		L8L10_enriched	1359.0	valid_protein_no_eggnog_annotation				
group_563	0.0	0.10828025477707	0.10828025477707	0.0004997501249375	0.001059637491421533	2.9748426841711053	True	False	L8L10_enriched	0.0	0.271391529818496	False		L8L10_enriched	681.0	annotated	-	Glycosyl transferase family 8	M	Glyco_transf_8
group_517	0.122605363984674	0.0318471337579618	-0.0907582302267125	0.134932533733133	0.17442240041219037	0.7583977410164643	False	False	Other_lineages_enriched	0.164192139737991	0.0890829694323144	False		Other_lineages_enriched	869.0	valid_protein_no_eggnog_annotation				
group_427	0.003831417624521	0.140127388535032	0.136295970910511	0.0004997501249375	0.001059637491421533	2.9748426841711053	True	False	L8L10_enriched	0.0108892921960073	0.174228675136116	False		L8L10_enriched	1205.0	valid_protein_no_eggnog_annotation				
group_286	0.003831417624521	0.140127388535032	0.136295970910511	0.0004997501249375	0.001059637491421533	2.9748426841711053	True	False	L8L10_enriched	0.0108892921960073	0.174228675136116	False		L8L10_enriched	1206.0	annotated	-	Transcriptional regulator	K	DUF739,HTH_26,HTH_3
group_275	0.0	0.0828025477707006	0.0828025477707006	0.0004997501249375	0.001059637491421533	2.9748426841711053	True	False	L8L10_enriched	0.0	0.158379373848987	False		L8L10_enriched	1314.0	annotated	-	-	-	-
group_226	0.10727969348659	0.0764331210191083	-0.0308465724674818	0.141929035482259	0.18218004359721207	0.7394991983305881	False	False	Other_lineages_enriched	0.190963341858483	0.104006820119352	False		Other_lineages_enriched	822.0	annotated	-	Helix-turn-helix XRE-family like proteins	K	HTH_26
group_94	0.0114942528735632	0.229299363057325	0.217805110183762	0.0004997501249375	0.001059637491421533	2.9748426841711053	True	True	L8L10_enriched	0.0070671378091872	0.226148409893993	False		L8L10_enriched	840.0	annotated	-	Belongs to the 'phage' integrase family	L	Phage_int_SAM_5,Phage_integrase
group_20	0.0459770114942529	0.171974522292994	0.125997510798741	0.147926036981509	0.18906760739102876	0.7233828716646291	False	False	L8L10_enriched	0.121621621621622	0.189189189189189	False		L8L10_enriched	1109.0	annotated	-	RelB antitoxin	L	RelB
group_12640	0.157088122605364	0.0254777070063694	-0.131610415598995	0.15792103948026	0.20044292183646256	0.6980092752161101	False	False	Other_lineages_enriched	0.147424511545293	0.0763765541740675	False		Other_lineages_enriched	910.0	annotated	XK27_01125	PFAM IS66 Orf2 family protein	L	TnpB_IS66
yhaP_1~~~yhaP_2	0.0	0.146496815286624	0.146496815286624	0.0004997501249375	0.001059637491421533	2.9748426841711053	True	False	L8L10_enriched	0.0	0.24715162138475	False		L8L10_enriched	771.0	annotated	ysdA	transmembrane transport	CP	ABC2_membrane_3
group_3673	0.0919540229885057	0.0509554140127389	-0.0409986089757669	0.720139930034983	0.7709100290660392	0.1129963043876531	False	False	Other_lineages_enriched	0.140558848433531	0.165961049957663	False		direction_ambiguous		annotated	-	-	-	-
group_3641	0.0	0.235668789808917	0.235668789808917	0.0004997501249375	0.001059637491421533	2.9748426841711053	True	True	L8L10_enriched	0.0	0.215878679750223	False		L8L10_enriched	890.0	annotated	-	EXOIII	L	RNase_T
group_3574	0.0919540229885057	0.0955414012738854	0.0035873782853796	0.0624687656171914	0.08685003489816272	1.0612300027082302	False	False	L8L10_enriched	0.102127659574468	0.195744680851064	False		L8L10_enriched	973.0	annotated	-	Cro/C1-type HTH DNA-binding domain	K	HTH_26
group_3469	0.0766283524904215	0.0828025477707006	0.0061741952802791	0.0059970014992503	0.01045508991535965	1.9806722278318074	True	False	L8L10_enriched	0.0448028673835126	0.163082437275986	False		L8L10_enriched	1290.0	valid_protein_no_eggnog_annotation				
group_3438	0.0	0.178343949044586	0.178343949044586	0.0004997501249375	0.001059637491421533	2.9748426841711053	True	False	L8L10_enriched	0.0	0.190045248868778	False		L8L10_enriched	1075.0	valid_protein_no_eggnog_annotation				
group_3436	0.003831417624521	0.152866242038217	0.149034824413695	0.0004997501249375	0.001059637491421533	2.9748426841711053	True	False	L8L10_enriched	0.0107913669064748	0.190647482014388	False		L8L10_enriched	1056.0	annotated	ssb	Plays an important role in DNA replication, recombination and repair. Binds to ssDNA and to an array of partner proteins to recruit them to their sites of action during DNA metabolism	L	SSB
group_3421	0.0613026819923372	0.140127388535032	0.0788247065426947	0.519740129935032	0.5819040870322564	0.23514859250701373	False	False	L8L10_enriched	0.0875	0.126785714285714	False		L8L10_enriched	1498.0	valid_protein_no_eggnog_annotation				
group_3397	0.0727969348659004	0.101910828025478	0.0291138931595773	0.0054972513743128	0.00965020952496573	2.0154632571693076	True	False	L8L10_enriched	0.2776886035313	0.117174959871589	False		direction_ambiguous		annotated	-	-	-	-
group_3282	0.0153256704980843	0.171974522292994	0.156648851794909	0.0004997501249375	0.001059637491421533	2.9748426841711053	True	False	L8L10_enriched	0.0411522633744856	0.312757201646091	False		L8L10_enriched	603.0	valid_protein_no_eggnog_annotation				
group_3275	0.0459770114942529	0.152866242038217	0.106889230543964	0.670164917541229	0.7251866677498685	0.13955018882347822	False	False	L8L10_enriched	0.0882088208820882	0.111611161116112	False		L8L10_enriched	1555.0	valid_protein_no_eggnog_annotation				
group_3238	0.0689655172413793	0.0700636942675159	0.0010981770261366	0.072463768115942	0.09907390702988751	1.0040407100460764	False	False	L8L10_enriched	0.0695807314897413	0.146297948260482	False		L8L10_enriched	1378.0	valid_protein_no_eggnog_annotation				
group_3075	0.0804597701149425	0.0764331210191083	-0.0040266490958342	0.556221889055472	0.6148108434880175	0.2112584814041054	False	False	Other_lineages_enriched	0.116319444444444	0.147569444444444	False		direction_ambiguous		valid_protein_no_eggnog_annotation				
group_3005	0.103448275862069	0.0509554140127389	-0.0524928618493301	0.024487756121939	0.036675980191722274	1.435618270499876	True	False	Other_lineages_enriched	0.222594142259414	0.103765690376569	False		Other_lineages_enriched	781.0	annotated	-	Bacteriophage holin of superfamily 6 (Holin_LLH)	S	Phage_holin_6_1
group_2968	0.0651340996168582	0.0955414012738854	0.0304073016570271	0.152923538230885	0.19500118361871752	0.709962752547648	False	False	L8L10_enriched	0.117944397641112	0.197135636057287	False		L8L10_enriched	967.0	annotated	-	ORF6N domain	K	ORF6N
group_2934	0.0957854406130268	0.0955414012738854	-0.0002440393391414	0.288355822088956	0.3427606182478752	0.4650090824902197	False	False	Other_lineages_enriched	0.167241379310345	0.108620689655172	False		Other_lineages_enriched	857.0	annotated	-	Phage tail protein	S	Sipho_tail
group_2933	0.0	0.178343949044586	0.178343949044586	0.0004997501249375	0.001059637491421533	2.9748426841711053	True	False	L8L10_enriched	0.0	0.190045248868778	False		L8L10_enriched	1076.0	valid_protein_no_eggnog_annotation				
group_2902	0.10727969348659	0.0509554140127389	-0.0563242794738512	0.0029985007496251	0.005538150207407345	2.256635269362656	True	False	Other_lineages_enriched	0.233502538071066	0.0744500846023689	False		Other_lineages_enriched	763.0	valid_protein_no_eggnog_annotation				
group_2838	0.0727969348659004	0.133757961783439	0.0609610269175391	0.0039980009995002	0.007214355582340176	2.141802455912525	True	False	L8L10_enriched	0.0345454545454545	0.147272727272727	False		L8L10_enriched	1370.0	valid_protein_no_eggnog_annotation				
group_2774	0.0	0.178343949044586	0.178343949044586	0.0004997501249375	0.001059637491421533	2.9748426841711053	True	False	L8L10_enriched	0.0	0.190045248868778	False		L8L10_enriched	1077.0	valid_protein_no_eggnog_annotation				
group_2494	0.003831417624521	0.171974522292994	0.168143104668473	0.0004997501249375	0.001059637491421533	2.9748426841711053	True	False	L8L10_enriched	0.0268817204301075	0.181003584229391	False		L8L10_enriched	1159.0	valid_protein_no_eggnog_annotation				
group_2416	0.0957854406130268	0.0955414012738854	-0.0002440393391414	0.28535732133933	0.33993216696062634	0.4686077372336269	False	False	Other_lineages_enriched	0.167241379310345	0.108620689655172	False		Other_lineages_enriched	858.0	annotated	-	Phage Mu protein F like protein	S	ADPrib_exo_Tox,Phage_Mu_F
group_2399	0.0	0.184713375796178	0.184713375796178	0.0004997501249375	0.001059637491421533	2.9748426841711053	True	False	L8L10_enriched	0.0	0.193315266485998	False		L8L10_enriched	984.0	valid_protein_no_eggnog_annotation				
mboIR	0.003831417624521	0.191082802547771	0.18725138492325	0.0004997501249375	0.001059637491421533	2.9748426841711053	True	False	L8L10_enriched	0.010958904109589	0.162557077625571	False		L8L10_enriched	1292.0	annotated	-	Recognizes the double-stranded unmethylated sequence GATC and cleaves before G-1	L	DpnII
group_2336	0.0344827586206897	0.133757961783439	0.0992752031627498	0.0509745127436282	0.07180890102191317	1.1438217197534182	False	False	L8L10_enriched	0.0802792321116928	0.174520069808028	False		L8L10_enriched	1194.0	annotated	-	Phage portal protein	S	Phage_portal
group_2277	0.172413793103448	0.0	-0.172413793103448	0.0004997501249375	0.001059637491421533	2.9748426841711053	True	False	Other_lineages_enriched	0.294970161977835	0.0	False		Other_lineages_enriched	690.0	annotated	-	-	-	-
group_2153	0.003831417624521	0.159235668789809	0.155404251165288	0.0019990004997501	0.0038205955027126337	2.4178689398669198	True	False	L8L10_enriched	0.0037914691943128	0.100473933649289	False		L8L10_enriched	1613.0	valid_protein_no_eggnog_annotation				
group_2087	0.0919540229885057	0.0509554140127389	-0.0409986089757669	0.246376811594203	0.2997827157322374	0.5231934104420592	False	False	Other_lineages_enriched	0.149647887323944	0.0897887323943662	False		Other_lineages_enriched	906.0	annotated	-	-	-	-
hup_1~~~hup_3	0.003831417624521	0.152866242038217	0.149034824413695	0.0004997501249375	0.001059637491421533	2.9748426841711053	True	False	L8L10_enriched	0.0107913669064748	0.190647482014388	False		L8L10_enriched	1057.0	annotated	hbs	Histone-like DNA-binding protein which is capable of wrapping DNA to stabilize it, and thus to prevent its denaturation under extreme environmental conditions	L	Bac_DNA_binding
group_1821	0.003831417624521	0.152866242038217	0.149034824413695	0.0004997501249375	0.001059637491421533	2.9748426841711053	True	False	L8L10_enriched	0.0107913669064748	0.190647482014388	False		L8L10_enriched	1058.0	annotated	-	-	-	-
group_1760	0.0	0.171974522292994	0.171974522292994	0.0004997501249375	0.001059637491421533	2.9748426841711053	True	False	L8L10_enriched	0.0	0.166819431714024	False		L8L10_enriched	1259.0	valid_protein_no_eggnog_annotation				
group_1711	0.0	0.229299363057325	0.229299363057325	0.0004997501249375	0.001059637491421533	2.9748426841711053	True	True	L8L10_enriched	0.0	0.204667863554758	False		L8L10_enriched	926.0	annotated	tnpR1	Resolvase, N terminal domain	L	Resolvase
group_1488	0.0996168582375479	0.0636942675159236	-0.0359225907216243	1.0	1.0	-0.0	False	False	Other_lineages_enriched	0.10762331838565	0.0986547085201794	False		Other_lineages_enriched	983.0	annotated	-	-	-	-
group_1355	0.0153256704980843	0.127388535031847	0.112062864533763	0.0004997501249375	0.001059637491421533	2.9748426841711053	True	False	L8L10_enriched	0.0864691753402722	0.312249799839872	False		L8L10_enriched	605.0	annotated	-	Phage portal protein, SPP1 Gp6-like	S	Phage_prot_Gp6
group_1325	0.003831417624521	0.121019108280255	0.117187690655734	0.0004997501249375	0.001059637491421533	2.9748426841711053	True	False	L8L10_enriched	0.0259965337954939	0.240901213171577	False		L8L10_enriched	789.0	valid_protein_no_eggnog_annotation				
group_1265	0.0	0.152866242038217	0.152866242038217	0.0004997501249375	0.001059637491421533	2.9748426841711053	True	False	L8L10_enriched	0.0	0.196573489630298	False		L8L10_enriched	970.0	valid_protein_no_eggnog_annotation				
bcrR	0.0	0.235668789808917	0.235668789808917	0.0004997501249375	0.001059637491421533	2.9748426841711053	True	True	L8L10_enriched	0.0	0.436278342455043	False		L8L10_enriched	432.0	annotated	-	Psort location CytoplasmicMembrane, score	K	HTH_3
group_1011	0.003831417624521	0.152866242038217	0.149034824413695	0.0004997501249375	0.001059637491421533	2.9748426841711053	True	False	L8L10_enriched	0.0107913669064748	0.190647482014388	False		L8L10_enriched	1059.0	annotated	-	StbA protein	NU	StbA
bcrA	0.0	0.24203821656051	0.24203821656051	0.0004997501249375	0.001059637491421533	2.9748426841711053	True	True	L8L10_enriched	0.0	0.4399375975039	False		L8L10_enriched	430.0	annotated	-	ABC transporter	V	ABC_tran
group_762	0.0153256704980843	0.127388535031847	0.112062864533763	0.0004997501249375	0.001059637491421533	2.9748426841711053	True	False	L8L10_enriched	0.0864691753402722	0.312249799839872	False		L8L10_enriched	606.0	annotated	yqaT	Phage terminase, large subunit	S	Terminase_3,Terminase_3C
group_637	0.114942528735632	0.0254777070063694	-0.0894648217292628	0.0704647676161919	0.09662147702677999	1.014926327854703	False	False	Other_lineages_enriched	0.208930075821398	0.106149957877001	False		Other_lineages_enriched	792.0	annotated	-	Membrane	J	DUF805,zinc_ribbon_2
group_511	0.003831417624521	0.152866242038217	0.149034824413695	0.0004997501249375	0.001059637491421533	2.9748426841711053	True	False	L8L10_enriched	0.0107913669064748	0.190647482014388	False		L8L10_enriched	1060.0	annotated	-	-	-	-
btuD_6	0.0	0.140127388535032	0.140127388535032	0.0004997501249375	0.001059637491421533	2.9748426841711053	True	False	L8L10_enriched	0.0	0.236331569664903	False		L8L10_enriched	811.0	annotated	ysdB	Domain of unknown function (DUF4162)	S	ABC_tran,DUF4162
group_251	0.003831417624521	0.152866242038217	0.149034824413695	0.0004997501249375	0.001059637491421533	2.9748426841711053	True	False	L8L10_enriched	0.0107913669064748	0.190647482014388	False		L8L10_enriched	1061.0	valid_protein_no_eggnog_annotation				
insK_2~~~insK	0.0574712643678161	0.159235668789809	0.101764404421993	0.0059970014992503	0.01045508991535965	1.9806722278318074	True	False	L8L10_enriched	0.105436573311367	0.247116968698517	False		L8L10_enriched	773.0	annotated	-	Integrase core domain	L	HTH_21,rve,rve_2
group_12642	0.160919540229885	0.0063694267515923	-0.154550113478293	0.000999500249875	0.0019983940068799303	2.6993188814033258	True	False	Other_lineages_enriched	0.176203451407811	0.0072661217075386	False		Other_lineages_enriched	839.0	valid_protein_no_eggnog_annotation				
group_3748	0.0	0.184713375796178	0.184713375796178	0.0004997501249375	0.001059637491421533	2.9748426841711053	True	False	L8L10_enriched	0.0	0.211091234347048	False		L8L10_enriched	902.0	valid_protein_no_eggnog_annotation				
group_3670	0.0842911877394636	0.114649681528662	0.0303584937891988	0.295852073963018	0.3506592027727138	0.45511475890133996	False	False	L8L10_enriched	0.179661016949153	0.125423728813559	False		direction_ambiguous		valid_protein_no_eggnog_annotation				
group_3514	0.0114942528735632	0.165605095541401	0.154110842667838	0.0024987506246876	0.00467805869792366	2.3299343331843234	True	False	L8L10_enriched	0.0256175663311985	0.14455626715462	False		L8L10_enriched	1395.0	annotated	-	PFAM SpoVT AbrB	T	-
group_3341	0.137931034482759	0.0254777070063694	-0.112453327476389	0.0629685157421289	0.08743415902668131	1.058318862805959	False	False	Other_lineages_enriched	0.180398959236774	0.0849956634865568	False		Other_lineages_enriched	836.0	annotated	-	Cro/C1-type HTH DNA-binding domain	K	HTH_26,HTH_3
group_3202	0.0	0.171974522292994	0.171974522292994	0.0004997501249375	0.001059637491421533	2.9748426841711053	True	False	L8L10_enriched	0.0	0.161764705882353	False		L8L10_enriched	1299.0	valid_protein_no_eggnog_annotation				
group_3023	0.0919540229885057	0.0509554140127389	-0.0409986089757669	0.0054972513743128	0.00965020952496573	2.0154632571693076	True	False	Other_lineages_enriched	0.2569558101473	0.106382978723404	False		Other_lineages_enriched	735.0	valid_protein_no_eggnog_annotation				
group_2873	0.0957854406130268	0.101910828025478	0.0061253874124508	0.0514742628685657	0.07245095948394874	1.139955858697635	False	False	L8L10_enriched	0.0776014109347443	0.158730158730159	False		L8L10_enriched	1309.0	valid_protein_no_eggnog_annotation				
group_2830	0.114942528735632	0.0254777070063694	-0.0894648217292628	0.0669665167416292	0.09232413082161851	1.0346847722895127	False	False	Other_lineages_enriched	0.208930075821398	0.106149957877001	False		Other_lineages_enriched	793.0	annotated	-	Protein of unknown function (DUF805)	S	DUF805
group_2707	0.0	0.178343949044586	0.178343949044586	0.0004997501249375	0.001059637491421533	2.9748426841711053	True	False	L8L10_enriched	0.0	0.190045248868778	False		L8L10_enriched	1078.0	annotated	-	StbA protein	NU	StbA
group_2650	0.0	0.184713375796178	0.184713375796178	0.0004997501249375	0.001059637491421533	2.9748426841711053	True	False	L8L10_enriched	0.0	0.193315266485998	False		L8L10_enriched	985.0	valid_protein_no_eggnog_annotation				
group_2556	0.111111111111111	0.0509554140127389	-0.0601556970983722	0.681659170414793	0.7359328199596143	0.1331618286685652	False	False	Other_lineages_enriched	0.136962247585601	0.107111501316945	False		Other_lineages_enriched	920.0	annotated	-	-	-	-
gtf3_4~~~gtf3_3~~~gtf3_6~~~gtf3_5	0.003831417624521	0.127388535031847	0.123557117407326	0.0004997501249375	0.001059637491421533	2.9748426841711053	True	False	L8L10_enriched	0.028936170212766	0.268936170212766	False		L8L10_enriched	688.0	annotated	-	transferase activity, transferring glycosyl groups	M	-
group_2440	0.0	0.152866242038217	0.152866242038217	0.0004997501249375	0.001059637491421533	2.9748426841711053	True	False	L8L10_enriched	0.0	0.274374460742019	False		L8L10_enriched	672.0	valid_protein_no_eggnog_annotation				
group_2404	0.003831417624521	0.140127388535032	0.136295970910511	0.0004997501249375	0.001059637491421533	2.9748426841711053	True	False	L8L10_enriched	0.0108892921960073	0.174228675136116	False		L8L10_enriched	1207.0	valid_protein_no_eggnog_annotation				
group_2370	0.0	0.184713375796178	0.184713375796178	0.0004997501249375	0.001059637491421533	2.9748426841711053	True	False	L8L10_enriched	0.0	0.193315266485998	False		L8L10_enriched	986.0	valid_protein_no_eggnog_annotation				
group_2279	0.153256704980843	0.0063694267515923	-0.146887278229251	0.0004997501249375	0.001059637491421533	2.9748426841711053	True	False	Other_lineages_enriched	0.282793867120954	0.0136286201022147	False		Other_lineages_enriched	704.0	annotated	-	MULE transposase domain	L	Transposase_mut
group_2206	0.0804597701149425	0.0445859872611465	-0.035873782853796	0.832583708145927	0.8698044763287347	0.06057836162829807	False	False	Other_lineages_enriched	0.120734908136483	0.129483814523185	False		direction_ambiguous		annotated	-	Putative HNHc nuclease	S	HNHc_6
group_2135	0.0268199233716475	0.0764331210191083	0.0496131976474608	0.0004997501249375	0.001059637491421533	2.9748426841711053	True	False	L8L10_enriched	0.015693112467306	0.240627724498692	False		L8L10_enriched	791.0	annotated	-	-	-	-
group_1954	0.0651340996168582	0.0828025477707006	0.0176684481538424	0.0279860069965017	0.04133298657708342	1.3837032129838207	True	False	L8L10_enriched	0.0878552971576227	0.189491817398794	False		L8L10_enriched	1105.0	annotated	-	DNA methylase	L	N6_N4_Mtase,TypeIII_RM_meth
group_1730	0.0842911877394636	0.0445859872611465	-0.0397052004783171	0.0099950024987506	0.01672601992553744	1.776607390180321	True	False	Other_lineages_enriched	0.250614250614251	0.111384111384111	False		Other_lineages_enriched	738.0	valid_protein_no_eggnog_annotation				
group_1717	0.0	0.178343949044586	0.178343949044586	0.0004997501249375	0.001059637491421533	2.9748426841711053	True	False	L8L10_enriched	0.0	0.190045248868778	False		L8L10_enriched	1079.0	annotated	-	-	-	-
group_1559	0.0229885057471264	0.184713375796178	0.161724870049052	0.0004997501249375	0.001059637491421533	2.9748426841711053	True	False	L8L10_enriched	0.0307443365695793	0.351132686084142	False		L8L10_enriched	549.0	annotated	-	Transposase IS200 like	L	Y1_Tnp
group_1471	0.003831417624521	0.140127388535032	0.136295970910511	0.0004997501249375	0.001059637491421533	2.9748426841711053	True	False	L8L10_enriched	0.0108892921960073	0.174228675136116	False		L8L10_enriched	1208.0	valid_protein_no_eggnog_annotation				
group_1422	0.0	0.178343949044586	0.178343949044586	0.0004997501249375	0.001059637491421533	2.9748426841711053	True	False	L8L10_enriched	0.0	0.190045248868778	False		L8L10_enriched	1080.0	valid_protein_no_eggnog_annotation				
group_1321	0.0306513409961686	0.133757961783439	0.103106620787271	0.389305347326337	0.4485178739301679	0.3482202451626612	False	False	L8L10_enriched	0.140233722871452	0.190317195325543	False		L8L10_enriched	1066.0	annotated	-	Glycosyl transferase, family 2	V	Glycos_transf_2,Methyltransf_11
group_1284	0.0	0.184713375796178	0.184713375796178	0.0004997501249375	0.001059637491421533	2.9748426841711053	True	False	L8L10_enriched	0.0	0.193315266485998	False		L8L10_enriched	987.0	valid_protein_no_eggnog_annotation				
group_997	0.0	0.191082802547771	0.191082802547771	0.0004997501249375	0.001059637491421533	2.9748426841711053	True	False	L8L10_enriched	0.0	0.201438848920863	False		L8L10_enriched	944.0	annotated	dnaN	Confers DNA tethering and processivity to DNA polymerases and other proteins. Acts as a clamp, forming a ring around DNA (a reaction catalyzed by the clamp-loading complex) which diffuses in an ATP-independent manner freely and bidirectionally along dsDNA. Initially characterized for its ability to contact the catalytic subunit of DNA polymerase III (Pol III), a complex, multichain enzyme responsible for most of the replicative synthesis in bacteria	L	DNA_pol3_beta,DNA_pol3_beta_2,DNA_pol3_beta_3
group_858	0.160919540229885	0.0	-0.160919540229885	0.0004997501249375	0.001059637491421533	2.9748426841711053	True	False	Other_lineages_enriched	0.215878679750223	0.0	False		Other_lineages_enriched	788.0	annotated	-	Transposase	L	DDE_Tnp_1,DDE_Tnp_1_6,DUF772
bcrB	0.0	0.24203821656051	0.24203821656051	0.0004997501249375	0.001059637491421533	2.9748426841711053	True	True	L8L10_enriched	0.0	0.4399375975039	False		L8L10_enriched	431.0	annotated	-	ABC-2 family transporter protein	S	ABC2_membrane_4
group_650	0.0	0.178343949044586	0.178343949044586	0.0004997501249375	0.001059637491421533	2.9748426841711053	True	False	L8L10_enriched	0.0	0.190045248868778	False		L8L10_enriched	1081.0	annotated	hup	Histone-like DNA-binding protein which is capable of wrapping DNA to stabilize it, and thus to prevent its denaturation under extreme environmental conditions	L	Bac_DNA_binding
group_617	0.0	0.184713375796178	0.184713375796178	0.0004997501249375	0.001059637491421533	2.9748426841711053	True	False	L8L10_enriched	0.0	0.193315266485998	False		L8L10_enriched	988.0	annotated	-	CHAP domain	M	Peptidase_M23,Prophage_tail
group_592	0.0	0.178343949044586	0.178343949044586	0.0004997501249375	0.001059637491421533	2.9748426841711053	True	False	L8L10_enriched	0.0	0.190045248868778	False		L8L10_enriched	1082.0	valid_protein_no_eggnog_annotation				
group_187	0.0651340996168582	0.0318471337579618	-0.0332869658588964	0.255872063968016	0.3096211717864901	0.5091693500703166	False	False	Other_lineages_enriched	0.109789569990851	0.060384263494968	False		Other_lineages_enriched	974.0	valid_protein_no_eggnog_annotation				
group_14658	0.122605363984674	0.0382165605095541	-0.0843888034751202	0.165417291354323	0.20899155483607912	0.6798712629903462	False	False	Other_lineages_enriched	0.186324786324786	0.104273504273504	False		Other_lineages_enriched	826.0	annotated	-	Transposase IS66 family	L	DDE_Tnp_IS66,DDE_Tnp_IS66_C,LZ_Tnp_IS66,zf-IS66
group_12587	0.0727969348659004	0.0	-0.0727969348659004	0.008495752123938	0.014407361424794497	1.8414155489276929	True	False	Other_lineages_enriched	0.0916030534351145	0.0	False		Other_lineages_enriched	1010.0	annotated	metY	Catalyzes the formation of L-methionine and acetate from O-acetyl-L-homoserine and methanethiol	E	Cys_Met_Meta_PP
group_12586	0.0727969348659004	0.0	-0.0727969348659004	0.0069965017491254	0.01204465687741285	1.9192055674687718	True	False	Other_lineages_enriched	0.0916030534351145	0.0	False		Other_lineages_enriched	1011.0	annotated	metE	Cobalamin-independent synthase, Catalytic domain	E	Meth_synt_2
group_3856	0.0957854406130268	0.0764331210191083	-0.0193523195939185	0.0144927536231884	0.02304711543841978	1.6373834228804223	True	False	Other_lineages_enriched	0.131868131868132	0.0366300366300366	False		Other_lineages_enriched	932.0	valid_protein_no_eggnog_annotation				
group_3746	0.0114942528735632	0.114649681528662	0.103155428655099	0.0004997501249375	0.001059637491421533	2.9748426841711053	True	False	L8L10_enriched	0.0363937138130687	0.309346567411084	False		L8L10_enriched	614.0	annotated	-	Prophage endopeptidase tail	M	NLPC_P60,Prophage_tail
group_3737	0.122605363984674	0.0191082802547771	-0.103497083729897	0.000999500249875	0.0019983940068799303	2.6993188814033258	True	False	Other_lineages_enriched	0.199294532627866	0.037037037037037	False		Other_lineages_enriched	810.0	valid_protein_no_eggnog_annotation				
group_3489	0.0076628352490421	0.114649681528662	0.10698684627962	0.0004997501249375	0.001059637491421533	2.9748426841711053	True	False	L8L10_enriched	0.0374331550802139	0.180035650623886	False		L8L10_enriched	1170.0	annotated	-	-	-	-
group_3417	0.0	0.24203821656051	0.24203821656051	0.0004997501249375	0.001059637491421533	2.9748426841711053	True	True	L8L10_enriched	0.0	0.219056099732858	False		L8L10_enriched	875.0	valid_protein_no_eggnog_annotation				
group_3387	0.0114942528735632	0.152866242038217	0.141371989164653	0.000999500249875	0.0019983940068799303	2.6993188814033258	True	False	L8L10_enriched	0.025089605734767	0.182795698924731	False		L8L10_enriched	1146.0	annotated	-	PemK-like, MazF-like toxin of type II toxin-antitoxin system	T	PemK_toxin
group_3222	0.0919540229885057	0.0764331210191083	-0.0155209019693975	0.0039980009995002	0.007214355582340176	2.141802455912525	True	False	Other_lineages_enriched	0.219178082191781	0.0684931506849315	False		Other_lineages_enriched	782.0	annotated	-	-	-	-
group_3029	0.0	0.171974522292994	0.171974522292994	0.0004997501249375	0.001059637491421533	2.9748426841711053	True	False	L8L10_enriched	0.0	0.166819431714024	False		L8L10_enriched	1260.0	annotated	-	-	-	-
group_3025	0.0881226053639847	0.0318471337579618	-0.0562754716060229	0.830084957521239	0.8677442687285795	0.06160824607230617	False	False	Other_lineages_enriched	0.0998185117967332	0.0852994555353902	False		Other_lineages_enriched	999.0	annotated	-	-	-	-
group_2841	0.0	0.165605095541401	0.165605095541401	0.0004997501249375	0.001059637491421533	2.9748426841711053	True	False	L8L10_enriched	0.0	0.14643188137164	False		L8L10_enriched	1373.0	valid_protein_no_eggnog_annotation				
group_2782	0.0	0.178343949044586	0.178343949044586	0.0004997501249375	0.001059637491421533	2.9748426841711053	True	False	L8L10_enriched	0.0	0.190045248868778	False		L8L10_enriched	1083.0	valid_protein_no_eggnog_annotation				
dnaC_2~~~dnaC	0.0	0.178343949044586	0.178343949044586	0.0004997501249375	0.001059637491421533	2.9748426841711053	True	False	L8L10_enriched	0.0	0.190045248868778	False		L8L10_enriched	1084.0	annotated	dnaB	Participates in initiation and elongation during chromosome replication	L	DnaB,DnaB_C
group_2714	0.0	0.184713375796178	0.184713375796178	0.0004997501249375	0.001059637491421533	2.9748426841711053	True	False	L8L10_enriched	0.0	0.193315266485998	False		L8L10_enriched	989.0	annotated	-	Replication initiator protein A (RepA) N-terminus	S	RepA_N
group_2708	0.0	0.184713375796178	0.184713375796178	0.0004997501249375	0.001059637491421533	2.9748426841711053	True	False	L8L10_enriched	0.0	0.193315266485998	False		L8L10_enriched	990.0	annotated	-	-	-	DUF3895
dnaC_4	0.0	0.178343949044586	0.178343949044586	0.0004997501249375	0.001059637491421533	2.9748426841711053	True	False	L8L10_enriched	0.0	0.190045248868778	False		L8L10_enriched	1085.0	annotated	-	DnaB-like helicase C terminal domain	L	DnaB_C
group_2532	0.0727969348659004	0.140127388535032	0.0673304536691315	0.0034982508745627	0.006396635200712595	2.1940484163349723	True	False	L8L10_enriched	0.0345140781108084	0.148955495004541	False		L8L10_enriched	1360.0	valid_protein_no_eggnog_annotation				
group_2292	0.0	0.203821656050955	0.203821656050955	0.0004997501249375	0.001059637491421533	2.9748426841711053	True	True	L8L10_enriched	0.0	0.198198198198198	False		L8L10_enriched	959.0	annotated	xre	XRE family transcriptional regulator	K	HTH_19,HTH_3,HTH_31
group_2205	0.0229885057471264	0.165605095541401	0.142616589794275	0.0004997501249375	0.001059637491421533	2.9748426841711053	True	False	L8L10_enriched	0.0092592592592592	0.138888888888889	False		L8L10_enriched	1426.0	valid_protein_no_eggnog_annotation				
parA	0.0	0.184713375796178	0.184713375796178	0.0004997501249375	0.001059637491421533	2.9748426841711053	True	False	L8L10_enriched	0.0	0.193315266485998	False		L8L10_enriched	991.0	annotated	-	Cellulose biosynthesis protein BcsQ	D	AAA_31
group_1759	0.0	0.171974522292994	0.171974522292994	0.0004997501249375	0.001059637491421533	2.9748426841711053	True	False	L8L10_enriched	0.0	0.149861239592969	False		L8L10_enriched	1347.0	annotated	-	methyltransferase	Q	Methyltransf_11
group_1629	0.0	0.191082802547771	0.191082802547771	0.0004997501249375	0.001059637491421533	2.9748426841711053	True	False	L8L10_enriched	0.0	0.201438848920863	False		L8L10_enriched	945.0	valid_protein_no_eggnog_annotation				
group_1360	0.0	0.178343949044586	0.178343949044586	0.0004997501249375	0.001059637491421533	2.9748426841711053	True	False	L8L10_enriched	0.0	0.190045248868778	False		L8L10_enriched	1086.0	annotated	-	DnaD domain protein	L	-
group_1298	0.0727969348659004	0.140127388535032	0.0673304536691315	0.0024987506246876	0.00467805869792366	2.3299343331843234	True	False	L8L10_enriched	0.0345140781108084	0.148955495004541	False		L8L10_enriched	1361.0	valid_protein_no_eggnog_annotation				
group_1165	0.0229885057471264	0.0636942675159236	0.0407057617687971	0.0004997501249375	0.001059637491421533	2.9748426841711053	True	False	L8L10_enriched	0.0142857142857143	0.2	False		L8L10_enriched	953.0	annotated	-	YjcQ protein	S	YjcQ
cat	0.0	0.178343949044586	0.178343949044586	0.0004997501249375	0.001059637491421533	2.9748426841711053	True	False	L8L10_enriched	0.0	0.158379373848987	True	Streptococcus suis chloramphenicol acetyltransferase;catA8	L8L10_enriched	1311.0	annotated	cat	Chloramphenicol acetyltransferase	V	CAT
group_774	0.0	0.184713375796178	0.184713375796178	0.0004997501249375	0.001059637491421533	2.9748426841711053	True	False	L8L10_enriched	0.0	0.193315266485998	False		L8L10_enriched	992.0	valid_protein_no_eggnog_annotation				
group_704	0.0	0.191082802547771	0.191082802547771	0.0004997501249375	0.001059637491421533	2.9748426841711053	True	False	L8L10_enriched	0.0	0.201438848920863	False		L8L10_enriched	946.0	valid_protein_no_eggnog_annotation				
group_546	0.0	0.184713375796178	0.184713375796178	0.0004997501249375	0.001059637491421533	2.9748426841711053	True	False	L8L10_enriched	0.0	0.193315266485998	False		L8L10_enriched	993.0	valid_protein_no_eggnog_annotation				
pepF1_1~~~pepF1_2	0.14176245210728	0.0063694267515923	-0.135393025355687	0.0004997501249375	0.001059637491421533	2.9748426841711053	True	False	Other_lineages_enriched	0.240985048372911	0.0	False		Other_lineages_enriched	751.0	annotated	pepF	Oligopeptidase F	E	Peptidase_M3,Peptidase_M3_N
fpaP	0.0727969348659004	0.0	-0.0727969348659004	0.0154922538730635	0.024377734723851113	1.6130066532147327	True	False	Other_lineages_enriched	0.0769230769230769	0.0	False		Other_lineages_enriched	1050.0	annotated	pepR	Releases the N-terminal proline from various substrates	E	Abhydrolase_1
group_9157	0.111111111111111	0.0254777070063694	-0.0856334041047417	0.0574712643678161	0.08027461470621197	1.0954217702381666	False	False	Other_lineages_enriched	0.208930075821398	0.106149957877001	False		Other_lineages_enriched	796.0	valid_protein_no_eggnog_annotation				
group_3853	0.149425287356322	0.0063694267515923	-0.143055860604729	0.0004997501249375	0.001059637491421533	2.9748426841711053	True	False	Other_lineages_enriched	0.228671943711522	0.0123131046613896	False		Other_lineages_enriched	773.0	valid_protein_no_eggnog_annotation				
group_3786	0.0076628352490421	0.10828025477707	0.100617419528028	0.0004997501249375	0.001059637491421533	2.9748426841711053	True	False	L8L10_enriched	0.0145852324521422	0.162260711030082	False		L8L10_enriched	1297.0	annotated	-	-	-	-
group_3724	0.0114942528735632	0.140127388535032	0.128633135661469	0.000999500249875	0.0019983940068799303	2.6993188814033258	True	False	L8L10_enriched	0.0519031141868512	0.217993079584775	False		L8L10_enriched	880.0	annotated	-	-	-	-
group_3706	0.0727969348659004	0.140127388535032	0.0673304536691315	0.0024987506246876	0.00467805869792366	2.3299343331843234	True	False	L8L10_enriched	0.0345140781108084	0.148955495004541	False		L8L10_enriched	1362.0	valid_protein_no_eggnog_annotation				
ermC~~~rsmA_2	0.0	0.114649681528662	0.114649681528662	0.0004997501249375	0.001059637491421533	2.9748426841711053	True	False	L8L10_enriched	0.0	0.253275109170306	True	ErmC	L8L10_enriched	751.0	annotated	-	Specifically dimethylates two adjacent adenosines (A1518 and A1519) in the loop of a conserved hairpin near the 3'-end of 16S rRNA in the 30S particle. May play a critical role in biogenesis of 30S subunits	J	RrnaAD
group_3571	0.003831417624521	0.165605095541401	0.16177367791688	0.0004997501249375	0.001059637491421533	2.9748426841711053	True	False	L8L10_enriched	0.0072859744990892	0.171220400728597	False		L8L10_enriched	1229.0	valid_protein_no_eggnog_annotation				
group_3528	0.0804597701149425	0.133757961783439	0.053298191668497	1.0	1.0	-0.0	False	False	L8L10_enriched	0.0510396975425331	0.0586011342155009	False		L8L10_enriched	1789.0	annotated	-	ISXO2-like transposase domain	L	DDE_Tnp_IS1595
nfrA1~~~clpP_1~~~clpP_2	0.0153256704980843	0.10828025477707	0.0929545842789858	0.0269865067466267	0.04005429717573648	1.3973508843338527	True	False	L8L10_enriched	0.0840480274442539	0.200686106346484	False		L8L10_enriched	950.0	annotated	-	Clp protease	S	-
group_3114	0.103448275862069	0.0764331210191083	-0.0270151548429607	0.56271864067966	0.6211584325090385	0.2067976146562433	False	False	Other_lineages_enriched	0.141856392294221	0.106830122591944	False		Other_lineages_enriched	914.0	annotated	-	Calcineurin-like phosphoesterase	S	-
group_3106	0.0	0.184713375796178	0.184713375796178	0.0004997501249375	0.001059637491421533	2.9748426841711053	True	False	L8L10_enriched	0.0	0.193315266485998	False		L8L10_enriched	994.0	valid_protein_no_eggnog_annotation				
group_3096	0.111111111111111	0.0573248407643312	-0.0537862703467799	0.800599700149925	0.8425346572960725	0.07441222557487916	False	False	Other_lineages_enriched	0.100273473108478	0.0765724703737466	False		Other_lineages_enriched	996.0	annotated	-	virulence-associated E family protein	L	Prim-Pol,Toprim_3,VirE
group_3087	0.0651340996168582	0.0828025477707006	0.0176684481538424	0.111944027986007	0.14742428945399405	0.831430956729421	False	False	L8L10_enriched	0.0907504363001745	0.164048865619546	False		L8L10_enriched	1276.0	annotated	-	-	-	-
group_3010	0.0153256704980843	0.10828025477707	0.0929545842789858	0.0014992503748125	0.002921366046722169	2.534414022584289	True	False	L8L10_enriched	0.105433901054339	0.272506082725061	False		L8L10_enriched	676.0	annotated	-	NUDIX domain	F	NUDIX
group_2961	0.0919540229885057	0.0509554140127389	-0.0409986089757669	0.498750624687656	0.5610731677520746	0.25098050010041045	False	False	Other_lineages_enriched	0.0969807868252516	0.0731930466605673	False		Other_lineages_enriched	1003.0	annotated	-	Cro/C1-type HTH DNA-binding domain	K	HTH_3
group_2739	0.114942528735632	0.0254777070063694	-0.0894648217292628	0.0729635182408796	0.09963315068532876	1.0015961358305312	False	False	Other_lineages_enriched	0.208930075821398	0.106149957877001	False		Other_lineages_enriched	794.0	annotated	-	-	-	-
group_2592	0.0383141762452107	0.0955414012738854	0.0572272250286746	0.009495252373813	0.01595454185197034	1.797115662421142	True	False	L8L10_enriched	0.0806174957118353	0.204116638078902	False		L8L10_enriched	929.0	valid_protein_no_eggnog_annotation				
group_2578	0.0651340996168582	0.0828025477707006	0.0176684481538424	0.176411794102949	0.22127021757488274	0.6550770371044293	False	False	L8L10_enriched	0.103448275862069	0.172413793103448	False		L8L10_enriched	1218.0	valid_protein_no_eggnog_annotation				
group_2487	0.0574712643678161	0.146496815286624	0.0890255509188081	0.11944027986007	0.15654563330904164	0.8053590421079838	False	False	L8L10_enriched	0.0922541340295909	0.16710182767624	False		L8L10_enriched	1253.0	annotated	-	Bacteriophage HK97-gp10, putative tail-component	S	HK97-gp10_like
group_2486	0.0574712643678161	0.146496815286624	0.0890255509188081	0.11944027986007	0.15654563330904164	0.8053590421079838	False	False	L8L10_enriched	0.0922541340295909	0.16710182767624	False		L8L10_enriched	1254.0	annotated	-	Phage major tail protein 2	S	-
group_2434	0.10727969348659	0.0764331210191083	-0.0308465724674818	0.44727636181909	0.5073237907724274	0.29471477111662076	False	False	Other_lineages_enriched	0.141980718667835	0.105170902716915	False		Other_lineages_enriched	913.0	annotated	-	Psort location Cytoplasmic, score	S	-
group_2386	0.003831417624521	0.127388535031847	0.123557117407326	0.0004997501249375	0.001059637491421533	2.9748426841711053	True	False	L8L10_enriched	0.028936170212766	0.268936170212766	False		L8L10_enriched	689.0	annotated	-	Domain of unknown function (DUF4422)	M	DUF4422,Glyco_transf_8
group_2260	0.0076628352490421	0.222929936305732	0.21526710105669	0.0004997501249375	0.001059637491421533	2.9748426841711053	True	True	L8L10_enriched	0.0265486725663717	0.20353982300885	False		L8L10_enriched	932.0	valid_protein_no_eggnog_annotation				
group_2119	0.0114942528735632	0.140127388535032	0.128633135661469	0.0004997501249375	0.001059637491421533	2.9748426841711053	True	False	L8L10_enriched	0.0519031141868512	0.217993079584775	False		L8L10_enriched	881.0	annotated	-	-	-	-
group_2109	0.0076628352490421	0.140127388535032	0.13246455328599	0.000999500249875	0.0019983940068799303	2.6993188814033258	True	False	L8L10_enriched	0.0252479711451758	0.171325518485122	False		L8L10_enriched	1228.0	annotated	-	Protein of unknown function (DUF3021)	S	DUF3021
smc_3~~~smc_4~~~smc_5~~~smc_1~~~smc_6~~~smc_7	0.003831417624521	0.203821656050955	0.199990238426434	0.0004997501249375	0.001059637491421533	2.9748426841711053	True	False	L8L10_enriched	0.0104529616724739	0.247386759581882	False		L8L10_enriched	769.0	annotated	-	KxYKxGKxW signal domain protein	V	-
group_1987	0.003831417624521	0.152866242038217	0.149034824413695	0.0004997501249375	0.001059637491421533	2.9748426841711053	True	False	L8L10_enriched	0.0107913669064748	0.190647482014388	False		L8L10_enriched	1062.0	annotated	-	PD-(D/E)XK nuclease family transposase	S	PDDEXK_2
group_1976	0.0	0.178343949044586	0.178343949044586	0.0004997501249375	0.001059637491421533	2.9748426841711053	True	False	L8L10_enriched	0.0	0.190045248868778	False		L8L10_enriched	1087.0	valid_protein_no_eggnog_annotation				
group_1969	0.003831417624521	0.133757961783439	0.129926544158918	0.0004997501249375	0.001059637491421533	2.9748426841711053	True	False	L8L10_enriched	0.0108892921960073	0.174228675136116	False		L8L10_enriched	1210.0	valid_protein_no_eggnog_annotation				
group_1956	0.003831417624521	0.121019108280255	0.117187690655734	0.0004997501249375	0.001059637491421533	2.9748426841711053	True	False	L8L10_enriched	0.0110294117647059	0.150735294117647	False		L8L10_enriched	1341.0	valid_protein_no_eggnog_annotation				
group_1827	0.0727969348659004	0.140127388535032	0.0673304536691315	0.0024987506246876	0.00467805869792366	2.3299343331843234	True	False	L8L10_enriched	0.0345140781108084	0.148955495004541	False		L8L10_enriched	1363.0	valid_protein_no_eggnog_annotation				
group_1790	0.0114942528735632	0.140127388535032	0.128633135661469	0.0004997501249375	0.001059637491421533	2.9748426841711053	True	False	L8L10_enriched	0.0519031141868512	0.217993079584775	False		L8L10_enriched	882.0	annotated	-	membrane	S	bPH_2
group_1733	0.0574712643678161	0.146496815286624	0.0890255509188081	0.11544227886057	0.15172808490050985	0.8189340237722539	False	False	L8L10_enriched	0.0922541340295909	0.16710182767624	False		L8L10_enriched	1255.0	annotated	-	Protein of unknown function (DUF3168)	S	DUF3168
group_1526	0.0957854406130268	0.0764331210191083	-0.0193523195939185	0.194902548725637	0.2422496786310728	0.6157367904127773	False	False	Other_lineages_enriched	0.168402777777778	0.0954861111111111	False		Other_lineages_enriched	851.0	annotated	-	Domain of unknown function (DUF4355)	S	DUF4355
group_1443	0.0	0.184713375796178	0.184713375796178	0.0004997501249375	0.001059637491421533	2.9748426841711053	True	False	L8L10_enriched	0.0	0.193315266485998	False		L8L10_enriched	995.0	annotated	-	-	-	-
group_1439	0.0651340996168582	0.0955414012738854	0.0304073016570271	0.262368815592204	0.3159741401229211	0.5003484593483044	False	False	L8L10_enriched	0.245283018867925	0.182389937106918	False		direction_ambiguous		annotated	usp2	Belongs to the universal stress protein A family	T	Usp
uppP~~~uppP_2~~~uppP_1	0.0	0.191082802547771	0.191082802547771	0.0004997501249375	0.001059637491421533	2.9748426841711053	True	False	L8L10_enriched	0.0	0.376623376623377	False		L8L10_enriched	507.0	annotated	uppP	Catalyzes the dephosphorylation of undecaprenyl diphosphate (UPP). Confers resistance to bacitracin	V	BacA
group_1143	0.0	0.133757961783439	0.133757961783439	0.0004997501249375	0.001059637491421533	2.9748426841711053	True	False	L8L10_enriched	0.0	0.165137614678899	False		L8L10_enriched	1270.0	annotated	cadD	Cadmium resistance transporter	P	Cad
group_1091	0.0076628352490421	0.10828025477707	0.100617419528028	0.0004997501249375	0.001059637491421533	2.9748426841711053	True	False	L8L10_enriched	0.0036663611365719	0.163153070577452	False		L8L10_enriched	1288.0	annotated	-	PFAM Integrase, catalytic core	L	rve
group_956	0.157088122605364	0.0	-0.157088122605364	0.0004997501249375	0.001059637491421533	2.9748426841711053	True	False	Other_lineages_enriched	0.191681735985533	0.0	False		Other_lineages_enriched	820.0	annotated	-	ABC-2 type transporter	V	ABC2_membrane,ABC2_membrane_3
copY_1~~~copY_2~~~copY	0.0651340996168582	0.101910828025478	0.0367767284086195	0.576711644177911	0.6340556782002725	0.19787260383211489	False	False	L8L10_enriched	0.242424242424242	0.203574203574204	False		direction_ambiguous		annotated	atkY	Copper transport repressor CopY TcrY	K	Penicillinase_R
group_905	0.0	0.178343949044586	0.178343949044586	0.0004997501249375	0.001059637491421533	2.9748426841711053	True	False	L8L10_enriched	0.0	0.190045248868778	False		L8L10_enriched	1088.0	annotated	-	-	-	-
group_841	0.003831417624521	0.121019108280255	0.117187690655734	0.0004997501249375	0.001059637491421533	2.9748426841711053	True	False	L8L10_enriched	0.0137339055793991	0.269527896995708	False		L8L10_enriched	686.0	valid_protein_no_eggnog_annotation				
group_777	0.0459770114942529	0.127388535031847	0.0814115235375943	0.766116941529235	0.8122121371746556	0.0903305249806844	False	False	L8L10_enriched	0.0658513640639699	0.0526810912511759	False		direction_ambiguous		valid_protein_no_eggnog_annotation				
group_731	0.0	0.171974522292994	0.171974522292994	0.0004997501249375	0.001059637491421533	2.9748426841711053	True	False	L8L10_enriched	0.0	0.170173833485819	False		L8L10_enriched	1235.0	valid_protein_no_eggnog_annotation				
group_728	0.0	0.178343949044586	0.178343949044586	0.0004997501249375	0.001059637491421533	2.9748426841711053	True	False	L8L10_enriched	0.0	0.190045248868778	False		L8L10_enriched	1089.0	annotated	-	ATP-dependent Clp protease ATP-binding subunit clpC	O	AAA,AAA_2,ClpB_D2-small
group_722	0.003831417624521	0.152866242038217	0.149034824413695	0.0004997501249375	0.001059637491421533	2.9748426841711053	True	False	L8L10_enriched	0.0107913669064748	0.190647482014388	False		L8L10_enriched	1063.0	valid_protein_no_eggnog_annotation				
group_693	0.003831417624521	0.146496815286624	0.142665397662103	0.0004997501249375	0.001059637491421533	2.9748426841711053	True	False	L8L10_enriched	0.010840108401084	0.182475158084914	False		L8L10_enriched	1152.0	valid_protein_no_eggnog_annotation				
group_543	0.0229885057471264	0.0700636942675159	0.0470751885203895	0.0259870064967516	0.038675332613729234	1.412565942614088	True	False	L8L10_enriched	0.0586666666666667	0.163555555555556	False		L8L10_enriched	1278.0	annotated	-	Haloacid dehalogenase-like hydrolase	S	-
group_508	0.0	0.248407643312102	0.248407643312102	0.0004997501249375	0.001059637491421533	2.9748426841711053	True	True	L8L10_enriched	0.0	0.226950354609929	False		L8L10_enriched	834.0	valid_protein_no_eggnog_annotation				
strA_2	0.003831417624521	0.133757961783439	0.129926544158918	0.0004997501249375	0.001059637491421533	2.9748426841711053	True	False	L8L10_enriched	0.0108892921960073	0.174228675136116	False		L8L10_enriched	1211.0	annotated	-	Sortase family	M	Sortase
group_361	0.0498084291187739	0.146496815286624	0.0966883861678502	1.0	1.0	-0.0	False	False	L8L10_enriched	0.116094986807388	0.124890061565523	False		L8L10_enriched	1507.0	annotated	-	Antitoxin component of a toxin-antitoxin (TA) module	D	PhdYeFM_antitox
group_356	0.0	0.254777070063694	0.254777070063694	0.0004997501249375	0.001059637491421533	2.9748426841711053	True	True	L8L10_enriched	0.0	0.231653404067197	False		L8L10_enriched	825.0	annotated	-	-	-	DDE_Tnp_1,DDE_Tnp_1_6,DUF772
group_354	0.0114942528735632	0.24203821656051	0.230543963686946	0.0004997501249375	0.001059637491421533	2.9748426841711053	True	True	L8L10_enriched	0.0220588235294118	0.507352941176471	False		L8L10_enriched	358.0	annotated	-	Transcriptional regulator	K	TetR_N
group_243	0.0153256704980843	0.191082802547771	0.175757132049686	0.0219890054972514	0.03331207959238775	1.477398254510651	True	False	L8L10_enriched	0.0574506283662478	0.14721723518851	False		L8L10_enriched	1371.0	valid_protein_no_eggnog_annotation				
mgrA	0.0383141762452107	0.0191082802547771	-0.0192058959904337	0.626686656671664	0.6830739443377879	0.16553228038930234	False	False	Other_lineages_enriched	0.0800744878957169	0.0577281191806332	False		Other_lineages_enriched	1043.0	annotated	-	helix_turn_helix multiple antibiotic resistance protein	K	MarR
group_75	0.0076628352490421	0.10828025477707	0.100617419528028	0.0004997501249375	0.001059637491421533	2.9748426841711053	True	False	L8L10_enriched	0.0036663611365719	0.163153070577452	False		L8L10_enriched	1289.0	annotated	-	Bacterial dnaA  protein	L	IstB_IS21
group_47	0.0	0.197452229299363	0.197452229299363	0.0004997501249375	0.001059637491421533	2.9748426841711053	True	False	L8L10_enriched	0.0	0.220640569395018	False		L8L10_enriched	872.0	valid_protein_no_eggnog_annotation				
group_33	0.0	0.178343949044586	0.178343949044586	0.0004997501249375	0.001059637491421533	2.9748426841711053	True	False	L8L10_enriched	0.0	0.190045248868778	False		L8L10_enriched	1090.0	valid_protein_no_eggnog_annotation				
group_30	0.003831417624521	0.152866242038217	0.149034824413695	0.0004997501249375	0.001059637491421533	2.9748426841711053	True	False	L8L10_enriched	0.0107913669064748	0.190647482014388	False		L8L10_enriched	1064.0	annotated	-	-	-	-
group_14033	0.0	0.21656050955414	0.21656050955414	0.0004997501249375	0.001059637491421533	2.9748426841711053	True	True	L8L10_enriched	0.0	0.351195383347073	False		L8L10_enriched	548.0	annotated	-	Replication protein	L	Rep_1
group_11928	0.0498084291187739	0.0254777070063694	-0.0243307221124045	0.774612693653173	0.8193736197711733	0.08651802253107994	False	False	Other_lineages_enriched	0.056710775047259	0.0529300567107751	False		Other_lineages_enriched	1098.0	annotated	-	the current gene model (or a revised gene model) may contain a frame shift	L	RNase_T
group_3880	0.0421455938697318	0.0955414012738854	0.0533958074041536	0.0899550224887556	0.12024413756610536	0.9199360882161256	False	False	L8L10_enriched	0.123436196830692	0.208507089241034	False		L8L10_enriched	916.0	annotated	-	CAAX protease self-immunity	S	Abi
group_3831	0.0	0.184713375796178	0.184713375796178	0.0004997501249375	0.001059637491421533	2.9748426841711053	True	False	L8L10_enriched	0.0	0.23477493380406	False		L8L10_enriched	819.0	annotated	-	Cro/C1-type HTH DNA-binding domain	K	HTH_26
group_3717	0.0076628352490421	0.152866242038217	0.145203406789174	0.0004997501249375	0.001059637491421533	2.9748426841711053	True	False	L8L10_enriched	0.0140845070422535	0.225352112676056	False		L8L10_enriched	845.0	annotated	-	Transmembrane secretion effector	EGP	MFS_1,MFS_3
group_3638	0.0	0.254777070063694	0.254777070063694	0.0004997501249375	0.001059637491421533	2.9748426841711053	True	True	L8L10_enriched	0.0	0.334721065778518	False		L8L10_enriched	569.0	valid_protein_no_eggnog_annotation				
group_3496	0.0	0.171974522292994	0.171974522292994	0.0004997501249375	0.001059637491421533	2.9748426841711053	True	False	L8L10_enriched	0.0	0.185117967332123	False		L8L10_enriched	1135.0	valid_protein_no_eggnog_annotation				
group_3373	0.0421455938697318	0.0764331210191083	0.0342875271493765	0.0044977511244377	0.008036925138298385	2.094910076984476	True	False	L8L10_enriched	0.0412926391382406	0.163375224416517	False		L8L10_enriched	1286.0	valid_protein_no_eggnog_annotation				
group_3227	0.0	0.184713375796178	0.184713375796178	0.0004997501249375	0.001059637491421533	2.9748426841711053	True	False	L8L10_enriched	0.0	0.193315266485998	False		L8L10_enriched	996.0	valid_protein_no_eggnog_annotation				
group_3200	0.0076628352490421	0.152866242038217	0.145203406789174	0.0004997501249375	0.001059637491421533	2.9748426841711053	True	False	L8L10_enriched	0.0134453781512605	0.305882352941176	False		L8L10_enriched	622.0	valid_protein_no_eggnog_annotation				
group_3192	0.0306513409961686	0.0445859872611465	0.0139346462649779	0.564217891054473	0.6223963679358849	0.20593295038534304	False	False	L8L10_enriched	0.102473498233216	0.130742049469965	False		L8L10_enriched	1475.0	annotated	-	Probable transposase	L	OrfB_IS605,OrfB_Zn_ribbon
group_2627	0.0613026819923372	0.0828025477707006	0.0214998657783635	1.0	1.0	-0.0	False	False	L8L10_enriched	0.126094570928196	0.122591943957968	False		direction_ambiguous		annotated	-	DNA primase	S	D5_N,Pox_D5
group_2471	0.0	0.178343949044586	0.178343949044586	0.0004997501249375	0.001059637491421533	2.9748426841711053	True	False	L8L10_enriched	0.0	0.190045248868778	False		L8L10_enriched	1091.0	valid_protein_no_eggnog_annotation				
group_2318	0.0229885057471264	0.0700636942675159	0.0470751885203895	0.0239880059970015	0.035976549731506574	1.443980489251106	True	False	L8L10_enriched	0.0586666666666667	0.163555555555556	False		L8L10_enriched	1279.0	annotated	-	Glycosyl transferase family 2	S	Glycos_transf_2
group_2285	0.0191570881226054	0.114649681528662	0.0954925934060571	0.000999500249875	0.0019983940068799303	2.6993188814033258	True	False	L8L10_enriched	0.0688468158347676	0.209982788296041	False		L8L10_enriched	914.0	valid_protein_no_eggnog_annotation				
group_2204	0.0881226053639847	0.0509554140127389	-0.0371671913512458	0.635182408795602	0.691419239174598	0.16025854010874774	False	False	Other_lineages_enriched	0.0882352941176471	0.0735294117647059	False		Other_lineages_enriched	1025.0	annotated	-	sequence-specific DNA binding	S	-
group_2197	0.118773946360153	0.0127388535031847	-0.106035092856969	0.0229885057471264	0.034651018498070216	1.4602839956382934	True	False	Other_lineages_enriched	0.148282097649186	0.0433996383363472	False		Other_lineages_enriched	909.0	valid_protein_no_eggnog_annotation				
xerC_6~~~IntTn_1	0.114942528735632	0.0318471337579618	-0.0830953949776704	0.0054972513743128	0.00965020952496573	2.0154632571693076	True	False	Other_lineages_enriched	0.157751586582049	0.029011786038078	False		Other_lineages_enriched	887.0	annotated	-	Phage integrase, N-terminal SAM-like domain	L	Arm-DNA-bind_4,Phage_int_SAM_3,Phage_integrase
group_1796	0.0	0.184713375796178	0.184713375796178	0.0004997501249375	0.001059637491421533	2.9748426841711053	True	False	L8L10_enriched	0.0	0.193315266485998	False		L8L10_enriched	997.0	valid_protein_no_eggnog_annotation				
group_1778	0.0	0.184713375796178	0.184713375796178	0.0004997501249375	0.001059637491421533	2.9748426841711053	True	False	L8L10_enriched	0.0	0.193315266485998	False		L8L10_enriched	998.0	valid_protein_no_eggnog_annotation				
group_1757	0.0153256704980843	0.121019108280255	0.10569343778217	0.0004997501249375	0.001059637491421533	2.9748426841711053	True	False	L8L10_enriched	0.0873080032336297	0.295877122069523	False		L8L10_enriched	645.0	annotated	-	Terminase small subunit	L	Terminase_2
group_1748	0.114942528735632	0.0254777070063694	-0.0894648217292628	0.0609695152423788	0.08494484258927618	1.070862984105265	False	False	Other_lineages_enriched	0.208930075821398	0.106149957877001	False		Other_lineages_enriched	795.0	annotated	-	Membrane	J	DUF805,zinc_ribbon_2
chmD~~~rfbB	0.0383141762452107	0.127388535031847	0.0890743587866364	0.142428785607196	0.18267919368458965	0.7383109139640199	False	False	L8L10_enriched	0.184353214562355	0.266460108443067	False		L8L10_enriched	710.0	annotated	-	GDP-mannose 4,6 dehydratase	GM	Epimerase
cadC	0.0	0.140127388535032	0.140127388535032	0.0004997501249375	0.001059637491421533	2.9748426841711053	True	False	L8L10_enriched	0.0	0.17351598173516	False		L8L10_enriched	1213.0	annotated	cadX	Bacterial regulatory protein, arsR family	K	HTH_5
group_1633	0.0	0.178343949044586	0.178343949044586	0.0004997501249375	0.001059637491421533	2.9748426841711053	True	False	L8L10_enriched	0.0	0.190045248868778	False		L8L10_enriched	1092.0	annotated	srtA	Sortase (surface protein transpeptidase)	M	Sortase
group_1446	0.0383141762452107	0.101910828025478	0.063596651780267	0.231884057971014	0.2832992106097483	0.547754635604194	False	False	L8L10_enriched	0.0929009640666082	0.154250657318142	False		L8L10_enriched	1330.0	annotated	-	Conserved phage C-terminus (Phg_2220_C)	L	Phage_rep_org_N,Phg_2220_C
group_1369	0.0689655172413793	0.0955414012738854	0.026575884032506	0.576211894052973	0.6337176872178057	0.19810417143891296	False	False	L8L10_enriched	0.138353765323993	0.110332749562172	False		direction_ambiguous		annotated	-	-	-	-
group_1288	0.0	0.178343949044586	0.178343949044586	0.0004997501249375	0.001059637491421533	2.9748426841711053	True	False	L8L10_enriched	0.0	0.190045248868778	False		L8L10_enriched	1093.0	valid_protein_no_eggnog_annotation				
group_1090	0.0229885057471264	0.0700636942675159	0.0470751885203895	0.0239880059970015	0.035976549731506574	1.443980489251106	True	False	L8L10_enriched	0.0586666666666667	0.163555555555556	False		L8L10_enriched	1280.0	annotated	-	Psort location CytoplasmicMembrane, score 9.99	S	-
arnC_1~~~epsJ	0.0229885057471264	0.0700636942675159	0.0470751885203895	0.024487756121939	0.036675980191722274	1.435618270499876	True	False	L8L10_enriched	0.0586666666666667	0.163555555555556	False		L8L10_enriched	1281.0	annotated	epsJ2	Glycosyltransferase like family 2	S	Glycos_transf_2
group_536	0.0	0.229299363057325	0.229299363057325	0.0004997501249375	0.001059637491421533	2.9748426841711053	True	True	L8L10_enriched	0.0	0.253275109170306	False		L8L10_enriched	750.0	annotated	tetR	Bacterial regulatory proteins, tetR family	K	TetR_C_8,TetR_N
group_509	0.0	0.178343949044586	0.178343949044586	0.0004997501249375	0.001059637491421533	2.9748426841711053	True	False	L8L10_enriched	0.0	0.190045248868778	False		L8L10_enriched	1094.0	valid_protein_no_eggnog_annotation				
group_355	0.003831417624521	0.24203821656051	0.238206798935988	0.0004997501249375	0.001059637491421533	2.9748426841711053	True	True	L8L10_enriched	0.0220588235294118	0.507352941176471	False		L8L10_enriched	356.0	annotated	ybhF_1	ABC transporter	V	ABC_tran,DUF4162
group_299	0.0	0.191082802547771	0.191082802547771	0.0004997501249375	0.001059637491421533	2.9748426841711053	True	False	L8L10_enriched	0.0	0.185117967332123	False		L8L10_enriched	1133.0	valid_protein_no_eggnog_annotation				
group_283	0.0766283524904215	0.0636942675159236	-0.0129340849744979	0.0454772613693153	0.06481296548957349	1.188338107133581	False	False	Other_lineages_enriched	0.0455373406193078	0.132969034608379	False		direction_ambiguous		annotated	-	Antitoxin Phd_YefM, type II toxin-antitoxin system	D	PhdYeFM_antitox
group_14034	0.0	0.203821656050955	0.203821656050955	0.0004997501249375	0.001059637491421533	2.9748426841711053	True	True	L8L10_enriched	0.0	0.300764655904843	False		L8L10_enriched	637.0	valid_protein_no_eggnog_annotation				
group_3870	0.10727969348659	0.0445859872611465	-0.0626937062254435	0.0014992503748125	0.002921366046722169	2.534414022584289	True	False	Other_lineages_enriched	0.241086587436333	0.0611205432937182	False		Other_lineages_enriched	749.0	annotated	-	D5 N terminal like	S	D5_N,Pox_D5,PriCT_1
pcrA_1~~~rep~~~recB	0.0689655172413793	0.101910828025478	0.0329453107840984	0.521239380309845	0.5831863355249369	0.2341926604027724	False	False	L8L10_enriched	0.0874219446922391	0.128456735057984	False		L8L10_enriched	1489.0	annotated	-	Viral (Superfamily 1) RNA helicase	L	AAA_19,UvrD-helicase,UvrD_C,Viral_helicase1
pre_1~~~pre	0.0	0.133757961783439	0.133757961783439	0.0004997501249375	0.001059637491421533	2.9748426841711053	True	False	L8L10_enriched	0.0	0.0842911877394636	False		L8L10_enriched	1659.0	annotated	pre	plasmid recombination enzyme	D	Mob_Pre
group_3780	0.0114942528735632	0.133757961783439	0.122263708909876	0.000999500249875	0.0019983940068799303	2.6993188814033258	True	False	L8L10_enriched	0.0520833333333333	0.211805555555556	False		L8L10_enriched	901.0	valid_protein_no_eggnog_annotation				
group_3606	0.153256704980843	0.0	-0.153256704980843	0.0004997501249375	0.001059637491421533	2.9748426841711053	True	False	Other_lineages_enriched	0.15668202764977	0.0	False		Other_lineages_enriched	891.0	annotated	repA	Replication initiator protein A	S	RepA_N
rapA~~~rapA_2	0.0459770114942529	0.101910828025478	0.0559338165312248	0.102948525737131	0.13634059176199623	0.8653748253558123	False	False	L8L10_enriched	0.110450297366185	0.190314358538658	False		L8L10_enriched	1068.0	annotated	-	helicase superfamily c-terminal domain	L	Helicase_C,PLDc_2,ResIII,SNF2_N
group_2911	0.0	0.178343949044586	0.178343949044586	0.0004997501249375	0.001059637491421533	2.9748426841711053	True	False	L8L10_enriched	0.0	0.190045248868778	False		L8L10_enriched	1095.0	annotated	ftsK	FtsK SpoIIIE family protein	D	FtsK_4TM,FtsK_SpoIIIE,Ftsk_gamma
group_2724	0.003831417624521	0.140127388535032	0.136295970910511	0.0004997501249375	0.001059637491421533	2.9748426841711053	True	False	L8L10_enriched	0.0108892921960073	0.174228675136116	False		L8L10_enriched	1209.0	valid_protein_no_eggnog_annotation				
group_2240	0.0	0.165605095541401	0.165605095541401	0.0004997501249375	0.001059637491421533	2.9748426841711053	True	False	L8L10_enriched	0.0	0.125585754451734	False		L8L10_enriched	1504.0	valid_protein_no_eggnog_annotation				
group_2218	0.0	0.178343949044586	0.178343949044586	0.0004997501249375	0.001059637491421533	2.9748426841711053	True	False	L8L10_enriched	0.0	0.190045248868778	False		L8L10_enriched	1096.0	annotated	-	-	-	-
group_1800	0.0727969348659004	0.0764331210191083	0.0036361861532078	0.0019990004997501	0.0038205955027126337	2.4178689398669198	True	False	L8L10_enriched	0.0340196956132498	0.175470008952551	False		L8L10_enriched	1191.0	annotated	-	Psort location CytoplasmicMembrane, score	S	-
group_1779	0.0	0.178343949044586	0.178343949044586	0.0004997501249375	0.001059637491421533	2.9748426841711053	True	False	L8L10_enriched	0.0	0.190045248868778	False		L8L10_enriched	1097.0	annotated	-	Lysin motif	M	LysM
group_1669	0.0	0.178343949044586	0.178343949044586	0.0004997501249375	0.001059637491421533	2.9748426841711053	True	False	L8L10_enriched	0.0	0.190045248868778	False		L8L10_enriched	1098.0	valid_protein_no_eggnog_annotation				
group_1442	0.0	0.178343949044586	0.178343949044586	0.0004997501249375	0.001059637491421533	2.9748426841711053	True	False	L8L10_enriched	0.0	0.190045248868778	False		L8L10_enriched	1099.0	valid_protein_no_eggnog_annotation				
group_1395	0.0689655172413793	0.0700636942675159	0.0010981770261366	0.335332333833083	0.3929303129374141	0.40568446588497764	False	False	L8L10_enriched	0.113695090439276	0.16365202411714	False		L8L10_enriched	1277.0	annotated	-	Domain of unknown function (DUF4041)	J	DUF4041,MUG113,T5orf172
group_1279	0.003831417624521	0.140127388535032	0.136295970910511	0.0004997501249375	0.001059637491421533	2.9748426841711053	True	False	L8L10_enriched	0.0108499095840868	0.180831826401447	False		L8L10_enriched	1160.0	valid_protein_no_eggnog_annotation				
group_1001	0.0	0.178343949044586	0.178343949044586	0.0004997501249375	0.001059637491421533	2.9748426841711053	True	False	L8L10_enriched	0.0	0.190045248868778	False		L8L10_enriched	1100.0	valid_protein_no_eggnog_annotation				
group_883	0.003831417624521	0.24203821656051	0.238206798935988	0.0004997501249375	0.001059637491421533	2.9748426841711053	True	True	L8L10_enriched	0.0220588235294118	0.507352941176471	False		L8L10_enriched	357.0	annotated	-	Exporter of polyketide antibiotics	M	-
group_133	0.0996168582375479	0.0700636942675159	-0.029553163970032	0.0414792603698151	0.059527074441873155	1.2252854610560446	False	False	Other_lineages_enriched	0.20186598812553	0.101781170483461	False		Other_lineages_enriched	807.0	annotated	-	Probable transposase	L	OrfB_IS605,OrfB_Zn_ribbon
group_12935	0.149425287356322	0.0	-0.149425287356322	0.0004997501249375	0.001059637491421533	2.9748426841711053	True	False	Other_lineages_enriched	0.212689901697945	0.0	False		Other_lineages_enriched	790.0	annotated	-	MULE transposase domain	L	Transposase_mut
group_3847	0.0268199233716475	0.146496815286624	0.119676891914977	0.0474762618690655	0.06731251413879984	1.1719041881356278	False	False	L8L10_enriched	0.0475754803293687	0.12259835315645	False		L8L10_enriched	1520.0	annotated	-	COG0664 cAMP-binding proteins - catabolite gene activator and regulatory subunit of cAMP-dependent protein kinases	K	HTH_Crp_2,cNMP_binding
group_3830	0.003831417624521	0.146496815286624	0.142665397662103	0.000999500249875	0.0019983940068799303	2.6993188814033258	True	False	L8L10_enriched	0.0109990834097159	0.155820348304308	False		L8L10_enriched	1321.0	valid_protein_no_eggnog_annotation				
group_3803	0.0	0.140127388535032	0.140127388535032	0.0004997501249375	0.001059637491421533	2.9748426841711053	True	False	L8L10_enriched	0.0	0.181818181818182	False		L8L10_enriched	1156.0	annotated	-	Nucleotidyltransferase domain	S	DUF4037,NTP_transf_2
group_3750	0.0651340996168582	0.101910828025478	0.0367767284086195	0.0099950024987506	0.01672601992553744	1.776607390180321	True	False	L8L10_enriched	0.147138964577657	0.036330608537693	False		direction_ambiguous		annotated	-	Phage plasmid primase, P4	S	D5_N,Pox_D5,PriCT_1
group_3725	0.0689655172413793	0.0636942675159236	-0.0052712497254557	0.210394802598701	0.25993658588778396	0.5851325895603898	False	False	Other_lineages_enriched	0.11864406779661	0.186440677966102	False		direction_ambiguous		annotated	-	hydrolase, family 25	M	Glyco_hydro_25,LysM,SH3_5
group_3626	0.003831417624521	0.127388535031847	0.123557117407326	0.0004997501249375	0.001059637491421533	2.9748426841711053	True	False	L8L10_enriched	0.0055710306406685	0.137418755803157	False		L8L10_enriched	1453.0	annotated	-	Type I Restriction	V	Methylase_S
group_3608	0.003831417624521	0.0828025477707006	0.0789711301461796	0.0004997501249375	0.001059637491421533	2.9748426841711053	True	False	L8L10_enriched	0.0263620386643234	0.216168717047452	False		L8L10_enriched	888.0	annotated	cps3J	Domain of unknown function (DUF4422)	M	DUF4422
group_3577	0.003831417624521	0.191082802547771	0.18725138492325	0.0004997501249375	0.001059637491421533	2.9748426841711053	True	False	L8L10_enriched	0.0266429840142096	0.197158081705151	False		L8L10_enriched	966.0	annotated	floL	SPFH domain / Band 7 family	S	Band_7,Flot
group_3328	0.0996168582375479	0.0828025477707006	-0.0168143104668473	0.0439780109945027	0.06292120982496154	1.2012029355202456	False	False	Other_lineages_enriched	0.109972041006524	0.0260950605778192	False		Other_lineages_enriched	973.0	annotated	-	-	-	-
group_3312	0.0459770114942529	0.114649681528662	0.0686726700344095	0.871064467766117	0.9071293999018191	0.04233075742182848	False	False	L8L10_enriched	0.149957877000842	0.165122156697557	False		L8L10_enriched	1272.0	annotated	-	Transposase	L	DDE_Tnp_IS240
group_2520	0.0804597701149425	0.0828025477707006	0.0023427776557581	0.427286356821589	0.4859884520977341	0.3133740501817721	False	False	L8L10_enriched	0.142605633802817	0.096830985915493	False		direction_ambiguous		annotated	spr7	NlpC/P60 family	M	LysM,NLPC_P60,SH3_3
group_2516	0.0344827586206897	0.0955414012738854	0.0610586426531957	0.0569715142428786	0.07961032206543044	1.0990306191287802	False	False	L8L10_enriched	0.113807531380753	0.21255230125523	False		L8L10_enriched	898.0	annotated	-	Cro/C1-type HTH DNA-binding domain	K	HTH_3
group_2505	0.003831417624521	0.140127388535032	0.136295970910511	0.0039980009995002	0.007214355582340176	2.141802455912525	True	False	L8L10_enriched	0.0274473924977127	0.142726440988106	False		L8L10_enriched	1402.0	annotated	-	Mannosyl-glycoprotein endo-beta-N-acetylglucosaminidase	MNU	Glucosaminidase,LysM
group_2141	0.0651340996168582	0.0955414012738854	0.0304073016570271	0.0049975012493753	0.00884359109381934	2.0533713463515078	True	False	L8L10_enriched	0.255144032921811	0.0987654320987654	False		direction_ambiguous		annotated	-	hmm pf00665	L	HTH_21,rve,rve_2
group_2126	0.0727969348659004	0.0764331210191083	0.0036361861532078	0.833583208395802	0.8705726376114636	0.06019498698461597	False	False	L8L10_enriched	0.119323241317899	0.0997328584149599	False		direction_ambiguous		valid_protein_no_eggnog_annotation				
uvrB_4	0.0	0.165605095541401	0.165605095541401	0.0004997501249375	0.001059637491421533	2.9748426841711053	True	False	L8L10_enriched	0.0	0.163452708907254	False		L8L10_enriched	1284.0	annotated	-	helicase	L	Helicase_C,ResIII
group_1986	0.003831417624521	0.133757961783439	0.129926544158918	0.0004997501249375	0.001059637491421533	2.9748426841711053	True	False	L8L10_enriched	0.010958904109589	0.162557077625571	False		L8L10_enriched	1295.0	valid_protein_no_eggnog_annotation				
group_1951	0.003831417624521	0.10828025477707	0.104448837152549	0.0019990004997501	0.0038205955027126337	2.4178689398669198	True	False	L8L10_enriched	0.0111940298507463	0.123134328358209	False		L8L10_enriched	1518.0	valid_protein_no_eggnog_annotation				
group_1828	0.0076628352490421	0.140127388535032	0.13246455328599	0.0004997501249375	0.001059637491421533	2.9748426841711053	True	False	L8L10_enriched	0.0436607892527288	0.277078085642317	False		L8L10_enriched	670.0	annotated	-	DnaD domain protein	L	-
group_1780	0.003831417624521	0.127388535031847	0.123557117407326	0.000999500249875	0.0019983940068799303	2.6993188814033258	True	False	L8L10_enriched	0.0074487895716946	0.130353817504655	False		L8L10_enriched	1477.0	annotated	-	N-acetylmuramoyl-L-alanine amidase activity	S	-
group_1682	0.0	0.089171974522293	0.089171974522293	0.0004997501249375	0.001059637491421533	2.9748426841711053	True	False	L8L10_enriched	0.0	0.14643188137164	False		L8L10_enriched	1377.0	valid_protein_no_eggnog_annotation				
group_1361	0.0	0.178343949044586	0.178343949044586	0.0004997501249375	0.001059637491421533	2.9748426841711053	True	False	L8L10_enriched	0.0	0.190045248868778	False		L8L10_enriched	1101.0	valid_protein_no_eggnog_annotation				
group_1330	0.0	0.178343949044586	0.178343949044586	0.0004997501249375	0.001059637491421533	2.9748426841711053	True	False	L8L10_enriched	0.0	0.165137614678899	False		L8L10_enriched	1268.0	valid_protein_no_eggnog_annotation				
gtf3_3~~~gtf3_1~~~gtf3_4	0.003831417624521	0.121019108280255	0.117187690655734	0.0004997501249375	0.001059637491421533	2.9748426841711053	True	False	L8L10_enriched	0.0289608177172061	0.267461669505963	False		L8L10_enriched	705.0	annotated	-	transferase activity, transferring glycosyl groups	M	-
group_954	0.0	0.229299363057325	0.229299363057325	0.0004997501249375	0.001059637491421533	2.9748426841711053	True	True	L8L10_enriched	0.0	0.204667863554758	False		L8L10_enriched	927.0	valid_protein_no_eggnog_annotation				
group_642	0.0	0.089171974522293	0.089171974522293	0.0004997501249375	0.001059637491421533	2.9748426841711053	True	False	L8L10_enriched	0.0	0.178506375227687	False		L8L10_enriched	1173.0	annotated	-	-	-	-
tarD	0.0383141762452107	0.089171974522293	0.0508577982770823	0.0654672663668166	0.09048432998265969	1.0434266251186173	False	False	L8L10_enriched	0.0628366247755835	0.141831238779174	False		L8L10_enriched	1410.0	annotated	tagD	Glycerol-3-phosphate cytidylyltransferase	IM	CTP_transf_like
group_615	0.0498084291187739	0.127388535031847	0.0775801059130732	1.0	1.0	-0.0	False	False	L8L10_enriched	0.116917626217892	0.111603188662533	False		direction_ambiguous		annotated	-	-	-	-
group_505	0.0498084291187739	0.127388535031847	0.0775801059130732	1.0	1.0	-0.0	False	False	L8L10_enriched	0.116917626217892	0.111603188662533	False		direction_ambiguous		annotated	-	-	-	-
group_423	0.003831417624521	0.10828025477707	0.104448837152549	0.0019990004997501	0.0038205955027126337	2.4178689398669198	True	False	L8L10_enriched	0.0111940298507463	0.123134328358209	False		L8L10_enriched	1519.0	valid_protein_no_eggnog_annotation				
group_136	0.0766283524904215	0.101910828025478	0.0252824755350563	0.679660169915043	0.7344966414791954	0.1340101857013456	False	False	L8L10_enriched	0.115004492362983	0.0880503144654088	False		direction_ambiguous		valid_protein_no_eggnog_annotation				
group_13360	0.003831417624521	0.146496815286624	0.142665397662103	0.0004997501249375	0.001059637491421533	2.9748426841711053	True	False	L8L10_enriched	0.0195918367346939	0.347755102040816	False		L8L10_enriched	554.0	valid_protein_no_eggnog_annotation				
dppE_2~~~dppE_1	0.0727969348659004	0.0	-0.0727969348659004	0.0174912543728136	0.027045369853787336	1.567907075070109	True	False	Other_lineages_enriched	0.0769230769230769	0.0	False		Other_lineages_enriched	1051.0	annotated	oppA	Bacterial extracellular solute-binding proteins, family 5 Middle	E	SBP_bac_5
group_3763	0.118773946360153	0.0	-0.118773946360153	0.0004997501249375	0.001059637491421533	2.9748426841711053	True	False	Other_lineages_enriched	0.20627802690583	0.0	False		Other_lineages_enriched	799.0	valid_protein_no_eggnog_annotation				
group_3709	0.003831417624521	0.222929936305732	0.219098518681211	0.0004997501249375	0.001059637491421533	2.9748426841711053	True	True	L8L10_enriched	0.0180995475113122	0.171945701357466	False		L8L10_enriched	1225.0	annotated	-	Transposase and inactivated derivatives, IS30 family	L	HTH_38,rve
group_3544	0.0114942528735632	0.121019108280255	0.109524855406692	0.0004997501249375	0.001059637491421533	2.9748426841711053	True	False	L8L10_enriched	0.033955857385399	0.268251273344652	False		L8L10_enriched	699.0	valid_protein_no_eggnog_annotation				
group_3506	0.0727969348659004	0.0445859872611465	-0.0282109476047539	1.0	1.0	-0.0	False	False	Other_lineages_enriched	0.0939476061427281	0.0993676603432701	False		direction_ambiguous		valid_protein_no_eggnog_annotation				
group_3487	0.0842911877394636	0.0445859872611465	-0.0397052004783171	1.0	1.0	-0.0	False	False	Other_lineages_enriched	0.136915077989601	0.12998266897747	False		Other_lineages_enriched	921.0	annotated	-	Hypothetical protein (DUF2513)	S	DUF2513
group_3409	0.0613026819923372	0.121019108280255	0.0597164262879176	1.0	1.0	-0.0	False	False	L8L10_enriched	0.13953488372093	0.137812230835487	False		L8L10_enriched	1446.0	annotated	-	Cro/C1-type HTH DNA-binding domain	K	HTH_3
group_3363	0.0	0.197452229299363	0.197452229299363	0.0004997501249375	0.001059637491421533	2.9748426841711053	True	False	L8L10_enriched	0.0	0.153277931671283	False		L8L10_enriched	1331.0	valid_protein_no_eggnog_annotation				
bin3_1~~~bin3	0.0	0.114649681528662	0.114649681528662	0.0004997501249375	0.001059637491421533	2.9748426841711053	True	False	L8L10_enriched	0.0	0.198198198198198	False		L8L10_enriched	961.0	annotated	-	Resolvase, N terminal domain	L	HTH_7,Resolvase
group_3095	0.0344827586206897	0.0955414012738854	0.0610586426531957	0.0004997501249375	0.001059637491421533	2.9748426841711053	True	False	L8L10_enriched	0.0487804878048781	0.209059233449477	False		L8L10_enriched	915.0	annotated	-	Psort location Cytoplasmic, score	K	-
group_3042	0.114942528735632	0.0191082802547771	-0.0958342484808551	0.0099950024987506	0.01672601992553744	1.776607390180321	True	False	Other_lineages_enriched	0.166666666666667	0.0412186379928315	False		Other_lineages_enriched	861.0	annotated	-	type I restriction-modification system	V	HsdM_N,Methylase_S,N6_Mtase
group_2929	0.0804597701149425	0.0764331210191083	-0.0040266490958342	0.0534732633683158	0.07513620588426465	1.1241507390720755	False	False	Other_lineages_enriched	0.0707338638373121	0.160919540229885	False		direction_ambiguous		annotated	-	Psort location CytoplasmicMembrane, score	S	PTPS_related
group_2800	0.0727969348659004	0.0636942675159236	-0.0091026673499768	0.0249875062468766	0.037339606840570694	1.4278302591740206	True	False	Other_lineages_enriched	0.0350230414746544	0.121658986175115	False		direction_ambiguous		annotated	-	-	-	-
group_2780	0.0	0.121019108280255	0.121019108280255	0.0004997501249375	0.001059637491421533	2.9748426841711053	True	False	L8L10_enriched	0.0	0.222222222222222	False		L8L10_enriched	869.0	valid_protein_no_eggnog_annotation				
group_2691	0.0	0.171974522292994	0.171974522292994	0.0004997501249375	0.001059637491421533	2.9748426841711053	True	False	L8L10_enriched	0.0	0.190045248868778	False		L8L10_enriched	1103.0	valid_protein_no_eggnog_annotation				
group_2684	0.0689655172413793	0.089171974522293	0.0202064572809137	0.653673163418291	0.7094377712329607	0.14908569294137697	False	False	L8L10_enriched	0.0879712746858169	0.116696588868941	False		L8L10_enriched	1545.0	annotated	-	AAA ATPase domain	L	AAA_15
gtf3_5~~~gtf3_2	0.003831417624521	0.089171974522293	0.0853405568977719	0.0004997501249375	0.001059637491421533	2.9748426841711053	True	False	L8L10_enriched	0.0300884955752212	0.2	False		L8L10_enriched	954.0	annotated	-	transferase activity, transferring glycosyl groups	M	-
group_2539	0.130268199233716	0.0191082802547771	-0.111159918978939	0.0054972513743128	0.00965020952496573	2.0154632571693076	True	False	Other_lineages_enriched	0.194566170026293	0.0525854513584575	False		Other_lineages_enriched	816.0	annotated	-	Abi-like protein	V	Abi_2
group_2529	0.0268199233716475	0.178343949044586	0.151524025672938	0.0004997501249375	0.001059637491421533	2.9748426841711053	True	False	L8L10_enriched	0.0685154975530179	0.300163132137031	False		L8L10_enriched	639.0	annotated	-	Probable transposase	L	OrfB_IS605,OrfB_Zn_ribbon
group_2345	0.0727969348659004	0.0764331210191083	0.0036361861532078	0.825587206396802	0.8638646697610234	0.063554287358363	False	False	L8L10_enriched	0.119323241317899	0.0997328584149599	False		direction_ambiguous		annotated	-	EpsG family	S	EpsG
group_2165	0.0727969348659004	0.101910828025478	0.0291138931595773	0.517741129435282	0.5804549239500696	0.2362315003695813	False	False	L8L10_enriched	0.0361560418648906	0.0608943862987631	False		L8L10_enriched	1786.0	valid_protein_no_eggnog_annotation				
group_2162	0.0153256704980843	0.0955414012738854	0.0802157307758011	0.0004997501249375	0.001059637491421533	2.9748426841711053	True	False	L8L10_enriched	0.0087489063867016	0.241469816272966	False		L8L10_enriched	785.0	valid_protein_no_eggnog_annotation				
group_2118	0.14176245210728	0.0	-0.14176245210728	0.0004997501249375	0.001059637491421533	2.9748426841711053	True	False	Other_lineages_enriched	0.329156223893066	0.0	False		Other_lineages_enriched	635.0	valid_protein_no_eggnog_annotation				
group_2084	0.0651340996168582	0.0318471337579618	-0.0332869658588964	0.504747626186906	0.5676257434422715	0.24593791627765008	False	False	Other_lineages_enriched	0.0844564240790656	0.118598382749326	False		direction_ambiguous		annotated	-	HNH endonuclease	S	-
group_1837	0.003831417624521	0.0955414012738854	0.0917099836493643	0.0004997501249375	0.001059637491421533	2.9748426841711053	True	False	L8L10_enriched	0.028936170212766	0.268936170212766	False		L8L10_enriched	690.0	annotated	-	Phage tail tube protein	S	Phage_tail_2
group_1664	0.0727969348659004	0.0636942675159236	-0.0091026673499768	0.0294852573713143	0.04339165834679795	1.3625937516430695	True	False	Other_lineages_enriched	0.0350230414746544	0.121658986175115	False		direction_ambiguous		valid_protein_no_eggnog_annotation				
group_1644	0.10727969348659	0.0191082802547771	-0.088171413231813	0.0089955022488755	0.01516897641251012	1.8190437239856339	True	False	Other_lineages_enriched	0.159928122192273	0.0431266846361186	False		Other_lineages_enriched	881.0	annotated	-	Restriction endonuclease	V	Mrr_cat
group_1383	0.0996168582375479	0.0445859872611465	-0.0550308709764014	0.305347326336832	0.35984243214587314	0.44388762653727176	False	False	Other_lineages_enriched	0.127468581687612	0.0771992818671454	False		Other_lineages_enriched	939.0	valid_protein_no_eggnog_annotation				
group_1285	0.0	0.178343949044586	0.178343949044586	0.0004997501249375	0.001059637491421533	2.9748426841711053	True	False	L8L10_enriched	0.0	0.190045248868778	False		L8L10_enriched	1102.0	valid_protein_no_eggnog_annotation				
group_1276	0.0498084291187739	0.089171974522293	0.039363545403519	0.349325337331334	0.4077318407746176	0.3896253721074211	False	False	L8L10_enriched	0.0723327305605787	0.119349005424955	False		L8L10_enriched	1536.0	annotated	-	Bifunctional DNA primase/polymerase, N-terminal	L	Prim-Pol
group_651	0.003831417624521	0.0828025477707006	0.0789711301461796	0.0004997501249375	0.001059637491421533	2.9748426841711053	True	False	L8L10_enriched	0.0017605633802816	0.237676056338028	False		L8L10_enriched	808.0	annotated	mleP2	Sodium Bile acid symporter family	S	Mem_trans
group_631	0.0	0.197452229299363	0.197452229299363	0.0004997501249375	0.001059637491421533	2.9748426841711053	True	False	L8L10_enriched	0.0	0.118532455315146	False		L8L10_enriched	1538.0	valid_protein_no_eggnog_annotation				
group_551	0.003831417624521	0.127388535031847	0.123557117407326	0.0004997501249375	0.001059637491421533	2.9748426841711053	True	False	L8L10_enriched	0.010958904109589	0.162557077625571	False		L8L10_enriched	1296.0	valid_protein_no_eggnog_annotation				
group_457	0.0727969348659004	0.0764331210191083	0.0036361861532078	0.827586206896552	0.8656814449917902	0.06264189104692171	False	False	L8L10_enriched	0.119323241317899	0.0997328584149599	False		direction_ambiguous		annotated	-	Polysaccharide pyruvyl transferase	S	PS_pyruv_trans
group_285	0.0689655172413793	0.0636942675159236	-0.0052712497254557	0.0279860069965017	0.04133298657708342	1.3837032129838207	True	False	Other_lineages_enriched	0.0437556973564266	0.133090246125798	False		direction_ambiguous		annotated	-	ParE toxin of type II toxin-antitoxin system, parDE	S	ParE_toxin
group_14112	0.053639846743295	0.114649681528662	0.0610098347853674	0.0029985007496251	0.005538150207407345	2.256635269362656	True	False	L8L10_enriched	0.0855704697986577	0.236577181208054	False		L8L10_enriched	810.0	annotated	-	to Yersinia pestis insertion element IS1661 DNA-binding protein YPO0996 SWALL Q8ZHA8 (EMBL AJ414145)(178 aa) fasta scores E() 8.6e-14, 36.51 id in 178 aa, and to Klebsiella pneumoniae OrfA SWALL Q9AG22 (EMBL AF345899) (173 aa) fasta scores E() 1e-18, 40.22 38d in 174 aa	L	HTH_28,HTH_Tnp_1
group_12617	0.118773946360153	0.0191082802547771	-0.0996656661053762	0.55472263868066	0.6135653220720962	0.21213919413456866	False	False	Other_lineages_enriched	0.125223613595707	0.0858676207513417	False		Other_lineages_enriched	949.0	annotated	-	Belongs to the glycosyl hydrolase 1 family	G	Glyco_hydro_1
group_12584	0.0766283524904215	0.0	-0.0766283524904215	0.0019990004997501	0.0038205955027126337	2.4178689398669198	True	False	Other_lineages_enriched	0.107852412488174	0.0	False		Other_lineages_enriched	980.0	annotated	-	FMN_bind	C	FAD_binding_2,FMN_bind
group_9006	0.0268199233716475	0.165605095541401	0.138785172169754	0.0014992503748125	0.002921366046722169	2.534414022584289	True	False	L8L10_enriched	0.0763358778625954	0.227311280746395	False		L8L10_enriched	833.0	valid_protein_no_eggnog_annotation				
group_8719	0.0344827586206897	0.0318471337579618	-0.0026356248627278	0.800599700149925	0.8425346572960725	0.07441222557487916	False	False	Other_lineages_enriched	0.0752984389348026	0.0881542699724518	False		direction_ambiguous		annotated	yciQ	membrane protein (DUF2207)	P	DUF2207
group_3767	0.0421455938697318	0.140127388535032	0.0979817946653	0.598200899550225	0.6548411840591334	0.1838640148936153	False	False	L8L10_enriched	0.166383701188455	0.135823429541596	False		direction_ambiguous		annotated	-	Protein of unknown function (DUF2800)	L	DUF2800
group_3561	0.0153256704980843	0.101910828025478	0.0865851575273934	0.0039980009995002	0.007214355582340176	2.141802455912525	True	False	L8L10_enriched	0.0641803989592368	0.201214223764094	False		L8L10_enriched	949.0	annotated	-	-	-	-
dinG_2~~~dinG_4	0.0498084291187739	0.114649681528662	0.0648412524098885	0.000999500249875	0.0019983940068799303	2.6993188814033258	True	False	L8L10_enriched	0.0624472573839662	0.249789029535865	False		L8L10_enriched	762.0	annotated	-	RNase_H superfamily	L	RNase_T
group_3454	0.111111111111111	0.0127388535031847	-0.0983722576079264	0.009495252373813	0.01595454185197034	1.797115662421142	True	False	Other_lineages_enriched	0.14936247723133	0.029143897996357	False		Other_lineages_enriched	907.0	valid_protein_no_eggnog_annotation				
group_3437	0.003831417624521	0.0955414012738854	0.0917099836493643	0.0004997501249375	0.001059637491421533	2.9748426841711053	True	False	L8L10_enriched	0.028936170212766	0.268936170212766	False		L8L10_enriched	691.0	annotated	-	Protein of unknown function (DUF3168)	S	DUF3168
group_3429	0.0	0.171974522292994	0.171974522292994	0.0004997501249375	0.001059637491421533	2.9748426841711053	True	False	L8L10_enriched	0.0	0.201438848920863	False		L8L10_enriched	947.0	annotated	-	by MetaGeneAnnotator	S	Collagen
group_3311	0.0	0.121019108280255	0.121019108280255	0.0004997501249375	0.001059637491421533	2.9748426841711053	True	False	L8L10_enriched	0.0	0.23321554770318	False		L8L10_enriched	821.0	valid_protein_no_eggnog_annotation				
group_3045	0.053639846743295	0.0955414012738854	0.0419015545305903	0.564217891054473	0.6223963679358849	0.20593295038534304	False	False	L8L10_enriched	0.124245038826575	0.150129421915444	False		L8L10_enriched	1342.0	annotated	-	Phage regulatory protein Rha (Phage_pRha)	S	Phage_pRha
group_3026	0.0	0.184713375796178	0.184713375796178	0.0004997501249375	0.001059637491421533	2.9748426841711053	True	False	L8L10_enriched	0.0	0.186763372620127	False		L8L10_enriched	1126.0	annotated	-	site-specific DNA-methyltransferase (adenine-specific) activity	V	N6_Mtase
group_2995	0.0957854406130268	0.0700636942675159	-0.0257217463455109	0.222888555722139	0.27393427493638495	0.5623536249769203	False	False	Other_lineages_enriched	0.135593220338983	0.08028545941124	False		Other_lineages_enriched	924.0	annotated	-	Glycosyltransferase WbsX	S	Glyco_tran_WbsX
group_2887	0.0	0.171974522292994	0.171974522292994	0.0004997501249375	0.001059637491421533	2.9748426841711053	True	False	L8L10_enriched	0.0	0.161764705882353	False		L8L10_enriched	1300.0	valid_protein_no_eggnog_annotation				
group_2747	0.003831417624521	0.114649681528662	0.110818263904141	0.0004997501249375	0.001059637491421533	2.9748426841711053	True	False	L8L10_enriched	0.0110803324099723	0.142197599261311	False		L8L10_enriched	1406.0	valid_protein_no_eggnog_annotation				
group_2693	0.0	0.184713375796178	0.184713375796178	0.0004997501249375	0.001059637491421533	2.9748426841711053	True	False	L8L10_enriched	0.0	0.163452708907254	False		L8L10_enriched	1283.0	valid_protein_no_eggnog_annotation				
group_2626	0.0153256704980843	0.101910828025478	0.0865851575273934	0.0054972513743128	0.00965020952496573	2.0154632571693076	True	False	L8L10_enriched	0.0832625318606627	0.21750212404418	False		L8L10_enriched	884.0	annotated	-	Antitoxin component of a toxin-antitoxin (TA) module	D	PhdYeFM_antitox
group_2597	0.0651340996168582	0.0573248407643312	-0.007809258852527	0.510744627686157	0.5735867580865328	0.24140088341475263	False	False	Other_lineages_enriched	0.0813008130081301	0.112014453477868	False		direction_ambiguous		valid_protein_no_eggnog_annotation				
group_2373	0.0459770114942529	0.089171974522293	0.0431949630280401	0.345827086456772	0.4039348634792853	0.3936886614047907	False	False	L8L10_enriched	0.111972437553833	0.165374677002584	False		L8L10_enriched	1266.0	annotated	-	Eco57I restriction-modification methylase	L	N6_Mtase
group_2317	0.0	0.191082802547771	0.191082802547771	0.0004997501249375	0.001059637491421533	2.9748426841711053	True	False	L8L10_enriched	0.0	0.185117967332123	False		L8L10_enriched	1134.0	annotated	XK27_07085	CAAX protease self-immunity	S	Abi
group_2217	0.114942528735632	0.0254777070063694	-0.0894648217292628	0.0014992503748125	0.002921366046722169	2.534414022584289	True	False	Other_lineages_enriched	0.19360568383659	0.0301953818827709	False		Other_lineages_enriched	817.0	annotated	-	sequence-specific DNA binding	K	HTH_3
group_1988	0.003831417624521	0.10828025477707	0.104448837152549	0.0004997501249375	0.001059637491421533	2.9748426841711053	True	False	L8L10_enriched	0.0104712041884817	0.244328097731239	False		L8L10_enriched	779.0	annotated	-	-	-	-
group_1937	0.0727969348659004	0.0573248407643312	-0.0154720941015692	0.0769615192403798	0.10448628178700102	0.9809407252016544	False	False	Other_lineages_enriched	0.0355472404115996	0.0935453695042095	False		direction_ambiguous		valid_protein_no_eggnog_annotation				
group_1888	0.0651340996168582	0.0636942675159236	-0.0014398321009346	0.227386306846577	0.27863067350668325	0.5549710752723713	False	False	Other_lineages_enriched	0.138913624220837	0.0801424755120214	False		Other_lineages_enriched	917.0	valid_protein_no_eggnog_annotation				
group_1839	0.003831417624521	0.0955414012738854	0.0917099836493643	0.0004997501249375	0.001059637491421533	2.9748426841711053	True	False	L8L10_enriched	0.028936170212766	0.268936170212766	False		L8L10_enriched	692.0	annotated	-	-	-	-
group_1822	0.003831417624521	0.0955414012738854	0.0917099836493643	0.0004997501249375	0.001059637491421533	2.9748426841711053	True	False	L8L10_enriched	0.028936170212766	0.268936170212766	False		L8L10_enriched	693.0	annotated	-	Bacteriophage HK97-gp10, putative tail-component	S	HK97-gp10_like
group_1744	0.0	0.184713375796178	0.184713375796178	0.0004997501249375	0.001059637491421533	2.9748426841711053	True	False	L8L10_enriched	0.0	0.181818181818182	False		L8L10_enriched	1155.0	valid_protein_no_eggnog_annotation				
group_1660	0.003831417624521	0.191082802547771	0.18725138492325	0.0004997501249375	0.001059637491421533	2.9748426841711053	True	False	L8L10_enriched	0.0072398190045248	0.182805429864253	False		L8L10_enriched	1145.0	valid_protein_no_eggnog_annotation				
group_1349	0.0	0.0828025477707006	0.0828025477707006	0.0004997501249375	0.001059637491421533	2.9748426841711053	True	False	L8L10_enriched	0.0	0.170173833485819	False		L8L10_enriched	1236.0	annotated	-	DEAD-like helicases superfamily	L	Eco57I,ResIII,T5orf172
dppE_2~~~oppA_1~~~dppE_1	0.003831417624521	0.127388535031847	0.123557117407326	0.000999500249875	0.0019983940068799303	2.6993188814033258	True	False	L8L10_enriched	0.0056925996204933	0.0967741935483871	False		L8L10_enriched	1631.0	annotated	oppA	Bacterial extracellular solute-binding proteins, family 5 Middle	E	SBP_bac_5
group_981	0.0727969348659004	0.0764331210191083	0.0036361861532078	0.829585207396302	0.8674970670805507	0.06173198484012716	False	False	L8L10_enriched	0.119323241317899	0.0997328584149599	False		direction_ambiguous		annotated	cps2J	Polysaccharide biosynthesis protein	S	Polysacc_synt,Polysacc_synt_3,Polysacc_synt_C
group_917	0.003831417624521	0.0828025477707006	0.0789711301461796	0.0004997501249375	0.001059637491421533	2.9748426841711053	True	False	L8L10_enriched	0.021034180543383	0.226117440841367	False		L8L10_enriched	841.0	annotated	-	-	-	-
group_514	0.0727969348659004	0.0700636942675159	-0.0027332405983844	0.284857571214393	0.339582379577216	0.4690548527358518	False	False	Other_lineages_enriched	0.120938628158845	0.0740072202166065	False		Other_lineages_enriched	956.0	annotated	-	Glycosyltransferase like family 2	M	Glycos_transf_2
group_406	0.003831417624521	0.0955414012738854	0.0917099836493643	0.0004997501249375	0.001059637491421533	2.9748426841711053	True	False	L8L10_enriched	0.028936170212766	0.268936170212766	False		L8L10_enriched	694.0	annotated	-	-	-	-
group_185	0.0229885057471264	0.0445859872611465	0.0215974815140201	0.095952023988006	0.1276905973507592	0.8938410813507135	False	False	L8L10_enriched	0.0319849482596425	0.0865475070555033	False		L8L10_enriched	1654.0	annotated	-	-	-	YbjQ_1
group_168	0.0421455938697318	0.140127388535032	0.0979817946653	0.0004997501249375	0.001059637491421533	2.9748426841711053	True	False	L8L10_enriched	0.0595744680851064	0.238297872340426	False		L8L10_enriched	796.0	annotated	-	Transposase IS200 like	L	Y1_Tnp
group_5	0.003831417624521	0.0955414012738854	0.0917099836493643	0.0004997501249375	0.001059637491421533	2.9748426841711053	True	False	L8L10_enriched	0.028936170212766	0.268936170212766	False		L8L10_enriched	695.0	annotated	-	Pfam:Phage_TAC_12	S	-
group_12585	0.0727969348659004	0.0	-0.0727969348659004	0.0019990004997501	0.0038205955027126337	2.4178689398669198	True	False	Other_lineages_enriched	0.106060606060606	0.0	False		Other_lineages_enriched	986.0	annotated	-	LysR substrate binding domain	K	HTH_1,LysR_substrate
ssp5	0.0229885057471264	0.127388535031847	0.104400029284721	0.0089955022488755	0.01516897641251012	1.8190437239856339	True	False	L8L10_enriched	0.07426597582038	0.198618307426598	False		L8L10_enriched	956.0	annotated	pac	cell adhesion	MU	Antigen_C,Collagen,GbpC,Gram_pos_anchor,OMP_b-brl_2,Strep_SA_rep
gerN~~~gerN_1~~~gerN_2~~~napA_1~~~napA	0.0574712643678161	0.0382165605095541	-0.019254703858262	0.553723138430785	0.6126654604195556	0.21277660272992882	False	False	Other_lineages_enriched	0.12354521038496	0.0859444941808415	False		Other_lineages_enriched	952.0	annotated	napA	Belongs to the monovalent cation proton antiporter 2 (CPA2) transporter (TC 2.A.37) family	P	Na_H_Exchanger
group_3784	0.0	0.133757961783439	0.133757961783439	0.0024987506246876	0.00467805869792366	2.3299343331843234	True	False	L8L10_enriched	0.0	0.0713596914175506	False		L8L10_enriched	1713.0	valid_protein_no_eggnog_annotation				
group_3738	0.130268199233716	0.0	-0.130268199233716	0.0004997501249375	0.001059637491421533	2.9748426841711053	True	False	Other_lineages_enriched	0.306519898391194	0.0	False		Other_lineages_enriched	671.0	valid_protein_no_eggnog_annotation				
group_3479	0.0191570881226054	0.165605095541401	0.146448007418796	0.0049975012493753	0.00884359109381934	2.0533713463515078	True	False	L8L10_enriched	0.0431654676258993	0.158273381294964	False		L8L10_enriched	1315.0	annotated	-	Transposase	L	HTH_28
group_3471	0.0	0.171974522292994	0.171974522292994	0.0004997501249375	0.001059637491421533	2.9748426841711053	True	False	L8L10_enriched	0.0	0.185117967332123	False		L8L10_enriched	1136.0	valid_protein_no_eggnog_annotation				
group_3443	0.0229885057471264	0.127388535031847	0.104400029284721	0.0004997501249375	0.001059637491421533	2.9748426841711053	True	False	L8L10_enriched	0.0615384615384615	0.229059829059829	False		L8L10_enriched	828.0	valid_protein_no_eggnog_annotation				
group_3412	0.0344827586206897	0.0509554140127389	0.0164726553920492	1.0	1.0	-0.0	False	False	L8L10_enriched	0.114537444933921	0.123348017621145	False		L8L10_enriched	1517.0	annotated	-	Resolvase, N terminal domain	L	Resolvase
glyD	0.0	0.10828025477707	0.10828025477707	0.0004997501249375	0.001059637491421533	2.9748426841711053	True	False	L8L10_enriched	0.0	0.277347114556417	False		L8L10_enriched	669.0	annotated	-	cog cog1442	M	GT-D,Glyco_transf_8
group_3158	0.111111111111111	0.0063694267515923	-0.104741684359519	0.0004997501249375	0.001059637491421533	2.9748426841711053	True	False	Other_lineages_enriched	0.174070716228468	0.0126926563916591	False		Other_lineages_enriched	842.0	annotated	-	Phage uncharacterised protein (Phage_XkdX)	S	-
group_2967	0.0727969348659004	0.0573248407643312	-0.0154720941015692	0.0454772613693153	0.06481296548957349	1.188338107133581	False	False	Other_lineages_enriched	0.0352177942539388	0.111214087117702	False		direction_ambiguous		valid_protein_no_eggnog_annotation				
group_2868	0.0727969348659004	0.0573248407643312	-0.0154720941015692	0.0734632683658171	0.10023249244942746	0.9989914700455376	False	False	Other_lineages_enriched	0.0355472404115996	0.0935453695042095	False		direction_ambiguous		annotated	-	COG3505 Type IV secretory pathway, VirD4 components	U	T4SS-DNA_transf
group_2773	0.0	0.184713375796178	0.184713375796178	0.0004997501249375	0.001059637491421533	2.9748426841711053	True	False	L8L10_enriched	0.0	0.180163785259327	False		L8L10_enriched	1167.0	valid_protein_no_eggnog_annotation				
group_2742	0.0651340996168582	0.0509554140127389	-0.0141786856041194	0.840579710144927	0.8764905521922578	0.05725276086269344	False	False	Other_lineages_enriched	0.105913503971756	0.128861429832304	False		direction_ambiguous		annotated	-	-	-	-
group_2661	0.0651340996168582	0.0382165605095541	-0.0269175391073041	1.0	1.0	-0.0	False	False	Other_lineages_enriched	0.10573476702509	0.102150537634409	False		Other_lineages_enriched	988.0	annotated	-	Zn peptidase	E	Peptidase_M78
group_2658	0.0	0.0955414012738854	0.0955414012738854	0.0004997501249375	0.001059637491421533	2.9748426841711053	True	False	L8L10_enriched	0.0	0.24715162138475	False		L8L10_enriched	772.0	annotated	arbY	family 8	M	Glyco_transf_8
group_2566	0.0574712643678161	0.0828025477707006	0.0253312834028845	0.130934532733633	0.1698540493532759	0.7699240950063759	False	False	L8L10_enriched	0.125454545454545	0.0563636363636364	False		direction_ambiguous		annotated	-	Uncharacterized protein conserved in bacteria (DUF2188)	S	DUF2188
iolT_2~~~iolT	0.0268199233716475	0.159235668789809	0.132415745418161	0.236381809095452	0.28836655348741735	0.5400551131558227	False	False	L8L10_enriched	0.101310043668122	0.151965065502183	False		L8L10_enriched	1338.0	annotated	-	Belongs to the major facilitator superfamily. Sugar transporter (TC 2.A.1.1) family	EGP	Sugar_tr
group_2282	0.0957854406130268	0.0509554140127389	-0.044830026600288	0.0024987506246876	0.00467805869792366	2.3299343331843234	True	False	Other_lineages_enriched	0.226027397260274	0.0616438356164384	False		Other_lineages_enriched	776.0	annotated	-	Helix-turn-helix XRE-family like proteins	K	HTH_19,HTH_3
group_2258	0.0383141762452107	0.101910828025478	0.063596651780267	0.131934032983508	0.1708815403618942	0.7673048498127287	False	False	L8L10_enriched	0.0765124555160142	0.144128113879004	False		L8L10_enriched	1396.0	valid_protein_no_eggnog_annotation				
group_2242	0.0727969348659004	0.0573248407643312	-0.0154720941015692	0.0469765117441279	0.06674756627723218	1.175564564744472	False	False	Other_lineages_enriched	0.0352177942539388	0.111214087117702	False		direction_ambiguous		annotated	-	-	-	-
iolG_6~~~iolG_2~~~iolG_5~~~iolG_4	0.0268199233716475	0.159235668789809	0.132415745418161	0.413793103448276	0.4721081287611044	0.3259585218189039	False	False	L8L10_enriched	0.101754385964912	0.143859649122807	False		L8L10_enriched	1397.0	annotated	-	Oxidoreductase family, NAD-binding Rossmann fold	S	GFO_IDH_MocA,GFO_IDH_MocA_C
topB~~~topB_2~~~topB_3	0.0727969348659004	0.0573248407643312	-0.0154720941015692	0.047976011994003	0.06793337323602917	1.1679168199533443	False	False	Other_lineages_enriched	0.0352177942539388	0.111214087117702	False		direction_ambiguous		annotated	traI	C-terminal repeat of topoisomerase	L	Topoisom_bac,Toprim,Toprim_Crpt,zf-C4_Topoisom
group_2050	0.0689655172413793	0.0382165605095541	-0.0307489567318252	0.198900549725137	0.246939454161389	0.6074095161609125	False	False	Other_lineages_enriched	0.173688736027515	0.106620808254514	False		Other_lineages_enriched	844.0	valid_protein_no_eggnog_annotation				
group_2030	0.003831417624521	0.146496815286624	0.142665397662103	0.0004997501249375	0.001059637491421533	2.9748426841711053	True	False	L8L10_enriched	0.0109789569990851	0.159194876486734	False		L8L10_enriched	1308.0	valid_protein_no_eggnog_annotation				
group_1862	0.0727969348659004	0.0573248407643312	-0.0154720941015692	0.0889555222388806	0.11905298366251485	0.924259715992586	False	False	Other_lineages_enriched	0.0355472404115996	0.0935453695042095	False		direction_ambiguous		annotated	-	-	-	-
group_1816	0.0	0.184713375796178	0.184713375796178	0.0004997501249375	0.001059637491421533	2.9748426841711053	True	False	L8L10_enriched	0.0	0.166819431714024	False		L8L10_enriched	1256.0	valid_protein_no_eggnog_annotation				
group_1626	0.0	0.165605095541401	0.165605095541401	0.0004997501249375	0.001059637491421533	2.9748426841711053	True	False	L8L10_enriched	0.0	0.158379373848987	False		L8L10_enriched	1312.0	annotated	-	Fic/DOC family	S	Fic,HTH_17
group_1554	0.003831417624521	0.10828025477707	0.104448837152549	0.000999500249875	0.0019983940068799303	2.6993188814033258	True	False	L8L10_enriched	0.0110803324099723	0.142197599261311	False		L8L10_enriched	1408.0	valid_protein_no_eggnog_annotation				
arnC_2~~~glyG~~~tagF~~~arnC_3	0.0766283524904215	0.0636942675159236	-0.0129340849744979	0.186906546726637	0.23310260085702839	0.6324528807842101	False	False	Other_lineages_enriched	0.126353790613718	0.0685920577617329	False		Other_lineages_enriched	943.0	annotated	-	Glycosyltransferase, group 2 family protein	M	Glyco_trans_1_2,Glycos_transf_2
group_1432	0.0957854406130268	0.0445859872611465	-0.0511994533518803	0.0029985007496251	0.005538150207407345	2.256635269362656	True	False	Other_lineages_enriched	0.173679498657117	0.035810205908684	False		Other_lineages_enriched	845.0	annotated	gpG	-	-	-
repN	0.0	0.140127388535032	0.140127388535032	0.0074962518740629	0.012817929385073822	1.8921821253059585	True	False	L8L10_enriched	0.0	0.0676328502415459	False		L8L10_enriched	1776.0	annotated	-	Replication initiation factor	L	Rep_trans
clpE~~~clpC1	0.0727969348659004	0.0509554140127389	-0.0218415208531615	0.229385307346327	0.2805584958077756	0.551976575555888	False	False	Other_lineages_enriched	0.0357815442561205	0.0809792843691149	False		direction_ambiguous		annotated	clpB	Part of a stress-induced multi-chaperone system, it is involved in the recovery of the cell from heat-induced damage, in cooperation with DnaK, DnaJ and GrpE	O	AAA,AAA_2,ClpB_D2-small,Clp_N
group_953	0.0727969348659004	0.0509554140127389	-0.0218415208531615	0.220889555222389	0.27178158493568777	0.5657799730330806	False	False	Other_lineages_enriched	0.0357815442561205	0.0809792843691149	False		direction_ambiguous		valid_protein_no_eggnog_annotation				
group_854	0.0	0.171974522292994	0.171974522292994	0.0004997501249375	0.001059637491421533	2.9748426841711053	True	False	L8L10_enriched	0.0	0.154981549815498	False		L8L10_enriched	1324.0	valid_protein_no_eggnog_annotation				
group_794	0.0727969348659004	0.0573248407643312	-0.0154720941015692	0.047976011994003	0.06793337323602917	1.1679168199533443	False	False	Other_lineages_enriched	0.0352177942539388	0.111214087117702	False		direction_ambiguous		annotated	-	four-way junction helicase activity	L	-
group_743	0.0996168582375479	0.0573248407643312	-0.0422920174732167	0.008495752123938	0.014407361424794497	1.8414155489276929	True	False	Other_lineages_enriched	0.164874551971326	0.043010752688172	False		Other_lineages_enriched	866.0	valid_protein_no_eggnog_annotation				
group_705	0.0727969348659004	0.0509554140127389	-0.0218415208531615	0.225887056471764	0.2771026995809614	0.5573592432274974	False	False	Other_lineages_enriched	0.0357815442561205	0.0809792843691149	False		direction_ambiguous		valid_protein_no_eggnog_annotation				
group_402	0.0727969348659004	0.0573248407643312	-0.0154720941015692	0.0854572713643178	0.11479074975353737	0.9400931075204148	False	False	Other_lineages_enriched	0.0355472404115996	0.0935453695042095	False		direction_ambiguous		annotated	-	the current gene model (or a revised gene model) may contain a frame shift	S	-
group_359	0.0498084291187739	0.10828025477707	0.0584718256582961	1.0	1.0	-0.0	False	False	L8L10_enriched	0.117021276595745	0.109929078014184	False		direction_ambiguous		annotated	-	PIN domain	S	PIN_3
group_28	0.003831417624521	0.0955414012738854	0.0917099836493643	0.0004997501249375	0.001059637491421533	2.9748426841711053	True	False	L8L10_enriched	0.028936170212766	0.268936170212766	False		L8L10_enriched	696.0	annotated	-	phage tail	S	Sipho_tail
group_15062	0.0	0.165605095541401	0.165605095541401	0.0004997501249375	0.001059637491421533	2.9748426841711053	True	False	L8L10_enriched	0.0	0.3779399837794	False		L8L10_enriched	506.0	annotated	-	manually curated	L	DDE_Tnp_1,DDE_Tnp_1_2,DUF4096
group_3865	0.053639846743295	0.10828025477707	0.054640408033775	0.0679660169915042	0.09358463267321619	1.028795459949403	False	False	L8L10_enriched	0.111111111111111	0.205387205387205	False		L8L10_enriched	925.0	annotated	-	Glucan-binding protein C	D	Antigen_C,GbpC,Gram_pos_anchor,Strep_SA_rep
group_3842	0.003831417624521	0.146496815286624	0.142665397662103	0.0004997501249375	0.001059637491421533	2.9748426841711053	True	False	L8L10_enriched	0.0036563071297989	0.16819012797075	False		L8L10_enriched	1242.0	annotated	-	Helix-turn-helix XRE-family like proteins	K	HTH_3,HTH_31
COQ5_3	0.0	0.121019108280255	0.121019108280255	0.0004997501249375	0.001059637491421533	2.9748426841711053	True	False	L8L10_enriched	0.0	0.144712430426716	False		L8L10_enriched	1391.0	annotated	-	Protein of unknown function (DUF1698)	Q	Methyltransf_11,Methyltransf_25
group_3601	0.0	0.171974522292994	0.171974522292994	0.0004997501249375	0.001059637491421533	2.9748426841711053	True	False	L8L10_enriched	0.0	0.144712430426716	False		L8L10_enriched	1388.0	annotated	-	Helix-turn-helix domain	L	HTH_OrfB_IS605,OrfB_IS605,OrfB_Zn_ribbon
group_3313	0.0459770114942529	0.0828025477707006	0.0368255362764478	0.0224887556221889	0.03400663137912456	1.4684363861770948	True	False	L8L10_enriched	0.0654867256637168	0.164601769911504	False		L8L10_enriched	1273.0	annotated	-	-	-	-
group_3256	0.0344827586206897	0.10828025477707	0.0737974961563804	0.0299850074962519	0.044087728558746105	1.3556822758576	True	False	L8L10_enriched	0.0773286467486819	0.165202108963093	False		L8L10_enriched	1267.0	valid_protein_no_eggnog_annotation				
cotSA~~~mshA	0.0229885057471264	0.121019108280255	0.0980306025331283	0.0004997501249375	0.001059637491421533	2.9748426841711053	True	False	L8L10_enriched	0.0745033112582782	0.269867549668874	False		L8L10_enriched	685.0	annotated	-	Glycosyl transferases group 1	M	Glyco_transf_4,Glycos_transf_1
arnC_8~~~arnC_4	0.003831417624521	0.114649681528662	0.110818263904141	0.0004997501249375	0.001059637491421533	2.9748426841711053	True	False	L8L10_enriched	0.0291845493562232	0.254077253218884	False		L8L10_enriched	748.0	annotated	-	Glycosyltransferase like family 2	M	Glycos_transf_2
ywrO	0.0459770114942529	0.121019108280255	0.0750420967860019	0.491254372813593	0.5537746008966092	0.25666696723148374	False	False	L8L10_enriched	0.0953253895508707	0.0714940421631531	False		direction_ambiguous		annotated	ydeQ	Flavodoxin-like fold	S	Flavodoxin_2
xerC_15~~~xerC_17	0.0076628352490421	0.152866242038217	0.145203406789174	0.0044977511244377	0.008036925138298385	2.094910076984476	True	False	L8L10_enriched	0.0293308890925756	0.137488542621448	False		L8L10_enriched	1452.0	annotated	-	Phage integrase family	L	Phage_int_SAM_5,Phage_integrase
group_2316	0.0	0.165605095541401	0.165605095541401	0.0004997501249375	0.001059637491421533	2.9748426841711053	True	False	L8L10_enriched	0.0	0.123827392120075	False		L8L10_enriched	1512.0	valid_protein_no_eggnog_annotation				
group_2295	0.003831417624521	0.101910828025478	0.0980794104009566	0.0004997501249375	0.001059637491421533	2.9748426841711053	True	False	L8L10_enriched	0.0267141585040071	0.192341941228851	False		L8L10_enriched	1002.0	annotated	-	C-terminal, D2-small domain, of ClpB protein	O	AAA,AAA_2,ClpB_D2-small,Clp_N
group_2138	0.0	0.114649681528662	0.114649681528662	0.0004997501249375	0.001059637491421533	2.9748426841711053	True	False	L8L10_enriched	0.0	0.256320836965998	False		L8L10_enriched	746.0	valid_protein_no_eggnog_annotation				
group_1812	0.0689655172413793	0.0700636942675159	0.0010981770261366	0.298850574712644	0.3537042541947421	0.45135971665629593	False	False	L8L10_enriched	0.120938628158845	0.0740072202166065	False		direction_ambiguous		annotated	-	-	-	-
group_1645	0.003831417624521	0.0955414012738854	0.0917099836493643	0.0004997501249375	0.001059637491421533	2.9748426841711053	True	False	L8L10_enriched	0.028936170212766	0.268936170212766	False		L8L10_enriched	697.0	annotated	-	Phage tail tape measure protein	D	Peptidase_M23,PhageMin_Tail,SLT
group_1596	0.0	0.184713375796178	0.184713375796178	0.0004997501249375	0.001059637491421533	2.9748426841711053	True	False	L8L10_enriched	0.0	0.166819431714024	False		L8L10_enriched	1257.0	valid_protein_no_eggnog_annotation				
group_1291	0.0	0.121019108280255	0.121019108280255	0.0004997501249375	0.001059637491421533	2.9748426841711053	True	False	L8L10_enriched	0.0	0.248686514886165	False		L8L10_enriched	766.0	valid_protein_no_eggnog_annotation				
group_1223	0.0	0.152866242038217	0.152866242038217	0.0004997501249375	0.001059637491421533	2.9748426841711053	True	False	L8L10_enriched	0.0	0.13953488372093	False		L8L10_enriched	1419.0	valid_protein_no_eggnog_annotation				
group_1136	0.0727969348659004	0.0573248407643312	-0.0154720941015692	0.0339830084957521	0.04937125793364338	1.3065258072208157	True	False	Other_lineages_enriched	0.0350230414746544	0.121658986175115	False		direction_ambiguous		valid_protein_no_eggnog_annotation				
mshA_2	0.0842911877394636	0.0700636942675159	-0.0142274934719477	0.517741129435282	0.5804549239500696	0.2362315003695813	False	False	Other_lineages_enriched	0.108597285067873	0.081447963800905	False		Other_lineages_enriched	977.0	annotated	-	Glycosyl transferases group 1	M	Glycos_transf_1
group_644	0.003831417624521	0.114649681528662	0.110818263904141	0.0004997501249375	0.001059637491421533	2.9748426841711053	True	False	L8L10_enriched	0.0110803324099723	0.142197599261311	False		L8L10_enriched	1407.0	valid_protein_no_eggnog_annotation				
sacY~~~licT_2	0.0229885057471264	0.159235668789809	0.136247163042682	1.0	1.0	-0.0	False	False	L8L10_enriched	0.143712574850299	0.145423438836612	False		direction_ambiguous		annotated	licT	CAT RNA binding domain	K	CAT_RBD,PRD
group_407	0.0727969348659004	0.0509554140127389	-0.0218415208531615	0.23288355822089	0.2843094940117942	0.5462086375726984	False	False	Other_lineages_enriched	0.0357815442561205	0.0809792843691149	False		direction_ambiguous		valid_protein_no_eggnog_annotation				
group_396	0.0727969348659004	0.0573248407643312	-0.0154720941015692	0.0534732633683158	0.07513620588426465	1.1241507390720755	False	False	Other_lineages_enriched	0.0352177942539388	0.111214087117702	False		direction_ambiguous		valid_protein_no_eggnog_annotation				
group_282	0.0076628352490421	0.191082802547771	0.183419967298729	0.0004997501249375	0.001059637491421533	2.9748426841711053	True	False	L8L10_enriched	0.0470588235294118	0.272268907563025	False		L8L10_enriched	678.0	annotated	-	Psort location CytoplasmicMembrane, score	S	PTPS_related
group_171	0.0229885057471264	0.159235668789809	0.136247163042682	1.0	1.0	-0.0	False	False	L8L10_enriched	0.143712574850299	0.145423438836612	False		direction_ambiguous		annotated	-	phosphotransferase system	G	PTS_EIIA_1,PTS_EIIB,PTS_EIIC
group_13553	0.0114942528735632	0.0828025477707006	0.0713082948971374	0.0314842578710645	0.046147966941796056	1.3358474271496241	True	False	L8L10_enriched	0.0738137082601055	0.16871704745167	False		L8L10_enriched	1241.0	annotated	-	Lactococcus lactis RepB C-terminus	L	L_lactis_RepB_C,Rep_3
group_8816	0.0421455938697318	0.0318471337579618	-0.01029846011177	0.190904547726137	0.23781870879305156	0.6237539831656784	False	False	Other_lineages_enriched	0.011639185257032	0.0484966052376334	False		direction_ambiguous		annotated	yfiC	ABC transporter	V	ABC_membrane,ABC_tran
group_3894	0.0766283524904215	0.0445859872611465	-0.032042365229275	0.000999500249875	0.0019983940068799303	2.6993188814033258	True	False	Other_lineages_enriched	0.296	0.104	False		Other_lineages_enriched	687.0	annotated	-	UPF0489 domain	S	UPF0489
group_3728	0.0	0.121019108280255	0.121019108280255	0.0004997501249375	0.001059637491421533	2.9748426841711053	True	False	L8L10_enriched	0.0	0.186763372620127	False		L8L10_enriched	1127.0	annotated	-	Transposase and inactivated derivatives IS30 family	L	-
group_3684	0.0	0.121019108280255	0.121019108280255	0.0004997501249375	0.001059637491421533	2.9748426841711053	True	False	L8L10_enriched	0.0	0.166819431714024	False		L8L10_enriched	1261.0	annotated	-	Protein of unknown function (DUF4065)	S	DUF4065
group_3683	0.0344827586206897	0.0636942675159236	0.0292115088952339	0.139930034982509	0.18003493372407933	0.7446432168323924	False	False	L8L10_enriched	0.0615942028985507	0.126811594202899	False		L8L10_enriched	1497.0	valid_protein_no_eggnog_annotation				
group_3637	0.0344827586206897	0.114649681528662	0.0801669229079728	0.538730634682659	0.5994993047211622	0.2222113162447618	False	False	L8L10_enriched	0.111692844677138	0.143106457242583	False		L8L10_enriched	1399.0	valid_protein_no_eggnog_annotation				
group_3476	0.0996168582375479	0.0318471337579618	-0.0677697244795861	0.203398300849575	0.2519539102629134	0.5986788971120302	False	False	Other_lineages_enriched	0.132735426008969	0.073542600896861	False		Other_lineages_enriched	931.0	annotated	-	Type I restriction modification DNA specificity domain	V	Methylase_S
group_3329	0.0153256704980843	0.133757961783439	0.118432291285355	0.0019990004997501	0.0038205955027126337	2.4178689398669198	True	False	L8L10_enriched	0.0699062233589088	0.225063938618926	False		L8L10_enriched	847.0	valid_protein_no_eggnog_annotation				
group_3150	0.003831417624521	0.089171974522293	0.0853405568977719	0.0004997501249375	0.001059637491421533	2.9748426841711053	True	False	L8L10_enriched	0.0269541778975741	0.176100628930818	False		L8L10_enriched	1189.0	valid_protein_no_eggnog_annotation				
group_3088	0.0498084291187739	0.0636942675159236	0.0138858383971496	0.326836581709145	0.3835208464143991	0.41621102483968375	False	False	L8L10_enriched	0.0976058931860037	0.0607734806629834	False		direction_ambiguous		valid_protein_no_eggnog_annotation				
group_2946	0.0	0.127388535031847	0.127388535031847	0.0004997501249375	0.001059637491421533	2.9748426841711053	True	False	L8L10_enriched	0.0	0.297872340425532	False		L8L10_enriched	643.0	valid_protein_no_eggnog_annotation				
group_2850	0.0076628352490421	0.191082802547771	0.183419967298729	0.0174912543728136	0.027045369853787336	1.567907075070109	True	False	L8L10_enriched	0.0487364620938628	0.146209386281588	False		L8L10_enriched	1379.0	annotated	-	High confidence in function and specificity	L	HTH_28,HTH_Tnp_1
group_2806	0.114942528735632	0.0127388535031847	-0.102203675232447	0.0019990004997501	0.0038205955027126337	2.4178689398669198	True	False	Other_lineages_enriched	0.188003581020591	0.0214861235452104	False		Other_lineages_enriched	824.0	annotated	-	Conserved repeat domain	M	-
group_2803	0.0459770114942529	0.089171974522293	0.0431949630280401	0.0484757621189405	0.06855263355446736	1.163975856465957	False	False	L8L10_enriched	0.0508628519527702	0.132606721162579	False		L8L10_enriched	1465.0	annotated	-	DNA methyltransferase	L	MethyltransfD12
xylB_1~~~xylB	0.0114942528735632	0.127388535031847	0.115894282158284	0.0039980009995002	0.007214355582340176	2.141802455912525	True	False	L8L10_enriched	0.0513728963684677	0.177147918511958	False		L8L10_enriched	1183.0	annotated	adhC	Zn-dependent alcohol dehydrogenases, class III	C	ADH_N,ADH_zinc_N
group_2671	0.0919540229885057	0.0191082802547771	-0.0728457427337287	0.0004997501249375	0.001059637491421533	2.9748426841711053	True	False	Other_lineages_enriched	0.383111806098514	0.0531665363565285	False		Other_lineages_enriched	568.0	annotated	-	PFAM Archaeal ATPase	S	AAA_14,AAA_16,ATPase_2
group_2574	0.0	0.191082802547771	0.191082802547771	0.0004997501249375	0.001059637491421533	2.9748426841711053	True	False	L8L10_enriched	0.0	0.226950354609929	False		L8L10_enriched	835.0	valid_protein_no_eggnog_annotation				
group_2334	0.0191570881226054	0.140127388535032	0.120970300412426	0.0004997501249375	0.001059637491421533	2.9748426841711053	True	False	L8L10_enriched	0.0371024734982332	0.196113074204947	False		L8L10_enriched	972.0	valid_protein_no_eggnog_annotation				
group_2315	0.0268199233716475	0.121019108280255	0.0941991849086073	0.0004997501249375	0.001059637491421533	2.9748426841711053	True	False	L8L10_enriched	0.0262237762237762	0.225524475524476	False		L8L10_enriched	842.0	annotated	-	-	-	-
group_2306	0.0191570881226054	0.140127388535032	0.120970300412426	0.0004997501249375	0.001059637491421533	2.9748426841711053	True	False	L8L10_enriched	0.0488215488215488	0.267676767676768	False		L8L10_enriched	704.0	valid_protein_no_eggnog_annotation				
group_2212	0.111111111111111	0.0	-0.111111111111111	0.000999500249875	0.0019983940068799303	2.6993188814033258	True	False	Other_lineages_enriched	0.127340823970037	0.0	False		Other_lineages_enriched	940.0	valid_protein_no_eggnog_annotation				
yidA_3	0.0498084291187739	0.0127388535031847	-0.0370695756155892	0.0614692653673163	0.08556874921221258	1.0676848161958679	False	False	Other_lineages_enriched	0.090310442144873	0.0282220131702728	False		Other_lineages_enriched	1016.0	annotated	XK27_02985	Sucrose-6F-phosphate phosphohydrolase	S	Hydrolase_3
group_2083	0.0689655172413793	0.0509554140127389	-0.0180101032286405	0.202898550724638	0.2515239746567653	0.5994206127357011	False	False	Other_lineages_enriched	0.102040816326531	0.0426716141001855	False		Other_lineages_enriched	994.0	valid_protein_no_eggnog_annotation				
aadK~~~aadK_1	0.0	0.133757961783439	0.133757961783439	0.0004997501249375	0.001059637491421533	2.9748426841711053	True	False	L8L10_enriched	0.0	0.180163785259327	True	ANT(6)-Ia	L8L10_enriched	1168.0	annotated	aadK	Streptomycin adenylyltransferase	G	Adenyl_transf
group_1973	0.0	0.140127388535032	0.140127388535032	0.0004997501249375	0.001059637491421533	2.9748426841711053	True	False	L8L10_enriched	0.0	0.303647158608991	False		L8L10_enriched	627.0	valid_protein_no_eggnog_annotation				
group_1911	0.0153256704980843	0.10828025477707	0.0929545842789858	0.0659670164917541	0.09113682152634371	1.0403061218764658	False	False	L8L10_enriched	0.0777385159010601	0.15547703180212	False		L8L10_enriched	1322.0	annotated	-	Belongs to the 'phage' integrase family	L	Arm-DNA-bind_4,Phage_int_SAM_3,Phage_integrase
group_1904	0.003831417624521	0.184713375796178	0.180881958171657	0.0019990004997501	0.0038205955027126337	2.4178689398669198	True	False	L8L10_enriched	0.0111524163568773	0.130111524163569	False		L8L10_enriched	1479.0	annotated	-	Bacterial toxin of type II toxin-antitoxin system, YafQ	S	YafQ_toxin
group_1897	0.0	0.089171974522293	0.089171974522293	0.0004997501249375	0.001059637491421533	2.9748426841711053	True	False	L8L10_enriched	0.0	0.17351598173516	False		L8L10_enriched	1215.0	valid_protein_no_eggnog_annotation				
group_1863	0.0498084291187739	0.114649681528662	0.0648412524098885	0.103448275862069	0.1368923971749066	0.8636206713450011	False	False	L8L10_enriched	0.0407030527289547	0.109158186864015	False		L8L10_enriched	1570.0	annotated	-	-	-	-
group_1820	0.0727969348659004	0.0573248407643312	-0.0154720941015692	0.0489755122438781	0.06914066531430092	1.160266445723039	False	False	Other_lineages_enriched	0.0352177942539388	0.111214087117702	False		direction_ambiguous		valid_protein_no_eggnog_annotation				
group_1771	0.0727969348659004	0.0700636942675159	-0.0027332405983844	0.525237381309345	0.5868623843385188	0.23146372622973882	False	False	Other_lineages_enriched	0.0362595419847328	0.0553435114503817	False		direction_ambiguous		annotated	-	-	-	-
group_1713	0.003831417624521	0.101910828025478	0.0980794104009566	0.0004997501249375	0.001059637491421533	2.9748426841711053	True	False	L8L10_enriched	0.0267141585040071	0.192341941228851	False		L8L10_enriched	1003.0	annotated	rny	peptidase	D	AAA,DUF237,DUF240,Peptidase_M23
group_1663	0.0727969348659004	0.0509554140127389	-0.0218415208531615	0.0354822588705647	0.051481304702118307	1.288350455206843	False	False	Other_lineages_enriched	0.0351201478743068	0.11645101663586	False		direction_ambiguous		annotated	-	the current gene model (or a revised gene model) may contain a frame shift	S	-
group_1497	0.0	0.165605095541401	0.165605095541401	0.0004997501249375	0.001059637491421533	2.9748426841711053	True	False	L8L10_enriched	0.0	0.142989786443825	False		L8L10_enriched	1400.0	valid_protein_no_eggnog_annotation				
wbbI_1~~~wbbI_2	0.003831417624521	0.133757961783439	0.129926544158918	0.0004997501249375	0.001059637491421533	2.9748426841711053	True	False	L8L10_enriched	0.028099173553719	0.31900826446281	False		L8L10_enriched	595.0	annotated	-	transferase activity, transferring glycosyl groups	M	-
group_1256	0.003831417624521	0.101910828025478	0.0980794104009566	0.0004997501249375	0.001059637491421533	2.9748426841711053	True	False	L8L10_enriched	0.0267141585040071	0.192341941228851	False		L8L10_enriched	1004.0	valid_protein_no_eggnog_annotation				
group_1187	0.0	0.203821656050955	0.203821656050955	0.0004997501249375	0.001059637491421533	2.9748426841711053	True	True	L8L10_enriched	0.0	0.160073597056118	False		L8L10_enriched	1305.0	valid_protein_no_eggnog_annotation				
group_1065	0.0766283524904215	0.0445859872611465	-0.032042365229275	0.0004997501249375	0.001059637491421533	2.9748426841711053	True	False	Other_lineages_enriched	0.296	0.104	False		Other_lineages_enriched	688.0	valid_protein_no_eggnog_annotation				
group_1005	0.003831417624521	0.101910828025478	0.0980794104009566	0.0004997501249375	0.001059637491421533	2.9748426841711053	True	False	L8L10_enriched	0.0267141585040071	0.192341941228851	False		L8L10_enriched	1005.0	valid_protein_no_eggnog_annotation				
lagD_1~~~lagD_3~~~lagD_2~~~lagD	0.0	0.191082802547771	0.191082802547771	0.0004997501249375	0.001059637491421533	2.9748426841711053	True	False	L8L10_enriched	0.0	0.226950354609929	False		L8L10_enriched	836.0	annotated	mdlB	ABC transporter transmembrane region	V	ABC_membrane,ABC_tran
group_961	0.0613026819923372	0.0636942675159236	0.0023915855235864	0.559220389805097	0.6177107557518587	0.20921483653989573	False	False	L8L10_enriched	0.12577502214349	0.102745792736935	False		direction_ambiguous		valid_protein_no_eggnog_annotation				
group_960	0.0	0.191082802547771	0.191082802547771	0.0004997501249375	0.001059637491421533	2.9748426841711053	True	False	L8L10_enriched	0.0	0.226950354609929	False		L8L10_enriched	837.0	annotated	dltB	MBOAT, membrane-bound O-acyltransferase family	M	MBOAT
group_949	0.0076628352490421	0.0828025477707006	0.0751397125216585	0.0004997501249375	0.001059637491421533	2.9748426841711053	True	False	L8L10_enriched	0.0545609548167093	0.240409207161125	False		L8L10_enriched	792.0	valid_protein_no_eggnog_annotation				
group_941	0.0268199233716475	0.089171974522293	0.0623520511506455	0.184907546226887	0.2308716804916986	0.6366293358592364	False	False	L8L10_enriched	0.0684684684684685	0.12972972972973	False		L8L10_enriched	1485.0	annotated	-	SIR2-like domain	K	SIR2_2
group_830	0.122605363984674	0.0127388535031847	-0.10986651048149	0.0004997501249375	0.001059637491421533	2.9748426841711053	True	False	Other_lineages_enriched	0.267123287671233	0.0205479452054795	False		Other_lineages_enriched	726.0	annotated	-	Acyltransferase family	S	Acyl_transf_3
group_804	0.003831417624521	0.0955414012738854	0.0917099836493643	0.0004997501249375	0.001059637491421533	2.9748426841711053	True	False	L8L10_enriched	0.026857654431513	0.182632050134288	False		L8L10_enriched	1148.0	valid_protein_no_eggnog_annotation				
group_750	0.003831417624521	0.184713375796178	0.180881958171657	0.000999500249875	0.0019983940068799303	2.6993188814033258	True	False	L8L10_enriched	0.0111524163568773	0.130111524163569	False		L8L10_enriched	1480.0	valid_protein_no_eggnog_annotation				
group_733	0.003831417624521	0.184713375796178	0.180881958171657	0.000999500249875	0.0019983940068799303	2.6993188814033258	True	False	L8L10_enriched	0.0111524163568773	0.130111524163569	False		L8L10_enriched	1481.0	valid_protein_no_eggnog_annotation				
group_699	0.003831417624521	0.101910828025478	0.0980794104009566	0.0004997501249375	0.001059637491421533	2.9748426841711053	True	False	L8L10_enriched	0.0267141585040071	0.192341941228851	False		L8L10_enriched	1006.0	valid_protein_no_eggnog_annotation				
bglH_1	0.0229885057471264	0.152866242038217	0.12987773629109	1.0	1.0	-0.0	False	False	L8L10_enriched	0.144082332761578	0.14065180102916	False		direction_ambiguous		annotated	bglH	Belongs to the glycosyl hydrolase 1 family	G	Glyco_hydro_1
group_432	0.0	0.191082802547771	0.191082802547771	0.0004997501249375	0.001059637491421533	2.9748426841711053	True	False	L8L10_enriched	0.0	0.226950354609929	False		L8L10_enriched	838.0	annotated	bta	transport accessory protein	CO	Thioredoxin,TraF
group_368	0.0344827586206897	0.114649681528662	0.0801669229079728	0.522738630684658	0.5846652369673958	0.23309272768153916	False	False	L8L10_enriched	0.102383053839365	0.132391879964696	False		L8L10_enriched	1467.0	valid_protein_no_eggnog_annotation				
group_246	0.003831417624521	0.101910828025478	0.0980794104009566	0.000999500249875	0.0019983940068799303	2.6993188814033258	True	False	L8L10_enriched	0.0267141585040071	0.192341941228851	False		L8L10_enriched	1007.0	valid_protein_no_eggnog_annotation				
group_239	0.0191570881226054	0.101910828025478	0.0827537399028724	0.0004997501249375	0.001059637491421533	2.9748426841711053	True	False	L8L10_enriched	0.048526863084922	0.218370883882149	False		L8L10_enriched	879.0	valid_protein_no_eggnog_annotation				
group_220	0.003831417624521	0.184713375796178	0.180881958171657	0.0004997501249375	0.001059637491421533	2.9748426841711053	True	False	L8L10_enriched	0.0111524163568773	0.130111524163569	False		L8L10_enriched	1482.0	annotated	-	-	-	RelB
group_207	0.053639846743295	0.0764331210191083	0.0227932742758133	1.0	1.0	-0.0	False	False	L8L10_enriched	0.107238605898123	0.105451295799821	False		direction_ambiguous		valid_protein_no_eggnog_annotation				
group_183	0.0613026819923372	0.0764331210191083	0.0151304390267711	0.000999500249875	0.0019983940068799303	2.6993188814033258	True	False	L8L10_enriched	0.037940379403794	0.155374887082204	False		L8L10_enriched	1323.0	annotated	-	Probable transposase	L	OrfB_IS605,OrfB_Zn_ribbon
group_79	0.0498084291187739	0.114649681528662	0.0648412524098885	0.110944527736132	0.14628340091658862	0.8348049513819938	False	False	L8L10_enriched	0.0407030527289547	0.109158186864015	False		L8L10_enriched	1571.0	annotated	-	Phage tail assembly chaperone protein, TAC	S	Phage_TAC_12
group_73	0.0727969348659004	0.0509554140127389	-0.0218415208531615	0.0279860069965017	0.04133298657708342	1.3837032129838207	True	False	Other_lineages_enriched	0.0351201478743068	0.11645101663586	False		direction_ambiguous		annotated	-	DNA/RNA non-specific endonuclease	F	Endonuclea_NS_2
group_43	0.0421455938697318	0.121019108280255	0.078873514410523	0.546226886556722	0.6062032978121924	0.21738170535252424	False	False	L8L10_enriched	0.125886524822695	0.101063829787234	False		direction_ambiguous		annotated	-	site-specific DNA-methyltransferase (adenine-specific) activity	V	-
group_12566	0.0268199233716475	0.0764331210191083	0.0496131976474608	0.0174912543728136	0.027045369853787336	1.567907075070109	True	False	L8L10_enriched	0.0686619718309859	0.170774647887324	False		L8L10_enriched	1232.0	annotated	-	to Yersinia pestis insertion element IS1661 DNA-binding protein YPO0996 SWALL Q8ZHA8 (EMBL AJ414145)(178 aa) fasta scores E() 8.6e-14, 36.51 id in 178 aa, and to Klebsiella pneumoniae OrfA SWALL Q9AG22 (EMBL AF345899) (173 aa) fasta scores E() 1e-18, 40.22 38d in 174 aa	L	HTH_28,HTH_Tnp_1
nagZ	0.114942528735632	0.0063694267515923	-0.10857310198404	0.0004997501249375	0.001059637491421533	2.9748426841711053	True	False	Other_lineages_enriched	0.277683134582624	0.0187393526405451	False		Other_lineages_enriched	710.0	annotated	nagZ	Glycosyl hydrolase family 3 N terminal domain	G	DUF4309,Glyco_hydro_3
group_3783	0.0727969348659004	0.0445859872611465	-0.0282109476047539	0.0024987506246876	0.00467805869792366	2.3299343331843234	True	False	Other_lineages_enriched	0.279483037156704	0.105008077544426	False		Other_lineages_enriched	706.0	annotated	-	COG COG1961 Site-specific recombinases, DNA invertase Pin homologs	L	Recombinase,Resolvase,Zn_ribbon_recom
group_3774	0.0459770114942529	0.101910828025478	0.0559338165312248	0.0734632683658171	0.10023249244942746	0.9989914700455376	False	False	L8L10_enriched	0.0677966101694915	0.148082069580732	False		L8L10_enriched	1366.0	annotated	-	An automated process has identified a potential problem with this gene model	L	DDE_Tnp_1,DDE_Tnp_1_3
smc_3~~~smc_8~~~smc_2~~~smc_4	0.0	0.203821656050955	0.203821656050955	0.0004997501249375	0.001059637491421533	2.9748426841711053	True	True	L8L10_enriched	0.0	0.129092609915809	False		L8L10_enriched	1487.0	annotated	-	nuclear chromosome segregation	D	Gram_pos_anchor
group_3588	0.0459770114942529	0.0700636942675159	0.024086682773263	0.402298850574713	0.46122989305625584	0.3360825531365207	False	False	L8L10_enriched	0.16137339055794	0.121888412017167	False		direction_ambiguous		annotated	-	Phage tail protein	S	Sipho_tail
group_3332	0.0727969348659004	0.0573248407643312	-0.0154720941015692	0.055472263868066	0.0776800295135051	1.1096906180955464	False	False	Other_lineages_enriched	0.0352177942539388	0.111214087117702	False		direction_ambiguous		annotated	-	-	-	-
group_3274	0.0842911877394636	0.0509554140127389	-0.0333357737267247	0.680659670164918	0.7353356108830835	0.13351440147620194	False	False	Other_lineages_enriched	0.113004484304933	0.0932735426008969	False		Other_lineages_enriched	972.0	valid_protein_no_eggnog_annotation				
group_3072	0.0766283524904215	0.0445859872611465	-0.032042365229275	0.48175912043978	0.5441879677233716	0.26425106492508477	False	False	Other_lineages_enriched	0.100732600732601	0.0677655677655678	False		Other_lineages_enriched	995.0	annotated	-	Bacteriophage holin	S	Phage_holin_1
group_2984	0.0459770114942529	0.114649681528662	0.0686726700344095	0.0209895052473763	0.03198909333492364	1.494998068925574	True	False	L8L10_enriched	0.0297674418604651	0.109767441860465	False		L8L10_enriched	1560.0	annotated	-	Phage Mu protein F like protein	S	-
group_2727	0.0	0.159235668789809	0.159235668789809	0.0004997501249375	0.001059637491421533	2.9748426841711053	True	False	L8L10_enriched	0.0	0.136067101584343	False		L8L10_enriched	1457.0	annotated	-	Zn peptidase	E	Peptidase_M78
group_2699	0.10727969348659	0.0127388535031847	-0.0945408399834053	0.000999500249875	0.0019983940068799303	2.6993188814033258	True	False	Other_lineages_enriched	0.216931216931217	0.0194003527336861	False		Other_lineages_enriched	786.0	annotated	-	Helix-turn-helix XRE-family like proteins	K	HTH_19,HTH_3
group_2672	0.0076628352490421	0.089171974522293	0.0815091392732508	0.0004997501249375	0.001059637491421533	2.9748426841711053	True	False	L8L10_enriched	0.0286225402504472	0.182468694096601	False		L8L10_enriched	1153.0	valid_protein_no_eggnog_annotation				
group_2637	0.114942528735632	0.0127388535031847	-0.102203675232447	0.0099950024987506	0.01672601992553744	1.776607390180321	True	False	Other_lineages_enriched	0.134314627414903	0.0257589696412143	False		Other_lineages_enriched	926.0	valid_protein_no_eggnog_annotation				
group_2548	0.0	0.159235668789809	0.159235668789809	0.0004997501249375	0.001059637491421533	2.9748426841711053	True	False	L8L10_enriched	0.0	0.13953488372093	False		L8L10_enriched	1418.0	valid_protein_no_eggnog_annotation				
group_2408	0.0459770114942529	0.114649681528662	0.0686726700344095	0.0209895052473763	0.03198909333492364	1.494998068925574	True	False	L8L10_enriched	0.0297674418604651	0.109767441860465	False		L8L10_enriched	1561.0	annotated	-	Phage portal protein	S	Phage_prot_Gp6
group_2199	0.003831417624521	0.101910828025478	0.0980794104009566	0.0004997501249375	0.001059637491421533	2.9748426841711053	True	False	L8L10_enriched	0.0267141585040071	0.192341941228851	False		L8L10_enriched	1008.0	valid_protein_no_eggnog_annotation				
group_2113	0.0727969348659004	0.0445859872611465	-0.0282109476047539	0.0019990004997501	0.0038205955027126337	2.4178689398669198	True	False	Other_lineages_enriched	0.279483037156704	0.105008077544426	False		Other_lineages_enriched	707.0	annotated	-	Resolvase, N terminal domain	L	Recombinase,Resolvase
group_1864	0.0	0.10828025477707	0.10828025477707	0.0004997501249375	0.001059637491421533	2.9748426841711053	True	False	L8L10_enriched	0.0	0.175182481751825	False		L8L10_enriched	1192.0	valid_protein_no_eggnog_annotation				
group_1846	0.0459770114942529	0.114649681528662	0.0686726700344095	0.0209895052473763	0.03198909333492364	1.494998068925574	True	False	L8L10_enriched	0.0297674418604651	0.109767441860465	False		L8L10_enriched	1562.0	annotated	-	-	-	-
group_1845	0.0459770114942529	0.114649681528662	0.0686726700344095	0.0194902548725637	0.02989776061689823	1.524361339707202	True	False	L8L10_enriched	0.0297674418604651	0.109767441860465	False		L8L10_enriched	1563.0	annotated	-	-	-	-
group_1794	0.111111111111111	0.0063694267515923	-0.104741684359519	0.0004997501249375	0.001059637491421533	2.9748426841711053	True	False	Other_lineages_enriched	0.263565891472868	0.0137812230835487	False		Other_lineages_enriched	729.0	valid_protein_no_eggnog_annotation				
group_1753	0.003831417624521	0.101910828025478	0.0980794104009566	0.0004997501249375	0.001059637491421533	2.9748426841711053	True	False	L8L10_enriched	0.0267141585040071	0.192341941228851	False		L8L10_enriched	1009.0	valid_protein_no_eggnog_annotation				
group_1591	0.0076628352490421	0.152866242038217	0.145203406789174	0.0004997501249375	0.001059637491421533	2.9748426841711053	True	False	L8L10_enriched	0.0145322434150772	0.168937329700272	False		L8L10_enriched	1240.0	annotated	-	Type I restriction modification DNA specificity domain	V	Methylase_S
group_1590	0.0498084291187739	0.0636942675159236	0.0138858383971496	0.198900549725137	0.246939454161389	0.6074095161609125	False	False	L8L10_enriched	0.0768543342269884	0.135835567470956	False		L8L10_enriched	1461.0	annotated	hsdS	type I restriction modification DNA specificity domain	V	DDE_Tnp_1,Methylase_S
group_1540	0.0459770114942529	0.114649681528662	0.0686726700344095	0.0219890054972514	0.03331207959238775	1.477398254510651	True	False	L8L10_enriched	0.0297674418604651	0.109767441860465	False		L8L10_enriched	1564.0	annotated	-	aminoacyl-tRNA ligase activity	S	-
group_1429	0.003831417624521	0.101910828025478	0.0980794104009566	0.0004997501249375	0.001059637491421533	2.9748426841711053	True	False	L8L10_enriched	0.0267141585040071	0.192341941228851	False		L8L10_enriched	1010.0	valid_protein_no_eggnog_annotation				
group_1428	0.003831417624521	0.101910828025478	0.0980794104009566	0.0004997501249375	0.001059637491421533	2.9748426841711053	True	False	L8L10_enriched	0.0267141585040071	0.192341941228851	False		L8L10_enriched	1011.0	valid_protein_no_eggnog_annotation				
group_1423	0.111111111111111	0.0254777070063694	-0.0856334041047417	0.0749625187406297	0.1020245763115964	0.9912952000922343	False	False	Other_lineages_enriched	0.159716060337178	0.0656610470275066	False		Other_lineages_enriched	883.0	annotated	-	-	-	-
group_1356	0.0229885057471264	0.0445859872611465	0.0215974815140201	0.0729635182408796	0.09963315068532876	1.0015961358305312	False	False	L8L10_enriched	0.0513290559120073	0.115490375802017	False		L8L10_enriched	1546.0	annotated	-	Glycosyltransferase family 28 C-terminal domain	S	Glyco_tran_28_C
group_1354	0.0	0.127388535031847	0.127388535031847	0.0004997501249375	0.001059637491421533	2.9748426841711053	True	False	L8L10_enriched	0.0	0.236331569664903	False		L8L10_enriched	812.0	annotated	-	COG0366 Glycosidases	G	CW_binding_1,Glyco_hydro_70
group_1317	0.003831417624521	0.101910828025478	0.0980794104009566	0.0004997501249375	0.001059637491421533	2.9748426841711053	True	False	L8L10_enriched	0.0191972076788831	0.235602094240838	False		L8L10_enriched	816.0	valid_protein_no_eggnog_annotation				
group_1301	0.0459770114942529	0.114649681528662	0.0686726700344095	0.0239880059970015	0.035976549731506574	1.443980489251106	True	False	L8L10_enriched	0.0297674418604651	0.109767441860465	False		L8L10_enriched	1565.0	annotated	-	Terminase-like family	S	Terminase_3,Terminase_6,Terminase_6C
group_1241	0.003831417624521	0.101910828025478	0.0980794104009566	0.0004997501249375	0.001059637491421533	2.9748426841711053	True	False	L8L10_enriched	0.0267141585040071	0.192341941228851	False		L8L10_enriched	1012.0	valid_protein_no_eggnog_annotation				
group_1170	0.003831417624521	0.101910828025478	0.0980794104009566	0.0004997501249375	0.001059637491421533	2.9748426841711053	True	False	L8L10_enriched	0.0267141585040071	0.192341941228851	False		L8L10_enriched	1013.0	valid_protein_no_eggnog_annotation				
group_1142	0.0	0.146496815286624	0.146496815286624	0.0004997501249375	0.001059637491421533	2.9748426841711053	True	False	L8L10_enriched	0.0	0.228520814880425	False		L8L10_enriched	829.0	valid_protein_no_eggnog_annotation				
wbbL	0.0957854406130268	0.0318471337579618	-0.063938306855065	0.825087456271864	0.8636160001320813	0.06367932013041609	False	False	Other_lineages_enriched	0.0999091734786558	0.0835603996366939	False		Other_lineages_enriched	998.0	annotated	-	Glycosyl transferase family 2	S	Glyco_tranf_2_3,Glycos_transf_2
apt_2~~~apt_1	0.0	0.133757961783439	0.133757961783439	0.0004997501249375	0.001059637491421533	2.9748426841711053	True	False	L8L10_enriched	0.0	0.180163785259327	False		L8L10_enriched	1169.0	annotated	apt	purine ribonucleoside salvage	F	PRTase_2,Pribosyltran,TRSP
group_993	0.0076628352490421	0.10828025477707	0.100617419528028	0.0029985007496251	0.005538150207407345	2.256635269362656	True	False	L8L10_enriched	0.0150517403574788	0.103480714957667	False		L8L10_enriched	1591.0	annotated	-	Nitroreductase family	C	Nitroreductase
group_920	0.111111111111111	0.0254777070063694	-0.0856334041047417	0.0694652673663168	0.09544956462552703	1.020226048214918	False	False	Other_lineages_enriched	0.159716060337178	0.0656610470275066	False		Other_lineages_enriched	884.0	valid_protein_no_eggnog_annotation				
group_856	0.0383141762452107	0.114649681528662	0.0763355052834517	0.665167416291854	0.720725628635863	0.14223003437563975	False	False	L8L10_enriched	0.111510791366906	0.0899280575539568	False		direction_ambiguous		annotated	-	-	-	-
group_761	0.10727969348659	0.0191082802547771	-0.088171413231813	0.0004997501249375	0.001059637491421533	2.9748426841711053	True	False	Other_lineages_enriched	0.244616709732989	0.0327304048234281	False		Other_lineages_enriched	743.0	valid_protein_no_eggnog_annotation				
recD_1~~~recD2_2	0.0727969348659004	0.0445859872611465	-0.0282109476047539	0.0004997501249375	0.001059637491421533	2.9748426841711053	True	False	Other_lineages_enriched	0.279483037156704	0.105008077544426	False		Other_lineages_enriched	708.0	annotated	-	Psort location Cytoplasmic, score 8.87	L	AAA_30,UvrD_C_2,Viral_helicase1
group_497	0.003831417624521	0.101910828025478	0.0980794104009566	0.0004997501249375	0.001059637491421533	2.9748426841711053	True	False	L8L10_enriched	0.0267141585040071	0.192341941228851	False		L8L10_enriched	1014.0	valid_protein_no_eggnog_annotation				
group_493	0.0	0.159235668789809	0.159235668789809	0.0004997501249375	0.001059637491421533	2.9748426841711053	True	False	L8L10_enriched	0.0	0.127340823970037	False		L8L10_enriched	1495.0	annotated	-	PFAM Uncharacterised protein family UPF0150	S	HicB_lk_antitox
group_487	0.0076628352490421	0.10828025477707	0.100617419528028	0.0039980009995002	0.007214355582340176	2.141802455912525	True	False	L8L10_enriched	0.0150517403574788	0.103480714957667	False		L8L10_enriched	1592.0	valid_protein_no_eggnog_annotation				
group_298	0.0	0.159235668789809	0.159235668789809	0.000999500249875	0.0019983940068799303	2.6993188814033258	True	False	L8L10_enriched	0.0	0.100664767331434	False		L8L10_enriched	1612.0	annotated	-	Lactococcus lactis RepB C-terminus	L	L_lactis_RepB_C,Rep_3
group_23	0.0459770114942529	0.114649681528662	0.0686726700344095	0.0194902548725637	0.02989776061689823	1.524361339707202	True	False	L8L10_enriched	0.0297674418604651	0.109767441860465	False		L8L10_enriched	1566.0	annotated	-	Phage gp6-like head-tail connector protein	S	Phage_connect_1
group_14742	0.10727969348659	0.0127388535031847	-0.0945408399834053	0.079960019990005	0.10837855444963655	0.9650566458935937	False	False	Other_lineages_enriched	0.130790190735695	0.0526793823796549	False		Other_lineages_enriched	934.0	annotated	XK27_01125	PFAM IS66 Orf2 family protein	L	TnpB_IS66
group_12588	0.0689655172413793	0.0	-0.0689655172413793	0.0014992503748125	0.002921366046722169	2.534414022584289	True	False	Other_lineages_enriched	0.0988593155893536	0.0	False		Other_lineages_enriched	1001.0	annotated	adhB	alcohol dehydrogenase	E	ADH_N,ADH_zinc_N
group_11709	0.0153256704980843	0.0764331210191083	0.061107450521024	0.0064967516241879	0.011254887803206694	1.9486588300007415	True	False	L8L10_enriched	0.0329067641681901	0.138939670932358	False		L8L10_enriched	1425.0	valid_protein_no_eggnog_annotation				
group_8801	0.0881226053639847	0.0318471337579618	-0.0562754716060229	1.0	1.0	-0.0	False	False	Other_lineages_enriched	0.104129263913824	0.100538599640934	False		Other_lineages_enriched	990.0	annotated	-	-	-	-
group_4148	0.003831417624521	0.101910828025478	0.0980794104009566	0.0004997501249375	0.001059637491421533	2.9748426841711053	True	False	L8L10_enriched	0.0267141585040071	0.192341941228851	False		L8L10_enriched	1015.0	valid_protein_no_eggnog_annotation				
group_4145	0.003831417624521	0.101910828025478	0.0980794104009566	0.0004997501249375	0.001059637491421533	2.9748426841711053	True	False	L8L10_enriched	0.0267141585040071	0.192341941228851	False		L8L10_enriched	1016.0	annotated	-	-	-	-
group_4144	0.003831417624521	0.101910828025478	0.0980794104009566	0.0004997501249375	0.001059637491421533	2.9748426841711053	True	False	L8L10_enriched	0.0267141585040071	0.192341941228851	False		L8L10_enriched	1017.0	valid_protein_no_eggnog_annotation				
group_4143	0.003831417624521	0.101910828025478	0.0980794104009566	0.0004997501249375	0.001059637491421533	2.9748426841711053	True	False	L8L10_enriched	0.0267141585040071	0.192341941228851	False		L8L10_enriched	1018.0	valid_protein_no_eggnog_annotation				
group_4140	0.003831417624521	0.101910828025478	0.0980794104009566	0.0004997501249375	0.001059637491421533	2.9748426841711053	True	False	L8L10_enriched	0.0267141585040071	0.192341941228851	False		L8L10_enriched	1019.0	annotated	-	CAAX protease self-immunity	S	Abi
group_4138	0.003831417624521	0.101910828025478	0.0980794104009566	0.0004997501249375	0.001059637491421533	2.9748426841711053	True	False	L8L10_enriched	0.0267141585040071	0.192341941228851	False		L8L10_enriched	1020.0	annotated	-	-	-	-
group_3815	0.0498084291187739	0.089171974522293	0.039363545403519	0.0004997501249375	0.001059637491421533	2.9748426841711053	True	False	L8L10_enriched	0.0270758122743682	0.167870036101083	False		L8L10_enriched	1246.0	annotated	tnp2	Transposase	L	DDE_Tnp_ISL3,HTH_Tnp_ISL3,zf-ISL3
group_3807	0.0383141762452107	0.121019108280255	0.0827049320350441	0.118440779610195	0.15554498557815566	0.8081439850106891	False	False	L8L10_enriched	0.153574580759047	0.0812003530450132	False		direction_ambiguous		annotated	-	DNA polymerase	L	DNA_pol_A
group_3773	0.0	0.152866242038217	0.152866242038217	0.0004997501249375	0.001059637491421533	2.9748426841711053	True	False	L8L10_enriched	0.0	0.259355961705831	False		L8L10_enriched	740.0	annotated	-	Transposase and inactivated derivatives, IS30 family DNA replication, recombination, and repair	L	HTH_38,rve
group_3758	0.003831417624521	0.159235668789809	0.155404251165288	0.107946026986507	0.14255797952727078	0.8460084685146595	False	False	L8L10_enriched	0.0282752120640905	0.0867106503298775	False		L8L10_enriched	1653.0	valid_protein_no_eggnog_annotation				
group_3749	0.0	0.121019108280255	0.121019108280255	0.0004997501249375	0.001059637491421533	2.9748426841711053	True	False	L8L10_enriched	0.0	0.17351598173516	False		L8L10_enriched	1214.0	annotated	-	PFAM Integrase catalytic region	L	HTH_38,rve
group_3700	0.0076628352490421	0.089171974522293	0.0815091392732508	0.0004997501249375	0.001059637491421533	2.9748426841711053	True	False	L8L10_enriched	0.0403155127081507	0.206836108676599	False		L8L10_enriched	923.0	annotated	-	Peptidase_C39 like family	G	CW_binding_1,Peptidase_C39_2,SH3_8,SLAP
group_3667	0.0076628352490421	0.146496815286624	0.138833980037582	0.0004997501249375	0.001059637491421533	2.9748426841711053	True	False	L8L10_enriched	0.0	0.237885462555066	False		L8L10_enriched	805.0	annotated	-	Phage Mu protein F like protein	S	Phage_Mu_F
group_3654	0.053639846743295	0.0573248407643312	0.0036849940210361	0.0019990004997501	0.0038205955027126337	2.4178689398669198	True	False	L8L10_enriched	0.0378719567177638	0.158701532912534	False		L8L10_enriched	1310.0	valid_protein_no_eggnog_annotation				
group_3468	0.0	0.127388535031847	0.127388535031847	0.000999500249875	0.0019983940068799303	2.6993188814033258	True	False	L8L10_enriched	0.0	0.0897803247373448	False		L8L10_enriched	1644.0	valid_protein_no_eggnog_annotation				
group_3305	0.0	0.159235668789809	0.159235668789809	0.0004997501249375	0.001059637491421533	2.9748426841711053	True	False	L8L10_enriched	0.0	0.289136013686912	False		L8L10_enriched	653.0	valid_protein_no_eggnog_annotation				
group_3232	0.0114942528735632	0.0700636942675159	0.0585694413939527	0.0004997501249375	0.001059637491421533	2.9748426841711053	True	False	L8L10_enriched	0.012646793134598	0.1806684733514	False		L8L10_enriched	1162.0	valid_protein_no_eggnog_annotation				
group_3167	0.0459770114942529	0.0636942675159236	0.0177172560216707	0.16391804097951	0.20741549348213725	0.6831588058906587	False	False	L8L10_enriched	0.0409302325581395	0.0986046511627907	False		L8L10_enriched	1618.0	annotated	-	BRO family, N-terminal domain	K	ANT,Bro-N
group_3062	0.103448275862069	0.0063694267515923	-0.0970788491104766	0.0374812593703148	0.054143248410866845	1.2664556915911318	False	False	Other_lineages_enriched	0.0783190066857689	0.0114613180515759	False		Other_lineages_enriched	1045.0	valid_protein_no_eggnog_annotation				
group_2980	0.0229885057471264	0.0445859872611465	0.0215974815140201	0.072463768115942	0.09907390702988751	1.0040407100460764	False	False	L8L10_enriched	0.0513290559120073	0.115490375802017	False		L8L10_enriched	1547.0	annotated	-	Haloacid dehalogenase-like hydrolase	S	-
group_2939	0.0076628352490421	0.165605095541401	0.157942260292359	0.0004997501249375	0.001059637491421533	2.9748426841711053	True	False	L8L10_enriched	0.0270513976555455	0.169522091974752	False		L8L10_enriched	1238.0	annotated	-	Haem-degrading	S	Haem_degrading
group_2914	0.003831417624521	0.101910828025478	0.0980794104009566	0.0004997501249375	0.001059637491421533	2.9748426841711053	True	False	L8L10_enriched	0.0267141585040071	0.192341941228851	False		L8L10_enriched	1021.0	annotated	-	Pfam:Peptidase_M78	S	-
group_2583	0.053639846743295	0.101910828025478	0.0482709812821827	0.20039980009995	0.24861345682580394	0.6044753677819804	False	False	L8L10_enriched	0.0666666666666667	0.0285714285714286	False		direction_ambiguous		valid_protein_no_eggnog_annotation				
group_2551	0.0421455938697318	0.0700636942675159	0.0279181003977841	0.0064967516241879	0.011254887803206694	1.9486588300007415	True	False	L8L10_enriched	0.0742018981880932	0.200172562553926	False		L8L10_enriched	952.0	valid_protein_no_eggnog_annotation				
group_2465	0.003831417624521	0.101910828025478	0.0980794104009566	0.0004997501249375	0.001059637491421533	2.9748426841711053	True	False	L8L10_enriched	0.0267141585040071	0.192341941228851	False		L8L10_enriched	1022.0	valid_protein_no_eggnog_annotation				
group_2437	0.003831417624521	0.101910828025478	0.0980794104009566	0.0004997501249375	0.001059637491421533	2.9748426841711053	True	False	L8L10_enriched	0.0267141585040071	0.192341941228851	False		L8L10_enriched	1023.0	valid_protein_no_eggnog_annotation				
rmlD_2	0.0804597701149425	0.0318471337579618	-0.0486126363569807	0.408295852073963	0.46648225817743005	0.3311648692211586	False	False	Other_lineages_enriched	0.0521415270018622	0.0856610800744879	False		direction_ambiguous		annotated	-	Catalyzes the reduction of dTDP-6-deoxy-L-lyxo-4- hexulose to yield dTDP-L-rhamnose	M	RmlD_sub_bind
group_2342	0.0114942528735632	0.133757961783439	0.122263708909876	0.0164917541229385	0.025741511054041856	1.5893659631359525	True	False	L8L10_enriched	0.0504504504504504	0.147747747747748	False		L8L10_enriched	1367.0	valid_protein_no_eggnog_annotation				
group_2330	0.0	0.089171974522293	0.089171974522293	0.0004997501249375	0.001059637491421533	2.9748426841711053	True	False	L8L10_enriched	0.0	0.223801065719361	False		L8L10_enriched	851.0	annotated	-	-	-	-
group_2247	0.0574712643678161	0.0636942675159236	0.0062230031481074	0.12543728135932	0.16343054253814132	0.7866667775695505	False	False	L8L10_enriched	0.0782918149466192	0.142348754448399	False		L8L10_enriched	1404.0	valid_protein_no_eggnog_annotation				
group_2224	0.0114942528735632	0.133757961783439	0.122263708909876	0.0184907546226887	0.02851054585014472	1.544994467803256	True	False	L8L10_enriched	0.0504504504504504	0.147747747747748	False		L8L10_enriched	1368.0	valid_protein_no_eggnog_annotation				
group_2106	0.114942528735632	0.0	-0.114942528735632	0.0004997501249375	0.001059637491421533	2.9748426841711053	True	False	Other_lineages_enriched	0.2174688057041	0.0	False		Other_lineages_enriched	784.0	valid_protein_no_eggnog_annotation				
group_2000	0.003831417624521	0.101910828025478	0.0980794104009566	0.0004997501249375	0.001059637491421533	2.9748426841711053	True	False	L8L10_enriched	0.0267141585040071	0.192341941228851	False		L8L10_enriched	1024.0	valid_protein_no_eggnog_annotation				
glyG_2~~~glyG_1	0.0	0.10828025477707	0.10828025477707	0.0004997501249375	0.001059637491421533	2.9748426841711053	True	False	L8L10_enriched	0.0	0.284734133790738	False		L8L10_enriched	661.0	annotated	-	Glycosyltransferase like family 2	M	Glycos_transf_2
group_1901	0.0727969348659004	0.0445859872611465	-0.0282109476047539	0.0644677661169415	0.08932770788701523	1.049013809689607	False	False	Other_lineages_enriched	0.208754208754209	0.107744107744108	False		Other_lineages_enriched	797.0	valid_protein_no_eggnog_annotation				
group_1740	0.0	0.171974522292994	0.171974522292994	0.0004997501249375	0.001059637491421533	2.9748426841711053	True	False	L8L10_enriched	0.0	0.149861239592969	False		L8L10_enriched	1348.0	valid_protein_no_eggnog_annotation				
por	0.0919540229885057	0.0191082802547771	-0.0728457427337287	0.0004997501249375	0.001059637491421533	2.9748426841711053	True	False	Other_lineages_enriched	0.383111806098514	0.0531665363565285	False		Other_lineages_enriched	569.0	annotated	uxuB	Mannitol dehydrogenase C-terminal domain	G	Mannitol_dh,Mannitol_dh_C
group_1608	0.003831417624521	0.101910828025478	0.0980794104009566	0.0004997501249375	0.001059637491421533	2.9748426841711053	True	False	L8L10_enriched	0.0267141585040071	0.192341941228851	False		L8L10_enriched	1025.0	annotated	ftsK	PFAM cell divisionFtsK SpoIIIE	D	FtsK_4TM,FtsK_SpoIIIE,Ftsk_gamma
kdgK	0.0919540229885057	0.0191082802547771	-0.0728457427337287	0.0004997501249375	0.001059637491421533	2.9748426841711053	True	False	Other_lineages_enriched	0.383111806098514	0.0531665363565285	False		Other_lineages_enriched	570.0	annotated	-	PFAM PfkB	G	PfkB
uxuA	0.0919540229885057	0.0191082802547771	-0.0728457427337287	0.0004997501249375	0.001059637491421533	2.9748426841711053	True	False	Other_lineages_enriched	0.383111806098514	0.0531665363565285	False		Other_lineages_enriched	571.0	annotated	uxuA	Catalyzes the dehydration of D-mannonate	G	UxuA
group_1295	0.003831417624521	0.101910828025478	0.0980794104009566	0.0004997501249375	0.001059637491421533	2.9748426841711053	True	False	L8L10_enriched	0.0267141585040071	0.192341941228851	False		L8L10_enriched	1026.0	annotated	-	-	-	-
group_1176	0.0076628352490421	0.114649681528662	0.10698684627962	0.0004997501249375	0.001059637491421533	2.9748426841711053	True	False	L8L10_enriched	0.032258064516129	0.269949066213922	False		L8L10_enriched	683.0	annotated	-	to Yersinia pestis insertion element IS1661 DNA-binding protein YPO0996 SWALL Q8ZHA8 (EMBL AJ414145)(178 aa) fasta scores E() 8.6e-14, 36.51 id in 178 aa, and to Klebsiella pneumoniae OrfA SWALL Q9AG22 (EMBL AF345899) (173 aa) fasta scores E() 1e-18, 40.22 38d in 174 aa	L	HTH_28,HTH_Tnp_1
group_911	0.0	0.101910828025478	0.101910828025478	0.0004997501249375	0.001059637491421533	2.9748426841711053	True	False	L8L10_enriched	0.0	0.186763372620127	False		L8L10_enriched	1129.0	annotated	-	X-Pro dipeptidyl-peptidase (S15 family)	S	DLH,Hydrolase_4,Peptidase_S15
group_789	0.0	0.159235668789809	0.159235668789809	0.0004997501249375	0.001059637491421533	2.9748426841711053	True	False	L8L10_enriched	0.0	0.211091234347048	False		L8L10_enriched	903.0	annotated	-	PFAM Integrase catalytic	L	HTH_21,rve,rve_3
group_702	0.0	0.203821656050955	0.203821656050955	0.0004997501249375	0.001059637491421533	2.9748426841711053	True	True	L8L10_enriched	0.0	0.122065727699531	False		L8L10_enriched	1521.0	annotated	-	Helix-turn-helix domain	K	HTH_3,HTH_31
group_585	0.003831417624521	0.101910828025478	0.0980794104009566	0.0004997501249375	0.001059637491421533	2.9748426841711053	True	False	L8L10_enriched	0.0267141585040071	0.192341941228851	False		L8L10_enriched	1027.0	valid_protein_no_eggnog_annotation				
kdgA	0.0919540229885057	0.0191082802547771	-0.0728457427337287	0.0004997501249375	0.001059637491421533	2.9748426841711053	True	False	Other_lineages_enriched	0.383111806098514	0.0531665363565285	False		Other_lineages_enriched	572.0	annotated	eda	KDPG and KHG aldolase	G	Aldolase
group_387	0.0727969348659004	0.0509554140127389	-0.0218415208531615	0.0869565217391304	0.11661446444055136	0.9332475779036641	False	False	Other_lineages_enriched	0.0354477611940298	0.0988805970149254	False		direction_ambiguous		valid_protein_no_eggnog_annotation				
group_349	0.0	0.101910828025478	0.101910828025478	0.0004997501249375	0.001059637491421533	2.9748426841711053	True	False	L8L10_enriched	0.0	0.207885304659498	False		L8L10_enriched	920.0	annotated	-	Psort location CytoplasmicMembrane, score	S	-
rspR	0.0919540229885057	0.0191082802547771	-0.0728457427337287	0.0004997501249375	0.001059637491421533	2.9748426841711053	True	False	Other_lineages_enriched	0.383111806098514	0.0531665363565285	False		Other_lineages_enriched	573.0	annotated	-	FCD domain	K	FCD,GntR
group_84	0.003831417624521	0.101910828025478	0.0980794104009566	0.0004997501249375	0.001059637491421533	2.9748426841711053	True	False	L8L10_enriched	0.0267141585040071	0.192341941228851	False		L8L10_enriched	1028.0	valid_protein_no_eggnog_annotation				
group_82	0.0727969348659004	0.0509554140127389	-0.0218415208531615	0.031984007996002	0.04677643424182271	1.3299728874461265	True	False	Other_lineages_enriched	0.0350877192982456	0.118190212373038	False		direction_ambiguous		annotated	-	site-specific DNA-methyltransferase (adenine-specific) activity	V	HSDR_N_2,HsdM_N,N6_Mtase
group_69	0.0	0.203821656050955	0.203821656050955	0.0004997501249375	0.001059637491421533	2.9748426841711053	True	True	L8L10_enriched	0.0	0.163452708907254	False		L8L10_enriched	1282.0	annotated	-	Transposase and inactivated derivatives, IS30 family	L	HTH_38,rve
group_12610	0.0766283524904215	0.0382165605095541	-0.0384117919808673	0.15192403798101	0.19380166672374294	0.7126424922707447	False	False	Other_lineages_enriched	0.0831758034026465	0.0264650283553875	False		Other_lineages_enriched	1037.0	annotated	-	protein histidine kinase activity	T	HATPase_c_5,SPOB_a
group_9239	0.10727969348659	0.0063694267515923	-0.100910266734998	0.0004997501249375	0.001059637491421533	2.9748426841711053	True	False	Other_lineages_enriched	0.189359783588819	0.0072137060414788	False		Other_lineages_enriched	823.0	valid_protein_no_eggnog_annotation				
group_4208	0.0651340996168582	0.0445859872611465	-0.0205481123557117	0.0224887556221889	0.03400663137912456	1.4684363861770948	True	False	Other_lineages_enriched	0.230897009966777	0.10797342192691	False		Other_lineages_enriched	770.0	valid_protein_no_eggnog_annotation				
group_3799	0.003831417624521	0.101910828025478	0.0980794104009566	0.0004997501249375	0.001059637491421533	2.9748426841711053	True	False	L8L10_enriched	0.0267141585040071	0.192341941228851	False		L8L10_enriched	1029.0	valid_protein_no_eggnog_annotation				
smc_8~~~smc_5~~~smc_2~~~smc_4	0.003831417624521	0.0955414012738854	0.0917099836493643	0.0004997501249375	0.001059637491421533	2.9748426841711053	True	False	L8L10_enriched	0.0106288751107174	0.217891939769708	False		L8L10_enriched	883.0	annotated	-	LPXTG cell wall anchor motif	D	Gram_pos_anchor
group_3596	0.103448275862069	0.0	-0.103448275862069	0.0004997501249375	0.001059637491421533	2.9748426841711053	True	False	Other_lineages_enriched	0.194945848375451	0.0	False		Other_lineages_enriched	813.0	valid_protein_no_eggnog_annotation				
group_3530	0.003831417624521	0.101910828025478	0.0980794104009566	0.0004997501249375	0.001059637491421533	2.9748426841711053	True	False	L8L10_enriched	0.0267141585040071	0.192341941228851	False		L8L10_enriched	1030.0	valid_protein_no_eggnog_annotation				
xerC_4~~~xerC_1~~~xerC_6	0.0	0.159235668789809	0.159235668789809	0.0004997501249375	0.001059637491421533	2.9748426841711053	True	False	L8L10_enriched	0.0	0.130841121495327	False		L8L10_enriched	1472.0	annotated	-	Belongs to the 'phage' integrase family	L	Phage_int_SAM_5,Phage_integrase
group_3419	0.0727969348659004	0.0445859872611465	-0.0282109476047539	0.0489755122438781	0.06914066531430092	1.160266445723039	False	False	Other_lineages_enriched	0.0353159851301115	0.105947955390335	False		direction_ambiguous		valid_protein_no_eggnog_annotation				
ebhA~~~ebh_1	0.0957854406130268	0.0191082802547771	-0.0766771603582498	0.000999500249875	0.0019983940068799303	2.6993188814033258	True	False	Other_lineages_enriched	0.239111870196413	0.0529461998292058	False		Other_lineages_enriched	752.0	annotated	-	GA module	D	FIVAR,GA,YSIRK_signal
group_3176	0.0153256704980843	0.0828025477707006	0.0674768772726163	0.202898550724638	0.2515239746567653	0.5994206127357011	False	False	L8L10_enriched	0.0587155963302752	0.106422018348624	False		L8L10_enriched	1574.0	annotated	Z012_06975	Protein of unknown function (DUF805)	S	DUF805
group_2930	0.0804597701149425	0.0636942675159236	-0.016765502599019	1.0	1.0	-0.0	False	False	Other_lineages_enriched	0.0511363636363636	0.0549242424242424	False		direction_ambiguous		valid_protein_no_eggnog_annotation				
group_2870	0.0	0.140127388535032	0.140127388535032	0.0074962518740629	0.012817929385073822	1.8921821253059585	True	False	L8L10_enriched	0.0	0.0657640232108317	False		L8L10_enriched	1779.0	valid_protein_no_eggnog_annotation				
group_2643	0.003831417624521	0.0955414012738854	0.0917099836493643	0.0004997501249375	0.001059637491421533	2.9748426841711053	True	False	L8L10_enriched	0.026857654431513	0.182632050134288	False		L8L10_enriched	1149.0	valid_protein_no_eggnog_annotation				
group_2552	0.0114942528735632	0.127388535031847	0.115894282158284	0.0204897551224388	0.03134342763622834	1.5038535119484095	True	False	L8L10_enriched	0.0506787330316742	0.139366515837104	False		L8L10_enriched	1424.0	valid_protein_no_eggnog_annotation				
group_2512	0.0459770114942529	0.0764331210191083	0.0304561095248554	0.331834082958521	0.3891079371346359	0.40992991024324477	False	False	L8L10_enriched	0.0691537761601456	0.111010009099181	False		L8L10_enriched	1558.0	valid_protein_no_eggnog_annotation				
group_2508	0.0	0.114649681528662	0.114649681528662	0.0004997501249375	0.001059637491421533	2.9748426841711053	True	False	L8L10_enriched	0.0	0.120300751879699	False		L8L10_enriched	1534.0	valid_protein_no_eggnog_annotation				
noc_2~~~noc_1	0.0383141762452107	0.121019108280255	0.0827049320350441	0.262368815592204	0.3159741401229211	0.5003484593483044	False	False	L8L10_enriched	0.050185873605948	0.0910780669144981	False		L8L10_enriched	1640.0	annotated	-	DNA methylase	KL	N6_N4_Mtase,ParBc
group_2400	0.0421455938697318	0.0254777070063694	-0.0166678868633624	0.588705647176412	0.6453044269615028	0.19023535550598913	False	False	Other_lineages_enriched	0.0752587017873942	0.0432737535277516	False		Other_lineages_enriched	1053.0	annotated	-	Replication initiator protein A (RepA) N-terminus	S	RepA_N
group_2358	0.003831417624521	0.0955414012738854	0.0917099836493643	0.0004997501249375	0.001059637491421533	2.9748426841711053	True	False	L8L10_enriched	0.026857654431513	0.182632050134288	False		L8L10_enriched	1150.0	valid_protein_no_eggnog_annotation				
fba_1	0.114942528735632	0.0	-0.114942528735632	0.0004997501249375	0.001059637491421533	2.9748426841711053	True	False	Other_lineages_enriched	0.163452708907254	0.0	False		Other_lineages_enriched	872.0	annotated	-	Fructose-bisphosphate aldolase class-II	G	F_bP_aldolase
group_2065	0.114942528735632	0.0	-0.114942528735632	0.0004997501249375	0.001059637491421533	2.9748426841711053	True	False	Other_lineages_enriched	0.163452708907254	0.0	False		Other_lineages_enriched	873.0	annotated	ptsN	phosphoenolpyruvate-dependent sugar phosphotransferase system	G	PTS_EIIA_2
group_2034	0.0	0.152866242038217	0.152866242038217	0.0004997501249375	0.001059637491421533	2.9748426841711053	True	False	L8L10_enriched	0.0	0.120300751879699	False		L8L10_enriched	1533.0	annotated	-	HicA toxin of bacterial toxin-antitoxin,	S	HicA_toxin
group_1992	0.0	0.146496815286624	0.146496815286624	0.0004997501249375	0.001059637491421533	2.9748426841711053	True	False	L8L10_enriched	0.0	0.193315266485998	False		L8L10_enriched	1000.0	annotated	-	Recombinase	L	Recombinase,Resolvase,Zn_ribbon_recom
group_1885	0.0383141762452107	0.114649681528662	0.0763355052834517	0.000999500249875	0.0019983940068799303	2.6993188814033258	True	False	L8L10_enriched	0.0563620836891546	0.235695986336465	False		L8L10_enriched	815.0	valid_protein_no_eggnog_annotation				
group_1823	0.003831417624521	0.101910828025478	0.0980794104009566	0.0004997501249375	0.001059637491421533	2.9748426841711053	True	False	L8L10_enriched	0.0267141585040071	0.192341941228851	False		L8L10_enriched	1031.0	annotated	-	PFAM Helix-turn-helix	K	HTH_3
group_1712	0.003831417624521	0.101910828025478	0.0980794104009566	0.0004997501249375	0.001059637491421533	2.9748426841711053	True	False	L8L10_enriched	0.0267141585040071	0.192341941228851	False		L8L10_enriched	1032.0	valid_protein_no_eggnog_annotation				
group_1670	0.003831417624521	0.101910828025478	0.0980794104009566	0.0004997501249375	0.001059637491421533	2.9748426841711053	True	False	L8L10_enriched	0.0267141585040071	0.192341941228851	False		L8L10_enriched	1033.0	valid_protein_no_eggnog_annotation				
group_1547	0.0	0.10828025477707	0.10828025477707	0.0004997501249375	0.001059637491421533	2.9748426841711053	True	False	L8L10_enriched	0.0	0.120300751879699	False		L8L10_enriched	1535.0	valid_protein_no_eggnog_annotation				
group_1515	0.114942528735632	0.0	-0.114942528735632	0.0004997501249375	0.001059637491421533	2.9748426841711053	True	False	Other_lineages_enriched	0.163452708907254	0.0	False		Other_lineages_enriched	874.0	annotated	-	Domain of unknown function (DUF4432)	G	DUF4432
group_1364	0.0	0.171974522292994	0.171974522292994	0.0004997501249375	0.001059637491421533	2.9748426841711053	True	False	L8L10_enriched	0.0	0.13780260707635	False		L8L10_enriched	1447.0	annotated	-	Excisionase from transposon Tn916	S	Tn916-Xis
group_1246	0.003831417624521	0.101910828025478	0.0980794104009566	0.0004997501249375	0.001059637491421533	2.9748426841711053	True	False	L8L10_enriched	0.0267141585040071	0.192341941228851	False		L8L10_enriched	1034.0	valid_protein_no_eggnog_annotation				
group_1237	0.0	0.171974522292994	0.171974522292994	0.0004997501249375	0.001059637491421533	2.9748426841711053	True	False	L8L10_enriched	0.0	0.136067101584343	False		L8L10_enriched	1456.0	annotated	-	Type I restriction modification DNA specificity domain	V	Methylase_S
fruA_1~~~fruA_2	0.114942528735632	0.0	-0.114942528735632	0.0004997501249375	0.001059637491421533	2.9748426841711053	True	False	Other_lineages_enriched	0.163452708907254	0.0	False		Other_lineages_enriched	875.0	annotated	-	Phosphotransferase System	G	PTS_EIIC
group_1004	0.0344827586206897	0.0445859872611465	0.0101032286404568	0.422288855572214	0.4808022733622824	0.31803348753950894	False	False	L8L10_enriched	0.0556586270871985	0.0890538033395176	False		L8L10_enriched	1647.0	annotated	-	Bacteriophage Mu Gam like protein	S	Phage_Mu_Gam
group_882	0.0	0.089171974522293	0.089171974522293	0.0004997501249375	0.001059637491421533	2.9748426841711053	True	False	L8L10_enriched	0.0	0.223801065719361	False		L8L10_enriched	852.0	annotated	-	-	-	-
group_868	0.0651340996168582	0.0318471337579618	-0.0332869658588964	0.0654672663668166	0.09048432998265969	1.0434266251186173	False	False	Other_lineages_enriched	0.17353198948291	0.0736196319018405	False		Other_lineages_enriched	846.0	valid_protein_no_eggnog_annotation				
xylB_1~~~xylB_2	0.114942528735632	0.0	-0.114942528735632	0.0004997501249375	0.001059637491421533	2.9748426841711053	True	False	Other_lineages_enriched	0.163452708907254	0.0	False		Other_lineages_enriched	876.0	annotated	xylB	Xylulose kinase	G	FGGY_C,FGGY_N
group_573	0.003831417624521	0.101910828025478	0.0980794104009566	0.0004997501249375	0.001059637491421533	2.9748426841711053	True	False	L8L10_enriched	0.0267141585040071	0.192341941228851	False		L8L10_enriched	1035.0	valid_protein_no_eggnog_annotation				
group_552	0.003831417624521	0.0955414012738854	0.0917099836493643	0.0004997501249375	0.001059637491421533	2.9748426841711053	True	False	L8L10_enriched	0.0108695652173913	0.177536231884058	False		L8L10_enriched	1180.0	annotated	radC	Belongs to the UPF0758 family	E	RadC
fruA_3~~~manP	0.114942528735632	0.0	-0.114942528735632	0.0004997501249375	0.001059637491421533	2.9748426841711053	True	False	Other_lineages_enriched	0.163452708907254	0.0	False		Other_lineages_enriched	877.0	annotated	-	PTS system, Lactose/Cellobiose specific IIB subunit	G	PTS_IIB
group_479	0.0	0.197452229299363	0.197452229299363	0.0004997501249375	0.001059637491421533	2.9748426841711053	True	False	L8L10_enriched	0.0	0.118532455315146	False		L8L10_enriched	1539.0	annotated	-	Transposase	L	DDE_Tnp_1,DDE_Tnp_1_6,DUF772
group_346	0.0	0.089171974522293	0.089171974522293	0.0004997501249375	0.001059637491421533	2.9748426841711053	True	False	L8L10_enriched	0.0	0.223801065719361	False		L8L10_enriched	853.0	annotated	-	-	-	-
group_313	0.0344827586206897	0.0318471337579618	-0.0026356248627278	0.272863568215892	0.32729721779081333	0.4850576864220075	False	False	Other_lineages_enriched	0.117753623188406	0.0706521739130435	False		Other_lineages_enriched	963.0	annotated	-	-	-	-
group_98	0.003831417624521	0.101910828025478	0.0980794104009566	0.000999500249875	0.0019983940068799303	2.6993188814033258	True	False	L8L10_enriched	0.0267141585040071	0.192341941228851	False		L8L10_enriched	1036.0	valid_protein_no_eggnog_annotation				
group_76	0.114942528735632	0.0	-0.114942528735632	0.0004997501249375	0.001059637491421533	2.9748426841711053	True	False	Other_lineages_enriched	0.163452708907254	0.0	False		Other_lineages_enriched	878.0	annotated	-	Pfam:DUF1498	S	Lyx_isomer
group_14065	0.0114942528735632	0.0828025477707006	0.0713082948971374	0.0109945027486257	0.018122504530626152	1.741781783002093	True	False	L8L10_enriched	0.0417422867513612	0.143375680580762	False		L8L10_enriched	1398.0	annotated	-	Probable transposase	L	OrfB_IS605,OrfB_Zn_ribbon
group_8827	0.0306513409961686	0.0382165605095541	0.0075652195133855	0.706146926536732	0.7591367448412829	0.1196799867120577	False	False	L8L10_enriched	0.0326295585412668	0.0479846449136276	False		L8L10_enriched	1803.0	annotated	pepN	Peptidase family M1 domain	E	ERAP1_C,Peptidase_M1
group_4146	0.003831417624521	0.101910828025478	0.0980794104009566	0.0004997501249375	0.001059637491421533	2.9748426841711053	True	False	L8L10_enriched	0.0267141585040071	0.192341941228851	False		L8L10_enriched	1037.0	valid_protein_no_eggnog_annotation				
group_3777	0.0	0.101910828025478	0.101910828025478	0.0004997501249375	0.001059637491421533	2.9748426841711053	True	False	L8L10_enriched	0.0	0.130841121495327	False		L8L10_enriched	1473.0	annotated	-	EXOIII	L	RNase_T
group_3688	0.003831417624521	0.101910828025478	0.0980794104009566	0.0004997501249375	0.001059637491421533	2.9748426841711053	True	False	L8L10_enriched	0.0267141585040071	0.192341941228851	False		L8L10_enriched	1038.0	annotated	-	Helix-turn-helix XRE-family like proteins	K	HTH_3,PTS_IIB,TM2
tnpR~~~hin	0.0	0.101910828025478	0.101910828025478	0.0004997501249375	0.001059637491421533	2.9748426841711053	True	False	L8L10_enriched	0.0	0.142989786443825	False		L8L10_enriched	1401.0	annotated	tnpR1	Resolvase, N terminal domain	L	Resolvase
group_3554	0.053639846743295	0.0636942675159236	0.0100544207726285	0.183408295852074	0.22917342997064233	0.6398357352475277	False	False	L8L10_enriched	0.133333333333333	0.0648648648648649	False		direction_ambiguous		annotated	-	DNA (cytosine-5-)-methyltransferase activity	Q	Methyltransf_11
group_3517	0.0	0.089171974522293	0.089171974522293	0.0004997501249375	0.001059637491421533	2.9748426841711053	True	False	L8L10_enriched	0.0	0.122065727699531	False		L8L10_enriched	1527.0	valid_protein_no_eggnog_annotation				
group_3478	0.0	0.089171974522293	0.089171974522293	0.0004997501249375	0.001059637491421533	2.9748426841711053	True	False	L8L10_enriched	0.0	0.122065727699531	False		L8L10_enriched	1528.0	valid_protein_no_eggnog_annotation				
group_3422	0.0114942528735632	0.121019108280255	0.109524855406692	0.106946526736632	0.14129462934931936	0.8498743454995143	False	False	L8L10_enriched	0.0263901979264844	0.0885956644674835	False		L8L10_enriched	1649.0	annotated	-	AntA/AntB antirepressor	K	AntA,ORF6C,ORF6N
group_3301	0.0	0.0955414012738854	0.0955414012738854	0.0004997501249375	0.001059637491421533	2.9748426841711053	True	False	L8L10_enriched	0.0	0.154981549815498	False		L8L10_enriched	1325.0	valid_protein_no_eggnog_annotation				
group_3140	0.0344827586206897	0.133757961783439	0.0992752031627498	0.139930034982509	0.18003493372407933	0.7446432168323924	False	False	L8L10_enriched	0.0705433746425167	0.0228789323164919	False		direction_ambiguous		valid_protein_no_eggnog_annotation				
group_2827	0.0	0.165605095541401	0.165605095541401	0.0004997501249375	0.001059637491421533	2.9748426841711053	True	False	L8L10_enriched	0.0	0.13780260707635	False		L8L10_enriched	1448.0	valid_protein_no_eggnog_annotation				
group_2602	0.0919540229885057	0.0191082802547771	-0.0728457427337287	0.0004997501249375	0.001059637491421533	2.9748426841711053	True	False	Other_lineages_enriched	0.241319444444444	0.0225694444444444	False		Other_lineages_enriched	748.0	annotated	-	-	-	-
smc_4~~~smc_6~~~smc_1~~~smc_3~~~smc_2	0.0	0.0955414012738854	0.0955414012738854	0.0004997501249375	0.001059637491421533	2.9748426841711053	True	False	L8L10_enriched	0.0	0.237885462555066	False		L8L10_enriched	806.0	annotated	-	nuclear chromosome segregation	D	Gram_pos_anchor
garD	0.0421455938697318	0.0509554140127389	0.008809820143007	0.79560219890055	0.8386146018481485	0.07643757998770045	False	False	L8L10_enriched	0.0739371534195933	0.077634011090573	False		L8L10_enriched	1666.0	annotated	-	SAF	G	GD_AH_C,SAF
group_2049	0.0421455938697318	0.0509554140127389	0.008809820143007	0.79960019990005	0.8420206643242777	0.07467725019645123	False	False	L8L10_enriched	0.0739371534195933	0.077634011090573	False		L8L10_enriched	1667.0	valid_protein_no_eggnog_annotation				
group_2037	0.003831417624521	0.0828025477707006	0.0789711301461796	0.0004997501249375	0.001059637491421533	2.9748426841711053	True	False	L8L10_enriched	0.0271985494106981	0.159564823209429	False		L8L10_enriched	1306.0	annotated	-	-	-	-
group_2018	0.003831417624521	0.0955414012738854	0.0917099836493643	0.0004997501249375	0.001059637491421533	2.9748426841711053	True	False	L8L10_enriched	0.027027027027027	0.171171171171171	False		L8L10_enriched	1231.0	valid_protein_no_eggnog_annotation				
group_1949	0.0996168582375479	0.0127388535031847	-0.0868780047343632	0.0079960019990005	0.01359485375991055	1.8666254597650045	True	False	Other_lineages_enriched	0.14936247723133	0.029143897996357	False		Other_lineages_enriched	908.0	annotated	-	Type I restriction modification DNA specificity domain	V	Methylase_S
group_1871	0.0	0.0828025477707006	0.0828025477707006	0.0004997501249375	0.001059637491421533	2.9748426841711053	True	False	L8L10_enriched	0.0	0.17351598173516	False		L8L10_enriched	1216.0	annotated	-	HNH nucleases	L	HNH
group_1786	0.0881226053639847	0.0254777070063694	-0.0626448983576152	0.0024987506246876	0.00467805869792366	2.3299343331843234	True	False	Other_lineages_enriched	0.146654445462878	0.0201649862511457	False		Other_lineages_enriched	911.0	valid_protein_no_eggnog_annotation				
mngA	0.111111111111111	0.0	-0.111111111111111	0.0004997501249375	0.001059637491421533	2.9748426841711053	True	False	Other_lineages_enriched	0.151571164510166	0.0	False		Other_lineages_enriched	901.0	annotated	-	Phosphoenolpyruvate-dependent sugar phosphotransferase system, EIIA 2	G	PTS_EIIA_2
group_1578	0.0	0.10828025477707	0.10828025477707	0.0004997501249375	0.001059637491421533	2.9748426841711053	True	False	L8L10_enriched	0.0	0.15668202764977	False		L8L10_enriched	1317.0	annotated	-	LPXTG-motif cell wall anchor domain protein	M	DUF285,Gram_pos_anchor,YSIRK_signal
group_1504	0.0498084291187739	0.10828025477707	0.0584718256582961	0.60519740129935	0.6616209148246045	0.1793907745417438	False	False	L8L10_enriched	0.0731930466605673	0.0969807868252516	False		L8L10_enriched	1629.0	annotated	-	Pectinesterase	G	Pectinesterase
group_1384	0.0651340996168582	0.0254777070063694	-0.0396563926104888	0.0109945027486257	0.018122504530626152	1.741781783002093	True	False	Other_lineages_enriched	0.174757281553398	0.060017652250662	False		Other_lineages_enriched	841.0	annotated	-	Protein of unknown function (DUF4065)	K	DUF4065,MqsA_antitoxin
group_1344	0.003831417624521	0.101910828025478	0.0980794104009566	0.0004997501249375	0.001059637491421533	2.9748426841711053	True	False	L8L10_enriched	0.0267141585040071	0.192341941228851	False		L8L10_enriched	1039.0	annotated	-	Replication initiator protein A (RepA) N-terminus	S	RepA_N
yhdN~~~dkgB_2~~~iolS	0.0421455938697318	0.0509554140127389	0.008809820143007	0.812093953023488	0.8516389481898131	0.06974448509524424	False	False	L8L10_enriched	0.0739371534195933	0.077634011090573	False		L8L10_enriched	1668.0	annotated	yeaE	Aldo keto	S	Aldo_ket_red
gtf3_6~~~gtf3_3	0.0	0.089171974522293	0.089171974522293	0.0004997501249375	0.001059637491421533	2.9748426841711053	True	False	L8L10_enriched	0.0	0.228520814880425	False		L8L10_enriched	830.0	annotated	-	transferase activity, transferring glycosyl groups	M	-
group_1202	0.003831417624521	0.101910828025478	0.0980794104009566	0.0004997501249375	0.001059637491421533	2.9748426841711053	True	False	L8L10_enriched	0.0267141585040071	0.192341941228851	False		L8L10_enriched	1040.0	valid_protein_no_eggnog_annotation				
group_1129	0.0	0.159235668789809	0.159235668789809	0.0004997501249375	0.001059637491421533	2.9748426841711053	True	False	L8L10_enriched	0.0	0.123827392120075	False		L8L10_enriched	1513.0	valid_protein_no_eggnog_annotation				
group_1092	0.0574712643678161	0.089171974522293	0.0317007101544769	0.0219890054972514	0.03331207959238775	1.477398254510651	True	False	L8L10_enriched	0.130275229357798	0.0348623853211009	False		direction_ambiguous		annotated	-	Type I restriction modification DNA specificity domain	L	Methylase_S
fucU	0.0114942528735632	0.121019108280255	0.109524855406692	0.0054972513743128	0.00965020952496573	2.0154632571693076	True	False	L8L10_enriched	0.0515097690941385	0.172291296625222	False		L8L10_enriched	1219.0	annotated	fucU	RbsD / FucU transport protein family	G	RbsD_FucU
group_925	0.103448275862069	0.0127388535031847	-0.0907094223588843	0.0044977511244377	0.008036925138298385	2.094910076984476	True	False	Other_lineages_enriched	0.157181571815718	0.03613369467028	False		Other_lineages_enriched	890.0	annotated	-	-	-	-
group_840	0.0804597701149425	0.0063694267515923	-0.0740903433633502	0.0024987506246876	0.00467805869792366	2.3299343331843234	True	False	Other_lineages_enriched	0.142066420664207	0.0129151291512915	False		Other_lineages_enriched	912.0	valid_protein_no_eggnog_annotation				
group_781	0.0076628352490421	0.140127388535032	0.13246455328599	0.0014992503748125	0.002921366046722169	2.534414022584289	True	False	L8L10_enriched	0.0426287744227353	0.181172291296625	False		L8L10_enriched	1158.0	valid_protein_no_eggnog_annotation				
gudD_3~~~gudD_1	0.0421455938697318	0.0509554140127389	0.008809820143007	0.798600699650175	0.841236990200552	0.0750816391160205	False	False	L8L10_enriched	0.0739371534195933	0.077634011090573	False		L8L10_enriched	1669.0	annotated	-	Mandelate racemase / muconate lactonizing enzyme, C-terminal domain	M	MR_MLE_C,MR_MLE_N
group_618	0.0	0.114649681528662	0.114649681528662	0.0004997501249375	0.001059637491421533	2.9748426841711053	True	False	L8L10_enriched	0.0	0.186763372620127	False		L8L10_enriched	1128.0	annotated	-	Helix-turn-helix domain	K	HTH_3
fsaA~~~fsa	0.0651340996168582	0.0509554140127389	-0.0141786856041194	0.0004997501249375	0.001059637491421533	2.9748426841711053	True	False	Other_lineages_enriched	0.201605709188225	0.0142729705619982	False		Other_lineages_enriched	808.0	annotated	mipB	Transaldolase/Fructose-6-phosphate aldolase	G	TAL_FSA
licR_1	0.111111111111111	0.0	-0.111111111111111	0.0004997501249375	0.001059637491421533	2.9748426841711053	True	False	Other_lineages_enriched	0.15668202764977	0.0	False		Other_lineages_enriched	892.0	annotated	-	PRD domain	K	HTH_11,Mga,PRD,PTS_IIB
group_340	0.0	0.089171974522293	0.089171974522293	0.0004997501249375	0.001059637491421533	2.9748426841711053	True	False	L8L10_enriched	0.0	0.223801065719361	False		L8L10_enriched	854.0	annotated	-	-	-	-
group_318	0.003831417624521	0.0828025477707006	0.0789711301461796	0.0004997501249375	0.001059637491421533	2.9748426841711053	True	False	L8L10_enriched	0.0272479564032698	0.15622161671208	False		L8L10_enriched	1320.0	valid_protein_no_eggnog_annotation				
group_309	0.0268199233716475	0.0955414012738854	0.0687214779022378	0.259870064967516	0.31376763065883667	0.5033918617412805	False	False	L8L10_enriched	0.0771992818671454	0.127468581687612	False		L8L10_enriched	1493.0	valid_protein_no_eggnog_annotation				
group_223	0.0191570881226054	0.101910828025478	0.0827537399028724	0.0039980009995002	0.007214355582340176	2.141802455912525	True	False	L8L10_enriched	0.0595446584938704	0.189141856392294	False		L8L10_enriched	1110.0	annotated	-	Zn peptidase	E	Peptidase_M48,Peptidase_M78
group_198	0.0459770114942529	0.0700636942675159	0.024086682773263	1.0	1.0	-0.0	False	False	L8L10_enriched	0.0954095409540954	0.104410441044104	False		L8L10_enriched	1584.0	annotated	-	-	-	-
group_190	0.0881226053639847	0.0254777070063694	-0.0626448983576152	0.0039980009995002	0.007214355582340176	2.141802455912525	True	False	Other_lineages_enriched	0.182616330114135	0.0614574187884109	False		Other_lineages_enriched	831.0	valid_protein_no_eggnog_annotation				
group_7	0.0727969348659004	0.0573248407643312	-0.0154720941015692	0.735132433783108	0.7851738636354427	0.10503416534791339	False	False	Other_lineages_enriched	0.0363636363636364	0.0497607655502392	False		direction_ambiguous		annotated	-	-	-	-
group_13871	0.003831417624521	0.140127388535032	0.136295970910511	0.0004997501249375	0.001059637491421533	2.9748426841711053	True	False	L8L10_enriched	0.0206540447504303	0.258175559380379	False		L8L10_enriched	741.0	annotated	tnp2	Transposase	L	DDE_Tnp_ISL3,HTH_Tnp_ISL3,zf-ISL3
group_13467	0.0498084291187739	0.0700636942675159	0.020255265148742	0.340329835082459	0.39793712086469213	0.4001855465667349	False	False	L8L10_enriched	0.146981627296588	0.10323709536308	False		direction_ambiguous		annotated	-	hmm pf00665	L	HTH_21,rve,rve_2
group_3843	0.0842911877394636	0.0127388535031847	-0.0715523342362789	0.0014992503748125	0.002921366046722169	2.534414022584289	True	False	Other_lineages_enriched	0.204585537918871	0.0317460317460317	False		Other_lineages_enriched	802.0	annotated	-	MULE transposase domain	L	Transposase_mut
group_3840	0.0	0.10828025477707	0.10828025477707	0.0074962518740629	0.012817929385073822	1.8921821253059585	True	False	L8L10_enriched	0.0	0.062015503875969	False		L8L10_enriched	1785.0	annotated	tnpB	Putative transposase DNA-binding domain	L	HTH_OrfB_IS605,OrfB_IS605,OrfB_Zn_ribbon
group_3810	0.0804597701149425	0.0382165605095541	-0.0422432096053884	0.0089955022488755	0.01516897641251012	1.8190437239856339	True	False	Other_lineages_enriched	0.153985507246377	0.0344202898550725	False		Other_lineages_enriched	897.0	annotated	-	Prophage endopeptidase tail	M	Glyco_hydro_25,Peptidase_M23,Prophage_tail
group_3772	0.0727969348659004	0.0445859872611465	-0.0282109476047539	0.35632183908046	0.41560370257349233	0.3813205920097742	False	False	Other_lineages_enriched	0.0358490566037736	0.0773584905660377	False		direction_ambiguous		annotated	-	LPXTG-motif cell wall anchor domain protein	M	GbpC,Gram_pos_anchor,MucBP,YSIRK_signal
group_3704	0.0957854406130268	0.0	-0.0957854406130268	0.0004997501249375	0.001059637491421533	2.9748426841711053	True	False	Other_lineages_enriched	0.194945848375451	0.0	False		Other_lineages_enriched	814.0	valid_protein_no_eggnog_annotation				
catE	0.003831417624521	0.0764331210191083	0.0726017033945872	0.0004997501249375	0.001059637491421533	2.9748426841711053	True	False	L8L10_enriched	0.029616724738676	0.228222996515679	False		L8L10_enriched	831.0	annotated	catE	Glyoxalase/Bleomycin resistance protein/Dioxygenase superfamily	S	Glyoxalase
group_3548	0.0	0.140127388535032	0.140127388535032	0.0004997501249375	0.001059637491421533	2.9748426841711053	True	False	L8L10_enriched	0.0	0.203054806828392	False		L8L10_enriched	933.0	annotated	-	transposase, IS605 OrfB family	L	HTH_OrfB_IS605,OrfB_IS605,OrfB_Zn_ribbon
smc_5~~~smc_1~~~smc_6~~~smc_10~~~smc_4	0.0	0.159235668789809	0.159235668789809	0.0004997501249375	0.001059637491421533	2.9748426841711053	True	False	L8L10_enriched	0.0	0.141263940520446	False		L8L10_enriched	1413.0	annotated	-	KxYKxGKxW signal domain protein	V	-
group_3352	0.0	0.165605095541401	0.165605095541401	0.0004997501249375	0.001059637491421533	2.9748426841711053	True	False	L8L10_enriched	0.0	0.122065727699531	False		L8L10_enriched	1522.0	annotated	-	-	-	-
epsN_2	0.0957854406130268	0.0	-0.0957854406130268	0.0044977511244377	0.008036925138298385	2.094910076984476	True	False	Other_lineages_enriched	0.104265402843602	0.0	False		Other_lineages_enriched	989.0	annotated	-	DegT/DnrJ/EryC1/StrS aminotransferase family	E	DegT_DnrJ_EryC1
group_3243	0.0	0.152866242038217	0.152866242038217	0.0004997501249375	0.001059637491421533	2.9748426841711053	True	False	L8L10_enriched	0.0	0.330550918196995	False		L8L10_enriched	576.0	valid_protein_no_eggnog_annotation				
group_3053	0.003831417624521	0.089171974522293	0.0853405568977719	0.0014992503748125	0.002921366046722169	2.534414022584289	True	False	L8L10_enriched	0.0273473108477666	0.149498632634458	False		L8L10_enriched	1355.0	valid_protein_no_eggnog_annotation				
group_2651	0.0	0.146496815286624	0.146496815286624	0.0004997501249375	0.001059637491421533	2.9748426841711053	True	False	L8L10_enriched	0.0	0.178506375227687	False		L8L10_enriched	1171.0	valid_protein_no_eggnog_annotation				
group_2635	0.0459770114942529	0.0828025477707006	0.0368255362764478	0.389305347326337	0.4485178739301679	0.3482202451626612	False	False	L8L10_enriched	0.0627376425855513	0.0361216730038023	False		direction_ambiguous		valid_protein_no_eggnog_annotation				
rpe~~~rpe_1	0.0153256704980843	0.0828025477707006	0.0674768772726163	0.0229885057471264	0.034651018498070216	1.4602839956382934	True	False	L8L10_enriched	0.0439158279963403	0.126258005489479	False		L8L10_enriched	1501.0	annotated	rpe	Belongs to the ribulose-phosphate 3-epimerase family	G	Ribul_P_3_epim
group_2329	0.0	0.089171974522293	0.089171974522293	0.0004997501249375	0.001059637491421533	2.9748426841711053	True	False	L8L10_enriched	0.0	0.223801065719361	False		L8L10_enriched	855.0	annotated	-	exonuclease activity	S	-
group_2328	0.0	0.089171974522293	0.089171974522293	0.0004997501249375	0.001059637491421533	2.9748426841711053	True	False	L8L10_enriched	0.0	0.223801065719361	False		L8L10_enriched	856.0	annotated	-	Phage head-tail joining protein	S	Phage_H_T_join
group_2327	0.0	0.089171974522293	0.089171974522293	0.0004997501249375	0.001059637491421533	2.9748426841711053	True	False	L8L10_enriched	0.0	0.223801065719361	False		L8L10_enriched	857.0	annotated	-	Phage gp6-like head-tail connector protein	S	Phage_connect_1
group_2326	0.0	0.089171974522293	0.089171974522293	0.0004997501249375	0.001059637491421533	2.9748426841711053	True	False	L8L10_enriched	0.0	0.223801065719361	False		L8L10_enriched	858.0	annotated	-	Phage portal protein	S	-
group_2310	0.0727969348659004	0.0318471337579618	-0.0409498011079386	0.551724137931034	0.6106587284120784	0.21420143095972774	False	False	Other_lineages_enriched	0.0450704225352113	0.0769953051643192	False		direction_ambiguous		valid_protein_no_eggnog_annotation				
group_2271	0.0459770114942529	0.0700636942675159	0.024086682773263	1.0	1.0	-0.0	False	False	L8L10_enriched	0.0954095409540954	0.104410441044104	False		L8L10_enriched	1585.0	annotated	-	Phage tail assembly chaperone protein, TAC	S	Phage_TAC_12
group_2265	0.0459770114942529	0.0700636942675159	0.024086682773263	1.0	1.0	-0.0	False	False	L8L10_enriched	0.0954095409540954	0.104410441044104	False		L8L10_enriched	1586.0	annotated	-	-	-	-
group_2208	0.003831417624521	0.140127388535032	0.136295970910511	0.0004997501249375	0.001059637491421533	2.9748426841711053	True	False	L8L10_enriched	0.026857654431513	0.182632050134288	False		L8L10_enriched	1147.0	valid_protein_no_eggnog_annotation				
group_2148	0.0996168582375479	0.0	-0.0996168582375479	0.0004997501249375	0.001059637491421533	2.9748426841711053	True	False	Other_lineages_enriched	0.134328358208955	0.0	False		Other_lineages_enriched	925.0	valid_protein_no_eggnog_annotation				
group_2144	0.103448275862069	0.0	-0.103448275862069	0.0004997501249375	0.001059637491421533	2.9748426841711053	True	False	Other_lineages_enriched	0.15668202764977	0.0	False		Other_lineages_enriched	893.0	valid_protein_no_eggnog_annotation				
group_2091	0.0153256704980843	0.114649681528662	0.0993240110305781	0.577211394302849	0.6343934437050992	0.19764131399027998	False	False	L8L10_enriched	0.0098135426889107	0.02747791952895	False		L8L10_enriched	1815.0	valid_protein_no_eggnog_annotation				
group_2082	0.053639846743295	0.0127388535031847	-0.0409009932401103	0.187906046976512	0.23426047097525807	0.6303009879102314	False	False	Other_lineages_enriched	0.0845864661654135	0.0357142857142857	False		Other_lineages_enriched	1031.0	valid_protein_no_eggnog_annotation				
tkt_2	0.0	0.0828025477707006	0.0828025477707006	0.0004997501249375	0.001059637491421533	2.9748426841711053	True	False	L8L10_enriched	0.0	0.10246679316888	False		L8L10_enriched	1599.0	annotated	tkt	Catalyzes the transfer of a two-carbon ketol group from a ketose donor to an aldose acceptor, via a covalent intermediate with the cofactor thiamine pyrophosphate	H	Transket_pyr,Transketolase_C,Transketolase_N
group_1960	0.0	0.121019108280255	0.121019108280255	0.0004997501249375	0.001059637491421533	2.9748426841711053	True	False	L8L10_enriched	0.0	0.198198198198198	False		L8L10_enriched	960.0	annotated	panE	Catalyzes the NADPH-dependent reduction of ketopantoate into pantoic acid	H	ApbA,ApbA_C
group_1819	0.0459770114942529	0.0318471337579618	-0.0141298777362911	0.666166916541729	0.7215713313625894	0.14172073000930321	False	False	Other_lineages_enriched	0.106787330316742	0.0832579185520362	False		Other_lineages_enriched	985.0	annotated	-	Type I restriction modification DNA specificity domain	S	Methylase_S
glcR_1~~~glcR_4	0.0114942528735632	0.121019108280255	0.109524855406692	0.0064967516241879	0.011254887803206694	1.9486588300007415	True	False	L8L10_enriched	0.0515097690941385	0.172291296625222	False		L8L10_enriched	1220.0	annotated	fruR	DeoR C terminal sensor domain	K	DeoRC,HTH_DeoR
group_1606	0.0498084291187739	0.0191082802547771	-0.0307001488639969	0.472263868065967	0.5338282831140175	0.27259842029195275	False	False	Other_lineages_enriched	0.0939226519337016	0.0644567219152855	False		Other_lineages_enriched	1007.0	annotated	yxeH	hydrolase	S	Hydrolase_3
GFM1~~~tetO~~~tetM~~~fusA	0.0306513409961686	0.0445859872611465	0.0139346462649779	0.0354822588705647	0.051481304702118307	1.288350455206843	False	False	L8L10_enriched	0.0856327307326356	0.0114176974310181	True	tet(M);tet(O)	direction_ambiguous		annotated	fusA1	elongation factor G	J	EFG_C,EFG_II,EFG_IV,GTP_EFTU
group_1571	0.0	0.10828025477707	0.10828025477707	0.0004997501249375	0.001059637491421533	2.9748426841711053	True	False	L8L10_enriched	0.0	0.127340823970037	False		L8L10_enriched	1496.0	valid_protein_no_eggnog_annotation				
dapA_2~~~dapA_3	0.0421455938697318	0.0509554140127389	0.008809820143007	0.806096951524238	0.8466973080243432	0.07227182101496614	False	False	L8L10_enriched	0.0739371534195933	0.077634011090573	False		L8L10_enriched	1670.0	annotated	-	Dihydrodipicolinate synthetase family	EM	DHDPS
group_1440	0.0766283524904215	0.0254777070063694	-0.051150645484052	0.542728635682159	0.6029301600042866	0.21973299114571773	False	False	Other_lineages_enriched	0.0451552210724365	0.0733772342427093	False		direction_ambiguous		annotated	-	Glycosyltransferase family 92	M	Glyco_transf_92
group_1300	0.0766283524904215	0.0254777070063694	-0.051150645484052	0.568715642178911	0.6265189037042834	0.2030658206784482	False	False	Other_lineages_enriched	0.0451552210724365	0.0733772342427093	False		direction_ambiguous		annotated	-	transferase activity, transferring glycosyl groups	M	Glyco_tran_WbsX,Glycos_transf_1,Methyltransf_21,Sulfotransfer_1
group_1157	0.103448275862069	0.0	-0.103448275862069	0.0004997501249375	0.001059637491421533	2.9748426841711053	True	False	Other_lineages_enriched	0.15668202764977	0.0	False		Other_lineages_enriched	894.0	valid_protein_no_eggnog_annotation				
garK	0.0421455938697318	0.0509554140127389	0.008809820143007	0.796101949025487	0.8388730163220275	0.07630377514798456	False	False	L8L10_enriched	0.0739371534195933	0.077634011090573	False		L8L10_enriched	1671.0	annotated	-	Belongs to the glycerate kinase type-1 family	G	Gly_kinase
group_716	0.0	0.133757961783439	0.133757961783439	0.0044977511244377	0.008036925138298385	2.094910076984476	True	False	L8L10_enriched	0.0	0.0694980694980695	False		L8L10_enriched	1722.0	annotated	-	PFAM HNH endonuclease	L	HNH,RRXRR
group_673	0.0	0.146496815286624	0.146496815286624	0.0004997501249375	0.001059637491421533	2.9748426841711053	True	False	L8L10_enriched	0.0	0.178506375227687	False		L8L10_enriched	1172.0	valid_protein_no_eggnog_annotation				
csbC_1	0.0114942528735632	0.121019108280255	0.109524855406692	0.0114942528735632	0.018814487440829978	1.725507608577245	True	False	L8L10_enriched	0.0515097690941385	0.172291296625222	False		L8L10_enriched	1221.0	annotated	xylT	Belongs to the major facilitator superfamily. Sugar transporter (TC 2.A.1.1) family	EGP	Sugar_tr
group_640	0.0383141762452107	0.0636942675159236	0.0253800912707128	1.0	1.0	-0.0	False	False	L8L10_enriched	0.0650557620817844	0.0762081784386617	False		L8L10_enriched	1678.0	annotated	-	LICD family	M	LicD
group_600	0.0	0.184713375796178	0.184713375796178	0.000999500249875	0.0019983940068799303	2.6993188814033258	True	False	L8L10_enriched	0.0	0.100664767331434	False		L8L10_enriched	1611.0	annotated	-	Transposase	L	DDE_Tnp_1,DDE_Tnp_1_6,DUF772
rhaB_2~~~rhaB~~~rhaB_1	0.0114942528735632	0.121019108280255	0.109524855406692	0.0104947526236882	0.01743833075897762	1.7584950891775644	True	False	L8L10_enriched	0.0515097690941385	0.172291296625222	False		L8L10_enriched	1222.0	annotated	rhaB	FGGY family of carbohydrate kinases, N-terminal domain	G	FGGY_C,FGGY_N
group_405	0.103448275862069	0.0127388535031847	-0.0907094223588843	0.0034982508745627	0.006396635200712595	2.1940484163349723	True	False	Other_lineages_enriched	0.165318957771788	0.0377358490566038	False		Other_lineages_enriched	865.0	annotated	mod	DNA methylase	L	N6_N4_Mtase,TypeIII_RM_meth
group_337	0.0	0.089171974522293	0.089171974522293	0.0004997501249375	0.001059637491421533	2.9748426841711053	True	False	L8L10_enriched	0.0	0.223801065719361	False		L8L10_enriched	859.0	annotated	-	Caudovirus prohead serine protease	S	Peptidase_S78
group_241	0.0421455938697318	0.0764331210191083	0.0342875271493765	0.419290354822589	0.4778836800900832	0.3206778005481401	False	False	L8L10_enriched	0.082089552238806	0.0522388059701493	False		direction_ambiguous		annotated	-	-	-	-
group_49	0.0919540229885057	0.0	-0.0919540229885057	0.0014992503748125	0.002921366046722169	2.534414022584289	True	False	Other_lineages_enriched	0.141263940520446	0.0	False		Other_lineages_enriched	915.0	annotated	hsdM	Type I restriction-modification system	V	HsdM_N,N6_Mtase
group_14575	0.0	0.140127388535032	0.140127388535032	0.0004997501249375	0.001059637491421533	2.9748426841711053	True	False	L8L10_enriched	0.0	0.165137614678899	False		L8L10_enriched	1269.0	annotated	-	Probable transposase	L	OrfB_IS605,OrfB_Zn_ribbon
group_13391	0.0996168582375479	0.0	-0.0996168582375479	0.0024987506246876	0.00467805869792366	2.3299343331843234	True	False	Other_lineages_enriched	0.127340823970037	0.0	False		Other_lineages_enriched	941.0	annotated	-	LPXTG-motif cell wall anchor domain protein	M	Gram_pos_anchor,YSIRK_signal
group_13385	0.0268199233716475	0.0828025477707006	0.0559826243990531	0.0034982508745627	0.006396635200712595	2.1940484163349723	True	False	L8L10_enriched	0.0240295748613678	0.127541589648799	False		L8L10_enriched	1492.0	valid_protein_no_eggnog_annotation				
group_8785	0.0996168582375479	0.0127388535031847	-0.0868780047343632	0.0004997501249375	0.001059637491421533	2.9748426841711053	True	False	Other_lineages_enriched	0.276975361087511	0.0237892948173322	False		Other_lineages_enriched	713.0	valid_protein_no_eggnog_annotation				
group_3893	0.0727969348659004	0.0573248407643312	-0.0154720941015692	0.734132933533233	0.7843605758728932	0.10548424329484585	False	False	Other_lineages_enriched	0.0363636363636364	0.0497607655502392	False		direction_ambiguous		valid_protein_no_eggnog_annotation				
group_3872	0.0	0.089171974522293	0.089171974522293	0.0004997501249375	0.001059637491421533	2.9748426841711053	True	False	L8L10_enriched	0.0	0.201438848920863	False		L8L10_enriched	948.0	annotated	-	Phage transcriptional regulator, ArpU family	S	-
epsE	0.0	0.152866242038217	0.152866242038217	0.0004997501249375	0.001059637491421533	2.9748426841711053	True	False	L8L10_enriched	0.0	0.211091234347048	False		L8L10_enriched	904.0	annotated	-	Glycosyltransferase like family 2	M	Glycos_transf_2
group_3680	0.0	0.140127388535032	0.140127388535032	0.0004997501249375	0.001059637491421533	2.9748426841711053	True	False	L8L10_enriched	0.0	0.125585754451734	False		L8L10_enriched	1505.0	valid_protein_no_eggnog_annotation				
group_3634	0.003831417624521	0.146496815286624	0.142665397662103	0.000999500249875	0.0019983940068799303	2.6993188814033258	True	False	L8L10_enriched	0.0238751147842057	0.139577594123049	False		L8L10_enriched	1417.0	valid_protein_no_eggnog_annotation				
group_3556	0.0191570881226054	0.0636942675159236	0.0445371793933182	0.316841579210395	0.3723227544572937	0.42908042111907085	False	False	L8L10_enriched	0.0325047801147228	0.0554493307839388	False		L8L10_enriched	1797.0	annotated	comGB	Type II secretory pathway, component PulF	NU	T2SSF
group_3372	0.0	0.146496815286624	0.146496815286624	0.0004997501249375	0.001059637491421533	2.9748426841711053	True	False	L8L10_enriched	0.0	0.225377107364685	False		L8L10_enriched	844.0	valid_protein_no_eggnog_annotation				
group_3355	0.003831417624521	0.121019108280255	0.117187690655734	0.0004997501249375	0.001059637491421533	2.9748426841711053	True	False	L8L10_enriched	0.003683241252302	0.154696132596685	False		L8L10_enriched	1327.0	valid_protein_no_eggnog_annotation				
group_3262	0.0	0.089171974522293	0.089171974522293	0.0004997501249375	0.001059637491421533	2.9748426841711053	True	False	L8L10_enriched	0.0	0.223801065719361	False		L8L10_enriched	860.0	annotated	rplT	Binds directly to 23S ribosomal RNA and is necessary for the in vitro assembly process of the 50S ribosomal subunit. It is not involved in the protein synthesizing functions of that subunit	J	Ribosomal_L20
group_2729	0.0076628352490421	0.152866242038217	0.145203406789174	0.0124937531234383	0.02021950714230314	1.6942294346988658	True	False	L8L10_enriched	0.041780199818347	0.141689373297003	False		L8L10_enriched	1411.0	annotated	-	Abi-like protein	V	Abi_2
group_2709	0.0076628352490421	0.101910828025478	0.0942479927764356	0.183408295852074	0.22917342997064233	0.6398357352475277	False	False	L8L10_enriched	0.0534069981583794	0.104972375690608	False		L8L10_enriched	1582.0	annotated	-	LlaJI restriction endonuclease	S	RE_LlaJI
group_2697	0.0	0.089171974522293	0.089171974522293	0.0004997501249375	0.001059637491421533	2.9748426841711053	True	False	L8L10_enriched	0.0	0.223801065719361	False		L8L10_enriched	861.0	annotated	-	Phage tail tape measure protein TP901	L	PhageMin_Tail
garR	0.0421455938697318	0.0509554140127389	0.008809820143007	0.793103448275862	0.8365159609695791	0.0775257681565973	False	False	L8L10_enriched	0.0739371534195933	0.077634011090573	False		L8L10_enriched	1672.0	annotated	garR	NAD-binding of NADP-dependent 3-hydroxyisobutyrate dehydrogenase	I	NAD_binding_11,NAD_binding_2
group_2501	0.0	0.146496815286624	0.146496815286624	0.0004997501249375	0.001059637491421533	2.9748426841711053	True	False	L8L10_enriched	0.0	0.106060606060606	False		L8L10_enriched	1578.0	annotated	rny	peptidase	D	AAA,DUF237,DUF240,Peptidase_M23
ftsH_2~~~lon	0.003831417624521	0.0828025477707006	0.0789711301461796	0.102448775612194	0.13573329941382356	0.8673135939203641	False	False	L8L10_enriched	0.0283553875236295	0.0812854442344045	False		L8L10_enriched	1664.0	annotated	-	ATPase family associated with various cellular activities (AAA)	O	AAA
gtfA_2~~~gtfA_1	0.0766283524904215	0.0254777070063694	-0.051150645484052	0.542728635682159	0.6029301600042866	0.21973299114571773	False	False	Other_lineages_enriched	0.0451552210724365	0.0733772342427093	False		direction_ambiguous		annotated	cotSA	Spore coat protein	M	Glyco_transf_4,Glycos_transf_1
group_2403	0.0842911877394636	0.0254777070063694	-0.0588134807330942	0.0004997501249375	0.001059637491421533	2.9748426841711053	True	False	Other_lineages_enriched	0.328810853950519	0.0750199521149242	False		Other_lineages_enriched	636.0	valid_protein_no_eggnog_annotation				
group_2381	0.0	0.152866242038217	0.152866242038217	0.0004997501249375	0.001059637491421533	2.9748426841711053	True	False	L8L10_enriched	0.0	0.193315266485998	False		L8L10_enriched	999.0	valid_protein_no_eggnog_annotation				
xerC_6~~~xerC_3~~~xerC_8~~~xerC_11~~~IntTn_1~~~xerC_9	0.0229885057471264	0.127388535031847	0.104400029284721	0.0004997501249375	0.001059637491421533	2.9748426841711053	True	False	L8L10_enriched	0.0256191289496157	0.266438941076003	False		L8L10_enriched	711.0	annotated	sip	Belongs to the 'phage' integrase family	L	Arm-DNA-bind_4,Phage_int_SAM_3,Phage_integrase
group_2324	0.0	0.089171974522293	0.089171974522293	0.0004997501249375	0.001059637491421533	2.9748426841711053	True	False	L8L10_enriched	0.0	0.223801065719361	False		L8L10_enriched	862.0	annotated	terL	overlaps another CDS with the same product name	S	Terminase_1
group_2061	0.0613026819923372	0.0318471337579618	-0.0294555482343754	0.101949025487256	0.13512551849577975	0.8692626265859116	False	False	Other_lineages_enriched	0.0887629839471199	0.0226628895184136	False		Other_lineages_enriched	1023.0	valid_protein_no_eggnog_annotation				
group_2024	0.0919540229885057	0.0127388535031847	-0.079215169485321	0.291354322838581	0.3455768516029965	0.46145535634876506	False	False	Other_lineages_enriched	0.0773584905660377	0.0358490566037736	False		Other_lineages_enriched	1046.0	annotated	-	AAA domain (dynein-related subfamily)	V	AAA_5
group_2011	0.0919540229885057	0.0127388535031847	-0.079215169485321	0.269865067466267	0.3244091197742976	0.4889069454227124	False	False	Other_lineages_enriched	0.0773584905660377	0.0358490566037736	False		Other_lineages_enriched	1047.0	valid_protein_no_eggnog_annotation				
cdaR_3~~~cdaR_2	0.0421455938697318	0.0509554140127389	0.008809820143007	0.790104947526237	0.8336201735827572	0.07903178400417225	False	False	L8L10_enriched	0.0739371534195933	0.077634011090573	False		L8L10_enriched	1673.0	annotated	-	Putative sugar diacid recognition	KT	Diacid_rec,HTH_30
group_1783	0.0613026819923372	0.0382165605095541	-0.023086121482783	0.538230884557721	0.5993480110232141	0.2223209315688343	False	False	Other_lineages_enriched	0.096342551293488	0.119536128456735	False		direction_ambiguous		valid_protein_no_eggnog_annotation				
group_1716	0.0459770114942529	0.0636942675159236	0.0177172560216707	0.0054972513743128	0.00965020952496573	2.0154632571693076	True	False	L8L10_enriched	0.0512820512820513	0.180371352785146	False		L8L10_enriched	1164.0	annotated	-	Cro/C1-type HTH DNA-binding domain	K	HTH_26,HTH_3
group_1653	0.0	0.152866242038217	0.152866242038217	0.0004997501249375	0.001059637491421533	2.9748426841711053	True	False	L8L10_enriched	0.0	0.211091234347048	False		L8L10_enriched	905.0	annotated	-	-	-	Sulfotransfer_1,Sulfotransfer_3
group_1610	0.0727969348659004	0.0573248407643312	-0.0154720941015692	0.223888055972014	0.27506008367926404	0.5605724292236188	False	False	Other_lineages_enriched	0.134168157423971	0.0769230769230769	False		Other_lineages_enriched	927.0	annotated	-	-	-	-
group_1520	0.0881226053639847	0.0191082802547771	-0.0690143251092076	0.383308345827086	0.442847475280592	0.35374582693703027	False	False	Other_lineages_enriched	0.11913357400722	0.0758122743682311	False		Other_lineages_enriched	960.0	annotated	-	Type I restriction modification DNA specificity domain	V	Methylase_S
dapH_1	0.0766283524904215	0.0191082802547771	-0.0575200722356444	0.760119940029985	0.8071528206248147	0.09304423123735013	False	False	Other_lineages_enriched	0.0453686200378072	0.0642722117202268	False		direction_ambiguous		annotated	-	Bacterial transferase hexapeptide (six repeats)	S	Hexapep,Hexapep_2
group_1431	0.0	0.152866242038217	0.152866242038217	0.0004997501249375	0.001059637491421533	2.9748426841711053	True	False	L8L10_enriched	0.0	0.211091234347048	False		L8L10_enriched	906.0	annotated	wcmJ	slime layer polysaccharide biosynthetic process	S	PS_pyruv_trans
group_1427	0.0	0.152866242038217	0.152866242038217	0.0004997501249375	0.001059637491421533	2.9748426841711053	True	False	L8L10_enriched	0.0	0.211091234347048	False		L8L10_enriched	907.0	annotated	-	EpsG family	S	EpsG
ydiS	0.0076628352490421	0.101910828025478	0.0942479927764356	0.216391804097951	0.2667456021334637	0.5739027321093546	False	False	L8L10_enriched	0.0534069981583794	0.104972375690608	False		L8L10_enriched	1583.0	annotated	-	AAA domain (dynein-related subfamily)	L	AAA_5,DUF4268
group_1424	0.003831417624521	0.0828025477707006	0.0789711301461796	0.0004997501249375	0.001059637491421533	2.9748426841711053	True	False	L8L10_enriched	0.0301151461470328	0.198405668733392	False		L8L10_enriched	958.0	valid_protein_no_eggnog_annotation				
cotSA~~~mshA_6	0.0383141762452107	0.0573248407643312	0.0190106645191205	1.0	1.0	-0.0	False	False	L8L10_enriched	0.065237651444548	0.070829450139795	False		L8L10_enriched	1718.0	annotated	cotSA	Glycosyl transferases group 1	M	Glyco_transf_4,Glycos_transf_1
group_1313	0.0842911877394636	0.0127388535031847	-0.0715523342362789	0.0459770114942529	0.06544028201881784	1.1841548377145992	False	False	Other_lineages_enriched	0.131506849315069	0.0420091324200913	False		Other_lineages_enriched	933.0	annotated	-	Host cell surface-exposed lipoprotein	M	Lipoprotein_Ltp
lpxD_1	0.0	0.152866242038217	0.152866242038217	0.0004997501249375	0.001059637491421533	2.9748426841711053	True	False	L8L10_enriched	0.0	0.211091234347048	False		L8L10_enriched	908.0	annotated	-	Hexapeptide repeat of succinyl-transferase	S	Hexapep
group_1169	0.0	0.152866242038217	0.152866242038217	0.0004997501249375	0.001059637491421533	2.9748426841711053	True	False	L8L10_enriched	0.0	0.211091234347048	False		L8L10_enriched	909.0	annotated	-	Glycosyl transferases group 1	M	Glyco_trans_4_4,Glyco_transf_4,Glycos_transf_1
group_1068	0.0191570881226054	0.0828025477707006	0.0636454596480953	0.0174912543728136	0.027045369853787336	1.567907075070109	True	False	L8L10_enriched	0.0668425681618294	0.174142480211082	False		L8L10_enriched	1212.0	annotated	-	Bacterial regulatory proteins, tetR family	K	TetR_N
group_999	0.0383141762452107	0.0573248407643312	0.0190106645191205	1.0	1.0	-0.0	False	False	L8L10_enriched	0.065237651444548	0.070829450139795	False		L8L10_enriched	1719.0	valid_protein_no_eggnog_annotation				
fucI	0.0114942528735632	0.121019108280255	0.109524855406692	0.0099950024987506	0.01672601992553744	1.776607390180321	True	False	L8L10_enriched	0.0515097690941385	0.172291296625222	False		L8L10_enriched	1223.0	annotated	fucI	Converts the aldose L-fucose into the corresponding ketose L-fuculose	G	Fucose_iso_C,Fucose_iso_N1,Fucose_iso_N2
group_984	0.0	0.152866242038217	0.152866242038217	0.0004997501249375	0.001059637491421533	2.9748426841711053	True	False	L8L10_enriched	0.0	0.211091234347048	False		L8L10_enriched	910.0	annotated	-	Glycosyl transferases group 1	M	Glycos_transf_1
group_902	0.003831417624521	0.159235668789809	0.155404251165288	0.0004997501249375	0.001059637491421533	2.9748426841711053	True	False	L8L10_enriched	0.0109789569990851	0.159194876486734	False		L8L10_enriched	1307.0	annotated	-	-	-	-
group_885	0.003831417624521	0.089171974522293	0.0853405568977719	0.0004997501249375	0.001059637491421533	2.9748426841711053	True	False	L8L10_enriched	0.0269299820466786	0.177737881508079	False		L8L10_enriched	1179.0	valid_protein_no_eggnog_annotation				
group_869	0.0191570881226054	0.0509554140127389	0.0317983258901335	0.805097451274363	0.8459171243459905	0.0726721832993654	False	False	L8L10_enriched	0.0612813370473538	0.0817084493964717	False		L8L10_enriched	1663.0	valid_protein_no_eggnog_annotation				
group_859	0.0383141762452107	0.0573248407643312	0.0190106645191205	1.0	1.0	-0.0	False	False	L8L10_enriched	0.065237651444548	0.070829450139795	False		L8L10_enriched	1720.0	annotated	-	Polysaccharide biosynthesis protein	S	Polysacc_synt_3
group_797	0.0727969348659004	0.0573248407643312	-0.0154720941015692	0.719640179910045	0.7706254120258689	0.11315667385839147	False	False	Other_lineages_enriched	0.0363636363636364	0.0497607655502392	False		direction_ambiguous		annotated	-	PD-(D/E)XK nuclease family transposase	S	PDDEXK_2
group_747	0.0727969348659004	0.0573248407643312	-0.0154720941015692	0.758120939530235	0.8055493375530876	0.09390785515677853	False	False	Other_lineages_enriched	0.0363636363636364	0.0497607655502392	False		direction_ambiguous		valid_protein_no_eggnog_annotation				
group_679	0.003831417624521	0.146496815286624	0.142665397662103	0.0004997501249375	0.001059637491421533	2.9748426841711053	True	False	L8L10_enriched	0.0143497757847534	0.191928251121076	False		L8L10_enriched	1041.0	annotated	-	COG1961 Site-specific recombinases, DNA invertase Pin homologs	L	-
gudD_2	0.0421455938697318	0.0509554140127389	0.008809820143007	0.817091454272864	0.8560624298343679	0.06749456249116535	False	False	L8L10_enriched	0.0739371534195933	0.077634011090573	False		L8L10_enriched	1674.0	annotated	gudD	Mandelate racemase / muconate lactonizing enzyme, C-terminal domain	M	MR_MLE_C,MR_MLE_N
group_614	0.0919540229885057	0.0127388535031847	-0.079215169485321	0.261869065467266	0.31560298855692814	0.5008588929542601	False	False	Other_lineages_enriched	0.0773584905660377	0.0358490566037736	False		Other_lineages_enriched	1048.0	annotated	-	LlaJI restriction endonuclease	S	RE_LlaJI
group_572	0.0	0.152866242038217	0.152866242038217	0.0004997501249375	0.001059637491421533	2.9748426841711053	True	False	L8L10_enriched	0.0	0.211091234347048	False		L8L10_enriched	911.0	annotated	-	Polysaccharide biosynthesis protein	S	Polysacc_synt,Polysacc_synt_C
group_534	0.0919540229885057	0.0127388535031847	-0.079215169485321	0.261869065467266	0.31560298855692814	0.5008588929542601	False	False	Other_lineages_enriched	0.0773584905660377	0.0358490566037736	False		Other_lineages_enriched	1049.0	valid_protein_no_eggnog_annotation				
lpxD_2	0.0	0.152866242038217	0.152866242038217	0.0004997501249375	0.001059637491421533	2.9748426841711053	True	False	L8L10_enriched	0.0	0.211091234347048	False		L8L10_enriched	912.0	annotated	-	Bacterial transferase hexapeptide (six repeats)	E	Hexapep
group_472	0.0727969348659004	0.0573248407643312	-0.0154720941015692	0.227886056971514	0.27893185650859537	0.5545018825936874	False	False	Other_lineages_enriched	0.134168157423971	0.0769230769230769	False		Other_lineages_enriched	928.0	annotated	-	-	-	-
group_471	0.0	0.140127388535032	0.140127388535032	0.0004997501249375	0.001059637491421533	2.9748426841711053	True	False	L8L10_enriched	0.0	0.134328358208955	False		L8L10_enriched	1463.0	valid_protein_no_eggnog_annotation				
group_338	0.0	0.089171974522293	0.089171974522293	0.0004997501249375	0.001059637491421533	2.9748426841711053	True	False	L8L10_enriched	0.0	0.223801065719361	False		L8L10_enriched	863.0	annotated	-	peptidase activity	S	-
fucA	0.0114942528735632	0.114649681528662	0.103155428655099	0.0069965017491254	0.01204465687741285	1.9192055674687718	True	False	L8L10_enriched	0.0516473731077471	0.167408726625111	False		L8L10_enriched	1248.0	annotated	-	Class II Aldolase and Adducin N-terminal domain	G	Aldolase_II
group_8772	0.0459770114942529	0.0636942675159236	0.0177172560216707	0.0004997501249375	0.001059637491421533	2.9748426841711053	True	False	L8L10_enriched	0.0392506690454951	0.176628010704728	False		L8L10_enriched	1186.0	valid_protein_no_eggnog_annotation				
group_3806	0.0	0.0955414012738854	0.0955414012738854	0.0004997501249375	0.001059637491421533	2.9748426841711053	True	False	L8L10_enriched	0.0	0.198198198198198	False		L8L10_enriched	962.0	annotated	cps3I	Acyltransferase family	G	Acyl_transf_3
group_3753	0.0	0.101910828025478	0.101910828025478	0.0004997501249375	0.001059637491421533	2.9748426841711053	True	False	L8L10_enriched	0.0	0.186763372620127	False		L8L10_enriched	1130.0	annotated	-	Transposase	L	DDE_Tnp_IS240
group_3553	0.0	0.127388535031847	0.127388535031847	0.0004997501249375	0.001059637491421533	2.9748426841711053	True	False	L8L10_enriched	0.0	0.123827392120075	False		L8L10_enriched	1516.0	valid_protein_no_eggnog_annotation				
group_3532	0.0	0.146496815286624	0.146496815286624	0.0189905047476262	0.02919911952563151	1.534630244131201	True	False	L8L10_enriched	0.0	0.0487804878048781	False		L8L10_enriched	1802.0	annotated	-	by MetaGeneAnnotator	S	Collagen
group_3497	0.0421455938697318	0.0191082802547771	-0.0230373136149547	0.721139430284858	0.7717292701489469	0.11253502751588632	False	False	Other_lineages_enriched	0.0345821325648415	0.0441882804995197	False		direction_ambiguous		annotated	-	Type I restriction modification DNA specificity domain	V	Methylase_S
group_3331	0.0	0.101910828025478	0.101910828025478	0.0004997501249375	0.001059637491421533	2.9748426841711053	True	False	L8L10_enriched	0.0	0.166819431714024	False		L8L10_enriched	1262.0	annotated	-	Transposase	L	DDE_Tnp_ISL3
group_3327	0.0076628352490421	0.101910828025478	0.0942479927764356	0.0004997501249375	0.001059637491421533	2.9748426841711053	True	False	L8L10_enriched	0.0288288288288288	0.169369369369369	False		L8L10_enriched	1239.0	valid_protein_no_eggnog_annotation				
group_3142	0.0306513409961686	0.0636942675159236	0.033042926519755	0.0749625187406297	0.1020245763115964	0.9912952000922343	False	False	L8L10_enriched	0.0494958753437214	0.117323556370302	False		L8L10_enriched	1542.0	valid_protein_no_eggnog_annotation				
group_3138	0.0459770114942529	0.0509554140127389	0.0049784025184859	0.247376311844078	0.30066578661978494	0.5219159883530995	False	False	L8L10_enriched	0.0412371134020618	0.084348641049672	False		L8L10_enriched	1658.0	annotated	-	Putative HNHc nuclease	S	HNHc_6
group_3006	0.003831417624521	0.146496815286624	0.142665397662103	0.0004997501249375	0.001059637491421533	2.9748426841711053	True	False	L8L10_enriched	0.0110395584176633	0.149034038638454	False		L8L10_enriched	1356.0	annotated	-	Bacteriophage holin family	S	Phage_holin_4_1
group_2855	0.0	0.0828025477707006	0.0828025477707006	0.0004997501249375	0.001059637491421533	2.9748426841711053	True	False	L8L10_enriched	0.0	0.23321554770318	False		L8L10_enriched	822.0	annotated	-	-	-	-
group_2829	0.0	0.152866242038217	0.152866242038217	0.0004997501249375	0.001059637491421533	2.9748426841711053	True	False	L8L10_enriched	0.0	0.256320836965998	False		L8L10_enriched	745.0	valid_protein_no_eggnog_annotation				
group_2822	0.0	0.0955414012738854	0.0955414012738854	0.0004997501249375	0.001059637491421533	2.9748426841711053	True	False	L8L10_enriched	0.0	0.144712430426716	False		L8L10_enriched	1394.0	valid_protein_no_eggnog_annotation				
group_2619	0.0076628352490421	0.0700636942675159	0.0624008590184738	0.0024987506246876	0.00467805869792366	2.3299343331843234	True	False	L8L10_enriched	0.0290644868301544	0.154405086285195	False		L8L10_enriched	1329.0	valid_protein_no_eggnog_annotation				
group_2499	0.0842911877394636	0.0191082802547771	-0.0651829074846865	0.302848575712144	0.3574090461932359	0.44683445949101985	False	False	Other_lineages_enriched	0.0914179104477612	0.042910447761194	False		Other_lineages_enriched	1013.0	valid_protein_no_eggnog_annotation				
group_2323	0.0	0.089171974522293	0.089171974522293	0.0004997501249375	0.001059637491421533	2.9748426841711053	True	False	L8L10_enriched	0.0	0.223801065719361	False		L8L10_enriched	864.0	annotated	-	HNH nucleases	L	AAA_33,HNH
group_2288	0.0191570881226054	0.0700636942675159	0.0509066061449106	0.821589205397301	0.8605010908404662	0.06524857478941938	False	False	L8L10_enriched	0.0894160583941606	0.0857664233576642	False		direction_ambiguous		valid_protein_no_eggnog_annotation				
arnC_1~~~arnC_3	0.0383141762452107	0.0509554140127389	0.0126412377675281	1.0	1.0	-0.0	False	False	L8L10_enriched	0.0656660412757974	0.0581613508442777	False		direction_ambiguous		annotated	-	Glycosyltransferase like family 2	M	Glycos_transf_2
group_1784	0.003831417624521	0.159235668789809	0.155404251165288	0.156921539230385	0.19948166348924326	0.7000970188315231	False	False	L8L10_enriched	0.0409302325581395	0.0986046511627907	False		L8L10_enriched	1617.0	valid_protein_no_eggnog_annotation				
group_1693	0.0	0.0955414012738854	0.0955414012738854	0.0004997501249375	0.001059637491421533	2.9748426841711053	True	False	L8L10_enriched	0.0	0.214285714285714	False		L8L10_enriched	895.0	annotated	-	Protein of unknown function (DUF669)	S	DUF669
group_1592	0.0766283524904215	0.0318471337579618	-0.0447812187324597	0.807096451774113	0.8472070113398223	0.07201045873910344	False	False	Other_lineages_enriched	0.0750915750915751	0.0934065934065934	False		direction_ambiguous		annotated	-	Type I restriction modification DNA specificity domain	V	Methylase_S
group_1569	0.0306513409961686	0.0636942675159236	0.033042926519755	0.0679660169915042	0.09358463267321619	1.028795459949403	False	False	L8L10_enriched	0.0494958753437214	0.117323556370302	False		L8L10_enriched	1543.0	annotated	-	-	-	-
group_1426	0.003831417624521	0.101910828025478	0.0980794104009566	0.0174912543728136	0.027045369853787336	1.567907075070109	True	False	L8L10_enriched	0.0316573556797021	0.106145251396648	False		L8L10_enriched	1576.0	annotated	-	DNA modification	V	Eco57I,N6_Mtase,TaqI_C
group_1271	0.003831417624521	0.114649681528662	0.110818263904141	0.0059970014992503	0.01045508991535965	1.9806722278318074	True	False	L8L10_enriched	0.0113421550094518	0.0982986767485822	False		L8L10_enriched	1619.0	valid_protein_no_eggnog_annotation				
haeIIIM_2	0.003831417624521	0.101910828025478	0.0980794104009566	0.0174912543728136	0.027045369853787336	1.567907075070109	True	False	L8L10_enriched	0.0316573556797021	0.106145251396648	False		L8L10_enriched	1577.0	annotated	-	C-5 cytosine-specific DNA methylase	H	DNA_methylase
group_1026	0.0881226053639847	0.0127388535031847	-0.0753837518608	0.369315342328836	0.42954255311454803	0.36699380583179375	False	False	Other_lineages_enriched	0.0700757575757576	0.0359848484848485	False		Other_lineages_enriched	1073.0	annotated	dam	D12 class N6 adenine-specific DNA methyltransferase	H	MethyltransfD12
group_1003	0.0727969348659004	0.0254777070063694	-0.047319227859531	0.153423288355822	0.19548713655546537	0.7088818147733718	False	False	Other_lineages_enriched	0.108755760368664	0.047926267281106	False		Other_lineages_enriched	976.0	annotated	-	Bacteriophage Mu Gam like protein	S	Phage_Mu_Gam
group_926	0.0842911877394636	0.0191082802547771	-0.0651829074846865	0.313343328335832	0.36873795245234514	0.4332821602176857	False	False	Other_lineages_enriched	0.0914179104477612	0.042910447761194	False		Other_lineages_enriched	1014.0	annotated	-	protein disulfide oxidoreductase activity	S	-
group_588	0.0	0.10828025477707	0.10828025477707	0.0004997501249375	0.001059637491421533	2.9748426841711053	True	False	L8L10_enriched	0.0	0.15668202764977	False		L8L10_enriched	1318.0	annotated	-	-	-	Gram_pos_anchor
group_523	0.0	0.159235668789809	0.159235668789809	0.0004997501249375	0.001059637491421533	2.9748426841711053	True	False	L8L10_enriched	0.0	0.123827392120075	False		L8L10_enriched	1514.0	valid_protein_no_eggnog_annotation				
epsF~~~mshA_6	0.0383141762452107	0.0509554140127389	0.0126412377675281	1.0	1.0	-0.0	False	False	L8L10_enriched	0.0656660412757974	0.0581613508442777	False		direction_ambiguous		annotated	-	Glycosyl transferases group 1	M	Glyco_transf_4,Glycos_transf_1
group_374	0.0459770114942529	0.0700636942675159	0.024086682773263	1.0	1.0	-0.0	False	False	L8L10_enriched	0.0954095409540954	0.104410441044104	False		L8L10_enriched	1587.0	annotated	-	-	-	Phage_tail_2
group_357	0.0306513409961686	0.0828025477707006	0.0521512067745321	0.230884557721139	0.28218272169553155	0.5494695820133402	False	False	L8L10_enriched	0.0929824561403509	0.152631578947368	False		L8L10_enriched	1337.0	annotated	-	to Yersinia pestis insertion element IS1661 DNA-binding protein YPO0996 SWALL Q8ZHA8 (EMBL AJ414145)(178 aa) fasta scores E() 8.6e-14, 36.51 id in 178 aa, and to Klebsiella pneumoniae OrfA SWALL Q9AG22 (EMBL AF345899) (173 aa) fasta scores E() 1e-18, 40.22 38d in 174 aa	L	HTH_28,HTH_Tnp_1
group_351	0.0842911877394636	0.0191082802547771	-0.0651829074846865	0.310344827586207	0.3654704098986962	0.43714777968541124	False	False	Other_lineages_enriched	0.0914179104477612	0.042910447761194	False		Other_lineages_enriched	1015.0	annotated	-	Protein of unknown function (DUF739)	K	DUF739
group_336	0.0	0.089171974522293	0.089171974522293	0.0004997501249375	0.001059637491421533	2.9748426841711053	True	False	L8L10_enriched	0.0	0.223801065719361	False		L8L10_enriched	865.0	annotated	-	Phage terminase, small subunit	L	Terminase_4
group_116	0.0766283524904215	0.0254777070063694	-0.051150645484052	0.544227886056971	0.6043919395206334	0.21868133626725006	False	False	Other_lineages_enriched	0.0451552210724365	0.0733772342427093	False		direction_ambiguous		annotated	-	Glycosyl transferase family 2	M	Glycos_transf_2
group_15203	0.0268199233716475	0.0764331210191083	0.0496131976474608	0.164417791104448	0.20788818944326792	0.6821701831327737	False	False	L8L10_enriched	0.0667870036101083	0.128158844765343	False		L8L10_enriched	1491.0	annotated	-	Integrase core domain	L	HTH_21,rve,rve_2
group_13040	0.0153256704980843	0.0700636942675159	0.0547380237694316	0.0034982508745627	0.006396635200712595	2.1940484163349723	True	False	L8L10_enriched	0.0185528756957328	0.126159554730983	False		L8L10_enriched	1503.0	annotated	-	FR47-like protein	K	Acetyltransf_1
aacAaphD	0.0114942528735632	0.0700636942675159	0.0585694413939527	0.0019990004997501	0.0038205955027126337	2.4178689398669198	True	False	L8L10_enriched	0.0185528756957328	0.126159554730983	True	AAC(6')-Ie-APH(2'')-Ia bifunctional protein	L8L10_enriched	1502.0	annotated	-	Involved in resistance to gentamicin, tobramycin, and kanamycin. Tobramycin and kanamycin resistance is due to the ACC activity, specified by N-terminal region. The C-terminal region is a kinase that phosphorylates several 4,6-disubstituted aminoglycosides	F	APH,Acetyltransf_8
group_9121	0.0	0.165605095541401	0.165605095541401	0.0004997501249375	0.001059637491421533	2.9748426841711053	True	False	L8L10_enriched	0.0	0.122065727699531	False		L8L10_enriched	1523.0	valid_protein_no_eggnog_annotation				
group_8972	0.0	0.089171974522293	0.089171974522293	0.0004997501249375	0.001059637491421533	2.9748426841711053	True	False	L8L10_enriched	0.0	0.223801065719361	False		L8L10_enriched	866.0	valid_protein_no_eggnog_annotation				
spoVK~~~ruvB_3~~~ruvB_1~~~ruvB_4	0.0689655172413793	0.0382165605095541	-0.0307489567318252	0.0044977511244377	0.008036925138298385	2.094910076984476	True	False	Other_lineages_enriched	0.209982788296041	0.0688468158347676	False		Other_lineages_enriched	791.0	annotated	spoVK	stage V sporulation protein K	O	AAA,Beta_helix
group_3671	0.0383141762452107	0.0573248407643312	0.0190106645191205	1.0	1.0	-0.0	False	False	L8L10_enriched	0.0654817586529467	0.0636108512628625	False		direction_ambiguous		valid_protein_no_eggnog_annotation				
group_3580	0.0	0.089171974522293	0.089171974522293	0.0004997501249375	0.001059637491421533	2.9748426841711053	True	False	L8L10_enriched	0.0	0.26539462272333	False		L8L10_enriched	715.0	annotated	-	protein of Mannheimia haemolytica PHL213 UniRef RepID A7JSI2_PASHA	S	MazG
group_3570	0.0957854406130268	0.0	-0.0957854406130268	0.0004997501249375	0.001059637491421533	2.9748426841711053	True	False	Other_lineages_enriched	0.151571164510166	0.0	False		Other_lineages_enriched	902.0	annotated	-	Poorly processive, error-prone DNA polymerase involved in untargeted mutagenesis. Copies undamaged DNA at stalled replication forks, which arise in vivo from mismatched or misaligned primer ends. These misaligned primers can be extended by PolIV. Exhibits no 3'-5' exonuclease (proofreading) activity. May be involved in translesional synthesis, in conjunction with the beta clamp from PolIII	L	-
group_3481	0.0229885057471264	0.0573248407643312	0.0343363350172048	1.0	1.0	-0.0	False	False	L8L10_enriched	0.105545617173524	0.105545617173524	False		direction_ambiguous		annotated	-	DDE domain	L	DDE_Tnp_IS240
group_3441	0.0076628352490421	0.121019108280255	0.113356273031213	0.0399800099950025	0.057500712760162914	1.2403267719036366	False	False	L8L10_enriched	0.0189214758751183	0.0889309366130558	False		L8L10_enriched	1648.0	valid_protein_no_eggnog_annotation				
lexA_1~~~lexA_2~~~lexA_3	0.003831417624521	0.10828025477707	0.104448837152549	0.0004997501249375	0.001059637491421533	2.9748426841711053	True	False	L8L10_enriched	0.005181347150259	0.267702936096719	False		L8L10_enriched	703.0	annotated	-	Peptidase S24-like	K	HTH_3,Peptidase_S24
group_3315	0.0268199233716475	0.0509554140127389	0.0241354906410913	0.626686656671664	0.6830739443377879	0.16553228038930234	False	False	L8L10_enriched	0.0696608615948671	0.0971585701191567	False		L8L10_enriched	1622.0	valid_protein_no_eggnog_annotation				
group_3148	0.0766283524904215	0.0318471337579618	-0.0447812187324597	0.834582708645677	0.871064309467059	0.05994978045081696	False	False	Other_lineages_enriched	0.0950639853747715	0.076782449725777	False		Other_lineages_enriched	1006.0	valid_protein_no_eggnog_annotation				
group_3074	0.0	0.159235668789809	0.159235668789809	0.0004997501249375	0.001059637491421533	2.9748426841711053	True	False	L8L10_enriched	0.0	0.144712430426716	False		L8L10_enriched	1389.0	valid_protein_no_eggnog_annotation				
group_2878	0.0881226053639847	0.0063694267515923	-0.0817531786123923	0.0064967516241879	0.011254887803206694	1.9486588300007415	True	False	Other_lineages_enriched	0.139321723189734	0.0274977085242896	False		Other_lineages_enriched	916.0	valid_protein_no_eggnog_annotation				
group_2857	0.0766283524904215	0.0254777070063694	-0.051150645484052	0.555722138930535	0.614464579790642	0.21150314653639904	False	False	Other_lineages_enriched	0.0451552210724365	0.0733772342427093	False		direction_ambiguous		annotated	-	Glycosyl transferase, family 2	M	Glycos_transf_2
group_2770	0.0076628352490421	0.101910828025478	0.0942479927764356	0.0004997501249375	0.001059637491421533	2.9748426841711053	True	False	L8L10_enriched	0.0139616055846422	0.240837696335079	False		L8L10_enriched	790.0	annotated	-	Type I restriction modification DNA specificity domain	V	Methylase_S
group_2687	0.003831417624521	0.101910828025478	0.0980794104009566	0.0709645177411294	0.09722581536674485	1.012218406032977	False	False	L8L10_enriched	0.0077669902912621	0.0504854368932039	False		L8L10_enriched	1800.0	annotated	-	Bacteriophage holin family	S	Phage_holin_4_1
group_2679	0.003831417624521	0.159235668789809	0.155404251165288	0.0019990004997501	0.0038205955027126337	2.4178689398669198	True	False	L8L10_enriched	0.0019120458891013	0.0860420650095602	False		L8L10_enriched	1657.0	valid_protein_no_eggnog_annotation				
group_2618	0.0344827586206897	0.0700636942675159	0.0355809356468263	0.111944027986007	0.14742428945399405	0.831430956729421	False	False	L8L10_enriched	0.114075436982521	0.0459981600735971	False		direction_ambiguous		valid_protein_no_eggnog_annotation				
group_2531	0.003831417624521	0.133757961783439	0.129926544158918	0.0004997501249375	0.001059637491421533	2.9748426841711053	True	False	L8L10_enriched	0.0145985401459854	0.160583941605839	False		L8L10_enriched	1302.0	annotated	-	Recombinase	S	-
group_2504	0.0881226053639847	0.0	-0.0881226053639847	0.0004997501249375	0.001059637491421533	2.9748426841711053	True	False	Other_lineages_enriched	0.18346957311535	0.0	False		Other_lineages_enriched	829.0	annotated	-	Calcineurin-like phosphoesterase	S	-
group_2254	0.0421455938697318	0.0318471337579618	-0.01029846011177	1.0	1.0	-0.0	False	False	Other_lineages_enriched	0.0823421774931381	0.0878316559926807	False		direction_ambiguous		annotated	-	-	-	-
group_2100	0.0919540229885057	0.0	-0.0919540229885057	0.0004997501249375	0.001059637491421533	2.9748426841711053	True	False	Other_lineages_enriched	0.181818181818182	0.0	False		Other_lineages_enriched	833.0	annotated	-	-	-	-
smc_6~~~smc_7	0.003831417624521	0.127388535031847	0.123557117407326	0.0019990004997501	0.0038205955027126337	2.4178689398669198	True	False	L8L10_enriched	0.0112994350282486	0.105461393596987	False		L8L10_enriched	1580.0	annotated	-	nuclear chromosome segregation	D	Gram_pos_anchor
group_1975	0.0	0.133757961783439	0.133757961783439	0.0004997501249375	0.001059637491421533	2.9748426841711053	True	False	L8L10_enriched	0.0	0.144712430426716	False		L8L10_enriched	1390.0	annotated	-	Phage uncharacterised protein (Phage_XkdX)	S	Phage_XkdX
group_1787	0.0268199233716475	0.0955414012738854	0.0687214779022378	0.781609195402299	0.8257141067170809	0.0831702957394972	False	False	L8L10_enriched	0.0730337078651685	0.0543071161048689	False		direction_ambiguous		annotated	-	Helix-turn-helix XRE-family like proteins	K	HTH_19,HTH_3
group_1474	0.0076628352490421	0.140127388535032	0.13246455328599	0.0004997501249375	0.001059637491421533	2.9748426841711053	True	False	L8L10_enriched	0.024800708591674	0.203720106288751	False		L8L10_enriched	930.0	annotated	tnp2	Transposase	L	DDE_Tnp_ISL3,HTH_Tnp_ISL3,zf-ISL3
rfaB_2	0.0766283524904215	0.0318471337579618	-0.0447812187324597	0.586706646676662	0.643541411717577	0.19142350112671763	False	False	Other_lineages_enriched	0.0577281191806332	0.0800744878957169	False		direction_ambiguous		annotated	-	Glycosyl transferases group 1	M	Glyco_trans_1_4,Glyco_transf_4,Glycos_transf_1
group_1264	0.0076628352490421	0.114649681528662	0.10698684627962	0.0004997501249375	0.001059637491421533	2.9748426841711053	True	False	L8L10_enriched	0.0656565656565657	0.250841750841751	False		L8L10_enriched	758.0	annotated	cps3I	Acyltransferase family	G	Acyl_transf_3
group_1158	0.0574712643678161	0.0636942675159236	0.0062230031481074	0.174412793603198	0.21934738737501427	0.6588675340667492	False	False	L8L10_enriched	0.155866900175131	0.0928196147110333	False		direction_ambiguous		annotated	-	Transposase IS200 like	L	Y1_Tnp
group_1152	0.0766283524904215	0.0254777070063694	-0.051150645484052	0.557221389305347	0.6157090804027896	0.2106244414389792	False	False	Other_lineages_enriched	0.0451552210724365	0.0733772342427093	False		direction_ambiguous		annotated	-	EpsG family	S	EpsG
group_447	0.0	0.165605095541401	0.165605095541401	0.0004997501249375	0.001059637491421533	2.9748426841711053	True	False	L8L10_enriched	0.0	0.122065727699531	False		L8L10_enriched	1524.0	annotated	-	Helix-turn-helix domain	S	HTH_36
group_271	0.0	0.159235668789809	0.159235668789809	0.000999500249875	0.0019983940068799303	2.6993188814033258	True	False	L8L10_enriched	0.0	0.123827392120075	False		L8L10_enriched	1515.0	valid_protein_no_eggnog_annotation				
group_137	0.0421455938697318	0.089171974522293	0.0470263806525612	0.794602698650675	0.8378290854572717	0.07684456706582508	False	False	L8L10_enriched	0.0728291316526611	0.0597572362278245	False		direction_ambiguous		annotated	-	HNH endonuclease	V	-
group_14659	0.0076628352490421	0.127388535031847	0.119725699782805	0.0004997501249375	0.001059637491421533	2.9748426841711053	True	False	L8L10_enriched	0.0190972222222222	0.244791666666667	False		L8L10_enriched	777.0	annotated	tnp2	Transposase	L	DDE_Tnp_ISL3,HTH_Tnp_ISL3,zf-ISL3
group_14654	0.0306513409961686	0.10828025477707	0.0776289137809015	0.0004997501249375	0.001059637491421533	2.9748426841711053	True	False	L8L10_enriched	0.0212014134275618	0.212014134275618	False		L8L10_enriched	899.0	annotated	-	Helix-turn-helix domain	L	HTH_28,HTH_Tnp_1
cysK	0.0766283524904215	0.0	-0.0766283524904215	0.0109945027486257	0.018122504530626152	1.741781783002093	True	False	Other_lineages_enriched	0.0842911877394636	0.0	False		Other_lineages_enriched	1032.0	annotated	cysK	Belongs to the cysteine synthase cystathionine beta- synthase family	E	PALP
group_3904	0.0766283524904215	0.0191082802547771	-0.0575200722356444	0.0104947526236882	0.01743833075897762	1.7584950891775644	True	False	Other_lineages_enriched	0.114553990610329	0.0075117370892018	False		Other_lineages_enriched	968.0	annotated	-	Hypothetical protein (DUF2513)	S	DUF2513
group_3821	0.0	0.10828025477707	0.10828025477707	0.0004997501249375	0.001059637491421533	2.9748426841711053	True	False	L8L10_enriched	0.0	0.144712430426716	False		L8L10_enriched	1392.0	annotated	-	-	-	-
group_3734	0.0114942528735632	0.10828025477707	0.0967860019035068	0.0014992503748125	0.002921366046722169	2.534414022584289	True	False	L8L10_enriched	0.0256880733944954	0.139449541284404	False		L8L10_enriched	1421.0	annotated	-	Protein of unknown function (DUF4065)	S	DUF4065
group_3730	0.0	0.0828025477707006	0.0828025477707006	0.0004997501249375	0.001059637491421533	2.9748426841711053	True	False	L8L10_enriched	0.0	0.15668202764977	False		L8L10_enriched	1319.0	annotated	-	Membrane	J	DUF805,zinc_ribbon_2
group_3698	0.0268199233716475	0.10828025477707	0.0814603314054226	1.0	1.0	-0.0	False	False	L8L10_enriched	0.0566037735849057	0.0566037735849057	False		L8L10_enriched	1795.0	valid_protein_no_eggnog_annotation				
group_3618	0.0114942528735632	0.0700636942675159	0.0585694413939527	0.299850074962519	0.35475978348348297	0.45006561883228646	False	False	L8L10_enriched	0.0622710622710623	0.106227106227106	False		L8L10_enriched	1575.0	annotated	-	-	-	-
group_3338	0.0	0.0828025477707006	0.0828025477707006	0.0004997501249375	0.001059637491421533	2.9748426841711053	True	False	L8L10_enriched	0.0	0.170173833485819	False		L8L10_enriched	1237.0	valid_protein_no_eggnog_annotation				
group_3201	0.0766283524904215	0.0	-0.0766283524904215	0.000999500249875	0.0019983940068799303	2.6993188814033258	True	False	Other_lineages_enriched	0.129092609915809	0.0	False		Other_lineages_enriched	936.0	valid_protein_no_eggnog_annotation				
xerC_7~~~xerC_14~~~xerC_8	0.003831417624521	0.114649681528662	0.110818263904141	0.0019990004997501	0.0038205955027126337	2.4178689398669198	True	False	L8L10_enriched	0.0220994475138122	0.136279926335175	False		L8L10_enriched	1455.0	annotated	-	Belongs to the 'phage' integrase family	L	Arm-DNA-bind_4,Phage_int_SAM_3,Phage_integrase
group_2825	0.0	0.146496815286624	0.146496815286624	0.000999500249875	0.0019983940068799303	2.6993188814033258	True	False	L8L10_enriched	0.0	0.0897803247373448	False		L8L10_enriched	1643.0	valid_protein_no_eggnog_annotation				
group_2659	0.0191570881226054	0.101910828025478	0.0827537399028724	0.0429785107446277	0.06157138821893403	1.2106210544802078	False	False	L8L10_enriched	0.0690265486725664	0.161061946902655	False		L8L10_enriched	1301.0	annotated	-	-	-	-
group_2624	0.053639846743295	0.0573248407643312	0.0036849940210361	0.139430284857571	0.17953215654775165	0.7458577523197712	False	False	L8L10_enriched	0.0584474885844749	0.115068493150685	False		L8L10_enriched	1548.0	annotated	-	-	-	-
group_2611	0.0191570881226054	0.089171974522293	0.0700148863996876	0.412793603198401	0.4712941519538224	0.32670794914327567	False	False	L8L10_enriched	0.0388726919339164	0.0174927113702624	False		direction_ambiguous		annotated	-	-	-	-
group_2569	0.0766283524904215	0.0191082802547771	-0.0575200722356444	1.0	1.0	-0.0	False	False	Other_lineages_enriched	0.0456273764258555	0.0532319391634981	False		direction_ambiguous		valid_protein_no_eggnog_annotation				
group_2320	0.0	0.133757961783439	0.133757961783439	0.008495752123938	0.014407361424794497	1.8414155489276929	True	False	L8L10_enriched	0.0	0.0563654033041788	False		L8L10_enriched	1796.0	valid_protein_no_eggnog_annotation				
group_2269	0.0114942528735632	0.089171974522293	0.0776777216487298	0.0034982508745627	0.006396635200712595	2.1940484163349723	True	False	L8L10_enriched	0.0309936189608022	0.145852324521422	False		L8L10_enriched	1381.0	annotated	-	Acetyltransferase (GNAT) family	M	Acetyltransf_1
group_2016	0.0	0.0955414012738854	0.0955414012738854	0.0004997501249375	0.001059637491421533	2.9748426841711053	True	False	L8L10_enriched	0.0	0.132586367880486	False		L8L10_enriched	1466.0	annotated	-	Phage derived protein Gp49-like (DUF891)	S	Gp49
group_1946	0.0804597701149425	0.0063694267515923	-0.0740903433633502	0.0464767616191904	0.06606597477792596	1.180022152779825	False	False	Other_lineages_enriched	0.108411214953271	0.0224299065420561	False		Other_lineages_enriched	978.0	valid_protein_no_eggnog_annotation				
group_1684	0.0	0.140127388535032	0.140127388535032	0.0004997501249375	0.001059637491421533	2.9748426841711053	True	False	L8L10_enriched	0.0	0.136067101584343	False		L8L10_enriched	1458.0	annotated	-	Transposase and inactivated derivatives	L	HTH_28,Terminase_5
group_1683	0.0153256704980843	0.089171974522293	0.0738463040242087	1.0	1.0	-0.0	False	False	L8L10_enriched	0.0271844660194175	0.0310679611650485	False		L8L10_enriched	1812.0	valid_protein_no_eggnog_annotation				
group_1652	0.0114942528735632	0.0955414012738854	0.0840471484003221	0.0249875062468766	0.037339606840570694	1.4278302591740206	True	False	L8L10_enriched	0.0521114106019766	0.150943396226415	False		L8L10_enriched	1340.0	annotated	-	PFAM Transposase, IS4-like	L	DDE_Tnp_1_4
group_1394	0.0	0.089171974522293	0.089171974522293	0.0004997501249375	0.001059637491421533	2.9748426841711053	True	False	L8L10_enriched	0.0	0.223801065719361	False		L8L10_enriched	867.0	annotated	-	phage tail	S	Sipho_tail
group_1117	0.0114942528735632	0.0764331210191083	0.0649388681455451	0.204897551224388	0.25371568255706817	0.5956526875378357	False	False	L8L10_enriched	0.0621004566210046	0.111415525114155	False		L8L10_enriched	1556.0	annotated	-	UvrD/REP helicase N-terminal domain	L	AAA_19,UvrD-helicase
group_834	0.0229885057471264	0.0828025477707006	0.0598140420235742	0.0814592703648176	0.11009364062841427	0.958237766584588	False	False	L8L10_enriched	0.0544464609800363	0.130671506352087	False		L8L10_enriched	1476.0	annotated	-	-	-	-
group_754	0.0804597701149425	0.0063694267515923	-0.0740903433633502	0.0334832583708146	0.0486881448948959	1.3125767725327346	True	False	Other_lineages_enriched	0.108411214953271	0.0224299065420561	False		Other_lineages_enriched	979.0	annotated	-	-	-	-
group_503	0.0114942528735632	0.0764331210191083	0.0649388681455451	0.227886056971514	0.27893185650859537	0.5545018825936874	False	False	L8L10_enriched	0.0621004566210046	0.111415525114155	False		L8L10_enriched	1557.0	annotated	-	AAA ATPase domain	L	AAA_15,AAA_21
group_395	0.0383141762452107	0.0955414012738854	0.0572272250286746	0.023488255872064	0.035371939258889804	1.451341129431858	True	False	L8L10_enriched	0.117427772600186	0.0186393289841566	False		direction_ambiguous		annotated	-	Recombinase	L	Recombinase,Resolvase,Zn_ribbon_recom
group_353	0.0957854406130268	0.0	-0.0957854406130268	0.0004997501249375	0.001059637491421533	2.9748426841711053	True	False	Other_lineages_enriched	0.158379373848987	0.0	False		Other_lineages_enriched	886.0	annotated	-	Peptidase_C39 like family	S	Peptidase_C39_2
group_344	0.0306513409961686	0.0700636942675159	0.0394123532713473	0.348825587206397	0.4072928100088866	0.39009325650135046	False	False	L8L10_enriched	0.0378429517502365	0.0700094607379376	False		L8L10_enriched	1721.0	annotated	-	BRO family, N-terminal domain	K	Bro-N
group_191	0.0651340996168582	0.0	-0.0651340996168582	0.0034982508745627	0.006396635200712595	2.1940484163349723	True	False	Other_lineages_enriched	0.113207547169811	0.0	False		Other_lineages_enriched	970.0	valid_protein_no_eggnog_annotation				
group_127	0.0727969348659004	0.0127388535031847	-0.0600580813627157	1.0	1.0	-0.0	False	False	Other_lineages_enriched	0.0366441658630665	0.0347155255544841	False		Other_lineages_enriched	1114.0	valid_protein_no_eggnog_annotation				
group_15215	0.003831417624521	0.10828025477707	0.104448837152549	0.0004997501249375	0.001059637491421533	2.9748426841711053	True	False	L8L10_enriched	0.0215439856373429	0.183123877917415	False		L8L10_enriched	1143.0	annotated	isp	Transposase	L	DDE_Tnp_ISL3,HTH_Tnp_ISL3,zf-ISL3
metA	0.0727969348659004	0.0	-0.0727969348659004	0.0074962518740629	0.012817929385073822	1.8921821253059585	True	False	Other_lineages_enriched	0.0824544582933845	0.0	False		Other_lineages_enriched	1039.0	annotated	metA	Transfers an acetyl group from acetyl-CoA to	E	HTS
group_3770	0.003831417624521	0.10828025477707	0.104448837152549	0.0004997501249375	0.001059637491421533	2.9748426841711053	True	False	L8L10_enriched	0.0052539404553415	0.243432574430823	False		L8L10_enriched	782.0	annotated	-	Helix-turn-helix XRE-family like proteins	K	HTH_3
group_3714	0.0	0.089171974522293	0.089171974522293	0.0004997501249375	0.001059637491421533	2.9748426841711053	True	False	L8L10_enriched	0.0	0.116760828625235	False		L8L10_enriched	1544.0	valid_protein_no_eggnog_annotation				
group_3691	0.0344827586206897	0.0955414012738854	0.0610586426531957	0.0104947526236882	0.01743833075897762	1.7584950891775644	True	False	L8L10_enriched	0.12093023255814	0.0186046511627907	False		direction_ambiguous		annotated	-	Bacteriophage holin family	S	Phage_holin_4_1
group_3690	0.0344827586206897	0.0955414012738854	0.0610586426531957	0.0114942528735632	0.018814487440829978	1.725507608577245	True	False	L8L10_enriched	0.12093023255814	0.0186046511627907	False		direction_ambiguous		annotated	-	Phage gp6-like head-tail connector protein	S	Phage_connect_1
group_3689	0.0344827586206897	0.0955414012738854	0.0610586426531957	0.0139930034982509	0.022360303844198213	1.6505222993114606	True	False	L8L10_enriched	0.12093023255814	0.0186046511627907	False		direction_ambiguous		annotated	-	Phage head-tail joining protein	S	Phage_H_T_join
group_3642	0.0344827586206897	0.0955414012738854	0.0610586426531957	0.0154922538730635	0.024377734723851113	1.6130066532147327	True	False	L8L10_enriched	0.12093023255814	0.0186046511627907	False		direction_ambiguous		annotated	-	Phage capsid family	S	Phage_capsid
group_3560	0.0344827586206897	0.0955414012738854	0.0610586426531957	0.0119940029985007	0.01953546212558567	1.7091763107653832	True	False	L8L10_enriched	0.12093023255814	0.0186046511627907	False		direction_ambiguous		annotated	-	VRR_NUC	S	VRR_NUC
gtfC	0.0	0.0828025477707006	0.0828025477707006	0.0004997501249375	0.001059637491421533	2.9748426841711053	True	False	L8L10_enriched	0.0	0.109640831758034	False		L8L10_enriched	1568.0	annotated	-	Glycosyl hydrolase family 70	G	Big_2,CW_binding_1,Glyco_hydro_70
group_3415	0.0651340996168582	0.0254777070063694	-0.0396563926104888	0.472263868065967	0.5338282831140175	0.27259842029195275	False	False	Other_lineages_enriched	0.107272727272727	0.0745454545454545	False		Other_lineages_enriched	984.0	annotated	-	-	-	-
group_3401	0.0344827586206897	0.0955414012738854	0.0610586426531957	0.015992003998001	0.02508027280981118	1.6006677437922294	True	False	L8L10_enriched	0.12093023255814	0.0186046511627907	False		direction_ambiguous		annotated	-	SNF2 family N-terminal domain	L	Helicase_C,SNF2_N
group_3285	0.0344827586206897	0.0955414012738854	0.0610586426531957	0.0144927536231884	0.02304711543841978	1.6373834228804223	True	False	L8L10_enriched	0.12093023255814	0.0186046511627907	False		direction_ambiguous		annotated	-	Phage portal protein	S	Phage_portal
group_3265	0.0	0.089171974522293	0.089171974522293	0.0004997501249375	0.001059637491421533	2.9748426841711053	True	False	L8L10_enriched	0.0	0.122065727699531	False		L8L10_enriched	1529.0	annotated	tnpR1	Resolvase, N terminal domain	L	Resolvase
group_3251	0.0306513409961686	0.101910828025478	0.0712594870293091	0.0444777611194403	0.063608603684269	1.1964841378124442	False	False	L8L10_enriched	0.111111111111111	0.037037037037037	False		direction_ambiguous		annotated	-	Psort location Cytoplasmic, score	S	DUF4406
group_3137	0.0153256704980843	0.10828025477707	0.0929545842789858	0.551724137931034	0.6106587284120784	0.21420143095972774	False	False	L8L10_enriched	0.0450704225352113	0.0769953051643192	False		L8L10_enriched	1675.0	annotated	-	Helix-turn-helix domain	L	HTH_36
group_2839	0.0	0.152866242038217	0.152866242038217	0.0004997501249375	0.001059637491421533	2.9748426841711053	True	False	L8L10_enriched	0.0	0.0988593155893536	False		L8L10_enriched	1615.0	valid_protein_no_eggnog_annotation				
group_2836	0.0651340996168582	0.0318471337579618	-0.0332869658588964	0.52023988005997	0.5822657624991852	0.23487874586110785	False	False	Other_lineages_enriched	0.0444874274661509	0.0212765957446809	False		Other_lineages_enriched	1105.0	annotated	dnaC	DNA replication protein	L	IstB_IS21
group_2567	0.0727969348659004	0.0127388535031847	-0.0600580813627157	0.539730134932534	0.600408776030621	0.2215529684044225	False	False	Other_lineages_enriched	0.0607787274453941	0.0398860398860399	False		Other_lineages_enriched	1094.0	valid_protein_no_eggnog_annotation				
group_2479	0.0076628352490421	0.121019108280255	0.113356273031213	0.112443778110945	0.14796415689918682	0.8298434761332105	False	False	L8L10_enriched	0.0154142581888247	0.0578034682080925	False		L8L10_enriched	1790.0	annotated	-	Helix-turn-helix domain	K	HTH_3
group_2384	0.0153256704980843	0.10828025477707	0.0929545842789858	0.0219890054972514	0.03331207959238775	1.477398254510651	True	False	L8L10_enriched	0.0244360902255639	0.0958646616541353	False		L8L10_enriched	1632.0	annotated	-	Phage tail tape measure protein	S	Peptidase_M23,PhageMin_Tail,SLT
group_2359	0.0498084291187739	0.0636942675159236	0.0138858383971496	0.567716141929036	0.6256269858381851	0.20368452665561196	False	False	L8L10_enriched	0.0470366886171214	0.0714957666980244	False		L8L10_enriched	1712.0	annotated	-	-	-	-
group_2246	0.0574712643678161	0.0127388535031847	-0.0447324108646314	0.0079960019990005	0.01359485375991055	1.8666254597650045	True	False	Other_lineages_enriched	0.127541589648799	0.0240295748613678	False		Other_lineages_enriched	938.0	valid_protein_no_eggnog_annotation				
group_2114	0.0689655172413793	0.0318471337579618	-0.0371183834834175	1.0	1.0	-0.0	False	False	Other_lineages_enriched	0.099728014505893	0.0870353581142339	False		Other_lineages_enriched	1000.0	annotated	-	Transposase IS66 family	L	DDE_Tnp_IS66,DDE_Tnp_IS66_C,LZ_Tnp_IS66,zf-IS66
group_1755	0.0344827586206897	0.0955414012738854	0.0610586426531957	0.0124937531234383	0.02021950714230314	1.6942294346988658	True	False	L8L10_enriched	0.12093023255814	0.0186046511627907	False		direction_ambiguous		annotated	-	DNA methylase	KL	N6_N4_Mtase,ParBc
ermA1	0.0	0.121019108280255	0.121019108280255	0.0014992503748125	0.002921366046722169	2.534414022584289	True	False	L8L10_enriched	0.0	0.0916030534351145	True	ErmA	L8L10_enriched	1637.0	annotated	ermA	Ribosomal RNA adenine dimethylases	J	RrnaAD
group_1651	0.0574712643678161	0.0509554140127389	-0.0065158503550772	0.43328335832084	0.4921298399404232	0.3079203010326362	False	False	Other_lineages_enriched	0.128571428571429	0.0857142857142857	False		Other_lineages_enriched	937.0	annotated	ybbB	Protein of unknown function (DUF1211)	S	DUF1211
group_1282	0.0344827586206897	0.0955414012738854	0.0610586426531957	0.0129935032483758	0.020915287348997686	1.6795361643978708	True	False	L8L10_enriched	0.12093023255814	0.0186046511627907	False		direction_ambiguous		annotated	-	Domain of unknown function (DUF5049)	S	DUF5049
group_1261	0.0	0.089171974522293	0.089171974522293	0.0029985007496251	0.005538150207407345	2.256635269362656	True	False	L8L10_enriched	0.0	0.0657640232108317	False		L8L10_enriched	1780.0	valid_protein_no_eggnog_annotation				
group_1179	0.0	0.152866242038217	0.152866242038217	0.0004997501249375	0.001059637491421533	2.9748426841711053	True	False	L8L10_enriched	0.0	0.118532455315146	False		L8L10_enriched	1540.0	valid_protein_no_eggnog_annotation				
group_1012	0.0344827586206897	0.0955414012738854	0.0610586426531957	0.0164917541229385	0.025741511054041856	1.5893659631359525	True	False	L8L10_enriched	0.12093023255814	0.0186046511627907	False		direction_ambiguous		annotated	-	-	-	Terminase_4
group_607	0.0613026819923372	0.0127388535031847	-0.0485638284891524	0.0034982508745627	0.006396635200712595	2.1940484163349723	True	False	Other_lineages_enriched	0.165616561656166	0.0342034203420342	False		Other_lineages_enriched	862.0	annotated	-	-	-	-
iolG_2~~~iolG_3	0.0268199233716475	0.0828025477707006	0.0559826243990531	0.432783608195902	0.49190134149896414	0.3081219930438336	False	False	L8L10_enriched	0.101487314085739	0.148731408573928	False		L8L10_enriched	1364.0	annotated	iolG	Involved in the oxidation of myo-inositol (MI) and D- chiro-inositol (DCI) to 2-keto-myo-inositol (2KMI or 2-inosose) and 1-keto-D-chiro-inositol (1KDCI), respectively	C	GFO_IDH_MocA,GFO_IDH_MocA_C
group_390	0.0344827586206897	0.0955414012738854	0.0610586426531957	0.0199900049975013	0.03065010072906784	1.5135680938696625	True	False	L8L10_enriched	0.12093023255814	0.0186046511627907	False		direction_ambiguous		annotated	-	overlaps another CDS with the same product name	S	Terminase_1
group_233	0.0268199233716475	0.0509554140127389	0.0241354906410913	0.0209895052473763	0.03198909333492364	1.494998068925574	True	False	L8L10_enriched	0.0420475319926874	0.129798903107861	False		L8L10_enriched	1484.0	valid_protein_no_eggnog_annotation				
group_14568	0.003831417624521	0.127388535031847	0.123557117407326	0.0004997501249375	0.001059637491421533	2.9748426841711053	True	False	L8L10_enriched	0.0258620689655172	0.25	False		L8L10_enriched	761.0	annotated	tnp2	Transposase	L	DDE_Tnp_ISL3,HTH_Tnp_ISL3,zf-ISL3
group_9182	0.0881226053639847	0.0	-0.0881226053639847	0.0014992503748125	0.002921366046722169	2.534414022584289	True	False	Other_lineages_enriched	0.118532455315146	0.0	False		Other_lineages_enriched	961.0	annotated	-	PLD-like domain	L	PLDc_2
group_3888	0.0191570881226054	0.0573248407643312	0.0381677526417259	0.220889555222389	0.27178158493568777	0.5657799730330806	False	False	L8L10_enriched	0.0992167101827676	0.160139251523064	False		L8L10_enriched	1304.0	valid_protein_no_eggnog_annotation				
group_3742	0.0191570881226054	0.0955414012738854	0.07638431315128	0.0109945027486257	0.018122504530626152	1.741781783002093	True	False	L8L10_enriched	0.10158201498751	0.233139050791008	False		L8L10_enriched	823.0	annotated	-	Heat shock 70 kDa protein	O	StbA
group_3658	0.0	0.0828025477707006	0.0828025477707006	0.0004997501249375	0.001059637491421533	2.9748426841711053	True	False	L8L10_enriched	0.0	0.141263940520446	False		L8L10_enriched	1415.0	valid_protein_no_eggnog_annotation				
group_3537	0.0766283524904215	0.0063694267515923	-0.0702589257388291	0.0919540229885057	0.12276681756366543	0.9109190020578506	False	False	Other_lineages_enriched	0.0655105973025048	0.0077071290944123	False		Other_lineages_enriched	1084.0	annotated	hmpP2	haloacid dehalogenase-like hydrolase	S	Hydrolase_3
group_3452	0.0	0.121019108280255	0.121019108280255	0.000999500249875	0.0019983940068799303	2.6993188814033258	True	False	L8L10_enriched	0.0	0.0970504281636537	False		L8L10_enriched	1623.0	annotated	-	LicD family	M	LicD
group_3403	0.0	0.0828025477707006	0.0828025477707006	0.000999500249875	0.0019983940068799303	2.6993188814033258	True	False	L8L10_enriched	0.0	0.10246679316888	False		L8L10_enriched	1600.0	annotated	-	Type I restriction modification DNA specificity domain	V	Methylase_S
group_3366	0.0	0.0955414012738854	0.0955414012738854	0.0004997501249375	0.001059637491421533	2.9748426841711053	True	False	L8L10_enriched	0.0	0.122065727699531	False		L8L10_enriched	1525.0	annotated	radC	Belongs to the UPF0758 family	E	RadC
group_3216	0.003831417624521	0.114649681528662	0.110818263904141	0.678660669665167	0.7336571215704479	0.13450686242926302	False	False	L8L10_enriched	0.0214007782101167	0.0330739299610895	False		L8L10_enriched	1810.0	valid_protein_no_eggnog_annotation				
group_3030	0.0	0.121019108280255	0.121019108280255	0.0004997501249375	0.001059637491421533	2.9748426841711053	True	False	L8L10_enriched	0.0	0.0970504281636537	False		L8L10_enriched	1624.0	annotated	-	Glycosyltransferase like family 2	S	Glycos_transf_2
group_2945	0.0076628352490421	0.0700636942675159	0.0624008590184738	0.0089955022488755	0.01516897641251012	1.8190437239856339	True	False	L8L10_enriched	0.0534283170080142	0.165627782724844	False		L8L10_enriched	1265.0	annotated	ansR	Transcriptional regulator	K	HTH_3
group_2833	0.0114942528735632	0.0636942675159236	0.0522000146423603	0.0004997501249375	0.001059637491421533	2.9748426841711053	True	False	L8L10_enriched	0.0127157129881926	0.170753860127157	False		L8L10_enriched	1233.0	annotated	-	Protein of unknown function (DUF1351)	S	DUF1351
group_2680	0.0114942528735632	0.101910828025478	0.0904165751519145	0.000999500249875	0.0019983940068799303	2.6993188814033258	True	False	L8L10_enriched	0.0578723404255319	0.24	False		L8L10_enriched	793.0	annotated	-	hmm pf00665	L	HTH_21,rve,rve_2
group_2670	0.0651340996168582	0.0	-0.0651340996168582	0.0279860069965017	0.04133298657708342	1.3837032129838207	True	False	Other_lineages_enriched	0.062015503875969	0.0	False		Other_lineages_enriched	1089.0	valid_protein_no_eggnog_annotation				
group_2502	0.0114942528735632	0.0828025477707006	0.0713082948971374	0.0004997501249375	0.001059637491421533	2.9748426841711053	True	False	L8L10_enriched	0.0036563071297989	0.16819012797075	False		L8L10_enriched	1243.0	valid_protein_no_eggnog_annotation				
group_2219	0.0306513409961686	0.0955414012738854	0.0648900602777168	0.0264867566216892	0.03938351221501169	1.404685556161785	True	False	L8L10_enriched	0.11214953271028	0.0186915887850467	False		direction_ambiguous		annotated	-	Recombinase zinc beta ribbon domain	L	Recombinase,Resolvase,Zn_ribbon_recom
group_2209	0.0306513409961686	0.0955414012738854	0.0648900602777168	0.0209895052473763	0.03198909333492364	1.494998068925574	True	False	L8L10_enriched	0.11214953271028	0.0186915887850467	False		direction_ambiguous		annotated	-	ECF sigma factor	K	Sigma70_r4_2
group_2105	0.0842911877394636	0.0	-0.0842911877394636	0.0004997501249375	0.001059637491421533	2.9748426841711053	True	False	Other_lineages_enriched	0.161764705882353	0.0	False		Other_lineages_enriched	880.0	annotated	-	Domain of unknown function (DUF4176)	S	DUF4176
group_1931	0.0306513409961686	0.0955414012738854	0.0648900602777168	0.0309845077461269	0.04545590072283533	1.3424097321333683	True	False	L8L10_enriched	0.11214953271028	0.0186915887850467	False		direction_ambiguous		annotated	-	-	-	-
group_1915	0.0	0.0828025477707006	0.0828025477707006	0.0004997501249375	0.001059637491421533	2.9748426841711053	True	False	L8L10_enriched	0.0	0.171846435100548	False		L8L10_enriched	1227.0	annotated	-	RRXRR protein	V	HNH,HNH_5,RRXRR
group_1737	0.0306513409961686	0.0955414012738854	0.0648900602777168	0.0239880059970015	0.035976549731506574	1.443980489251106	True	False	L8L10_enriched	0.11214953271028	0.0186915887850467	False		direction_ambiguous		annotated	-	-	-	-
yjmD_1~~~yjmD_2~~~yjmD	0.0804597701149425	0.0063694267515923	-0.0740903433633502	0.0004997501249375	0.001059637491421533	2.9748426841711053	True	False	Other_lineages_enriched	0.336065573770492	0.0245901639344262	False		Other_lineages_enriched	624.0	annotated	tdh	Zinc-binding dehydrogenase	C	ADH_N,ADH_zinc_N
group_1367	0.0306513409961686	0.0955414012738854	0.0648900602777168	0.0204897551224388	0.03134342763622834	1.5038535119484095	True	False	L8L10_enriched	0.11214953271028	0.0186915887850467	False		direction_ambiguous		annotated	-	Psort location Cytoplasmic, score	S	-
group_1328	0.0306513409961686	0.0955414012738854	0.0648900602777168	0.0249875062468766	0.037339606840570694	1.4278302591740206	True	False	L8L10_enriched	0.11214953271028	0.0186915887850467	False		direction_ambiguous		annotated	-	-	-	-
group_1304	0.0	0.121019108280255	0.121019108280255	0.0004997501249375	0.001059637491421533	2.9748426841711053	True	False	L8L10_enriched	0.0	0.0970504281636537	False		L8L10_enriched	1625.0	annotated	-	-	-	-
group_1287	0.0306513409961686	0.0955414012738854	0.0648900602777168	0.0249875062468766	0.037339606840570694	1.4278302591740206	True	False	L8L10_enriched	0.11214953271028	0.0186915887850467	False		direction_ambiguous		annotated	-	Psort location Cytoplasmic, score	L	Recombinase,Resolvase,Zn_ribbon_recom
group_1283	0.0306513409961686	0.0955414012738854	0.0648900602777168	0.0254872563718141	0.038017433112325694	1.4200172094796812	True	False	L8L10_enriched	0.11214953271028	0.0186915887850467	False		direction_ambiguous		annotated	-	Addiction module antitoxin, RelB DinJ family	L	RelB
mnaA_1	0.0	0.121019108280255	0.121019108280255	0.0004997501249375	0.001059637491421533	2.9748426841711053	True	False	L8L10_enriched	0.0	0.0970504281636537	False		L8L10_enriched	1626.0	annotated	wecB	Belongs to the UDP-N-acetylglucosamine 2-epimerase family	G	Epimerase_2
group_1087	0.0	0.121019108280255	0.121019108280255	0.0019990004997501	0.0038205955027126337	2.4178689398669198	True	False	L8L10_enriched	0.0	0.0970504281636537	False		L8L10_enriched	1627.0	annotated	-	transferase activity, transferring glycosyl groups	M	-
copY_1~~~copY_2	0.0114942528735632	0.0955414012738854	0.0840471484003221	0.000999500249875	0.0019983940068799303	2.6993188814033258	True	False	L8L10_enriched	0.0166666666666667	0.131481481481481	False		L8L10_enriched	1471.0	annotated	atkY	Transcriptional regulator	K	Penicillinase_R
group_753	0.0	0.089171974522293	0.089171974522293	0.0004997501249375	0.001059637491421533	2.9748426841711053	True	False	L8L10_enriched	0.0	0.122065727699531	False		L8L10_enriched	1530.0	valid_protein_no_eggnog_annotation				
group_599	0.0114942528735632	0.0828025477707006	0.0713082948971374	0.0004997501249375	0.001059637491421533	2.9748426841711053	True	False	L8L10_enriched	0.003683241252302	0.154696132596685	False		L8L10_enriched	1328.0	valid_protein_no_eggnog_annotation				
ydfJ	0.0804597701149425	0.0063694267515923	-0.0740903433633502	0.0004997501249375	0.001059637491421533	2.9748426841711053	True	False	Other_lineages_enriched	0.336065573770492	0.0245901639344262	False		Other_lineages_enriched	625.0	annotated	-	MFS transporter, metabolite H symporter (MHS) family protein	EGP	MFS_1,Sugar_tr
group_530	0.0498084291187739	0.0573248407643312	0.0075164116455572	1.0	1.0	-0.0	False	False	L8L10_enriched	0.0471698113207547	0.0660377358490566	False		L8L10_enriched	1778.0	valid_protein_no_eggnog_annotation				
murJ_3	0.0	0.121019108280255	0.121019108280255	0.0004997501249375	0.001059637491421533	2.9748426841711053	True	False	L8L10_enriched	0.0	0.0970504281636537	False		L8L10_enriched	1628.0	annotated	-	Membrane protein involved in the export of O-antigen and teichoic acid	S	Polysacc_synt,Polysacc_synt_C
group_413	0.0842911877394636	0.0	-0.0842911877394636	0.0044977511244377	0.008036925138298385	2.094910076984476	True	False	Other_lineages_enriched	0.0824544582933845	0.0	False		Other_lineages_enriched	1038.0	valid_protein_no_eggnog_annotation				
clpP_2	0.0306513409961686	0.0955414012738854	0.0648900602777168	0.0224887556221889	0.03400663137912456	1.4684363861770948	True	False	L8L10_enriched	0.11214953271028	0.0186915887850467	False		direction_ambiguous		annotated	clpP	serine-type endopeptidase activity	OU	CLP_protease,Mu-like_Pro
group_287	0.0	0.101910828025478	0.101910828025478	0.0004997501249375	0.001059637491421533	2.9748426841711053	True	False	L8L10_enriched	0.0	0.118532455315146	False		L8L10_enriched	1541.0	annotated	-	TIGRFAM transposase, IS605 OrfB family	L	OrfB_IS605,OrfB_Zn_ribbon
group_216	0.003831417624521	0.0955414012738854	0.0917099836493643	1.0	1.0	-0.0	False	False	L8L10_enriched	0.0118811881188119	0.0079207920792079	False		direction_ambiguous		annotated	-	Family of unknown function (DUF5388)	S	DUF5388
group_169	0.0268199233716475	0.101910828025478	0.0750909046538302	0.0029985007496251	0.005538150207407345	2.256635269362656	True	False	L8L10_enriched	0.0626631853785901	0.196692776327241	False		L8L10_enriched	968.0	annotated	-	Transposase IS200 like	L	Y1_Tnp
group_118	0.0306513409961686	0.0955414012738854	0.0648900602777168	0.031984007996002	0.04677643424182271	1.3299728874461265	True	False	L8L10_enriched	0.11214953271028	0.0186915887850467	False		direction_ambiguous		annotated	-	-	-	-
fruA_2	0.0842911877394636	0.0063694267515923	-0.0779217609878712	0.0004997501249375	0.001059637491421533	2.9748426841711053	True	False	Other_lineages_enriched	0.363929146537842	0.0257648953301127	False		Other_lineages_enriched	591.0	annotated	-	Fructan beta-fructosidase	GN	Big_2,Cadherin-like,G5,Glyco_hydro_32C,Glyco_hydro_32N,Gram_pos_anchor
group_12928	0.0	0.140127388535032	0.140127388535032	0.0004997501249375	0.001059637491421533	2.9748426841711053	True	False	L8L10_enriched	0.0	0.185117967332123	False		L8L10_enriched	1137.0	annotated	-	Transcriptional regulator	K	TetR_N
group_12927	0.0	0.140127388535032	0.140127388535032	0.0004997501249375	0.001059637491421533	2.9748426841711053	True	False	L8L10_enriched	0.0	0.185117967332123	False		L8L10_enriched	1138.0	annotated	-	Exporter of polyketide antibiotics	M	-
group_12926	0.0	0.140127388535032	0.140127388535032	0.0004997501249375	0.001059637491421533	2.9748426841711053	True	False	L8L10_enriched	0.0	0.185117967332123	False		L8L10_enriched	1139.0	annotated	ybhF_1	ABC transporter	V	ABC_tran,DUF4162
group_12673	0.0766283524904215	0.0	-0.0766283524904215	0.0259870064967516	0.038675332613729234	1.412565942614088	True	False	Other_lineages_enriched	0.0563654033041788	0.0	False		Other_lineages_enriched	1099.0	valid_protein_no_eggnog_annotation				
group_3915	0.0804597701149425	0.0	-0.0804597701149425	0.0304847576211894	0.04474266207653411	1.3492781800347577	True	False	Other_lineages_enriched	0.0676328502415459	0.0	False		Other_lineages_enriched	1075.0	annotated	doc	Fic/DOC family	S	Fic
group_3834	0.0076628352490421	0.10828025477707	0.100617419528028	0.0004997501249375	0.001059637491421533	2.9748426841711053	True	False	L8L10_enriched	0.0037243947858473	0.134078212290503	False		L8L10_enriched	1464.0	annotated	-	Transposase and inactivated derivatives, IS30 family	L	HTH_38,rve
group_3762	0.0	0.133757961783439	0.133757961783439	0.0004997501249375	0.001059637491421533	2.9748426841711053	True	False	L8L10_enriched	0.0	0.136067101584343	False		L8L10_enriched	1459.0	annotated	-	PIN domain	S	PIN,PIN_3
group_3639	0.003831417624521	0.133757961783439	0.129926544158918	0.0004997501249375	0.001059637491421533	2.9748426841711053	True	False	L8L10_enriched	0.0111627906976744	0.128372093023256	False		L8L10_enriched	1490.0	valid_protein_no_eggnog_annotation				
group_3615	0.0	0.10828025477707	0.10828025477707	0.0004997501249375	0.001059637491421533	2.9748426841711053	True	False	L8L10_enriched	0.0	0.0988593155893536	False		L8L10_enriched	1616.0	annotated	-	-	-	-
group_3549	0.0	0.089171974522293	0.089171974522293	0.0004997501249375	0.001059637491421533	2.9748426841711053	True	False	L8L10_enriched	0.0	0.194945848375451	False		L8L10_enriched	977.0	annotated	repB	Initiator Replication protein	L	Rep_3
group_3435	0.053639846743295	0.0318471337579618	-0.0217927129853332	1.0	1.0	-0.0	False	False	Other_lineages_enriched	0.0671015843429636	0.0689655172413793	False		direction_ambiguous		valid_protein_no_eggnog_annotation				
group_3400	0.003831417624521	0.089171974522293	0.0853405568977719	0.0034982508745627	0.006396635200712595	2.1940484163349723	True	False	L8L10_enriched	0.0037735849056603	0.109433962264151	False		L8L10_enriched	1569.0	valid_protein_no_eggnog_annotation				
group_3320	0.0	0.121019108280255	0.121019108280255	0.0004997501249375	0.001059637491421533	2.9748426841711053	True	False	L8L10_enriched	0.0	0.10246679316888	False		L8L10_enriched	1593.0	valid_protein_no_eggnog_annotation				
group_3291	0.003831417624521	0.10828025477707	0.104448837152549	0.0049975012493753	0.00884359109381934	2.0533713463515078	True	False	L8L10_enriched	0.0277264325323475	0.123844731977819	False		L8L10_enriched	1511.0	valid_protein_no_eggnog_annotation				
group_3139	0.0	0.0955414012738854	0.0955414012738854	0.000999500249875	0.0019983940068799303	2.6993188814033258	True	False	L8L10_enriched	0.0	0.0916030534351145	False		L8L10_enriched	1638.0	annotated	-	COG1943 Transposase and inactivated derivatives	L	Y1_Tnp
group_3007	0.0	0.0828025477707006	0.0828025477707006	0.0004997501249375	0.001059637491421533	2.9748426841711053	True	False	L8L10_enriched	0.0	0.236331569664903	False		L8L10_enriched	813.0	valid_protein_no_eggnog_annotation				
group_2924	0.0574712643678161	0.0191082802547771	-0.038362984113039	0.393303348325837	0.45280731402293256	0.3440865667708758	False	False	Other_lineages_enriched	0.0701421800947867	0.0341232227488152	False		Other_lineages_enriched	1072.0	valid_protein_no_eggnog_annotation				
group_2890	0.0	0.089171974522293	0.089171974522293	0.0004997501249375	0.001059637491421533	2.9748426841711053	True	False	L8L10_enriched	0.0	0.0952380952380952	False		L8L10_enriched	1634.0	annotated	-	Domain of unknown function (DUF2479)	S	DUF2479,Pectate_lyase_3
group_2860	0.0651340996168582	0.0254777070063694	-0.0396563926104888	0.101449275362319	0.13457140189969446	0.8710472232975118	False	False	Other_lineages_enriched	0.12259835315645	0.0475754803293687	False		Other_lineages_enriched	953.0	valid_protein_no_eggnog_annotation				
group_2762	0.0651340996168582	0.0	-0.0651340996168582	0.0189905047476262	0.02919911952563151	1.534630244131201	True	False	Other_lineages_enriched	0.0769230769230769	0.0	False		Other_lineages_enriched	1052.0	annotated	hsdS	type I restriction modification DNA specificity domain protein	V	Methylase_S
group_2677	0.0498084291187739	0.0127388535031847	-0.0370695756155892	0.0379810094952524	0.054769114348733765	1.26146428183126	False	False	Other_lineages_enriched	0.0975609756097561	0.0262664165103189	False		Other_lineages_enriched	1002.0	annotated	-	peptidoglycan catabolic process	S	-
group_2668	0.0153256704980843	0.10828025477707	0.0929545842789858	0.403798100949525	0.4626268228889725	0.3347691906424418	False	False	L8L10_enriched	0.0680529300567108	0.0415879017013233	False		direction_ambiguous		annotated	-	Dead deah box helicase domain protein	L	DEAD,Helicase_C
group_2478	0.0268199233716475	0.0382165605095541	0.0113966371379066	0.783608195902049	0.8275605786850165	0.08220020537620586	False	False	L8L10_enriched	0.0543580131208997	0.0712277413308341	False		L8L10_enriched	1717.0	annotated	-	AAA domain	S	AAA_24
group_2052	0.0	0.0955414012738854	0.0955414012738854	0.0004997501249375	0.001059637491421533	2.9748426841711053	True	False	L8L10_enriched	0.0	0.122065727699531	False		L8L10_enriched	1526.0	valid_protein_no_eggnog_annotation				
group_2038	0.0727969348659004	0.0063694267515923	-0.066427508114308	0.407796101949025	0.46623461343582145	0.33139548743029257	False	False	Other_lineages_enriched	0.037037037037037	0.01364522417154	False		Other_lineages_enriched	1110.0	valid_protein_no_eggnog_annotation				
group_1999	0.0842911877394636	0.0	-0.0842911877394636	0.0044977511244377	0.008036925138298385	2.094910076984476	True	False	Other_lineages_enriched	0.0861244019138756	0.0	False		Other_lineages_enriched	1027.0	annotated	-	Type I restriction modification DNA specificity domain	V	Methylase_S
bca	0.0804597701149425	0.0	-0.0804597701149425	0.0519740129935032	0.07309192181544731	1.1361306190043656	False	False	Other_lineages_enriched	0.0525803310613437	0.0	False		Other_lineages_enriched	1101.0	annotated	-	Rib/alpha-like repeat	M	Gram_pos_anchor,Rib,YSIRK_signal
group_1667	0.0804597701149425	0.0	-0.0804597701149425	0.0324837581209395	0.04746518093503134	1.3236248592773068	True	False	Other_lineages_enriched	0.0676328502415459	0.0	False		Other_lineages_enriched	1076.0	annotated	-	-	-	-
group_1221	0.0191570881226054	0.0764331210191083	0.0572760328965029	0.0164917541229385	0.025741511054041856	1.5893659631359525	True	False	L8L10_enriched	0.0385321100917431	0.126605504587156	False		L8L10_enriched	1499.0	valid_protein_no_eggnog_annotation				
group_1146	0.0651340996168582	0.0191082802547771	-0.0460258193620812	0.104447776111944	0.13810410204207685	0.8597934215822608	False	False	Other_lineages_enriched	0.113761467889908	0.0513761467889908	False		Other_lineages_enriched	969.0	annotated	-	PFAM transposase IS200-family protein	L	Y1_Tnp
ydiM~~~ydiM_2~~~ydiM_1	0.0076628352490421	0.0955414012738854	0.0878785660248432	0.0004997501249375	0.001059637491421533	2.9748426841711053	True	False	L8L10_enriched	0.0231935771632471	0.192685102586976	False		L8L10_enriched	1001.0	annotated	-	Major Facilitator Superfamily	EGP	MFS_1
group_1034	0.0804597701149425	0.0	-0.0804597701149425	0.0004997501249375	0.001059637491421533	2.9748426841711053	True	False	Other_lineages_enriched	0.153277931671283	0.0	False		Other_lineages_enriched	898.0	valid_protein_no_eggnog_annotation				
group_1028	0.0421455938697318	0.0254777070063694	-0.0166678868633624	1.0	1.0	-0.0	False	False	Other_lineages_enriched	0.0688372093023256	0.0706976744186046	False		Other_lineages_enriched	1074.0	annotated	-	-	-	-
group_918	0.0	0.101910828025478	0.101910828025478	0.000999500249875	0.0019983940068799303	2.6993188814033258	True	False	L8L10_enriched	0.0	0.0861244019138756	False		L8L10_enriched	1655.0	annotated	-	HicA toxin of bacterial toxin-antitoxin,	S	HicA_toxin
group_850	0.0766283524904215	0.0127388535031847	-0.0638894989872367	0.76711644177911	0.8130101883763807	0.08990401193616948	False	False	Other_lineages_enriched	0.0516746411483254	0.0344497607655502	False		Other_lineages_enriched	1104.0	annotated	-	Cro/C1-type HTH DNA-binding domain	K	HTH_26
group_812	0.0804597701149425	0.0	-0.0804597701149425	0.0329835082458771	0.04804626864286695	1.3183403347537501	True	False	Other_lineages_enriched	0.0676328502415459	0.0	False		Other_lineages_enriched	1077.0	annotated	-	Antitoxin component of a toxin-antitoxin (TA) module	S	PhdYeFM_antitox
group_713	0.0727969348659004	0.0063694267515923	-0.066427508114308	0.430284857571214	0.48923002266982407	0.31048689938768415	False	False	Other_lineages_enriched	0.037037037037037	0.01364522417154	False		Other_lineages_enriched	1111.0	valid_protein_no_eggnog_annotation				
group_691	0.003831417624521	0.101910828025478	0.0980794104009566	0.0004997501249375	0.001059637491421533	2.9748426841711053	True	False	L8L10_enriched	0.0035587188612099	0.217081850533808	False		L8L10_enriched	887.0	annotated	-	FtsK SpoIIIE family protein	D	FtsK_SpoIIIE
group_664	0.0804597701149425	0.0	-0.0804597701149425	0.0239880059970015	0.035976549731506574	1.443980489251106	True	False	Other_lineages_enriched	0.0676328502415459	0.0	False		Other_lineages_enriched	1078.0	annotated	-	Nacht domain	T	-
group_609	0.0804597701149425	0.0	-0.0804597701149425	0.0229885057471264	0.034651018498070216	1.4602839956382934	True	False	Other_lineages_enriched	0.0676328502415459	0.0	False		Other_lineages_enriched	1079.0	annotated	-	ATPase involved in DNA repair	L	-
group_478	0.0	0.140127388535032	0.140127388535032	0.0004997501249375	0.001059637491421533	2.9748426841711053	True	False	L8L10_enriched	0.0	0.109640831758034	False		L8L10_enriched	1567.0	valid_protein_no_eggnog_annotation				
group_450	0.0804597701149425	0.0	-0.0804597701149425	0.0274862568715642	0.04075932330864268	1.389773034816788	True	False	Other_lineages_enriched	0.0657640232108317	0.0	False		Other_lineages_enriched	1083.0	annotated	-	Bacterial membrane protein YfhO	S	YfhO
group_377	0.0804597701149425	0.0	-0.0804597701149425	0.0304847576211894	0.04474266207653411	1.3492781800347577	True	False	Other_lineages_enriched	0.0676328502415459	0.0	False		Other_lineages_enriched	1080.0	annotated	-	ATPase involved in DNA repair	L	-
group_372	0.0	0.114649681528662	0.114649681528662	0.0004997501249375	0.001059637491421533	2.9748426841711053	True	False	L8L10_enriched	0.0	0.165137614678899	False		L8L10_enriched	1271.0	annotated	-	Transposase DDE domain group 1	L	DDE_Tnp_1_4
group_362	0.0651340996168582	0.0	-0.0651340996168582	0.0004997501249375	0.001059637491421533	2.9748426841711053	True	False	Other_lineages_enriched	0.163452708907254	0.0	False		Other_lineages_enriched	879.0	annotated	-	Domain of unknown function (DUF2479)	S	DUF2479,Pectate_lyase_3
group_217	0.0076628352490421	0.0955414012738854	0.0878785660248432	1.0	1.0	-0.0	False	False	L8L10_enriched	0.0118811881188119	0.0079207920792079	False		direction_ambiguous		annotated	soj	CobQ CobB MinD ParA nucleotide binding domain protein	D	AAA_31
group_128	0.0076628352490421	0.121019108280255	0.113356273031213	0.0259870064967516	0.038675332613729234	1.412565942614088	True	False	L8L10_enriched	0.0038610038610038	0.0656370656370656	False		L8L10_enriched	1781.0	annotated	-	-	-	-
group_14434	0.0651340996168582	0.0	-0.0651340996168582	0.000999500249875	0.0019983940068799303	2.6993188814033258	True	False	Other_lineages_enriched	0.113207547169811	0.0	False		Other_lineages_enriched	971.0	annotated	hsdS	Type I restriction modification DNA specificity domain	V	Methylase_S
group_13461	0.0306513409961686	0.0636942675159236	0.033042926519755	0.0029985007496251	0.005538150207407345	2.256635269362656	True	False	L8L10_enriched	0.0512820512820513	0.180371352785146	False		L8L10_enriched	1163.0	annotated	-	domain, Protein	GM	G5,Gram_pos_anchor,Laminin_G_3,MucBP,YSIRK_signal
group_12625	0.0	0.114649681528662	0.114649681528662	0.0549725137431284	0.07704569663275546	1.1132516136728974	False	False	L8L10_enriched	0.0	0.0392156862745098	False		L8L10_enriched	1809.0	annotated	-	Belongs to the HesB IscA family	S	Fe-S_biosyn
group_11086	0.0153256704980843	0.0636942675159236	0.0483685970178393	0.000999500249875	0.0019983940068799303	2.6993188814033258	True	False	L8L10_enriched	0.0237010027347311	0.153144940747493	False		L8L10_enriched	1333.0	pseudogene_only_no_valid_protein				
group_4147	0.003831417624521	0.0764331210191083	0.0726017033945872	0.000999500249875	0.0019983940068799303	2.6993188814033258	True	False	L8L10_enriched	0.0270758122743682	0.167870036101083	False		L8L10_enriched	1245.0	valid_protein_no_eggnog_annotation				
group_3858	0.0421455938697318	0.0254777070063694	-0.0166678868633624	0.300849575212394	0.355304426639727	0.4493993817219554	False	False	Other_lineages_enriched	0.117860380779692	0.0689029918404352	False		Other_lineages_enriched	962.0	valid_protein_no_eggnog_annotation				
copB~~~copB_2~~~copB_1	0.0114942528735632	0.101910828025478	0.0904165751519145	0.0004997501249375	0.001059637491421533	2.9748426841711053	True	False	L8L10_enriched	0.0166204986149584	0.136657433056325	False		L8L10_enriched	1454.0	annotated	copB	P-type ATPase	P	E1-E2_ATPase,Hydrolase
group_3804	0.0727969348659004	0.0127388535031847	-0.0600580813627157	0.408295852073963	0.46648225817743005	0.3311648692211586	False	False	Other_lineages_enriched	0.0370731707317073	0.0117073170731707	False		Other_lineages_enriched	1109.0	annotated	-	-	-	-
group_3801	0.0727969348659004	0.0063694267515923	-0.066427508114308	0.709145427286357	0.7613666285137003	0.11840616268053124	False	False	Other_lineages_enriched	0.0368574199806014	0.023278370514064	False		Other_lineages_enriched	1112.0	annotated	-	Helix-turn-helix XRE-family like proteins	K	HTH_19,HTH_3
group_3793	0.0727969348659004	0.0063694267515923	-0.066427508114308	0.717141429285357	0.768699092223569	0.11424363179989816	False	False	Other_lineages_enriched	0.0368574199806014	0.023278370514064	False		Other_lineages_enriched	1113.0	annotated	aguA	Belongs to the agmatine deiminase family	E	PAD_porph
group_3757	0.0344827586206897	0.0764331210191083	0.0419503623984186	0.0809595202398801	0.1095530263615626	0.9603756207142047	False	False	L8L10_enriched	0.0467836257309941	0.0038986354775828	False		direction_ambiguous		valid_protein_no_eggnog_annotation				
group_3678	0.0	0.0828025477707006	0.0828025477707006	0.0004997501249375	0.001059637491421533	2.9748426841711053	True	False	L8L10_enriched	0.0	0.113207547169811	False		L8L10_enriched	1552.0	valid_protein_no_eggnog_annotation				
group_3636	0.0	0.10828025477707	0.10828025477707	0.0004997501249375	0.001059637491421533	2.9748426841711053	True	False	L8L10_enriched	0.0	0.158379373848987	False		L8L10_enriched	1313.0	annotated	-	Transposase and inactivated derivatives, IS30 family	L	HTH_38,rve
group_3261	0.003831417624521	0.0955414012738854	0.0917099836493643	0.000999500249875	0.0019983940068799303	2.6993188814033258	True	False	L8L10_enriched	0.0037986704653371	0.0968660968660969	False		L8L10_enriched	1630.0	annotated	-	DNA restriction-modification system	L	-
group_3250	0.0153256704980843	0.0573248407643312	0.0419991702662469	0.0064967516241879	0.011254887803206694	1.9486588300007415	True	False	L8L10_enriched	0.0416289592760181	0.14841628959276	False		L8L10_enriched	1365.0	annotated	-	Protein of unknown function (DUF805)	S	DUF805
group_3246	0.0229885057471264	0.0445859872611465	0.0215974815140201	0.0499750124937531	0.07043099493880088	1.1522361765320042	False	False	L8L10_enriched	0.0371402042711235	0.105849582172702	False		L8L10_enriched	1579.0	valid_protein_no_eggnog_annotation				
group_3182	0.0	0.0828025477707006	0.0828025477707006	0.0004997501249375	0.001059637491421533	2.9748426841711053	True	False	L8L10_enriched	0.0	0.10246679316888	False		L8L10_enriched	1601.0	annotated	-	-	-	-
group_3125	0.0	0.0955414012738854	0.0955414012738854	0.0004997501249375	0.001059637491421533	2.9748426841711053	True	False	L8L10_enriched	0.0	0.129092609915809	False		L8L10_enriched	1488.0	valid_protein_no_eggnog_annotation				
lpxD~~~cysE~~~dapH_1	0.0114942528735632	0.0955414012738854	0.0840471484003221	0.613193403298351	0.6696958116897801	0.1741224171541668	False	False	L8L10_enriched	0.0680147058823529	0.09375	False		L8L10_enriched	1635.0	annotated	-	Bacterial transferase hexapeptide (six repeats)	S	Hexapep
group_2999	0.003831417624521	0.0828025477707006	0.0789711301461796	0.0119940029985007	0.01953546212558567	1.7091763107653832	True	False	L8L10_enriched	0.0038535645472061	0.069364161849711	False		L8L10_enriched	1723.0	valid_protein_no_eggnog_annotation				
group_2979	0.0	0.10828025477707	0.10828025477707	0.0004997501249375	0.001059637491421533	2.9748426841711053	True	False	L8L10_enriched	0.0	0.144712430426716	False		L8L10_enriched	1393.0	valid_protein_no_eggnog_annotation				
group_2837	0.0	0.127388535031847	0.127388535031847	0.0039980009995002	0.007214355582340176	2.141802455912525	True	False	L8L10_enriched	0.0	0.0750721847930703	False		L8L10_enriched	1679.0	annotated	-	sequence-specific DNA binding	K	HTH_19,HTH_3
group_2763	0.0574712643678161	0.0191082802547771	-0.038362984113039	0.0014992503748125	0.002921366046722169	2.534414022584289	True	False	Other_lineages_enriched	0.184888888888889	0.0373333333333333	False		Other_lineages_enriched	827.0	annotated	hsdS	type I restriction modification DNA specificity domain protein	V	Methylase_S
group_2495	0.0344827586206897	0.0382165605095541	0.0037338018888644	0.0589705147426287	0.08229896064250808	1.0846056494787841	False	False	L8L10_enriched	0.0318054256314313	0.0972871842843779	False		L8L10_enriched	1621.0	annotated	-	-	-	-
group_2423	0.0766283524904215	0.0	-0.0766283524904215	0.031984007996002	0.04677643424182271	1.3299728874461265	True	False	Other_lineages_enriched	0.063891577928364	0.0	False		Other_lineages_enriched	1085.0	annotated	-	-	-	-
group_2391	0.0766283524904215	0.0	-0.0766283524904215	0.0344827586206897	0.05007522682026116	1.3003770748538628	False	False	Other_lineages_enriched	0.063891577928364	0.0	False		Other_lineages_enriched	1086.0	annotated	-	Nacht domain	T	-
group_2390	0.0651340996168582	0.0127388535031847	-0.0523952461136735	0.382308845577211	0.4418476486064224	0.3547274518620256	False	False	Other_lineages_enriched	0.0627376425855513	0.0361216730038023	False		Other_lineages_enriched	1087.0	valid_protein_no_eggnog_annotation				
group_2337	0.0459770114942529	0.0445859872611465	-0.0013910242331063	0.681659170414793	0.7359328199596143	0.1331618286685652	False	False	Other_lineages_enriched	0.115004492362983	0.0880503144654088	False		Other_lineages_enriched	966.0	annotated	-	Bifunctional DNA primase/polymerase, N-terminal	L	Prim-Pol
group_2249	0.003831417624521	0.0764331210191083	0.0726017033945872	0.009495252373813	0.01595454185197034	1.797115662421142	True	False	L8L10_enriched	0.0276243093922652	0.130755064456722	False		L8L10_enriched	1474.0	annotated	-	Belongs to the 'phage' integrase family	L	Phage_int_SAM_5,Phage_integrase
group_2187	0.0689655172413793	0.0063694267515923	-0.062596090489787	0.0074962518740629	0.012817929385073822	1.8921821253059585	True	False	Other_lineages_enriched	0.114553990610329	0.0075117370892018	False		Other_lineages_enriched	967.0	valid_protein_no_eggnog_annotation				
group_1943	0.0766283524904215	0.0	-0.0766283524904215	0.0004997501249375	0.001059637491421533	2.9748426841711053	True	False	Other_lineages_enriched	0.225377107364685	0.0	False		Other_lineages_enriched	778.0	annotated	-	Domain of unknown function (DUF4393)	S	DUF4393
group_1849	0.003831417624521	0.10828025477707	0.104448837152549	0.0004997501249375	0.001059637491421533	2.9748426841711053	True	False	L8L10_enriched	0.0	0.13953488372093	False		L8L10_enriched	1420.0	annotated	-	Fic/DOC family	S	Fic
group_1700	0.0421455938697318	0.0445859872611465	0.0024403933914146	0.0894552723638181	0.11962464384690773	0.9221793422186774	False	False	L8L10_enriched	0.0229007633587786	0.0687022900763359	False		L8L10_enriched	1775.0	annotated	-	ERF superfamily	S	-
group_1538	0.003831417624521	0.0828025477707006	0.0789711301461796	0.0154922538730635	0.024377734723851113	1.6130066532147327	True	False	L8L10_enriched	0.0038535645472061	0.069364161849711	False		L8L10_enriched	1724.0	annotated	-	Replication initiator protein A (RepA) N-terminus	S	RepA_N
group_1530	0.0153256704980843	0.0828025477707006	0.0674768772726163	0.16791604197901	0.21174257876802063	0.6741918020436657	False	False	L8L10_enriched	0.0540019286403086	0.017357762777242	False		direction_ambiguous		annotated	-	Helix-turn-helix XRE-family like proteins	K	HTH_3
IntTn_1~~~xerC_8~~~xerC_3	0.0076628352490421	0.089171974522293	0.0815091392732508	0.0069965017491254	0.01204465687741285	1.9192055674687718	True	False	L8L10_enriched	0.0759275237273512	0.198446937014668	False		L8L10_enriched	957.0	annotated	sip	Belongs to the 'phage' integrase family	L	Arm-DNA-bind_4,Phage_int_SAM_3,Phage_integrase
group_1405	0.0766283524904215	0.0	-0.0766283524904215	0.0004997501249375	0.001059637491421533	2.9748426841711053	True	False	Other_lineages_enriched	0.178506375227687	0.0	False		Other_lineages_enriched	837.0	annotated	-	IrrE N-terminal-like domain	E	Peptidase_M78
group_1220	0.0153256704980843	0.10828025477707	0.0929545842789858	0.379810094952524	0.43942214286115394	0.3571180623902099	False	False	L8L10_enriched	0.0680529300567108	0.0415879017013233	False		direction_ambiguous		annotated	-	Domain of unknown function (DUF1837)	S	DUF1837
group_1024	0.0268199233716475	0.0700636942675159	0.0432437708958684	0.0029985007496251	0.005538150207407345	2.256635269362656	True	False	L8L10_enriched	0.0612959719789842	0.18739054290718	False		L8L10_enriched	1113.0	annotated	-	Integrase core domain protein	L	HTH_38,rve
group_676	0.0727969348659004	0.0	-0.0727969348659004	0.172413793103448	0.216999025315455	0.6635422168476462	False	False	Other_lineages_enriched	0.0372914622178607	0.0	False		Other_lineages_enriched	1106.0	annotated	-	Transcriptional regulator, Cro CI family	K	HTH_19,HTH_26,HTH_3,Lac_bphage_repr
group_647	0.0804597701149425	0.0	-0.0804597701149425	0.0604697651174413	0.08431987984002078	1.0740700210221015	False	False	Other_lineages_enriched	0.0525803310613437	0.0	False		Other_lineages_enriched	1102.0	annotated	-	Transposase	L	DDE_Tnp_ISL3,HTH_Tnp_ISL3,zf-ISL3
group_532	0.0766283524904215	0.0	-0.0766283524904215	0.0004997501249375	0.001059637491421533	2.9748426841711053	True	False	Other_lineages_enriched	0.107852412488174	0.0	False		Other_lineages_enriched	981.0	annotated	hsdS	Type I restriction modification DNA specificity domain	V	Methylase_S
group_501	0.0613026819923372	0.0254777070063694	-0.0358249749859677	0.0924537731134433	0.12338403499748711	0.9087410312351011	False	False	Other_lineages_enriched	0.119485294117647	0.0422794117647059	False		Other_lineages_enriched	959.0	annotated	-	Protein of unknown function (DUF3644)	S	DUF3644
epsF	0.0651340996168582	0.0	-0.0651340996168582	0.0029985007496251	0.005538150207407345	2.256635269362656	True	False	Other_lineages_enriched	0.0916030534351145	0.0	False		Other_lineages_enriched	1012.0	annotated	-	Glycosyltransferase Family 4	M	Glyco_transf_4,Glycos_transf_1
group_17	0.0804597701149425	0.0	-0.0804597701149425	0.0489755122438781	0.06914066531430092	1.160266445723039	False	False	Other_lineages_enriched	0.0525803310613437	0.0	False		Other_lineages_enriched	1103.0	annotated	tnpA1	PFAM transposase, IS204 IS1001 IS1096 IS1165 family protein	L	DDE_Tnp_ISL3,HTH_Tnp_ISL3,zf-ISL3
group_15115	0.003831417624521	0.10828025477707	0.104448837152549	0.425787106446777	0.48445045433084605	0.31475063246459156	False	False	L8L10_enriched	0.0193050193050193	0.0501930501930502	False		L8L10_enriched	1801.0	annotated	-	PFAM Integrase catalytic region	L	HTH_21,HTH_28,rve,rve_2
group_14876	0.003831417624521	0.10828025477707	0.104448837152549	0.0004997501249375	0.001059637491421533	2.9748426841711053	True	False	L8L10_enriched	0.0217785843920145	0.163339382940109	False		L8L10_enriched	1287.0	annotated	tnp2	Transposase	L	DDE_Tnp_ISL3,HTH_Tnp_ISL3,zf-ISL3
group_13873	0.0	0.127388535031847	0.127388535031847	0.0074962518740629	0.012817929385073822	1.8921821253059585	True	False	L8L10_enriched	0.0	0.063891577928364	False		L8L10_enriched	1782.0	annotated	-	Lytic transglycosylase with a strong preference for naked glycan strands that lack stem peptides	M	Gram_pos_anchor,MucBP,YSIRK_signal
group_9562	0.0191570881226054	0.0828025477707006	0.0636454596480953	1.0	1.0	-0.0	False	False	L8L10_enriched	0.0059582919563058	0.0079443892750744	False		L8L10_enriched	1823.0	valid_protein_no_eggnog_annotation				
group_7820	0.0	0.0955414012738854	0.0955414012738854	0.0004997501249375	0.001059637491421533	2.9748426841711053	True	False	L8L10_enriched	0.0	0.125585754451734	False		L8L10_enriched	1506.0	annotated	-	-	-	-
group_3916	0.0727969348659004	0.0	-0.0727969348659004	0.137431284357821	0.1772352571268181	0.7514498803466518	False	False	Other_lineages_enriched	0.0372914622178607	0.0	False		Other_lineages_enriched	1107.0	annotated	-	TetR family transcriptional regulator	K	TetR_C_8,TetR_N
group_3819	0.0651340996168582	0.0127388535031847	-0.0523952461136735	0.529735132433783	0.591286335152207	0.22820215759241655	False	False	Other_lineages_enriched	0.0572519083969466	0.0343511450381679	False		Other_lineages_enriched	1096.0	valid_protein_no_eggnog_annotation				
group_3526	0.0153256704980843	0.0573248407643312	0.0419991702662469	0.40679660169915	0.46525331572325557	0.3323105230973949	False	False	L8L10_enriched	0.0982456140350877	0.147368421052632	False		L8L10_enriched	1369.0	annotated	-	Type I restriction modification DNA specificity domain	L	Methylase_S
rnj	0.0727969348659004	0.0	-0.0727969348659004	0.176411794102949	0.22127021757488274	0.6550770371044293	False	False	Other_lineages_enriched	0.0372914622178607	0.0	False		Other_lineages_enriched	1108.0	annotated	-	Beta-lactamase superfamily domain	S	Lactamase_B_2
group_3317	0.0	0.127388535031847	0.127388535031847	0.0579710144927536	0.08093834438712845	1.091845683449371	False	False	L8L10_enriched	0.0	0.0392156862745098	False		L8L10_enriched	1808.0	annotated	-	response to antibiotic	S	zinc_ribbon_2
group_2956	0.0	0.0828025477707006	0.0828025477707006	0.000999500249875	0.0019983940068799303	2.6993188814033258	True	False	L8L10_enriched	0.0	0.10246679316888	False		L8L10_enriched	1602.0	annotated	-	-	-	-
group_2781	0.003831417624521	0.089171974522293	0.0853405568977719	0.0119940029985007	0.01953546212558567	1.7091763107653832	True	False	L8L10_enriched	0.0038461538461538	0.0730769230769231	False		L8L10_enriched	1683.0	annotated	-	-	-	-
group_2766	0.0306513409961686	0.0445859872611465	0.0139346462649779	0.0709645177411294	0.09722581536674485	1.012218406032977	False	False	L8L10_enriched	0.0440366972477064	0.121100917431193	False		L8L10_enriched	1532.0	annotated	-	Type I restriction modification DNA specificity domain	V	Methylase_S
group_2704	0.003831417624521	0.089171974522293	0.0853405568977719	0.0114942528735632	0.018814487440829978	1.725507608577245	True	False	L8L10_enriched	0.0038461538461538	0.0730769230769231	False		L8L10_enriched	1684.0	annotated	addB	Belongs to the helicase family. UvrD subfamily	L	PDDEXK_1
group_2612	0.0498084291187739	0.0318471337579618	-0.0179612953608122	0.12743628185907	0.165707398865681	0.7806580998196516	False	False	Other_lineages_enriched	0.0834914611005693	0.0189753320683112	False		Other_lineages_enriched	1033.0	annotated	-	-	-	-
group_2293	0.0153256704980843	0.0764331210191083	0.061107450521024	0.763618190904548	0.810345229961509	0.09132991997911047	False	False	L8L10_enriched	0.060377358490566	0.0528301886792453	False		direction_ambiguous		valid_protein_no_eggnog_annotation				
group_2270	0.0498084291187739	0.0318471337579618	-0.0179612953608122	0.146926536731634	0.18793592334267625	0.7259901979818004	False	False	Other_lineages_enriched	0.0834914611005693	0.0189753320683112	False		Other_lineages_enriched	1034.0	annotated	-	-	-	Phage_tail_2
group_2201	0.0	0.0828025477707006	0.0828025477707006	0.0004997501249375	0.001059637491421533	2.9748426841711053	True	False	L8L10_enriched	0.0	0.10246679316888	False		L8L10_enriched	1603.0	valid_protein_no_eggnog_annotation				
group_1668	0.0306513409961686	0.0382165605095541	0.0075652195133855	0.0669665167416292	0.09232413082161851	1.0346847722895127	False	False	L8L10_enriched	0.0299625468164794	0.097378277153558	False		L8L10_enriched	1620.0	annotated	-	-	-	-
group_1643	0.003831417624521	0.121019108280255	0.117187690655734	0.0024987506246876	0.00467805869792366	2.3299343331843234	True	False	L8L10_enriched	0.0111835973904939	0.124883504193849	False		L8L10_enriched	1508.0	annotated	bcgIB	type I restriction modification DNA specificity domain	V	Methylase_S,N6_Mtase
group_1622	0.003831417624521	0.089171974522293	0.0853405568977719	0.0109945027486257	0.018122504530626152	1.741781783002093	True	False	L8L10_enriched	0.0038461538461538	0.0730769230769231	False		L8L10_enriched	1685.0	annotated	-	Terminase-like family	S	Terminase_6
group_1583	0.003831417624521	0.0764331210191083	0.0726017033945872	0.0139930034982509	0.022360303844198213	1.6505222993114606	True	False	L8L10_enriched	0.0038535645472061	0.069364161849711	False		L8L10_enriched	1758.0	annotated	-	Belongs to the 'phage' integrase family	L	Phage_int_SAM_1,Phage_integrase
group_1517	0.0	0.0828025477707006	0.0828025477707006	0.0004997501249375	0.001059637491421533	2.9748426841711053	True	False	L8L10_enriched	0.0	0.151571164510166	False		L8L10_enriched	1339.0	valid_protein_no_eggnog_annotation				
group_1358	0.0268199233716475	0.0828025477707006	0.0559826243990531	0.0024987506246876	0.00467805869792366	2.3299343331843234	True	False	L8L10_enriched	0.10576015108593	0.0056657223796034	False		direction_ambiguous		annotated	-	Antidote-toxin recognition MazE, bacterial antitoxin	K	MazE_antitoxin
group_1327	0.0	0.0828025477707006	0.0828025477707006	0.0014992503748125	0.002921366046722169	2.534414022584289	True	False	L8L10_enriched	0.0	0.10246679316888	False		L8L10_enriched	1604.0	annotated	-	Domain of unknown function (DUF3173)	S	DUF3173
group_1145	0.003831417624521	0.121019108280255	0.117187690655734	0.0014992503748125	0.002921366046722169	2.534414022584289	True	False	L8L10_enriched	0.0111835973904939	0.124883504193849	False		L8L10_enriched	1509.0	annotated	-	N-6 DNA Methylase	V	Methylase_S,N6_Mtase
cna	0.0689655172413793	0.0	-0.0689655172413793	0.0059970014992503	0.01045508991535965	1.9806722278318074	True	False	Other_lineages_enriched	0.0824544582933845	0.0	False		Other_lineages_enriched	1040.0	annotated	-	This gene contains a nucleotide ambiguity which may be the result of a sequencing error	M	Cna_B,Collagen_bind,FctA,Gram_pos_anchor
group_1000	0.003831417624521	0.114649681528662	0.110818263904141	0.0024987506246876	0.00467805869792366	2.3299343331843234	True	False	L8L10_enriched	0.0113100848256362	0.103675777568332	False		L8L10_enriched	1588.0	valid_protein_no_eggnog_annotation				
group_955	0.003831417624521	0.114649681528662	0.110818263904141	0.0044977511244377	0.008036925138298385	2.094910076984476	True	False	L8L10_enriched	0.0113100848256362	0.103675777568332	False		L8L10_enriched	1589.0	annotated	-	-	-	-
group_948	0.003831417624521	0.101910828025478	0.0980794104009566	0.0004997501249375	0.001059637491421533	2.9748426841711053	True	False	L8L10_enriched	0.0055452865064695	0.146025878003697	False		L8L10_enriched	1380.0	valid_protein_no_eggnog_annotation				
xerC_3	0.0	0.0828025477707006	0.0828025477707006	0.0004997501249375	0.001059637491421533	2.9748426841711053	True	False	L8L10_enriched	0.0	0.10246679316888	False		L8L10_enriched	1605.0	annotated	-	Belongs to the 'phage' integrase family	L	Arm-DNA-bind_4,Phage_int_SAM_3,Phage_int_SAM_5,Phage_integrase
group_890	0.003831417624521	0.0764331210191083	0.0726017033945872	0.0139930034982509	0.022360303844198213	1.6505222993114606	True	False	L8L10_enriched	0.0038535645472061	0.069364161849711	False		L8L10_enriched	1759.0	valid_protein_no_eggnog_annotation				
group_884	0.0727969348659004	0.0	-0.0727969348659004	0.023488255872064	0.035371939258889804	1.451341129431858	True	False	Other_lineages_enriched	0.062015503875969	0.0	False		Other_lineages_enriched	1088.0	annotated	-	Ergosterol biosynthesis ERG4/ERG24 family	O	PEMT
group_849	0.0	0.127388535031847	0.127388535031847	0.0004997501249375	0.001059637491421533	2.9748426841711053	True	False	L8L10_enriched	0.0	0.14643188137164	False		L8L10_enriched	1374.0	annotated	-	-	-	-
group_792	0.0727969348659004	0.0	-0.0727969348659004	0.0004997501249375	0.001059637491421533	2.9748426841711053	True	False	Other_lineages_enriched	0.154981549815498	0.0	False		Other_lineages_enriched	896.0	annotated	hsdS	restriction modification system DNA specificity	V	Methylase_S
group_737	0.0	0.127388535031847	0.127388535031847	0.0004997501249375	0.001059637491421533	2.9748426841711053	True	False	L8L10_enriched	0.0	0.14643188137164	False		L8L10_enriched	1375.0	annotated	-	Type I restriction modification DNA specificity domain	V	Methylase_S
group_735	0.003831417624521	0.114649681528662	0.110818263904141	0.0039980009995002	0.007214355582340176	2.141802455912525	True	False	L8L10_enriched	0.0113100848256362	0.103675777568332	False		L8L10_enriched	1590.0	annotated	-	-	-	-
hup_3	0.003831417624521	0.0764331210191083	0.0726017033945872	0.0089955022488755	0.01516897641251012	1.8190437239856339	True	False	L8L10_enriched	0.0038535645472061	0.069364161849711	False		L8L10_enriched	1760.0	annotated	-	regulation of translation	L	Bac_DNA_binding
group_495	0.0613026819923372	0.0191082802547771	-0.0421944017375601	0.0719640179910045	0.09847235850513283	1.00668566019672	False	False	Other_lineages_enriched	0.109360518999073	0.0370713623725672	False		Other_lineages_enriched	975.0	annotated	-	Abi-like protein	V	Abi_2
group_485	0.0613026819923372	0.0127388535031847	-0.0485638284891524	0.0114942528735632	0.018814487440829978	1.725507608577245	True	False	Other_lineages_enriched	0.103578154425612	0.0131826741996234	False		Other_lineages_enriched	991.0	annotated	-	TerB N-terminal domain	S	TerB_N
group_380	0.0766283524904215	0.0	-0.0766283524904215	0.0004997501249375	0.001059637491421533	2.9748426841711053	True	False	Other_lineages_enriched	0.225377107364685	0.0	False		Other_lineages_enriched	779.0	valid_protein_no_eggnog_annotation				
group_293	0.0	0.114649681528662	0.114649681528662	0.000999500249875	0.0019983940068799303	2.6993188814033258	True	False	L8L10_enriched	0.0	0.10246679316888	False		L8L10_enriched	1594.0	valid_protein_no_eggnog_annotation				
group_270	0.0	0.0828025477707006	0.0828025477707006	0.0014992503748125	0.002921366046722169	2.534414022584289	True	False	L8L10_enriched	0.0	0.0842911877394636	False		L8L10_enriched	1660.0	valid_protein_no_eggnog_annotation				
group_206	0.0498084291187739	0.0318471337579618	-0.0179612953608122	0.147926036981509	0.18906760739102876	0.7233828716646291	False	False	Other_lineages_enriched	0.0834914611005693	0.0189753320683112	False		Other_lineages_enriched	1035.0	annotated	-	Phage tail assembly chaperone protein, TAC	S	Phage_TAC_12
group_66	0.003831417624521	0.089171974522293	0.0853405568977719	0.0104947526236882	0.01743833075897762	1.7584950891775644	True	False	L8L10_enriched	0.0038461538461538	0.0730769230769231	False		L8L10_enriched	1686.0	valid_protein_no_eggnog_annotation				
group_16	0.0	0.127388535031847	0.127388535031847	0.0004997501249375	0.001059637491421533	2.9748426841711053	True	False	L8L10_enriched	0.0	0.14643188137164	False		L8L10_enriched	1376.0	annotated	-	PemK-like, MazF-like toxin of type II toxin-antitoxin system	S	PemK_toxin
group_15025	0.003831417624521	0.089171974522293	0.0853405568977719	0.0004997501249375	0.001059637491421533	2.9748426841711053	True	False	L8L10_enriched	0.0018587360594795	0.139405204460967	False		L8L10_enriched	1423.0	annotated	tnp2	Transposase	L	DDE_Tnp_ISL3,HTH_Tnp_ISL3,zf-ISL3
group_14819	0.0	0.10828025477707	0.10828025477707	0.0004997501249375	0.001059637491421533	2.9748426841711053	True	False	L8L10_enriched	0.0	0.194945848375451	False		L8L10_enriched	976.0	annotated	tnp2	Transposase	L	DDE_Tnp_ISL3,HTH_Tnp_ISL3,zf-ISL3
group_14584	0.0076628352490421	0.0700636942675159	0.0624008590184738	0.306346826586707	0.3608912383279226	0.4426236615592945	False	False	L8L10_enriched	0.0077972709551656	0.0428849902534113	False		L8L10_enriched	1807.0	valid_protein_no_eggnog_annotation				
group_12737	0.0	0.101910828025478	0.101910828025478	0.0004997501249375	0.001059637491421533	2.9748426841711053	True	False	L8L10_enriched	0.0	0.211091234347048	False		L8L10_enriched	913.0	annotated	tnp2	Transposase	L	DDE_Tnp_ISL3,HTH_Tnp_ISL3,zf-ISL3
group_12736	0.0076628352490421	0.0828025477707006	0.0751397125216585	0.0004997501249375	0.001059637491421533	2.9748426841711053	True	False	L8L10_enriched	0.0107719928186715	0.193895870736086	False		L8L10_enriched	981.0	annotated	tnp2	Transposase	L	DDE_Tnp_ISL3,HTH_Tnp_ISL3,zf-ISL3
group_9161	0.0	0.101910828025478	0.101910828025478	0.0004997501249375	0.001059637491421533	2.9748426841711053	True	False	L8L10_enriched	0.0	0.0897803247373448	False		L8L10_enriched	1645.0	valid_protein_no_eggnog_annotation				
group_3681	0.0	0.101910828025478	0.101910828025478	0.0029985007496251	0.005538150207407345	2.256635269362656	True	False	L8L10_enriched	0.0	0.0787704130643612	False		L8L10_enriched	1665.0	valid_protein_no_eggnog_annotation				
group_3665	0.003831417624521	0.0764331210191083	0.0726017033945872	0.0004997501249375	0.001059637491421533	2.9748426841711053	True	False	L8L10_enriched	0.0072661217075386	0.176203451407811	False		L8L10_enriched	1188.0	annotated	-	AAA domain	K	AAA_13
group_3605	0.0114942528735632	0.0636942675159236	0.0522000146423603	0.0129935032483758	0.020915287348997686	1.6795361643978708	True	False	L8L10_enriched	0.0348623853211009	0.130275229357798	False		L8L10_enriched	1478.0	annotated	-	-	-	-
group_3552	0.0	0.10828025477707	0.10828025477707	0.000999500249875	0.0019983940068799303	2.6993188814033258	True	False	L8L10_enriched	0.0	0.0824544582933845	False		L8L10_enriched	1661.0	annotated	-	-	-	-
group_3534	0.053639846743295	0.0254777070063694	-0.0281621397369256	0.009495252373813	0.01595454185197034	1.797115662421142	True	False	Other_lineages_enriched	0.132963988919668	0.0203139427516159	False		Other_lineages_enriched	930.0	valid_protein_no_eggnog_annotation				
group_3519	0.0727969348659004	0.0	-0.0727969348659004	0.0019990004997501	0.0038205955027126337	2.4178689398669198	True	False	Other_lineages_enriched	0.10246679316888	0.0	False		Other_lineages_enriched	992.0	valid_protein_no_eggnog_annotation				
group_3513	0.003831417624521	0.0828025477707006	0.0789711301461796	0.015992003998001	0.02508027280981118	1.6006677437922294	True	False	L8L10_enriched	0.0038461538461538	0.0730769230769231	False		L8L10_enriched	1702.0	annotated	-	-	-	-
group_3473	0.003831417624521	0.101910828025478	0.0980794104009566	0.0114942528735632	0.018814487440829978	1.725507608577245	True	False	L8L10_enriched	0.0076923076923076	0.0692307692307692	False		L8L10_enriched	1774.0	valid_protein_no_eggnog_annotation				
group_3314	0.0114942528735632	0.0636942675159236	0.0522000146423603	0.0004997501249375	0.001059637491421533	2.9748426841711053	True	False	L8L10_enriched	0.0055865921787709	0.132216014897579	False		L8L10_enriched	1469.0	annotated	-	-	-	-
group_3264	0.0	0.089171974522293	0.089171974522293	0.0004997501249375	0.001059637491421533	2.9748426841711053	True	False	L8L10_enriched	0.0	0.141263940520446	False		L8L10_enriched	1414.0	annotated	-	Tubulin like	S	DUF4339,Tubulin_2,zinc_ribbon_2
group_3021	0.0421455938697318	0.0127388535031847	-0.0294067403665471	0.388805597201399	0.44841247559629327	0.3483223130992371	False	False	Other_lineages_enriched	0.0664136622390892	0.0360531309297913	False		Other_lineages_enriched	1081.0	annotated	-	-	-	-
group_2964	0.053639846743295	0.0127388535031847	-0.0409009932401103	0.405797101449275	0.4644325978726506	0.3330773053430898	False	False	Other_lineages_enriched	0.0662878787878788	0.0397727272727273	False		Other_lineages_enriched	1082.0	valid_protein_no_eggnog_annotation				
group_2847	0.003831417624521	0.0828025477707006	0.0789711301461796	0.0179910044977511	0.027792011167412034	1.5560800243883248	True	False	L8L10_enriched	0.0038535645472061	0.069364161849711	False		L8L10_enriched	1725.0	valid_protein_no_eggnog_annotation				
group_2807	0.003831417624521	0.0828025477707006	0.0789711301461796	0.0104947526236882	0.01743833075897762	1.7584950891775644	True	False	L8L10_enriched	0.0038535645472061	0.069364161849711	False		L8L10_enriched	1726.0	annotated	-	site-specific DNA-methyltransferase (adenine-specific) activity	V	N6_Mtase
group_2793	0.003831417624521	0.0955414012738854	0.0917099836493643	0.0154922538730635	0.024377734723851113	1.6130066532147327	True	False	L8L10_enriched	0.0038387715930902	0.0767754318618042	False		L8L10_enriched	1676.0	valid_protein_no_eggnog_annotation				
group_2443	0.003831417624521	0.0828025477707006	0.0789711301461796	0.0114942528735632	0.018814487440829978	1.725507608577245	True	False	L8L10_enriched	0.0038535645472061	0.069364161849711	False		L8L10_enriched	1727.0	annotated	-	-	-	-
group_2298	0.0421455938697318	0.0382165605095541	-0.0039290333601776	0.288855572213893	0.3432308367994149	0.46441370086351536	False	False	Other_lineages_enriched	0.0501392757660167	0.0928505106778087	False		direction_ambiguous		annotated	-	-	-	-
group_2066	0.0651340996168582	0.0	-0.0651340996168582	0.0164917541229385	0.025741511054041856	1.5893659631359525	True	False	Other_lineages_enriched	0.0750721847930703	0.0	False		Other_lineages_enriched	1054.0	valid_protein_no_eggnog_annotation				
group_2003	0.003831417624521	0.0764331210191083	0.0726017033945872	0.0129935032483758	0.020915287348997686	1.6795361643978708	True	False	L8L10_enriched	0.0038535645472061	0.069364161849711	False		L8L10_enriched	1761.0	valid_protein_no_eggnog_annotation				
ntd	0.003831417624521	0.0828025477707006	0.0789711301461796	0.0154922538730635	0.024377734723851113	1.6130066532147327	True	False	L8L10_enriched	0.0038535645472061	0.069364161849711	False		L8L10_enriched	1728.0	annotated	ntd	Nucleoside	F	Nuc_deoxyrib_tr
group_1935	0.0651340996168582	0.0	-0.0651340996168582	0.0004997501249375	0.001059637491421533	2.9748426841711053	True	False	Other_lineages_enriched	0.18346957311535	0.0	False		Other_lineages_enriched	830.0	annotated	-	Helix-turn-helix XRE-family like proteins	K	HTH_3
group_1861	0.0651340996168582	0.0	-0.0651340996168582	0.0004997501249375	0.001059637491421533	2.9748426841711053	True	False	Other_lineages_enriched	0.193315266485998	0.0	False		Other_lineages_enriched	818.0	valid_protein_no_eggnog_annotation				
dnaG_2	0.003831417624521	0.0828025477707006	0.0789711301461796	0.0124937531234383	0.02021950714230314	1.6942294346988658	True	False	L8L10_enriched	0.0038461538461538	0.0730769230769231	False		L8L10_enriched	1703.0	annotated	-	CHC2 zinc finger	S	-
group_1756	0.003831417624521	0.0828025477707006	0.0789711301461796	0.0134932533733133	0.021656244454489687	1.6644168549177887	True	False	L8L10_enriched	0.0038461538461538	0.0730769230769231	False		L8L10_enriched	1704.0	valid_protein_no_eggnog_annotation				
ypjQ	0.003831417624521	0.0828025477707006	0.0789711301461796	0.0119940029985007	0.01953546212558567	1.7091763107653832	True	False	L8L10_enriched	0.0038535645472061	0.069364161849711	False		L8L10_enriched	1729.0	annotated	pgpA	Phosphatidylglycerophosphatase A	I	PgpA
group_1698	0.003831417624521	0.0828025477707006	0.0789711301461796	0.0079960019990005	0.01359485375991055	1.8666254597650045	True	False	L8L10_enriched	0.0038535645472061	0.069364161849711	False		L8L10_enriched	1730.0	valid_protein_no_eggnog_annotation				
iolG_1	0.0076628352490421	0.0828025477707006	0.0751397125216585	0.000999500249875	0.0019983940068799303	2.6993188814033258	True	False	L8L10_enriched	0.0272975432211101	0.152866242038217	False		L8L10_enriched	1335.0	annotated	-	Oxidoreductase family, C-terminal alpha/beta domain	S	GFO_IDH_MocA,GFO_IDH_MocA_C
group_1551	0.0229885057471264	0.0636942675159236	0.0407057617687971	0.0754622688655672	0.10266233522380012	0.9885888612200469	False	False	L8L10_enriched	0.0299906279287723	0.0955951265229616	False		L8L10_enriched	1633.0	annotated	-	AAA ATPase domain	S	AAA_15,AAA_21,AAA_23
tdh_1~~~tdh	0.0651340996168582	0.0	-0.0651340996168582	0.0149925037481259	0.023715938478192436	1.6249596849342671	True	False	Other_lineages_enriched	0.0750721847930703	0.0	False		Other_lineages_enriched	1055.0	annotated	cna	This gene contains a nucleotide ambiguity which may be the result of a sequencing error	M	Cna_B,Collagen_bind,FctA,Gram_pos_anchor,SdrD_B
group_1465	0.003831417624521	0.0764331210191083	0.0726017033945872	0.0109945027486257	0.018122504530626152	1.741781783002093	True	False	L8L10_enriched	0.0038535645472061	0.069364161849711	False		L8L10_enriched	1762.0	valid_protein_no_eggnog_annotation				
group_1413	0.003831417624521	0.089171974522293	0.0853405568977719	0.0109945027486257	0.018122504530626152	1.741781783002093	True	False	L8L10_enriched	0.0038461538461538	0.0730769230769231	False		L8L10_enriched	1687.0	valid_protein_no_eggnog_annotation				
group_1235	0.0153256704980843	0.0573248407643312	0.0419991702662469	0.766116941529235	0.8122121371746556	0.0903305249806844	False	False	L8L10_enriched	0.0579439252336449	0.0728971962616822	False		L8L10_enriched	1711.0	annotated	-	Type I restriction	V	Methylase_S
group_1212	0.003831417624521	0.0828025477707006	0.0789711301461796	0.0124937531234383	0.02021950714230314	1.6942294346988658	True	False	L8L10_enriched	0.0038461538461538	0.0730769230769231	False		L8L10_enriched	1705.0	valid_protein_no_eggnog_annotation				
xerC_4	0.003831417624521	0.0828025477707006	0.0789711301461796	0.0119940029985007	0.01953546212558567	1.7091763107653832	True	False	L8L10_enriched	0.0038535645472061	0.069364161849711	False		L8L10_enriched	1731.0	annotated	-	Phage integrase family	L	Phage_integrase
rsmA_1	0.0651340996168582	0.0	-0.0651340996168582	0.0189905047476262	0.02919911952563151	1.534630244131201	True	False	Other_lineages_enriched	0.0750721847930703	0.0	False		Other_lineages_enriched	1056.0	annotated	tatD	Hydrolase, tatd	L	TatD_DNase
group_570	0.003831417624521	0.0828025477707006	0.0789711301461796	0.0129935032483758	0.020915287348997686	1.6795361643978708	True	False	L8L10_enriched	0.0038535645472061	0.069364161849711	False		L8L10_enriched	1732.0	valid_protein_no_eggnog_annotation				
iolT_2~~~iolT_1	0.0076628352490421	0.0828025477707006	0.0751397125216585	0.000999500249875	0.0019983940068799303	2.6993188814033258	True	False	L8L10_enriched	0.0272975432211101	0.152866242038217	False		L8L10_enriched	1336.0	annotated	iolT	Belongs to the major facilitator superfamily. Sugar transporter (TC 2.A.1.1) family	EGP	Sugar_tr
group_491	0.0	0.121019108280255	0.121019108280255	0.008495752123938	0.014407361424794497	1.8414155489276929	True	False	L8L10_enriched	0.0	0.062015503875969	False		L8L10_enriched	1784.0	annotated	hsdR	COG0610 Type I site-specific restriction-modification system, R (restriction) subunit and related helicases	L	HSDR_N,ResIII
group_481	0.003831417624521	0.0828025477707006	0.0789711301461796	0.0129935032483758	0.020915287348997686	1.6795361643978708	True	False	L8L10_enriched	0.0038535645472061	0.069364161849711	False		L8L10_enriched	1733.0	annotated	-	dephospho-CoA kinase activity	H	AAA_18
higB1	0.003831417624521	0.0764331210191083	0.0726017033945872	0.0114942528735632	0.018814487440829978	1.725507608577245	True	False	L8L10_enriched	0.0038535645472061	0.069364161849711	False		L8L10_enriched	1763.0	annotated	-	Plasmid maintenance system killer	S	HigB-like_toxin
tdk_2	0.003831417624521	0.089171974522293	0.0853405568977719	0.0124937531234383	0.02021950714230314	1.6942294346988658	True	False	L8L10_enriched	0.0038461538461538	0.0730769230769231	False		L8L10_enriched	1688.0	annotated	tdk	Thymidine kinase	F	TK
group_324	0.0	0.0955414012738854	0.0955414012738854	0.0214892553723138	0.03261496842550621	1.4865830375810172	True	False	L8L10_enriched	0.0	0.046875	False		L8L10_enriched	1804.0	valid_protein_no_eggnog_annotation				
group_277	0.0076628352490421	0.101910828025478	0.0942479927764356	0.0004997501249375	0.001059637491421533	2.9748426841711053	True	False	L8L10_enriched	0.0233812949640288	0.178057553956835	False		L8L10_enriched	1177.0	annotated	tnp2	Transposase	L	DDE_Tnp_ISL3,HTH_Tnp_ISL3,zf-ISL3
group_199	0.0498084291187739	0.0318471337579618	-0.0179612953608122	0.144427786106947	0.18509901019929614	0.732595903592494	False	False	Other_lineages_enriched	0.0834914611005693	0.0189753320683112	False		Other_lineages_enriched	1036.0	annotated	-	-	-	-
group_177	0.003831417624521	0.0828025477707006	0.0789711301461796	0.0104947526236882	0.01743833075897762	1.7584950891775644	True	False	L8L10_enriched	0.0038535645472061	0.069364161849711	False		L8L10_enriched	1734.0	valid_protein_no_eggnog_annotation				
lexA_2	0.003831417624521	0.0828025477707006	0.0789711301461796	0.0004997501249375	0.001059637491421533	2.9748426841711053	True	False	L8L10_enriched	0.0071428571428571	0.207142857142857	False		L8L10_enriched	921.0	annotated	-	protein disulfide oxidoreductase activity	S	-
group_15065	0.0383141762452107	0.0191082802547771	-0.0192058959904337	0.0214892553723138	0.03261496842550621	1.4865830375810172	True	False	Other_lineages_enriched	0.0962264150943396	0.0169811320754717	False		Other_lineages_enriched	1005.0	annotated	-	-	-	-
group_14813	0.003831417624521	0.0955414012738854	0.0917099836493643	0.0004997501249375	0.001059637491421533	2.9748426841711053	True	False	L8L10_enriched	0.017905102954342	0.191584601611459	False		L8L10_enriched	1054.0	annotated	tnp2	Transposase	L	DDE_Tnp_ISL3,HTH_Tnp_ISL3,zf-ISL3
group_14772	0.0076628352490421	0.0955414012738854	0.0878785660248432	0.0004997501249375	0.001059637491421533	2.9748426841711053	True	False	L8L10_enriched	0.0144665461121157	0.177215189873418	False		L8L10_enriched	1182.0	annotated	tnp2	Transposase	L	DDE_Tnp_ISL3,HTH_Tnp_ISL3,zf-ISL3
group_14484	0.0651340996168582	0.0	-0.0651340996168582	0.0024987506246876	0.00467805869792366	2.3299343331843234	True	False	Other_lineages_enriched	0.125585754451734	0.0	False		Other_lineages_enriched	944.0	annotated	-	-	-	-
group_14267	0.0689655172413793	0.0	-0.0689655172413793	0.0014992503748125	0.002921366046722169	2.534414022584289	True	False	Other_lineages_enriched	0.123827392120075	0.0	False		Other_lineages_enriched	951.0	valid_protein_no_eggnog_annotation				
group_12955	0.0	0.114649681528662	0.114649681528662	0.0214892553723138	0.03261496842550621	1.4865830375810172	True	False	L8L10_enriched	0.0	0.0544747081712062	False		L8L10_enriched	1798.0	annotated	-	Transposase	L	DDE_Tnp_ISL3,HTH_Tnp_ISL3,zf-ISL3
group_12929	0.0191570881226054	0.0573248407643312	0.0381677526417259	0.48375812093953	0.5460716027734674	0.2627504073858036	False	False	L8L10_enriched	0.0692798541476755	0.107566089334549	False		L8L10_enriched	1573.0	annotated	-	Integrase core domain	L	HTH_21,rve,rve_2
group_3938	0.0421455938697318	0.0191082802547771	-0.0230373136149547	0.550224887556222	0.6094087410076475	0.21509132079899926	False	False	Other_lineages_enriched	0.0608943862987631	0.0361560418648906	False		Other_lineages_enriched	1091.0	annotated	-	Replication initiation factor	L	Rep_trans
group_3937	0.0421455938697318	0.0191082802547771	-0.0230373136149547	0.547226386806597	0.606903717444543	0.2168802023337094	False	False	Other_lineages_enriched	0.0608943862987631	0.0361560418648906	False		Other_lineages_enriched	1092.0	annotated	-	-	-	-
group_3936	0.0421455938697318	0.0191082802547771	-0.0230373136149547	0.535232383808096	0.596815805295322	0.22415968409160122	False	False	Other_lineages_enriched	0.0608943862987631	0.0361560418648906	False		Other_lineages_enriched	1093.0	annotated	-	Domain of unknown function (DUF3173)	S	DUF3173
group_3890	0.0191570881226054	0.0828025477707006	0.0636454596480953	0.0464767616191904	0.06606597477792596	1.180022152779825	False	False	L8L10_enriched	0.0543161978661494	0.005819592628516	False		direction_ambiguous		annotated	-	HNH nucleases	V	HNH
group_3832	0.0498084291187739	0.0191082802547771	-0.0307001488639969	0.0034982508745627	0.006396635200712595	2.1940484163349723	True	False	Other_lineages_enriched	0.15884476534296	0.036101083032491	False		Other_lineages_enriched	885.0	annotated	-	PFAM transposase IS116 IS110 IS902 family	L	DEDD_Tnp_IS110,Transposase_20
group_3535	0.003831417624521	0.0828025477707006	0.0789711301461796	0.0114942528735632	0.018814487440829978	1.725507608577245	True	False	L8L10_enriched	0.0038535645472061	0.069364161849711	False		L8L10_enriched	1735.0	valid_protein_no_eggnog_annotation				
bin3	0.053639846743295	0.0127388535031847	-0.0409009932401103	0.000999500249875	0.0019983940068799303	2.6993188814033258	True	False	Other_lineages_enriched	0.193091231178034	0.0354295837023915	False		Other_lineages_enriched	819.0	annotated	pinR1	Helix-turn-helix domain of Hin and related proteins, a family of DNA-binding domains unique to bacteria and represented by the Hin protein of Salmonella. The basic HTH domain is a simple fold comprised of three core helices that form a right-handed	L	HTH_7,Resolvase
group_3467	0.0	0.089171974522293	0.089171974522293	0.0214892553723138	0.03261496842550621	1.4865830375810172	True	False	L8L10_enriched	0.0	0.0525803310613437	False		L8L10_enriched	1799.0	valid_protein_no_eggnog_annotation				
group_3359	0.0344827586206897	0.0318471337579618	-0.0026356248627278	0.806596701649175	0.8469522408967596	0.07214107857104923	False	False	Other_lineages_enriched	0.0648148148148148	0.0833333333333333	False		direction_ambiguous		annotated	-	Phage regulatory protein Rha (Phage_pRha)	S	ANT,Phage_pRha
group_3343	0.003831417624521	0.089171974522293	0.0853405568977719	0.0149925037481259	0.023715938478192436	1.6249596849342671	True	False	L8L10_enriched	0.0038461538461538	0.0730769230769231	False		L8L10_enriched	1689.0	valid_protein_no_eggnog_annotation				
group_3234	0.0344827586206897	0.0445859872611465	0.0101032286404568	0.68815592203898	0.7419743989261909	0.12961107935291166	False	False	L8L10_enriched	0.0997328584149599	0.119323241317899	False		L8L10_enriched	1537.0	valid_protein_no_eggnog_annotation				
group_3151	0.0613026819923372	0.0	-0.0613026819923372	0.0209895052473763	0.03198909333492364	1.494998068925574	True	False	Other_lineages_enriched	0.0750721847930703	0.0	False		Other_lineages_enriched	1058.0	annotated	-	KR domain	IQ	adh_short
group_3043	0.0	0.0828025477707006	0.0828025477707006	0.000999500249875	0.0019983940068799303	2.6993188814033258	True	False	L8L10_enriched	0.0	0.113207547169811	False		L8L10_enriched	1553.0	valid_protein_no_eggnog_annotation				
group_2970	0.003831417624521	0.0828025477707006	0.0789711301461796	0.0139930034982509	0.022360303844198213	1.6505222993114606	True	False	L8L10_enriched	0.0038535645472061	0.069364161849711	False		L8L10_enriched	1736.0	valid_protein_no_eggnog_annotation				
group_2874	0.0	0.0828025477707006	0.0828025477707006	0.0069965017491254	0.01204465687741285	1.9192055674687718	True	False	L8L10_enriched	0.0	0.0601357904946654	False		L8L10_enriched	1787.0	valid_protein_no_eggnog_annotation				
group_2776	0.003831417624521	0.0764331210191083	0.0726017033945872	0.0119940029985007	0.01953546212558567	1.7091763107653832	True	False	L8L10_enriched	0.0038535645472061	0.069364161849711	False		L8L10_enriched	1764.0	valid_protein_no_eggnog_annotation				
group_2561	0.003831417624521	0.0764331210191083	0.0726017033945872	0.0104947526236882	0.01743833075897762	1.7584950891775644	True	False	L8L10_enriched	0.0038535645472061	0.069364161849711	False		L8L10_enriched	1765.0	annotated	-	Can catalyze the hydrolysis of ATP in the presence of single-stranded DNA, the ATP-dependent uptake of single-stranded DNA by duplex DNA, and the ATP-dependent hybridization of homologous single-stranded DNAs. It interacts with LexA causing its activation and leading to its autocatalytic cleavage	L	AAA_16,AAA_24,DUF2791
iolE	0.003831417624521	0.0828025477707006	0.0789711301461796	0.0004997501249375	0.001059637491421533	2.9748426841711053	True	False	L8L10_enriched	0.0218778486782133	0.154968094804011	False		L8L10_enriched	1326.0	annotated	iolE	Catalyzes the dehydration of inosose (2-keto-myo- inositol, 2KMI or 2,4,6 3,5-pentahydroxycyclohexanone) to 3D- (3,5 4)-trihydroxycyclohexane-1,2-dione (D-2,3-diketo-4-deoxy-epi- inositol)	G	AP_endonuc_2
group_2523	0.0191570881226054	0.0573248407643312	0.0381677526417259	0.0814592703648176	0.11009364062841427	0.958237766584588	False	False	L8L10_enriched	0.0460405156537753	0.112338858195212	False		L8L10_enriched	1554.0	valid_protein_no_eggnog_annotation				
group_2515	0.003831417624521	0.0828025477707006	0.0789711301461796	0.0164917541229385	0.025741511054041856	1.5893659631359525	True	False	L8L10_enriched	0.0038535645472061	0.069364161849711	False		L8L10_enriched	1737.0	annotated	-	-	-	-
group_2462	0.0613026819923372	0.0063694267515923	-0.0549332552407448	0.000999500249875	0.0019983940068799303	2.6993188814033258	True	False	Other_lineages_enriched	0.165605095541401	0.0145586897179254	False		Other_lineages_enriched	863.0	valid_protein_no_eggnog_annotation				
lig	0.003831417624521	0.0828025477707006	0.0789711301461796	0.0154922538730635	0.024377734723851113	1.6130066532147327	True	False	L8L10_enriched	0.0038535645472061	0.069364161849711	False		L8L10_enriched	1738.0	annotated	-	DNA ligase (ATP) activity	S	-
group_2321	0.0	0.101910828025478	0.101910828025478	0.135432283858071	0.1748626078810125	0.7573030488809017	False	False	L8L10_enriched	0.0	0.0295566502463054	False		L8L10_enriched	1813.0	valid_protein_no_eggnog_annotation				
group_2294	0.0	0.0955414012738854	0.0955414012738854	0.0014992503748125	0.002921366046722169	2.534414022584289	True	False	L8L10_enriched	0.0	0.0861244019138756	False		L8L10_enriched	1656.0	valid_protein_no_eggnog_annotation				
group_2225	0.0498084291187739	0.0127388535031847	-0.0370695756155892	1.0	1.0	-0.0	False	False	Other_lineages_enriched	0.0420650095602294	0.0458891013384321	False		direction_ambiguous		annotated	-	CHAP domain	M	Peptidase_M23,Prophage_tail
group_2221	0.0498084291187739	0.0127388535031847	-0.0370695756155892	1.0	1.0	-0.0	False	False	Other_lineages_enriched	0.0420650095602294	0.0458891013384321	False		direction_ambiguous		valid_protein_no_eggnog_annotation				
group_2145	0.0114942528735632	0.0636942675159236	0.0522000146423603	0.0204897551224388	0.03134342763622834	1.5038535119484095	True	False	L8L10_enriched	0.0260950605778192	0.109972041006524	False		L8L10_enriched	1559.0	annotated	-	-	-	-
group_2059	0.003831417624521	0.0828025477707006	0.0789711301461796	0.0109945027486257	0.018122504530626152	1.741781783002093	True	False	L8L10_enriched	0.0038535645472061	0.069364161849711	False		L8L10_enriched	1739.0	valid_protein_no_eggnog_annotation				
group_2007	0.0	0.0955414012738854	0.0955414012738854	0.0034982508745627	0.006396635200712595	2.1940484163349723	True	False	L8L10_enriched	0.0	0.0713596914175506	False		L8L10_enriched	1715.0	annotated	doc	Fic/DOC family	S	Fic
group_1854	0.003831417624521	0.0828025477707006	0.0789711301461796	0.0154922538730635	0.024377734723851113	1.6130066532147327	True	False	L8L10_enriched	0.0038461538461538	0.0730769230769231	False		L8L10_enriched	1706.0	valid_protein_no_eggnog_annotation				
group_1824	0.003831417624521	0.0828025477707006	0.0789711301461796	0.015992003998001	0.02508027280981118	1.6006677437922294	True	False	L8L10_enriched	0.0038535645472061	0.069364161849711	False		L8L10_enriched	1740.0	annotated	-	-	-	-
group_1815	0.0153256704980843	0.0828025477707006	0.0674768772726163	0.110944527736132	0.14628340091658862	0.8348049513819938	False	False	L8L10_enriched	0.0173243503368624	0.0577478344562079	False		L8L10_enriched	1791.0	valid_protein_no_eggnog_annotation				
group_1703	0.003831417624521	0.089171974522293	0.0853405568977719	0.0144927536231884	0.02304711543841978	1.6373834228804223	True	False	L8L10_enriched	0.0038461538461538	0.0730769230769231	False		L8L10_enriched	1690.0	valid_protein_no_eggnog_annotation				
xerC_1	0.003831417624521	0.0955414012738854	0.0917099836493643	0.0174912543728136	0.027045369853787336	1.567907075070109	True	False	L8L10_enriched	0.0038387715930902	0.0767754318618042	False		L8L10_enriched	1677.0	annotated	-	Phage integrase family	L	Phage_int_SAM_5,Phage_integrase
group_1489	0.0498084291187739	0.0318471337579618	-0.0179612953608122	0.617191404297851	0.6733926083315958	0.17173165506764887	False	False	Other_lineages_enriched	0.0855018587360595	0.0557620817843866	False		Other_lineages_enriched	1028.0	annotated	-	Cro/C1-type HTH DNA-binding domain	K	HTH_3
group_1412	0.003831417624521	0.089171974522293	0.0853405568977719	0.0144927536231884	0.02304711543841978	1.6373834228804223	True	False	L8L10_enriched	0.0038461538461538	0.0730769230769231	False		L8L10_enriched	1691.0	annotated	-	-	-	-
ycfH_1	0.0613026819923372	0.0	-0.0613026819923372	0.0189905047476262	0.02919911952563151	1.534630244131201	True	False	Other_lineages_enriched	0.0750721847930703	0.0	False		Other_lineages_enriched	1059.0	annotated	tatD	TatD related DNase	L	TatD_DNase
group_1230	0.0498084291187739	0.0127388535031847	-0.0370695756155892	1.0	1.0	-0.0	False	False	Other_lineages_enriched	0.0420650095602294	0.0458891013384321	False		direction_ambiguous		annotated	-	phage tail	S	Sipho_tail
group_1227	0.003831417624521	0.0828025477707006	0.0789711301461796	0.0184907546226887	0.02851054585014472	1.544994467803256	True	False	L8L10_enriched	0.0038535645472061	0.069364161849711	False		L8L10_enriched	1741.0	valid_protein_no_eggnog_annotation				
group_1164	0.003831417624521	0.0828025477707006	0.0789711301461796	0.0129935032483758	0.020915287348997686	1.6795361643978708	True	False	L8L10_enriched	0.0038535645472061	0.069364161849711	False		L8L10_enriched	1742.0	valid_protein_no_eggnog_annotation				
group_1128	0.003831417624521	0.089171974522293	0.0853405568977719	0.0124937531234383	0.02021950714230314	1.6942294346988658	True	False	L8L10_enriched	0.0038461538461538	0.0730769230769231	False		L8L10_enriched	1692.0	annotated	-	-	-	-
group_1108	0.0613026819923372	0.0	-0.0613026819923372	0.0139930034982509	0.022360303844198213	1.6505222993114606	True	False	Other_lineages_enriched	0.0750721847930703	0.0	False		Other_lineages_enriched	1060.0	valid_protein_no_eggnog_annotation				
group_1043	0.003831417624521	0.0764331210191083	0.0726017033945872	0.0134932533733133	0.021656244454489687	1.6644168549177887	True	False	L8L10_enriched	0.0038535645472061	0.069364161849711	False		L8L10_enriched	1766.0	valid_protein_no_eggnog_annotation				
group_862	0.0	0.114649681528662	0.114649681528662	0.000999500249875	0.0019983940068799303	2.6993188814033258	True	False	L8L10_enriched	0.0	0.10246679316888	False		L8L10_enriched	1595.0	valid_protein_no_eggnog_annotation				
rnmV_1	0.0613026819923372	0.0	-0.0613026819923372	0.0194902548725637	0.02989776061689823	1.524361339707202	True	False	Other_lineages_enriched	0.0750721847930703	0.0	False		Other_lineages_enriched	1061.0	annotated	rnmV	Required for correct processing of both the 5' and 3' ends of 5S rRNA precursor. Cleaves both sides of a double-stranded region yielding mature 5S rRNA in one step	J	DUF4093,Toprim,Toprim_4
group_726	0.0153256704980843	0.0700636942675159	0.0547380237694316	0.394302848575712	0.45332445431157403	0.3435908525580882	False	False	L8L10_enriched	0.0502793296089385	0.0875232774674115	False		L8L10_enriched	1651.0	annotated	axe	Helix-turn-helix XRE-family like proteins	K	HTH_3
group_708	0.0613026819923372	0.0	-0.0613026819923372	0.0004997501249375	0.001059637491421533	2.9748426841711053	True	False	Other_lineages_enriched	0.166819431714024	0.0	False		Other_lineages_enriched	860.0	annotated	-	Helix-turn-helix XRE-family like proteins	K	HTH_19,HTH_3
group_635	0.003831417624521	0.089171974522293	0.0853405568977719	0.0109945027486257	0.018122504530626152	1.741781783002093	True	False	L8L10_enriched	0.0038461538461538	0.0730769230769231	False		L8L10_enriched	1693.0	valid_protein_no_eggnog_annotation				
group_581	0.0574712643678161	0.0063694267515923	-0.0511018376162237	0.000999500249875	0.0019983940068799303	2.6993188814033258	True	False	Other_lineages_enriched	0.15045871559633	0.0146788990825688	False		Other_lineages_enriched	903.0	annotated	-	IrrE N-terminal-like domain	K	HTH_3,Peptidase_M78
group_544	0.0153256704980843	0.0700636942675159	0.0547380237694316	0.394302848575712	0.45332445431157403	0.3435908525580882	False	False	L8L10_enriched	0.0502793296089385	0.0875232774674115	False		L8L10_enriched	1652.0	annotated	-	RelE-like toxin of type II toxin-antitoxin system HigB	S	HigB-like_toxin
group_542	0.003831417624521	0.0764331210191083	0.0726017033945872	0.0119940029985007	0.01953546212558567	1.7091763107653832	True	False	L8L10_enriched	0.0038535645472061	0.069364161849711	False		L8L10_enriched	1767.0	valid_protein_no_eggnog_annotation				
group_446	0.003831417624521	0.089171974522293	0.0853405568977719	0.0109945027486257	0.018122504530626152	1.741781783002093	True	False	L8L10_enriched	0.0038461538461538	0.0730769230769231	False		L8L10_enriched	1694.0	annotated	-	-	-	-
group_411	0.003831417624521	0.0828025477707006	0.0789711301461796	0.0169915042478761	0.026446389464691425	1.5776336106833386	True	False	L8L10_enriched	0.0038535645472061	0.069364161849711	False		L8L10_enriched	1743.0	valid_protein_no_eggnog_annotation				
group_379	0.0	0.0955414012738854	0.0955414012738854	0.0019990004997501	0.0038205955027126337	2.4178689398669198	True	False	L8L10_enriched	0.0	0.0916030534351145	False		L8L10_enriched	1639.0	annotated	-	PFAM HNH endonuclease	L	HNH,RRXRR
group_350	0.003831417624521	0.0764331210191083	0.0726017033945872	0.0104947526236882	0.01743833075897762	1.7584950891775644	True	False	L8L10_enriched	0.0038535645472061	0.069364161849711	False		L8L10_enriched	1768.0	valid_protein_no_eggnog_annotation				
group_348	0.0574712643678161	0.0063694267515923	-0.0511018376162237	0.0019990004997501	0.0038205955027126337	2.4178689398669198	True	False	Other_lineages_enriched	0.15045871559633	0.0146788990825688	False		Other_lineages_enriched	904.0	annotated	-	-	-	-
group_236	0.0	0.114649681528662	0.114649681528662	0.0014992503748125	0.002921366046722169	2.534414022584289	True	False	L8L10_enriched	0.0	0.10246679316888	False		L8L10_enriched	1596.0	valid_protein_no_eggnog_annotation				
group_188	0.0421455938697318	0.0191082802547771	-0.0230373136149547	0.211394302848576	0.26107354868293026	0.5832371275756512	False	False	Other_lineages_enriched	0.100185528756957	0.0445269016697588	False		Other_lineages_enriched	997.0	annotated	-	Putative HNHc nuclease	S	HNHc_6
pnuC	0.003831417624521	0.0828025477707006	0.0789711301461796	0.0124937531234383	0.02021950714230314	1.6942294346988658	True	False	L8L10_enriched	0.0038535645472061	0.069364161849711	False		L8L10_enriched	1744.0	annotated	pnuC	nicotinamide mononucleotide transporter	H	NMN_transporter
group_8832	0.0574712643678161	0.0063694267515923	-0.0511018376162237	0.0374812593703148	0.054143248410866845	1.2664556915911318	False	False	Other_lineages_enriched	0.0890995260663507	0.0151658767772512	False		Other_lineages_enriched	1021.0	valid_protein_no_eggnog_annotation				
group_8689	0.003831417624521	0.0955414012738854	0.0917099836493643	0.0684657671164418	0.09423337621080857	1.0257952486201678	False	False	L8L10_enriched	0.0097181729834791	0.0466472303206997	False		L8L10_enriched	1805.0	annotated	ydaJ	Belongs to the glycosyl hydrolase 8 (cellulase D) family	G	Glyco_hydro_8
group_8682	0.0306513409961686	0.0509554140127389	0.0203040730165703	0.12543728135932	0.16343054253814132	0.7866667775695505	False	False	L8L10_enriched	0.115808823529412	0.0459558823529412	False		direction_ambiguous		annotated	-	GNAT acetyltransferase	M	GNAT_acetyltran
group_7245	0.003831417624521	0.089171974522293	0.0853405568977719	0.0124937531234383	0.02021950714230314	1.6942294346988658	True	False	L8L10_enriched	0.0038461538461538	0.0730769230769231	False		L8L10_enriched	1695.0	annotated	-	-	-	-
group_3935	0.0383141762452107	0.0191082802547771	-0.0192058959904337	0.540729635182409	0.601114759759122	0.22104260824292252	False	False	Other_lineages_enriched	0.0572519083969466	0.0343511450381679	False		Other_lineages_enriched	1097.0	annotated	-	-	-	-
group_3911	0.003831417624521	0.089171974522293	0.0853405568977719	0.0164917541229385	0.025741511054041856	1.5893659631359525	True	False	L8L10_enriched	0.0038461538461538	0.0730769230769231	False		L8L10_enriched	1696.0	valid_protein_no_eggnog_annotation				
group_3669	0.003831417624521	0.0828025477707006	0.0789711301461796	0.0149925037481259	0.023715938478192436	1.6249596849342671	True	False	L8L10_enriched	0.0038461538461538	0.0730769230769231	False		L8L10_enriched	1707.0	valid_protein_no_eggnog_annotation				
group_3649	0.003831417624521	0.0828025477707006	0.0789711301461796	0.0174912543728136	0.027045369853787336	1.567907075070109	True	False	L8L10_enriched	0.0038461538461538	0.0730769230769231	False		L8L10_enriched	1708.0	valid_protein_no_eggnog_annotation				
group_3633	0.003831417624521	0.0828025477707006	0.0789711301461796	0.0129935032483758	0.020915287348997686	1.6795361643978708	True	False	L8L10_enriched	0.0038461538461538	0.0730769230769231	False		L8L10_enriched	1709.0	valid_protein_no_eggnog_annotation				
group_3624	0.003831417624521	0.089171974522293	0.0853405568977719	0.0129935032483758	0.020915287348997686	1.6795361643978708	True	False	L8L10_enriched	0.0038424591738712	0.0749279538904899	False		L8L10_enriched	1680.0	annotated	-	Protein of unknown function (DUF4065)	S	DUF4065
group_3595	0.0191570881226054	0.0573248407643312	0.0381677526417259	1.0	1.0	-0.0	False	False	L8L10_enriched	0.0365384615384615	0.0403846153846154	False		direction_ambiguous		annotated	-	Helix-turn-helix domain	K	HTH_3
xerC_11~~~xerC_3~~~xerC_4	0.003831417624521	0.0828025477707006	0.0789711301461796	0.0074962518740629	0.012817929385073822	1.8921821253059585	True	False	L8L10_enriched	0.0038535645472061	0.069364161849711	False		L8L10_enriched	1745.0	annotated	xerH	Belongs to the 'phage' integrase family	L	Phage_int_SAM_1,Phage_int_SAM_4,Phage_integrase
group_3364	0.0229885057471264	0.0573248407643312	0.0343363350172048	0.263868065967017	0.3175475812130464	0.49819119097034087	False	False	L8L10_enriched	0.0230105465004794	0.0594439117929051	False		L8L10_enriched	1788.0	annotated	ansR	Transcriptional regulator	K	HTH_3
group_3273	0.0268199233716475	0.0573248407643312	0.0305049173926837	0.280859570214893	0.3354230822247454	0.4744070546163064	False	False	L8L10_enriched	0.0483271375464684	0.0929368029739777	False		L8L10_enriched	1636.0	annotated	-	Transcriptional regulator	K	Phage_pRha
group_3255	0.0	0.0828025477707006	0.0828025477707006	0.0004997501249375	0.001059637491421533	2.9748426841711053	True	False	L8L10_enriched	0.0	0.10246679316888	False		L8L10_enriched	1606.0	valid_protein_no_eggnog_annotation				
group_2985	0.0	0.101910828025478	0.101910828025478	0.0044977511244377	0.008036925138298385	2.094910076984476	True	False	L8L10_enriched	0.0	0.0713596914175506	False		L8L10_enriched	1714.0	annotated	-	-	-	-
nrdH_2	0.003831417624521	0.0828025477707006	0.0789711301461796	0.0129935032483758	0.020915287348997686	1.6795361643978708	True	False	L8L10_enriched	0.0038535645472061	0.069364161849711	False		L8L10_enriched	1746.0	annotated	nrdH	Glutaredoxin	O	Glutaredoxin
group_2926	0.003831417624521	0.0828025477707006	0.0789711301461796	0.0064967516241879	0.011254887803206694	1.9486588300007415	True	False	L8L10_enriched	0.0038535645472061	0.069364161849711	False		L8L10_enriched	1747.0	valid_protein_no_eggnog_annotation				
group_2685	0.0344827586206897	0.0318471337579618	-0.0026356248627278	0.80359820089955	0.8451364429428032	0.07307317077388828	False	False	Other_lineages_enriched	0.0684551341350601	0.0814061054579093	False		direction_ambiguous		annotated	-	-	-	-
group_2568	0.0651340996168582	0.0	-0.0651340996168582	0.0269865067466267	0.04005429717573648	1.3973508843338527	True	False	Other_lineages_enriched	0.0563654033041788	0.0	False		Other_lineages_enriched	1100.0	annotated	-	-	-	-
group_2409	0.003831417624521	0.0828025477707006	0.0789711301461796	0.0139930034982509	0.022360303844198213	1.6505222993114606	True	False	L8L10_enriched	0.0038535645472061	0.069364161849711	False		L8L10_enriched	1748.0	annotated	-	DnaB-like helicase C terminal domain	L	DnaB_C
recD2_2	0.003831417624521	0.0828025477707006	0.0789711301461796	0.0134932533733133	0.021656244454489687	1.6644168549177887	True	False	L8L10_enriched	0.0038535645472061	0.069364161849711	False		L8L10_enriched	1749.0	annotated	-	Helix-hairpin-helix containing domain	L	AAA_30,HHH_4,UvrD_C_2
dnaE2	0.003831417624521	0.0764331210191083	0.0726017033945872	0.009495252373813	0.01595454185197034	1.797115662421142	True	False	L8L10_enriched	0.0038535645472061	0.069364161849711	False		L8L10_enriched	1769.0	annotated	-	DNA polymerase	L	DNA_pol3_alpha,HHH_6,PHP
group_2234	0.0344827586206897	0.0318471337579618	-0.0026356248627278	0.548225887056472	0.6073988896607516	0.21652600631740682	False	False	Other_lineages_enriched	0.0451977401129943	0.0715630885122411	False		direction_ambiguous		valid_protein_no_eggnog_annotation				
tkt_1~~~tkt~~~tkt_2	0.0383141762452107	0.0254777070063694	-0.0128364692388413	0.830584707646177	0.8679913135725191	0.06148462100599523	False	False	Other_lineages_enriched	0.0968036529680365	0.0767123287671233	False		Other_lineages_enriched	1004.0	annotated	tkt	Catalyzes the transfer of a two-carbon ketol group from a ketose donor to an aldose acceptor, via a covalent intermediate with the cofactor thiamine pyrophosphate	H	Transket_pyr,Transketolase_C,Transketolase_N
group_2176	0.003831417624521	0.101910828025478	0.0980794104009566	0.0004997501249375	0.001059637491421533	2.9748426841711053	True	False	L8L10_enriched	0.0018587360594795	0.139405204460967	False		L8L10_enriched	1422.0	annotated	tnp2	Transposase	L	DDE_Tnp_ISL3,HTH_Tnp_ISL3,zf-ISL3
group_2171	0.003831417624521	0.089171974522293	0.0853405568977719	0.0059970014992503	0.01045508991535965	1.9806722278318074	True	False	L8L10_enriched	0.0038461538461538	0.0730769230769231	False		L8L10_enriched	1697.0	valid_protein_no_eggnog_annotation				
group_2102	0.0421455938697318	0.0254777070063694	-0.0166678868633624	0.0989505247376312	0.13152157281585106	0.8810030062124731	False	False	Other_lineages_enriched	0.0868744098205854	0.0245514636449481	False		Other_lineages_enriched	1026.0	annotated	-	AAA ATPase domain	L	AAA_15
group_2058	0.003831417624521	0.0828025477707006	0.0789711301461796	0.0174912543728136	0.027045369853787336	1.567907075070109	True	False	L8L10_enriched	0.0038535645472061	0.069364161849711	False		L8L10_enriched	1750.0	valid_protein_no_eggnog_annotation				
group_2015	0.0191570881226054	0.0573248407643312	0.0381677526417259	1.0	1.0	-0.0	False	False	L8L10_enriched	0.0365384615384615	0.0403846153846154	False		direction_ambiguous		annotated	-	Phage derived protein Gp49-like (DUF891)	S	Gp49
group_1921	0.003831417624521	0.0828025477707006	0.0789711301461796	0.0149925037481259	0.023715938478192436	1.6249596849342671	True	False	L8L10_enriched	0.0038535645472061	0.069364161849711	False		L8L10_enriched	1751.0	annotated	-	-	-	-
group_1781	0.0651340996168582	0.0	-0.0651340996168582	0.015992003998001	0.02508027280981118	1.6006677437922294	True	False	Other_lineages_enriched	0.0750721847930703	0.0	False		Other_lineages_enriched	1057.0	valid_protein_no_eggnog_annotation				
group_1758	0.053639846743295	0.0063694267515923	-0.0472704199917027	0.141429285357321	0.1816093122573549	0.7408618862208033	False	False	Other_lineages_enriched	0.0703422053231939	0.0285171102661597	False		Other_lineages_enriched	1069.0	annotated	-	-	-	-
group_1614	0.003831417624521	0.089171974522293	0.0853405568977719	0.0114942528735632	0.018814487440829978	1.725507608577245	True	False	L8L10_enriched	0.0038461538461538	0.0730769230769231	False		L8L10_enriched	1698.0	valid_protein_no_eggnog_annotation				
iolG_2	0.003831417624521	0.0764331210191083	0.0726017033945872	0.0019990004997501	0.0038205955027126337	2.4178689398669198	True	False	L8L10_enriched	0.0220385674931129	0.141414141414141	False		L8L10_enriched	1412.0	annotated	idhA	Oxidoreductase family, C-terminal alpha/beta domain	S	GFO_IDH_MocA,GFO_IDH_MocA_C
group_1581	0.003831417624521	0.0764331210191083	0.0726017033945872	0.0149925037481259	0.023715938478192436	1.6249596849342671	True	False	L8L10_enriched	0.0038535645472061	0.069364161849711	False		L8L10_enriched	1770.0	annotated	-	-	-	-
adhA	0.0	0.0828025477707006	0.0828025477707006	0.0004997501249375	0.001059637491421533	2.9748426841711053	True	False	L8L10_enriched	0.0	0.10246679316888	False		L8L10_enriched	1607.0	annotated	adhP	alcohol dehydrogenase	C	ADH_N,ADH_zinc_N
group_1479	0.0	0.10828025477707	0.10828025477707	0.0014992503748125	0.002921366046722169	2.534414022584289	True	False	L8L10_enriched	0.0	0.0824544582933845	False		L8L10_enriched	1662.0	valid_protein_no_eggnog_annotation				
group_1326	0.003831417624521	0.0828025477707006	0.0789711301461796	0.0129935032483758	0.020915287348997686	1.6795361643978708	True	False	L8L10_enriched	0.0038535645472061	0.069364161849711	False		L8L10_enriched	1752.0	annotated	-	Protein of unknown function (DUF1064)	S	DUF1064
group_1323	0.0	0.0828025477707006	0.0828025477707006	0.000999500249875	0.0019983940068799303	2.6993188814033258	True	False	L8L10_enriched	0.0	0.10246679316888	False		L8L10_enriched	1608.0	annotated	-	Transposase	L	DDE_Tnp_ISL3
group_1303	0.003831417624521	0.0828025477707006	0.0789711301461796	0.0114942528735632	0.018814487440829978	1.725507608577245	True	False	L8L10_enriched	0.0038535645472061	0.069364161849711	False		L8L10_enriched	1753.0	valid_protein_no_eggnog_annotation				
group_1215	0.003831417624521	0.089171974522293	0.0853405568977719	0.0144927536231884	0.02304711543841978	1.6373834228804223	True	False	L8L10_enriched	0.0038461538461538	0.0730769230769231	False		L8L10_enriched	1699.0	valid_protein_no_eggnog_annotation				
group_1171	0.003831417624521	0.089171974522293	0.0853405568977719	0.0124937531234383	0.02021950714230314	1.6942294346988658	True	False	L8L10_enriched	0.0038461538461538	0.0730769230769231	False		L8L10_enriched	1700.0	annotated	-	-	-	-
group_1138	0.0613026819923372	0.0	-0.0613026819923372	0.0049975012493753	0.00884359109381934	2.0533713463515078	True	False	Other_lineages_enriched	0.0934223069590086	0.0	False		Other_lineages_enriched	1008.0	valid_protein_no_eggnog_annotation				
group_1116	0.003831417624521	0.0828025477707006	0.0789711301461796	0.0144927536231884	0.02304711543841978	1.6373834228804223	True	False	L8L10_enriched	0.0038461538461538	0.0730769230769231	False		L8L10_enriched	1710.0	annotated	-	-	-	-
group_1057	0.053639846743295	0.0063694267515923	-0.0472704199917027	0.16591704147926	0.20954260317139198	0.6787276651023681	False	False	Other_lineages_enriched	0.0703422053231939	0.0285171102661597	False		Other_lineages_enriched	1070.0	annotated	-	-	-	-
group_927	0.0383141762452107	0.0318471337579618	-0.0064670424872489	1.0	1.0	-0.0	False	False	Other_lineages_enriched	0.099009900990099	0.100810081008101	False		direction_ambiguous		annotated	-	AAA domain, putative AbiEii toxin, Type IV TA system	S	AAA_21
group_582	0.003831417624521	0.0828025477707006	0.0789711301461796	0.0169915042478761	0.026446389464691425	1.5776336106833386	True	False	L8L10_enriched	0.0038535645472061	0.069364161849711	False		L8L10_enriched	1754.0	annotated	-	Toxin secretion phage lysis holin	S	Phage_holin_4_1
group_460	0.0383141762452107	0.0318471337579618	-0.0064670424872489	1.0	1.0	-0.0	False	False	Other_lineages_enriched	0.099009900990099	0.100810081008101	False		direction_ambiguous		annotated	-	-	-	-
group_385	0.003831417624521	0.089171974522293	0.0853405568977719	0.0124937531234383	0.02021950714230314	1.6942294346988658	True	False	L8L10_enriched	0.0038461538461538	0.0730769230769231	False		L8L10_enriched	1701.0	annotated	-	-	-	-
group_360	0.0	0.0955414012738854	0.0955414012738854	0.0004997501249375	0.001059637491421533	2.9748426841711053	True	False	L8L10_enriched	0.0	0.10246679316888	False		L8L10_enriched	1598.0	annotated	-	Antitoxin component of a toxin-antitoxin (TA) module	D	PhdYeFM_antitox
group_327	0.0	0.0828025477707006	0.0828025477707006	0.0049975012493753	0.00884359109381934	2.0533713463515078	True	False	L8L10_enriched	0.0	0.0676328502415459	False		L8L10_enriched	1777.0	annotated	-	Domain of unknown function (DUF2479)	S	DUF2479,Pectate_lyase_3
group_301	0.003831417624521	0.0828025477707006	0.0789711301461796	0.0144927536231884	0.02304711543841978	1.6373834228804223	True	False	L8L10_enriched	0.0038535645472061	0.069364161849711	False		L8L10_enriched	1755.0	valid_protein_no_eggnog_annotation				
group_273	0.0	0.0828025477707006	0.0828025477707006	0.0014992503748125	0.002921366046722169	2.534414022584289	True	False	L8L10_enriched	0.0	0.10246679316888	False		L8L10_enriched	1609.0	annotated	-	Zinc-dependent metalloprotease	O	Peptidase_M10
group_170	0.0114942528735632	0.089171974522293	0.0776777216487298	0.0004997501249375	0.001059637491421533	2.9748426841711053	True	False	L8L10_enriched	0.0018198362147406	0.178343949044586	False		L8L10_enriched	1176.0	annotated	-	Transposase IS200 like	L	Y1_Tnp
group_101	0.0	0.0828025477707006	0.0828025477707006	0.000999500249875	0.0019983940068799303	2.6993188814033258	True	False	L8L10_enriched	0.0	0.10246679316888	False		L8L10_enriched	1610.0	annotated	-	PFAM Transposase, IS204 IS1001 IS1096 IS1165	L	DDE_Tnp_ISL3,HTH_Tnp_ISL3,zf-ISL3
group_14660	0.0114942528735632	0.0828025477707006	0.0713082948971374	0.0134932533733133	0.021656244454489687	1.6644168549177887	True	False	L8L10_enriched	0.0486486486486487	0.14954954954955	False		L8L10_enriched	1354.0	annotated	tnp2	Transposase	L	DDE_Tnp_ISL3,HTH_Tnp_ISL3,zf-ISL3
group_12874	0.0	0.101910828025478	0.101910828025478	0.135932033983008	0.17537041972357528	0.7560436585993822	False	False	L8L10_enriched	0.0	0.0295566502463054	False		L8L10_enriched	1814.0	annotated	-	Transposase, Mutator family	L	Transposase_mut
group_8830	0.053639846743295	0.0063694267515923	-0.0472704199917027	0.0324837581209395	0.04746518093503134	1.3236248592773068	True	False	Other_lineages_enriched	0.0890995260663507	0.0151658767772512	False		Other_lineages_enriched	1022.0	annotated	-	CobQ CobB MinD ParA nucleotide binding domain protein	D	AAA_31
group_3747	0.0	0.0828025477707006	0.0828025477707006	0.0004997501249375	0.001059637491421533	2.9748426841711053	True	False	L8L10_enriched	0.0	0.13780260707635	False		L8L10_enriched	1449.0	annotated	-	Transposase and inactivated derivatives, IS30 family DNA replication, recombination, and repair	L	HTH_38,rve
group_3674	0.0	0.101910828025478	0.101910828025478	0.3928035982009	0.452390023094011	0.344486981472037	False	False	L8L10_enriched	0.0	0.0178394449950446	False		L8L10_enriched	1817.0	valid_protein_no_eggnog_annotation				
group_3449	0.0	0.101910828025478	0.101910828025478	0.000999500249875	0.0019983940068799303	2.6993188814033258	True	False	L8L10_enriched	0.0	0.10246679316888	False		L8L10_enriched	1597.0	valid_protein_no_eggnog_annotation				
group_3324	0.0498084291187739	0.0127388535031847	-0.0370695756155892	0.0044977511244377	0.008036925138298385	2.094910076984476	True	False	Other_lineages_enriched	0.150045745654163	0.020128087831656	False		Other_lineages_enriched	905.0	valid_protein_no_eggnog_annotation				
lsrR~~~eryD	0.0306513409961686	0.0509554140127389	0.0203040730165703	0.663168415792104	0.719032553483048	0.14325144692169003	False	False	L8L10_enriched	0.114901256732496	0.0897666068222621	False		direction_ambiguous		annotated	-	sugar-binding domain protein	K	HTH_24,Sigma70_r4,Sugar-bind
group_3218	0.0191570881226054	0.0509554140127389	0.0317983258901335	0.180909545227386	0.22630863763258802	0.6452988697987828	False	False	L8L10_enriched	0.0669077757685353	0.124773960216998	False		L8L10_enriched	1510.0	valid_protein_no_eggnog_annotation				
group_1928	0.0383141762452107	0.0191082802547771	-0.0192058959904337	0.031984007996002	0.04677643424182271	1.3299728874461265	True	False	Other_lineages_enriched	0.0803059273422562	0.0076481835564053	False		Other_lineages_enriched	1042.0	valid_protein_no_eggnog_annotation				
group_1825	0.003831417624521	0.0828025477707006	0.0789711301461796	0.0149925037481259	0.023715938478192436	1.6249596849342671	True	False	L8L10_enriched	0.0038535645472061	0.069364161849711	False		L8L10_enriched	1756.0	valid_protein_no_eggnog_annotation				
group_1799	0.0	0.0955414012738854	0.0955414012738854	0.0004997501249375	0.001059637491421533	2.9748426841711053	True	False	L8L10_enriched	0.0	0.153277931671283	False		L8L10_enriched	1332.0	valid_protein_no_eggnog_annotation				
group_1777	0.003831417624521	0.0828025477707006	0.0789711301461796	0.0109945027486257	0.018122504530626152	1.741781783002093	True	False	L8L10_enriched	0.0038535645472061	0.069364161849711	False		L8L10_enriched	1757.0	annotated	-	and GP 10880731	M	Glyco_hydro_25,LysM,SH3_5
group_1518	0.0306513409961686	0.0318471337579618	0.0011957927617932	1.0	1.0	-0.0	False	False	L8L10_enriched	0.087431693989071	0.0910746812386157	False		L8L10_enriched	1641.0	valid_protein_no_eggnog_annotation				
group_1173	0.0383141762452107	0.0318471337579618	-0.0064670424872489	0.585707146426787	0.6426590234686191	0.19201939022309164	False	False	Other_lineages_enriched	0.0731021555763824	0.0524835988753515	False		Other_lineages_enriched	1067.0	annotated	-	COG3385 FOG Transposase and inactivated derivatives	L	DDE_Tnp_1
group_488	0.0421455938697318	0.0191082802547771	-0.0230373136149547	1.0	1.0	-0.0	False	False	Other_lineages_enriched	0.0526810912511759	0.0658513640639699	False		direction_ambiguous		annotated	-	-	-	-
group_102	0.003831417624521	0.0764331210191083	0.0726017033945872	0.0174912543728136	0.027045369853787336	1.567907075070109	True	False	L8L10_enriched	0.0038535645472061	0.069364161849711	False		L8L10_enriched	1771.0	annotated	fliC	bacterial-type flagellum-dependent cell motility	N	Flagellin_C,Flagellin_IN,Flagellin_N
group_15018	0.0	0.0828025477707006	0.0828025477707006	0.0039980009995002	0.007214355582340176	2.141802455912525	True	False	L8L10_enriched	0.0	0.0713596914175506	False		L8L10_enriched	1716.0	annotated	-	Transposase	L	DDE_Tnp_1,DDE_Tnp_1_6,DUF772
group_14647	0.003831417624521	0.089171974522293	0.0853405568977719	0.0004997501249375	0.001059637491421533	2.9748426841711053	True	False	L8L10_enriched	0.0018198362147406	0.178343949044586	False		L8L10_enriched	1175.0	annotated	tnp2	Transposase	L	DDE_Tnp_ISL3,HTH_Tnp_ISL3,zf-ISL3
group_13941	0.003831417624521	0.0828025477707006	0.0789711301461796	0.0014992503748125	0.002921366046722169	2.534414022584289	True	False	L8L10_enriched	0.0220791168353266	0.137994480220791	False		L8L10_enriched	1445.0	annotated	tnp2	Transposase	L	DDE_Tnp_ISL3,HTH_Tnp_ISL3,zf-ISL3
group_3956	0.053639846743295	0.0	-0.053639846743295	0.008495752123938	0.014407361424794497	1.8414155489276929	True	False	Other_lineages_enriched	0.0806142034548944	0.0	False		Other_lineages_enriched	1041.0	annotated	-	CobQ CobB MinD ParA nucleotide binding domain protein	D	AAA_31
group_3628	0.0498084291187739	0.0127388535031847	-0.0370695756155892	0.177911044477761	0.22298094011191422	0.6517322578396706	False	False	Other_lineages_enriched	0.0883458646616541	0.0319548872180451	False		Other_lineages_enriched	1024.0	annotated	-	Domain of Unknown Function with PDB structure (DUF3862)	S	DUF3862
cas9	0.0421455938697318	0.0191082802547771	-0.0230373136149547	0.778610694652674	0.823338330834583	0.0844216653701638	False	False	Other_lineages_enriched	0.0543071161048689	0.0730337078651685	False		direction_ambiguous		annotated	-	endonuclease activity	V	HNH,HNH_5,Helicase_C,ResIII
group_3370	0.0459770114942529	0.0127388535031847	-0.0332381579910682	0.000999500249875	0.0019983940068799303	2.6993188814033258	True	False	Other_lineages_enriched	0.19124218051832	0.0214477211796247	False		Other_lineages_enriched	821.0	annotated	-	ABC transporter	V	ABC2_membrane,ABC_tran,FHA
group_3270	0.003831417624521	0.0764331210191083	0.0726017033945872	0.0114942528735632	0.018814487440829978	1.725507608577245	True	False	L8L10_enriched	0.0038535645472061	0.069364161849711	False		L8L10_enriched	1772.0	valid_protein_no_eggnog_annotation				
group_3267	0.003831417624521	0.0764331210191083	0.0726017033945872	0.0104947526236882	0.01743833075897762	1.7584950891775644	True	False	L8L10_enriched	0.0038535645472061	0.069364161849711	False		L8L10_enriched	1773.0	annotated	-	DNA methylase	L	N6_N4_Mtase
group_3229	0.0268199233716475	0.0509554140127389	0.0241354906410913	0.690654672663668	0.7444249742972804	0.12817906539409205	False	False	L8L10_enriched	0.113207547169811	0.0898472596585804	False		direction_ambiguous		annotated	srlR	Glucitol operon activator	K	GutM
group_3149	0.0191570881226054	0.0509554140127389	0.0317983258901335	0.0019990004997501	0.0038205955027126337	2.4178689398669198	True	False	L8L10_enriched	0.0240073868882733	0.12927054478301	False		L8L10_enriched	1486.0	valid_protein_no_eggnog_annotation				
srlE_2~~~srlE_1	0.0268199233716475	0.0509554140127389	0.0241354906410913	0.667666166916542	0.7227201116918548	0.14102985966519088	False	False	L8L10_enriched	0.113207547169811	0.0898472596585804	False		direction_ambiguous		annotated	pts38BC	Sorbitol phosphotransferase enzyme II N-terminus	G	EIIBC-GUT_C,EIIBC-GUT_N
srlA_2~~~srlA_1	0.0268199233716475	0.0509554140127389	0.0241354906410913	0.67416291854073	0.729273413194913	0.13710961903430208	False	False	L8L10_enriched	0.113207547169811	0.0898472596585804	False		direction_ambiguous		annotated	srlA	PTS system enzyme II sorbitol-specific factor	G	EII-GUT
group_2573	0.0	0.089171974522293	0.089171974522293	0.0089955022488755	0.01516897641251012	1.8190437239856339	True	False	L8L10_enriched	0.0	0.063891577928364	False		L8L10_enriched	1783.0	valid_protein_no_eggnog_annotation				
bglK_2	0.0574712643678161	0.0	-0.0574712643678161	0.0004997501249375	0.001059637491421533	2.9748426841711053	True	False	Other_lineages_enriched	0.125585754451734	0.0	False		Other_lineages_enriched	945.0	annotated	ypbG	Transcriptional regulator sugar kinase	GK	ROK
group_1671	0.0306513409961686	0.0382165605095541	0.0075652195133855	0.300349825087456	0.35509604365380965	0.4496541664167478	False	False	L8L10_enriched	0.0305927342256214	0.0573613766730401	False		L8L10_enriched	1793.0	annotated	-	-	-	HTH_26
srlB_1	0.0268199233716475	0.0509554140127389	0.0241354906410913	0.683158420789605	0.7373098580090889	0.1323499594370224	False	False	L8L10_enriched	0.113207547169811	0.0898472596585804	False		direction_ambiguous		annotated	-	PTS system glucitol/sorbitol-specific IIA component	G	PTSIIA_gutA
group_1249	0.0574712643678161	0.0	-0.0574712643678161	0.0014992503748125	0.002921366046722169	2.534414022584289	True	False	Other_lineages_enriched	0.125585754451734	0.0	False		Other_lineages_enriched	946.0	annotated	-	phospholipase Carboxylesterase	S	Peptidase_S9
group_1232	0.0498084291187739	0.0	-0.0498084291187739	0.0039980009995002	0.007214355582340176	2.141802455912525	True	False	Other_lineages_enriched	0.0897803247373448	0.0	False		Other_lineages_enriched	1017.0	valid_protein_no_eggnog_annotation				
group_1189	0.0	0.0828025477707006	0.0828025477707006	0.0049975012493753	0.00884359109381934	2.0533713463515078	True	False	L8L10_enriched	0.0	0.0732177263969171	False		L8L10_enriched	1681.0	valid_protein_no_eggnog_annotation				
hsdR_2~~~hsdR~~~hsdR_1	0.0459770114942529	0.0063694267515923	-0.0396075847426605	0.140429785107446	0.18053692623060263	0.7434339559853478	False	False	Other_lineages_enriched	0.079696394686907	0.0227703984819734	False		Other_lineages_enriched	1044.0	annotated	hsdR	Subunit R is required for both nuclease and ATPase activities, but not for modification	V	EcoR124_C,HSDR_N,ResIII
group_1093	0.0498084291187739	0.0	-0.0498084291187739	0.0259870064967516	0.038675332613729234	1.412565942614088	True	False	Other_lineages_enriched	0.058252427184466	0.0	False		Other_lineages_enriched	1095.0	annotated	hsdM	type I restriction-modification system	V	HsdM_N,N6_Mtase
group_970	0.0383141762452107	0.0191082802547771	-0.0192058959904337	0.0974512743628186	0.1296334069541733	0.8872830649295017	False	False	Other_lineages_enriched	0.121100917431193	0.0440366972477064	False		Other_lineages_enriched	954.0	annotated	-	IrrE N-terminal-like domain	K	HTH_3,Peptidase_M78
group_899	0.0268199233716475	0.0509554140127389	0.0241354906410913	0.660169915042479	0.7160170737541041	0.14507662161842294	False	False	L8L10_enriched	0.113207547169811	0.0898472596585804	False		direction_ambiguous		annotated	-	SAF	E	DapB_N,NAD_binding_3,SAF
group_860	0.0574712643678161	0.0	-0.0574712643678161	0.0029985007496251	0.005538150207407345	2.256635269362656	True	False	Other_lineages_enriched	0.125585754451734	0.0	False		Other_lineages_enriched	947.0	annotated	-	PFAM major facilitator superfamily MFS_1	G	MFS_1
group_695	0.0383141762452107	0.0191082802547771	-0.0192058959904337	0.11344327836082	0.1491602562645259	0.8263468791711897	False	False	Other_lineages_enriched	0.121100917431193	0.0440366972477064	False		Other_lineages_enriched	955.0	annotated	-	-	-	-
group_619	0.053639846743295	0.0063694267515923	-0.0472704199917027	0.009495252373813	0.01595454185197034	1.797115662421142	True	False	Other_lineages_enriched	0.11588785046729	0.0149532710280374	False		Other_lineages_enriched	964.0	annotated	-	Hypothetical protein (DUF2513)	S	-
rhaR	0.0574712643678161	0.0	-0.0574712643678161	0.000999500249875	0.0019983940068799303	2.6993188814033258	True	False	Other_lineages_enriched	0.125585754451734	0.0	False		Other_lineages_enriched	948.0	annotated	-	COG2207 AraC-type DNA-binding domain-containing proteins	F	HTH_18
group_412	0.003831417624521	0.0764331210191083	0.0726017033945872	0.0029985007496251	0.005538150207407345	2.256635269362656	True	False	L8L10_enriched	0.0112781954887218	0.109022556390977	False		L8L10_enriched	1572.0	valid_protein_no_eggnog_annotation				
group_208	0.0421455938697318	0.0254777070063694	-0.0166678868633624	0.0664667666166917	0.09175031252702101	1.0373924477458512	False	False	Other_lineages_enriched	0.0707456978967495	0.017208413001912	False		Other_lineages_enriched	1068.0	valid_protein_no_eggnog_annotation				
group_157	0.0229885057471264	0.0445859872611465	0.0215974815140201	0.615192403798101	0.6714339087495008	0.1729967297979641	False	False	L8L10_enriched	0.0834105653382762	0.0630213160333642	False		direction_ambiguous		annotated	-	PFAM transposase IS200-family protein	L	Y1_Tnp
lexA_3	0.0306513409961686	0.0382165605095541	0.0075652195133855	0.298350824587706	0.35336663084704933	0.45177446423284146	False	False	L8L10_enriched	0.0305927342256214	0.0573613766730401	False		L8L10_enriched	1794.0	annotated	-	Peptidase S24-like	K	HTH_3,Peptidase_S24
group_40	0.003831417624521	0.089171974522293	0.0853405568977719	0.36431784107946	0.4241792531296186	0.37245057691249867	False	False	L8L10_enriched	0.0117416829745597	0.0313111545988258	False		L8L10_enriched	1811.0	annotated	-	Rib/alpha-like repeat	M	Gram_pos_anchor,Rib,YSIRK_signal
group_12671	0.0	0.089171974522293	0.089171974522293	0.0204897551224388	0.03134342763622834	1.5038535119484095	True	False	L8L10_enriched	0.0	0.0449657869012708	False		L8L10_enriched	1806.0	annotated	insK	COG2801 Transposase and inactivated derivatives	L	HTH_21,rve,rve_2
group_12636	0.053639846743295	0.0	-0.053639846743295	0.0014992503748125	0.002921366046722169	2.534414022584289	True	False	Other_lineages_enriched	0.120300751879699	0.0	False		Other_lineages_enriched	957.0	valid_protein_no_eggnog_annotation				
group_8833	0.0459770114942529	0.0063694267515923	-0.0396075847426605	0.0329835082458771	0.04804626864286695	1.3183403347537501	True	False	Other_lineages_enriched	0.0854700854700855	0.0151946818613485	False		Other_lineages_enriched	1029.0	annotated	-	Bacterial toxin of type II toxin-antitoxin system, YafQ	S	YafQ_toxin
group_8831	0.0459770114942529	0.0063694267515923	-0.0396075847426605	0.0329835082458771	0.04804626864286695	1.3183403347537501	True	False	Other_lineages_enriched	0.0854700854700855	0.0151946818613485	False		Other_lineages_enriched	1030.0	annotated	-	RelB antitoxin	L	RelB
group_3630	0.0076628352490421	0.0700636942675159	0.0624008590184738	0.0089955022488755	0.01516897641251012	1.8190437239856339	True	False	L8L10_enriched	0.0151515151515152	0.0909090909090909	False		L8L10_enriched	1642.0	valid_protein_no_eggnog_annotation				
group_3477	0.0306513409961686	0.0382165605095541	0.0075652195133855	0.385307346326837	0.44453351055564705	0.352095494759362	False	False	L8L10_enriched	0.0664136622390892	0.0360531309297913	False		direction_ambiguous		annotated	-	Type I restriction modification DNA specificity domain	V	Methylase_S
group_3414	0.0498084291187739	0.0	-0.0498084291187739	0.0014992503748125	0.002921366046722169	2.534414022584289	True	False	Other_lineages_enriched	0.120300751879699	0.0	False		Other_lineages_enriched	958.0	annotated	-	-	-	-
group_3340	0.0421455938697318	0.0191082802547771	-0.0230373136149547	0.809595202398801	0.8492888226373922	0.07094459156205639	False	False	Other_lineages_enriched	0.0613953488372093	0.0781395348837209	False		direction_ambiguous		valid_protein_no_eggnog_annotation				
group_3078	0.003831417624521	0.0764331210191083	0.0726017033945872	0.252373813093453	0.3060624637993845	0.5141899300054126	False	False	L8L10_enriched	0.0192307692307692	0.0576923076923077	False		L8L10_enriched	1792.0	valid_protein_no_eggnog_annotation				
group_2649	0.003831417624521	0.0764331210191083	0.0726017033945872	1.0	1.0	-0.0	False	False	L8L10_enriched	0.0118226600985222	0.0177339901477832	False		direction_ambiguous		annotated	-	transposase activity	L	HTH_Tnp_1
ybdM	0.0421455938697318	0.0127388535031847	-0.0294067403665471	0.534232883558221	0.5961047583218212	0.22467741146248313	False	False	Other_lineages_enriched	0.060952380952381	0.0342857142857143	False		Other_lineages_enriched	1090.0	annotated	-	N-methyltransferase activity	S	-
group_1940	0.0421455938697318	0.0127388535031847	-0.0294067403665471	0.406296851574213	0.46484309928369166	0.3326936118713453	False	False	Other_lineages_enriched	0.0702754036087369	0.0303893637226971	False		Other_lineages_enriched	1071.0	valid_protein_no_eggnog_annotation				
group_1891	0.0498084291187739	0.0	-0.0498084291187739	0.0059970014992503	0.01045508991535965	1.9806722278318074	True	False	Other_lineages_enriched	0.0897803247373448	0.0	False		Other_lineages_enriched	1018.0	annotated	-	helix_turn_helix multiple antibiotic resistance protein	K	HTH_27,MarR
group_1835	0.053639846743295	0.0	-0.053639846743295	0.0164917541229385	0.025741511054041856	1.5893659631359525	True	False	Other_lineages_enriched	0.0750721847930703	0.0	False		Other_lineages_enriched	1062.0	valid_protein_no_eggnog_annotation				
group_1769	0.053639846743295	0.0	-0.053639846743295	0.0164917541229385	0.025741511054041856	1.5893659631359525	True	False	Other_lineages_enriched	0.0750721847930703	0.0	False		Other_lineages_enriched	1063.0	annotated	-	-	-	-
group_1386	0.053639846743295	0.0	-0.053639846743295	0.0139930034982509	0.022360303844198213	1.6505222993114606	True	False	Other_lineages_enriched	0.0750721847930703	0.0	False		Other_lineages_enriched	1064.0	valid_protein_no_eggnog_annotation				
group_638	0.0	0.089171974522293	0.089171974522293	0.137931034482759	0.1778101559548869	0.7500434371273264	False	False	L8L10_enriched	0.0	0.0237154150197628	False		L8L10_enriched	1816.0	annotated	-	chromosome segregation	K	Methyltransf_23,ParBc
group_189	0.0498084291187739	0.0	-0.0498084291187739	0.0079960019990005	0.01359485375991055	1.8666254597650045	True	False	Other_lineages_enriched	0.0897803247373448	0.0	False		Other_lineages_enriched	1019.0	annotated	-	ABC transporter, ATP-binding protein	V	ABC_tran
group_87	0.0498084291187739	0.0	-0.0498084291187739	0.0024987506246876	0.00467805869792366	2.3299343331843234	True	False	Other_lineages_enriched	0.0897803247373448	0.0	False		Other_lineages_enriched	1020.0	annotated	-	ABC transporter (Permease)	V	FtsX,MacB_PCD
group_25	0.0	0.0828025477707006	0.0828025477707006	0.000999500249875	0.0019983940068799303	2.6993188814033258	True	False	L8L10_enriched	0.0	0.114985862393968	False		L8L10_enriched	1549.0	valid_protein_no_eggnog_annotation				
group_14881	0.0498084291187739	0.0	-0.0498084291187739	0.0014992503748125	0.002921366046722169	2.534414022584289	True	False	Other_lineages_enriched	0.107852412488174	0.0	False		Other_lineages_enriched	982.0	annotated	-	Psort location Cytoplasmic, score	L	DUF3991,Peptidase_M78,Toprim_2
group_14727	0.0	0.0828025477707006	0.0828025477707006	0.0004997501249375	0.001059637491421533	2.9748426841711053	True	False	L8L10_enriched	0.0	0.136067101584343	False		L8L10_enriched	1460.0	annotated	-	Replication protein	L	Rep_1
group_2558	0.0	0.0828025477707006	0.0828025477707006	0.0039980009995002	0.007214355582340176	2.141802455912525	True	False	L8L10_enriched	0.0	0.0732177263969171	False		L8L10_enriched	1682.0	valid_protein_no_eggnog_annotation				
group_1229	0.0	0.0828025477707006	0.0828025477707006	0.369815092453773	0.4299720288056394	0.3665597958866483	False	False	L8L10_enriched	0.0	0.0119284294234592	False		L8L10_enriched	1820.0	valid_protein_no_eggnog_annotation				
group_818	0.0	0.0828025477707006	0.0828025477707006	0.366816591704148	0.42678695962753094	0.36978885880784357	False	False	L8L10_enriched	0.0	0.0178394449950446	False		L8L10_enriched	1818.0	valid_protein_no_eggnog_annotation				
group_376	0.0	0.0828025477707006	0.0828025477707006	0.381809095452274	0.4414249015842957	0.3551431711390029	False	False	L8L10_enriched	0.0	0.0178394449950446	False		L8L10_enriched	1819.0	valid_protein_no_eggnog_annotation				
group_83	0.0	0.0828025477707006	0.0828025477707006	0.374312843578211	0.43412911636402857	0.36238108572965205	False	False	L8L10_enriched	0.0	0.0119284294234592	False		L8L10_enriched	1821.0	annotated	-	Prophage endopeptidase tail	M	Glyco_hydro_25,Peptidase_M23,Prophage_tail
group_26	0.0	0.0828025477707006	0.0828025477707006	0.371314342828586	0.43141070508469354	0.36510908245663604	False	False	L8L10_enriched	0.0	0.0119284294234592	False		L8L10_enriched	1822.0	annotated	-	phage tail	S	Sipho_tail
