panaroo_cluster	comparison_group	association_direction	all_L8L10_present	all_L8L10_total	all_other_present	all_other_total	all_L8L10_minus_other	isolate_L8L10_minus_other	multivariable_lineage_LRT_BH_FDR	CMH_BH_FDR	isolate_fisher_BH_FDR	direction_consistent_all_isolate	direct_ARG_feature	matched_direct_ARG_genes	annotation_status	Preferred_name	Description	COG_category	COG_codes_display	KEGG_ko	KEGG_Pathway	PFAMs
IntTn~~~IntTn_1~~~xerC_6~~~IntTn_3	Lineages 8/10	L8L10_enriched	35	157	0	261	0.2229299363057325	0.256198347107438	6.560706835241637e-16	2.581908752968117e-13	1.638932253719791e-12	True	False		annotated	int7	Belongs to the 'phage' integrase family	L	L	-	-	Arm-DNA-bind_4,Phage_int_SAM_3,Phage_integrase
adhR_1	Other lineages	Other_lineages_enriched	72	157	222	261	-0.3919759865290284	-0.4063526834611172	2.892377816742376e-22	6.260557844797934e-21	8.132459823475464e-16	True	False		annotated	-	Transcriptional regulator	K	K	-	-	MerR_1
adhR_1~~~adhR_2	Other lineages	Other_lineages_enriched	117	157	259	261	-0.2471142348146522	-0.2314049586776859	8.330075157689424e-17	1.4391569195422201e-15	3.2285474703491265e-11	True	False		annotated	adhR	helix_turn_helix, mercury resistance	K	K	ko:K21745	-	MerR,MerR_1
adhR~~~adhR_1~~~adhR_2	Other lineages	Other_lineages_enriched	91	157	246	261	-0.3629109012372794	-0.3583092701384048	5.714530322402656e-20	1.324585786777359e-19	1.7822675961809478e-14	True	False		annotated	-	helix_turn_helix, mercury resistance	K	K	-	-	MerR,MerR-DNA-bind,MerR_1
agrA_2~~~agrA~~~agrA_1	Other lineages	Other_lineages_enriched	62	157	234	261	-0.5016472655392049	-0.5723389425470478	2.5319251978364143e-26	7.612531100425847e-26	1.9115995089550078e-24	True	False		annotated	agrA	LytTr DNA-binding domain	K	K	ko:K07707	ko02020,ko02024,map02020,map02024	LytTR,Response_reg
ald_2~~~ald_1~~~ald~~~ald2	Other lineages	Other_lineages_enriched	64	157	251	261	-0.5540425116528784	-0.5168774270636264	1.1511661133958755e-40	2.7421280151846663e-37	6.688987761276052e-26	True	False		annotated	ald	Belongs to the AlaDH PNT family	C	C	ko:K00259	ko00250,ko00430,ko01100,map00250,map00430,map01100	AlaDh_PNT_C,AlaDh_PNT_N
ald~~~ald2~~~ald_2~~~ald_1	Other lineages	Other_lineages_enriched	1	157	58	261	-0.2158527954706298	-0.2266752962262272	2.4727196356078585e-12	2.6580437900198926e-09	7.570138893442991e-09	True	False		annotated	ald	Belongs to the AlaDH PNT family	C	C	ko:K00259	ko00250,ko00430,ko01100,map00250,map00430,map01100	AlaDh_PNT_C,AlaDh_PNT_N
apu	Other lineages	Other_lineages_enriched	125	157	261	261	-0.2038216560509553	-0.140495867768595	4.003942906128949e-17	6.131489629801838e-15	8.056104227351869e-07	True	False		annotated	malZ	Alpha-amylase domain	G	G	ko:K01187,ko:K01200	ko00052,ko00500,ko01100,ko01110,map00052,map00500,map01100,map01110	Alpha-amylase,Alpha-amylase_N
argG_2~~~argG_3~~~argG_1	Lineages 8/10	L8L10_enriched	53	157	0	261	0.3375796178343949	0.4297520661157025	2.7496245843461587e-24	4.741052058609607e-20	2.2005331215447357e-22	True	False		annotated	argG	Belongs to the argininosuccinate synthase family. Type 1 subfamily	E	E	ko:K01940	ko00220,ko00250,ko01100,ko01110,ko01130,ko01230,ko05418,map00220,map00250,map01100,map01110,map01130,map01230,map05418	Arginosuc_synth
argH_1~~~argH_2	Lineages 8/10	L8L10_enriched	57	157	0	261	0.3630573248407643	0.4545454545454545	1.9356475473719038e-26	6.569128443530914e-22	6.319872434374125e-24	True	False		annotated	-	Type II restriction enzyme, methylase subunits	V	V	-	-	-
arlR_2	Other lineages	Other_lineages_enriched	16	157	101	261	-0.2850623520511506	-0.3992830827441999	8.078437710793948e-12	1.2065695098952834e-10	4.77149954994075e-13	True	False		annotated	regX3	response regulator	KT	K;T	ko:K07776	ko02020,map02020	Response_reg,Trans_reg_C
arnC_2~~~arnC_3~~~glyG~~~arnC_1~~~glyG_1	Other lineages	Other_lineages_enriched	16	157	230	261	-0.7793152256143691	-0.8285372896544857	2.1316746061768836e-60	1.731386898919025e-53	3.450111759718371e-48	True	False		annotated	-	Glycosyl transferase family 2	M	M	-	-	Glycos_transf_2
arnC_2~~~arnC_4	Lineages 8/10	L8L10_enriched	102	157	2	261	0.6420186934133782	0.6656377576421387	4.2731884409153056e-51	2.7833909473434268e-45	6.048330195042715e-37	True	False		annotated	-	Glycosyltransferase like family 2	M	M	-	-	Glycos_transf_2
arnC_2~~~icaA~~~arnC_5	Other lineages	Other_lineages_enriched	75	157	257	261	-0.5069673231324889	-0.4650502837797471	3.3861706659777e-38	1.2445024953685836e-34	1.978454737703236e-23	True	False		annotated	ydaM	Glycosyl transferase family group 2	M	M	-	-	Glyco_tranf_2_3
arnC_3~~~arnC_4~~~arnC_1~~~glyG_2~~~arnC_5~~~glyG~~~arnC_2~~~epsJ	Lineages 8/10	L8L10_enriched	57	157	0	261	0.3630573248407643	0.3636363636363636	1.0397120595844955e-27	1.3106554038456294e-23	1.856362215020612e-18	True	False		annotated	-	Glycosyltransferase like family 2	M	M	-	-	Glycos_transf_2
arnC_5~~~arnC_3~~~arnC_2~~~arnC_1~~~epsJ~~~arnC_6	Lineages 8/10	L8L10_enriched	148	157	131	261	0.4407594504234082	0.4707258787214975	2.6520615359989445e-22	4.806186551846557e-19	1.856362215020612e-18	True	False		annotated	epsJ2	Glycosyltransferase like family 2	S	S	-	-	Glycos_transf_2
aroE	Lineages 8/10	L8L10_enriched	35	157	3	261	0.2114356834321692	0.208851936672309	4.576683452864883e-13	2.306366903613165e-12	3.0289415287612487e-09	True	False		annotated	aroE	Involved in the biosynthesis of the chorismate, which leads to the biosynthesis of aromatic amino acids. Catalyzes the reversible NADPH linked reduction of 3-dehydroshikimate (DHSA) to yield shikimate (SA)	E	E	ko:K00014	ko00400,ko01100,ko01110,ko01130,ko01230,map00400,map01100,map01110,map01130,map01230	Shikimate_dh_N
aroE~~~aroE_1~~~aroE_2	Other lineages	Other_lineages_enriched	109	157	251	261	-0.2674183078312224	-0.2772080055760231	1.9558205916946848e-14	2.8039615141337e-14	6.5868970329011e-12	True	False		annotated	aroE	Involved in the biosynthesis of the chorismate, which leads to the biosynthesis of aromatic amino acids. Catalyzes the reversible NADPH linked reduction of 3-dehydroshikimate (DHSA) to yield shikimate (SA)	E	E	ko:K00014	ko00400,ko01100,ko01110,ko01130,ko01230,map00400,map01100,map01110,map01130,map01230	Shikimate_dh_N
artM_3~~~bceA	Other lineages	Other_lineages_enriched	19	157	124	261	-0.3540766771603583	-0.4746589664442895	4.927994710458746e-16	1.8721681719309612e-14	4.434646123314869e-16	True	False		annotated	lolD	ABC transporter, ATP-binding protein	V	V	ko:K02003	-	ABC_tran
asp1~~~asp1_2~~~asp1_1	Lineages 8/10	L8L10_enriched	109	157	1	261	0.6904360982990457	0.7295130936971025	5.554743583126271e-58	2.1045251181445766e-50	2.0957527608510463e-43	True	False		annotated	asp1	Accessory Sec system protein Asp1	S	S	ko:K12268	-	Asp1
asp2~~~asp2_2	Lineages 8/10	L8L10_enriched	109	157	1	261	0.6904360982990457	0.7295130936971025	5.554743583126271e-58	2.1045251181445766e-50	2.0957527608510463e-43	True	False		annotated	asp2	Accessory Sec system GspB-transporter	S	S	ko:K12269	-	Asp2
bcrA	Lineages 8/10	L8L10_enriched	38	157	0	261	0.2420382165605095	0.2644628099173554	1.4934972668479237e-17	8.690263315433212e-15	6.070103266430135e-13	True	False		annotated	-	ABC transporter	V	V	ko:K01990,ko:K19309	ko02010,map02010	ABC_tran
bcrA~~~bcrA_2	Other lineages	Other_lineages_enriched	16	157	102	261	-0.2888937696756717	-0.3992830827441999	5.960208250977116e-12	9.275886078011392e-11	4.77149954994075e-13	True	False		annotated	-	AAA domain, putative AbiEii toxin, Type IV TA system	V	V	ko:K01990,ko:K20490	ko02010,ko02020,ko02024,map02010,map02020,map02024	ABC_tran
bcrB	Lineages 8/10	L8L10_enriched	38	157	0	261	0.2420382165605095	0.2644628099173554	1.4934972668479237e-17	8.690263315433212e-15	6.070103266430135e-13	True	False		annotated	-	ABC-2 family transporter protein	S	S	ko:K19310	ko02010,map02010	ABC2_membrane_4
bcrR	Lineages 8/10	L8L10_enriched	37	157	0	261	0.2356687898089172	0.256198347107438	4.187745465822665e-17	2.0241546351115145e-14	1.638932253719791e-12	True	False		annotated	-	Psort location CytoplasmicMembrane, score	K	K	-	-	HTH_3
bglF~~~ptsG~~~bglF_1~~~bglF_4~~~bglF_2~~~bglF_3	Other lineages	Other_lineages_enriched	62	157	203	261	-0.3828733191790516	-0.3969431444787414	7.270950519739922e-14	9.327591047566861e-14	1.1916635885689379e-10	True	False		annotated	-	PTS system	G	G	-	-	PTS_EIIA_1,PTS_EIIB,PTS_EIIC
bglH_1~~~bglA~~~bglH~~~bglH_3~~~bglH_2~~~bglB	Other lineages	Other_lineages_enriched	81	157	245	261	-0.422773751128682	-0.4552424574330379	6.681567289462526e-24	2.538193496870864e-23	1.5042628939321027e-20	True	False		annotated	-	Belongs to the glycosyl hydrolase 1 family	G	G	ko:K01223	ko00010,ko00500,map00010,map00500	Glyco_hydro_1
bin3~~~bin3_2~~~hin~~~bin3_1	Other lineages	Other_lineages_enriched	30	157	126	261	-0.2916758181418845	-0.5057751667828337	2.3373217776485405e-15	1.917591308372579e-14	1.3364672954236496e-16	True	False		annotated	pinR1	Helix-turn-helix domain of Hin and related proteins, a family of DNA-binding domains unique to bacteria and represented by the Hin protein of Salmonella. The basic HTH domain is a simple fold comprised of three core helices that form a right-handed	L	L	-	-	HTH_7,Resolvase
bshA_2~~~bshA~~~mshA_4~~~mshA_1~~~gtfA_1~~~gtfA_2	Other lineages	Other_lineages_enriched	16	157	245	261	-0.8367864899821852	-0.8646818679677387	2.96879647834308e-71	1.1517961363657318e-62	2.5660984801765613e-54	True	False		annotated	-	glycosyl transferase group 1	M	M	-	-	Glycos_transf_1
btuD_4~~~btuD_3~~~btuD_5	Other lineages	Other_lineages_enriched	2	157	99	261	-0.3665714913244015	-0.4676391516479139	2.38575335718871e-23	5.151314625503373e-18	4.488936676066258e-21	True	False		annotated	nisT	ABC transporter	V	V	ko:K06147,ko:K20485	ko02020,ko02024,map02020,map02024	ABC_membrane,ABC_tran
cap8A~~~ywqC~~~ywqC_1	Other lineages	Other_lineages_enriched	16	157	245	261	-0.8367864899821852	-0.8503933087722793	2.96879647834308e-71	1.1517961363657318e-62	2.8962193682049432e-52	True	False		annotated	-	Chain length determinant protein	M	M	-	-	GNVR,Wzz
cas1_1~~~cas1~~~cas1_2	Other lineages	Other_lineages_enriched	26	157	101	261	-0.221368084535227	-0.2479836702180623	1.3922438326959617e-05	2.4596405863328805e-05	3.685890891741368e-06	True	False		annotated	cas1	maintenance of DNA repeat elements	L	L	ko:K15342	-	Cas_Cas1
cas1~~~cas1_2~~~cas1_3~~~cas1_1	Other lineages	Other_lineages_enriched	43	157	217	261	-0.5575322742026014	-0.5691028577118391	1.6944589452027634e-28	1.181633571216287e-27	1.996451024470159e-21	True	False		annotated	cas1	CRISPR (clustered regularly interspaced short palindromic repeat), is an adaptive immune system that provides protection against mobile genetic elements (viruses, transposable elements and conjugative plasmids). CRISPR clusters contain spacers, sequences complementary to antecedent mobile elements, and target invading nucleic acids. CRISPR clusters are transcribed and processed into CRISPR RNA (crRNA). Acts as a dsDNA endonuclease. Involved in the integration of spacer DNA into the CRISPR cassette	L	L	ko:K15342	-	Cas_Cas1
cas2_1~~~cas2_2~~~cas2	Other lineages	Other_lineages_enriched	26	157	100	261	-0.217536666910706	-0.2479836702180623	1.799993256702617e-05	3.1778011702744825e-05	3.685890891741368e-06	True	False		annotated	cas2	CRISPR (clustered regularly interspaced short palindromic repeat), is an adaptive immune system that provides protection against mobile genetic elements (viruses, transposable elements and conjugative plasmids). CRISPR clusters contain sequences complementary to antecedent mobile elements and target invading nucleic acids. CRISPR clusters are transcribed and processed into CRISPR RNA (crRNA). Functions as a ssRNA-specific endoribonuclease. Involved in the integration of spacer DNA into the CRISPR cassette	L	L	ko:K09951	-	CRISPR_Cas2
cas2_2~~~cas2_1~~~cas2	Other lineages	Other_lineages_enriched	43	157	218	261	-0.5613636918271225	-0.5751269540973813	5.306893619430664e-29	3.9192755715630683e-28	5.498110618650504e-22	True	False		annotated	cas2	CRISPR (clustered regularly interspaced short palindromic repeat), is an adaptive immune system that provides protection against mobile genetic elements (viruses, transposable elements and conjugative plasmids). CRISPR clusters contain sequences complementary to antecedent mobile elements and target invading nucleic acids. CRISPR clusters are transcribed and processed into CRISPR RNA (crRNA). Functions as a ssRNA-specific endoribonuclease. Involved in the integration of spacer DNA into the CRISPR cassette	L	L	ko:K09951	-	CRISPR_Cas2
cas6	Other lineages	Other_lineages_enriched	25	157	101	261	-0.2277375112868194	-0.2419595738325201	6.824251031067575e-06	1.3157537294406274e-05	6.258599260914596e-06	True	False		annotated	cas6	CRISPR-associated endoribonuclease Cas6	S	S	-	-	CRISPR_Cas6
cas9~~~cas9_1~~~cas9_2~~~cas92	Other lineages	Other_lineages_enriched	43	157	217	261	-0.5575322742026014	-0.5751269540973813	1.2708514858498148e-28	9.319245162065551e-28	5.498110618650504e-22	True	False		annotated	cas9	CRISPR (clustered regularly interspaced short palindromic repeat) is an adaptive immune system that provides protection against mobile genetic elements (viruses, transposable elements and conjugative plasmids). CRISPR clusters contain spacers, sequences complementary to antecedent mobile elements, and target invading nucleic acids. CRISPR clusters are transcribed and processed into CRISPR RNA (crRNA). In type II CRISPR systems correct processing of pre-crRNA requires a trans-encoded small RNA (tracrRNA), endogenous ribonuclease 3 (rnc) and this protein. The tracrRNA serves as a guide for ribonuclease 3-aided processing of pre-crRNA. Subsequently Cas9 crRNA tracrRNA endonucleolytically cleaves linear or circular dsDNA target complementary to the spacer	L	L	ko:K09952	-	Cas9-BH,Cas9_PI,Cas9_REC,HNH_4
cbh_1	Lineages 8/10	L8L10_enriched	52	157	0	261	0.3312101910828025	0.4214876033057851	8.867277748844183e-24	1.2499786915147732e-19	6.748554072234785e-22	True	False		annotated	cbh	Linear amide C-N hydrolase, choloylglycine hydrolase family protein	M	M	ko:K01442	ko00120,ko00121,ko01100,map00120,map00121,map01100	CBAH
cetB	Other lineages	Other_lineages_enriched	80	157	242	261	-0.4176489250067111	-0.3815592950313651	8.984237552558223e-24	4.1457002622864347e-23	3.1038065592515225e-14	True	False		annotated	-	Glyoxalase/Bleomycin resistance protein/Dioxygenase superfamily	E	E	-	-	Glyoxalase,Glyoxalase_4
clpB1~~~clpC~~~clpC_1~~~clpC_2~~~clpC_4	Lineages 8/10	L8L10_enriched	88	157	53	261	0.3574444200405105	0.2578412824853132	3.518907152491124e-12	4.238719655393911e-12	4.173081630504707e-05	True	False		annotated	clpC	Belongs to the ClpA ClpB family	O	O	ko:K03696	ko01100,map01100	AAA,AAA_2,ClpB_D2-small,Clp_N,UVR
cna~~~cna_1	Other lineages	Other_lineages_enriched	1	157	110	261	-0.4150865119457256	-0.6242656576720104	2.170579014928081e-33	5.881436002657604e-26	1.5311323840460363e-31	True	False		annotated	-	Cna protein B-type domain	M	M	-	-	Cna_B,Collagen_bind,Gram_pos_anchor
copB_1~~~copB_2~~~copB	Lineages 8/10	L8L10_enriched	62	157	11	261	0.3527588647289943	0.3703574629094892	8.1317634072592e-20	2.2933932168095203e-19	3.3109526796511043e-16	True	False		annotated	copB	haloacid dehalogenase-like hydrolase	P	P	ko:K01533	-	E1-E2_ATPase,Hydrolase
copY_2	Lineages 8/10	L8L10_enriched	62	157	11	261	0.3527588647289943	0.3703574629094892	8.1317634072592e-20	2.2933932168095203e-19	3.3109526796511043e-16	True	False		annotated	-	Penicillinase repressor	K	K	-	-	Penicillinase_R
cpsD	Other lineages	Other_lineages_enriched	16	157	246	261	-0.8406179076067062	-0.8564174051578214	3.81279789622117e-72	3.830141599352819e-63	2.4740750225585023e-53	True	False		annotated	-	AAA domain	D	D	-	-	AAA_31
csm2	Other lineages	Other_lineages_enriched	26	157	102	261	-0.2251995021597481	-0.2479836702180623	1.062554177514376e-05	1.899499618780204e-05	3.685890891741368e-06	True	False		annotated	-	Pfam:DUF310	L	L	ko:K19138	-	Csm2_III-A
csm3	Other lineages	Other_lineages_enriched	26	157	101	261	-0.221368084535227	-0.2419595738325201	1.5383781848409157e-05	2.711784378083905e-05	6.258599260914596e-06	True	False		annotated	csm3	RAMP superfamily	L	L	ko:K09002	-	RAMPs
csm4	Other lineages	Other_lineages_enriched	26	157	102	261	-0.2251995021597481	-0.2479836702180623	1.062554177514376e-05	1.899499618780204e-05	3.685890891741368e-06	True	False		annotated	-	CRISPR-associated RAMP protein, Csm4 family	L	L	ko:K19139	-	-
csm5~~~csm5_2~~~csm5_1	Other lineages	Other_lineages_enriched	26	157	102	261	-0.2251995021597481	-0.2479836702180623	1.062554177514376e-05	1.899499618780204e-05	3.685890891741368e-06	True	False		annotated	csm5	RAMP superfamily	L	L	ko:K19140	-	RAMPs
csm6~~~csm6_2~~~csm6_1	Other lineages	Other_lineages_enriched	25	157	99	261	-0.2200746760377772	-0.2419595738325201	1.1816410296016046e-05	2.179812450923008e-05	6.258599260914596e-06	True	False		annotated	-	CRISPR-associated protein (Cas_Csm6)	S	S	-	-	Cas_Csm6
csqR	Other lineages	Other_lineages_enriched	51	157	138	261	-0.2038948678526979	-0.1370606392512197	0.0002213100759133	0.0002610773027912	0.0340466015319593	True	False		annotated	-	DeoR C terminal sensor domain	K	K	ko:K02444	-	DeoRC,HTH_DeoR
cynR	Other lineages	Other_lineages_enriched	9	157	118	261	-0.3947824389291554	-0.5023897241860001	1.0931149195832285e-21	2.32813940442529e-18	1.14135739892173e-19	True	False		annotated	-	Transcriptional regulator	K	K	-	-	HTH_1,LysR_substrate
cysB~~~ifcA	Other lineages	Other_lineages_enriched	68	157	230	261	-0.4481050345315664	-0.529473264960669	5.951512401666428e-21	8.955313925366834e-21	6.93445022368805e-21	True	False		annotated	-	FMN_bind	C	C	-	-	FAD_binding_2,FMN_bind
dacA_2~~~dacA_3~~~dacA_1	Other lineages	Other_lineages_enriched	6	157	149	261	-0.5326646655440858	-0.5068704570347506	7.974630585807178e-31	9.973599868529868e-26	7.817808580580186e-21	True	False		annotated	dacA	Belongs to the peptidase S11 family	M	M	ko:K07258	ko00550,ko01100,map00550,map01100	PBP5_C,Peptidase_S11
dapE_1	Other lineages	Other_lineages_enriched	2	157	110	261	-0.4087170851941333	-0.4857114408045404	8.55410995292067e-26	7.36027415783042e-20	3.204355749461077e-22	True	False		annotated	dapE	Peptidase dimerisation domain	E	E	ko:K01439	ko00300,ko01100,ko01120,ko01230,map00300,map01100,map01120,map01230	M20_dimer,Peptidase_M20,Peptidase_M28
dapE_1~~~dapE_3~~~dapE_2~~~dapE_4	Other lineages	Other_lineages_enriched	63	157	255	261	-0.5757376089025551	-0.4822762122871651	3.211491890046716e-44	4.4549262181429336e-40	1.2266182985992957e-21	True	False		annotated	dapE	succinyl-diaminopimelate desuccinylase	E	E	ko:K01439	ko00300,ko01100,ko01120,ko01230,map00300,map01100,map01120,map01230	M20_dimer,Peptidase_M20,Peptidase_M28
dapE~~~dapE_2~~~dapE_1	Other lineages	Other_lineages_enriched	83	157	261	261	-0.4713375796178344	-0.3636363636363636	7.417107284808029e-43	1.7247711222018427e-35	1.856362215020612e-18	True	False		annotated	-	succinyl-diaminopimelate desuccinylase	E	E	ko:K01439	ko00300,ko01100,ko01120,ko01230,map00300,map01100,map01120,map01230	M20_dimer,Peptidase_M20,Peptidase_M28
dapH_3	Other lineages	Other_lineages_enriched	0	157	99	261	-0.3793103448275862	-0.4698795180722891	6.376937099223487e-27	2.748027030244141e-19	2.3452610706560327e-22	True	False		annotated	cat	Bacterial transferase hexapeptide (six repeats)	M	M	ko:K00638	-	Hexapep
dinG_2~~~dinG_3~~~dinG_1~~~dinG_4	Lineages 8/10	L8L10_enriched	127	157	1	261	0.8050857798277082	0.8452155730359455	3.3969221668965905e-73	1.0638620143253376e-62	6.978226301516532e-55	True	False		annotated	uvrB3	DEAD_2	KL	K;L	ko:K07464	-	DEAD,DEAD_2,HBB,Helicase_C_2,PDDEXK_1
dinG_3~~~dinG_1~~~dinG_2~~~dinG~~~dinG_5	Other lineages	Other_lineages_enriched	39	157	259	261	-0.7439295214388559	-0.8286866474161108	8.20140203741644e-64	3.0443285154762632e-55	2.4740750225585023e-53	True	False		annotated	uvrB3	DEAD_2	KL	K;L	ko:K07464	-	DEAD,DEAD_2,HBB,Helicase_C_2,PDDEXK_1
dinJ	Other lineages	Other_lineages_enriched	0	157	118	261	-0.4521072796934866	-0.6927710843373494	2.805165193689058e-40	1.0933899527016058e-30	4.148477355182178e-38	True	False		annotated	-	RelB antitoxin	S	S	ko:K07473	-	RelB
dkgA~~~yvgN_2	Other lineages	Other_lineages_enriched	8	157	99	261	-0.3283549308148473	-0.4120282784028677	4.991950190910917e-17	2.057151043109876e-14	1.3459763671735982e-14	True	False		annotated	akr5f	reductase	S	S	ko:K06221	-	Aldo_ket_red
dosC	Other lineages	Other_lineages_enriched	110	157	255	261	-0.2763745515777144	-0.2005874738623917	3.584842855255669e-19	2.5046764706197605e-18	7.382525681555043e-09	True	False		annotated	-	diguanylate cyclase	T	T	-	-	GGDEF,Hpt,Response_reg
dps2~~~dps~~~dps_2	Other lineages	Other_lineages_enriched	111	157	239	261	-0.2087024428337848	-0.2050682067111421	1.5793070154197404e-10	1.6120476947204388e-10	5.7354840092171176e-08	True	False		annotated	-	Ferritin-like domain	P	P	ko:K04047	-	Ferritin
drdA	Other lineages	Other_lineages_enriched	9	157	102	261	-0.3334797569368182	-0.4481728567161206	1.5668082391694797e-17	5.810992611693708e-15	1.7290388655455546e-16	True	False		annotated	-	Class II Aldolase and Adducin N-terminal domain	G	G	ko:K01628	ko00051,ko01120,map00051,map01120	Aldolase_II
drrA	Other lineages	Other_lineages_enriched	1	157	107	261	-0.4035922590721624	-0.6242656576720104	5.5764510295486594e-33	6.970056313657373e-26	1.5311323840460363e-31	True	False		annotated	cylA	ABC transporter	V	V	ko:K01990,ko:K09695,ko:K11050	ko02010,map02010	ABC_tran,DUF4162
ebh~~~ebhA	Lineages 8/10	L8L10_enriched	33	157	2	261	0.2025282475535056	0.184058548242557	2.553293372867801e-13	1.999622303070689e-12	4.46501719742307e-08	True	False		annotated	ebh	interspecies interaction between organisms	D	D	-	-	DUF1542,FIVAR,GA,Rib,YSIRK_signal
ecfA1_1~~~btuD_3~~~ecfA1_2~~~ecfA1_3	Other lineages	Other_lineages_enriched	1	157	110	261	-0.4150865119457256	-0.6302897540575525	1.0517016311449702e-33	2.699086766011692e-26	5.28283740273566e-32	True	False		annotated	-	ABC transporter	P	P	ko:K16787	ko02010,map02010	ABC_tran
ecfA1_1~~~btuD_4~~~btuD_3~~~ecfA2_1~~~ecfA1_2	Other lineages	Other_lineages_enriched	1	157	109	261	-0.4112550943212046	-0.6242656576720104	3.011385706865852e-33	6.3367249956033e-26	1.5311323840460363e-31	True	False		annotated	-	ABC transporter	P	P	ko:K16786	ko02010,map02010	ABC_tran
ecfT_2	Other lineages	Other_lineages_enriched	1	157	105	261	-0.3959294238231203	-0.6001692721298417	1.920033554919036e-31	1.7592746245665874e-24	8.086060200044104e-30	True	False		annotated	-	Cobalt transport protein	P	P	ko:K16785	ko02010,map02010	CbiQ
epsJ~~~arnC_4~~~arnC_2~~~arnC_8~~~arnC_5~~~kfoC	Lineages 8/10	L8L10_enriched	69	157	0	261	0.4394904458598726	0.4214876033057851	5.804564081981017e-35	7.779437503746075e-30	6.748554072234785e-22	True	False		annotated	-	Glycosyltransferase like family 2	S	S	ko:K09809	-	Glycos_transf_2
epsN~~~epsN_1	Other lineages	Other_lineages_enriched	16	157	246	261	-0.8406179076067062	-0.8646818679677387	7.42775653340478e-72	3.830141599352819e-63	2.5660984801765613e-54	True	False		annotated	-	Belongs to the DegT DnrJ EryC1 family	E	E	ko:K13010	ko00520,map00520	DegT_DnrJ_EryC1
fabG_2~~~ucpA~~~fabG_3~~~hcaB	Other lineages	Other_lineages_enriched	7	157	203	261	-0.7331917905166313	-0.6770885193667231	8.018925298954473e-52	8.227269731793059e-45	6.293273748291836e-32	True	False		annotated	-	Belongs to the short-chain dehydrogenases reductases (SDR) family	S	S	-	-	adh_short
farB~~~hsrA~~~ribZ~~~ribZ_2	Other lineages	Other_lineages_enriched	74	157	239	261	-0.4443712326427019	-0.3581599123767799	6.0577558442438746e-24	1.7879739005214656e-23	3.89585049876576e-11	True	False		annotated	lmrB	Belongs to the major facilitator superfamily	U	U	ko:K18926	-	MFS_1
fgd	Lineages 8/10	L8L10_enriched	40	157	3	261	0.243282817190131	0.3140495867768595	3.9233016262495795e-14	4.096735541202227e-13	1.206238812818531e-15	True	False		annotated	-	COG2141 Coenzyme F420-dependent N5,N10-methylene tetrahydromethanopterin reductase and related flavin-dependent oxidoreductases	C	C	-	-	Bac_luciferase
garK~~~glxK	Lineages 8/10	L8L10_enriched	120	157	26	261	0.664714351953535	0.6188389923329682	1.3520855167474589e-43	3.5465100427700057e-41	1.4597605968161392e-26	True	False		annotated	glxK	Belongs to the glycerate kinase type-1 family	G	G	ko:K00865	ko00260,ko00561,ko00630,ko01100,ko01120,ko01130,map00260,map00561,map00630,map01100,map01120,map01130	Gly_kinase
garK~~~glxK_2~~~glxK	Other lineages	Other_lineages_enriched	37	157	222	261	-0.6149059228347609	-0.5887185104052575	1.1542509847886806e-36	1.0722509527878431e-34	2.1833566889813057e-23	True	False		annotated	glxK	Belongs to the glycerate kinase type-1 family	G	G	ko:K00865	ko00260,ko00561,ko00630,ko01100,ko01120,ko01130,map00260,map00561,map00630,map01100,map01120,map01130	Gly_kinase
gatC_3~~~gatC_2	Other lineages	Other_lineages_enriched	6	157	97	261	-0.3334309490689899	-0.4263168375983271	8.768496088414729e-19	1.4661293166362838e-15	1.0391233172252354e-15	True	False		annotated	pts36C	PTS system sugar-specific permease component	G	G	ko:K02775	ko00052,ko01100,ko02060,map00052,map01100,map02060	EIIC-GAT
gerN~~~napA_1~~~gerN_1~~~gerN_2	Other lineages	Other_lineages_enriched	107	157	253	261	-0.2878199965834492	-0.2937369311958577	2.73058242017411e-16	6.566221643014004e-16	9.631258388308997e-13	True	False		annotated	napA	Belongs to the monovalent cation proton antiporter 2 (CPA2) transporter (TC 2.A.37) family	P	P	-	-	Na_H_Exchanger
glpR~~~glcR_4~~~glcR_3	Other lineages	Other_lineages_enriched	6	157	96	261	-0.3295995314444688	-0.4263168375983271	1.2326858675237107e-18	1.868172668936964e-15	1.0391233172252354e-15	True	False		annotated	rdrB	DeoR C terminal sensor domain	K	K	ko:K02444,ko:K22103	-	DeoRC,HTH_DeoR
gltC~~~gltC_2~~~gltC_1	Other lineages	Other_lineages_enriched	105	157	250	261	-0.2890645972130707	-0.3042417604301504	2.6865571964098042e-15	3.997519918375297e-15	1.1383369670055698e-12	True	False		annotated	-	Transcriptional regulator, LysR family	K	K	-	-	HTH_1,LysR_substrate
glyG	Other lineages	Other_lineages_enriched	2	157	99	261	-0.3665714913244015	-0.4533505924524544	2.38575335718871e-23	5.151314625503373e-18	1.8840095680000245e-19	True	False		annotated	-	Glycosyltransferase like family 2	M	M	-	-	Glycos_transf_2
glyG_2~~~arnC_1~~~glyG~~~arnC_4~~~arnC_2~~~epsJ_2~~~glyG_1	Lineages 8/10	L8L10_enriched	48	157	2	261	0.2980696488273909	0.3020013940057752	1.8612436444342782e-19	9.401130836248172e-18	3.6205022194498353e-13	True	False		annotated	-	Glycosyltransferase like family 2	M	M	-	-	Glycos_transf_2
glyG_2~~~glyG_1~~~arnC_5~~~glyG~~~epsH~~~arnC_3~~~arnC_4~~~glyG_3~~~epsJ	Lineages 8/10	L8L10_enriched	117	157	2	261	0.7375600946872636	0.8143980882206512	4.704108043958563e-63	1.457880700249463e-54	6.41109390799591e-51	True	False		annotated	-	Glycosyltransferase like family 2	M	M	-	-	Glycos_transf_2
group_1013	Other lineages	Other_lineages_enriched	1	157	62	261	-0.2311784659687141	-0.1543861395997212	6.1498006503478156e-12	4.8877305985508886e-09	9.358595425433924e-06	True	False		annotated	-	Psort location CytoplasmicMembrane, score	S	S	-	-	-
group_1015	Other lineages	Other_lineages_enriched	10	157	102	261	-0.3271103301852259	-0.4180523747884098	8.192435282286205e-16	1.268117479038209e-13	6.205442858399832e-15	True	False		annotated	-	Psort location CytoplasmicMembrane, score	S	S	-	-	PTPS_related
group_1038	Lineages 8/10	L8L10_enriched	44	157	1	261	0.2764233594455426	0.2584387135318132	1.961552066488879e-19	1.9639289699849826e-17	1.1535822774036838e-11	True	False		annotated	-	Beta-lactamase superfamily domain	S	S	-	-	Lactamase_B_2,Lactamase_B_3
group_1052	Lineages 8/10	L8L10_enriched	92	157	4	261	0.5706615906484125	0.620531713631385	3.8220293980207504e-41	2.564645074495303e-37	7.247807425740396e-32	True	False		annotated	-	-	-	NO_COG	-	-	-
group_1054	Other lineages	Other_lineages_enriched	79	157	186	261	-0.2094589647851233	-0.1826147565468485	7.616298413325124e-05	7.550246585123736e-05	0.0040058751904338	True	False		annotated	-	Xylose isomerase domain protein TIM barrel	G	G	-	-	AP_endonuc_2
group_1056	Other lineages	Other_lineages_enriched	1	157	107	261	-0.4035922590721624	-0.6242656576720104	5.5764510295486594e-33	6.970056313657373e-26	1.5311323840460363e-31	True	False		annotated	cylB	ABC-2 type transporter	V	V	ko:K11051	ko02010,map02010	ABC2_membrane,ABC2_membrane_3
group_1060	Lineages 8/10	L8L10_enriched	45	157	0	261	0.286624203821656	0.3471074380165289	2.0047882239029086e-20	5.387119925885407e-17	1.7203517668665185e-17	True	False		annotated	isp	Transposase	L	L	-	-	DDE_Tnp_ISL3,HTH_Tnp_ISL3,zf-ISL3
group_11	Lineages 8/10	L8L10_enriched	53	157	0	261	0.3375796178343949	0.4297520661157025	2.7496245843461587e-24	4.741052058609607e-20	2.2005331215447357e-22	True	False		annotated	-	-	-	NO_COG	-	-	DDE_Tnp_ISL3,HTH_Tnp_ISL3,zf-ISL3
group_1101	Lineages 8/10	L8L10_enriched	43	157	3	261	0.2623910974449081	0.2606790799561884	2.707757515306643e-16	2.9920411304339202e-15	4.590838832366691e-11	True	False		annotated	-	Phage integrase family	S	S	-	-	-
group_1114	Lineages 8/10	L8L10_enriched	52	157	0	261	0.3312101910828025	0.396694214876033	5.9464176497080355e-24	5.521482738556044e-20	2.1299760385636452e-20	True	False		annotated	-	Transposase IS116 IS110 IS902	L	L	-	-	DEDD_Tnp_IS110,Transposase_20
group_1119	Lineages 8/10	L8L10_enriched	42	157	0	261	0.267515923566879	0.1983471074380165	2.6520615359989445e-22	3.2256478591431303e-19	1.3087385466630123e-09	True	False		valid_protein_no_eggnog_annotation				NO_COG			
group_1121	Other lineages	Other_lineages_enriched	5	157	209	261	-0.7689191497669424	-0.7018819077964752	7.85369719957979e-58	3.617112540544805e-49	1.1792035882527752e-35	True	False		annotated	ybhF_1	ATPases associated with a variety of cellular activities	V	V	ko:K01990	-	ABC_tran,DUF4162
group_1127	Other lineages	Other_lineages_enriched	11	157	101	261	-0.3169094858091124	-0.4263168375983271	1.1091467334620498e-14	8.907967383287029e-13	1.0391233172252354e-15	True	False		annotated	-	-	-	NO_COG	-	-	-
group_1151	Other lineages	Other_lineages_enriched	0	157	67	261	-0.2567049808429119	-0.3855421686746988	2.9719034274890657e-19	5.717752068783065e-14	1.3865025069140364e-17	True	False		annotated	-	protein conserved in bacteria	S	S	-	-	Zeta_toxin
group_1154	Lineages 8/10	L8L10_enriched	61	157	4	261	0.3732093613490495	0.3372996116698197	7.2056868055204885e-25	3.406856854854937e-23	2.0729465142578482e-14	True	False		annotated	-	Protein of unknown function (DUF3800)	S	S	-	-	DUF3800
group_1177	Lineages 8/10	L8L10_enriched	87	157	5	261	0.5349830392659296	0.5814497660061734	9.765902012570332e-37	1.0062637045183408e-33	2.534797440299338e-28	True	False		annotated	-	Lactococcus lactis RepB C-terminus	L	L	-	-	L_lactis_RepB_C,Rep_3
group_1183	Other lineages	Other_lineages_enriched	101	157	261	261	-0.356687898089172	-0.28099173553719	5.148488100697137e-30	1.4506543510837196e-25	7.96258854822839e-14	True	False		annotated	metE	Methionine synthase II (cobalamin-independent)	E	E	ko:K00549	ko00270,ko00450,ko01100,ko01110,ko01230,map00270,map00450,map01100,map01110,map01230	Meth_synt_2
group_1186	Lineages 8/10	L8L10_enriched	59	157	32	261	0.2531908143592747	0.1739520063725978	9.92213755948714e-09	7.982142244894022e-09	0.001281995505361	True	False		annotated	-	Antitoxin component of a toxin-antitoxin (TA) module	D	D	-	-	PhdYeFM_antitox
group_1187	Lineages 8/10	L8L10_enriched	32	157	0	261	0.2038216560509554	0.256198347107438	3.387988922689889e-14	9.372378678169678e-12	1.638932253719791e-12	True	False		valid_protein_no_eggnog_annotation				NO_COG			
group_1193	Lineages 8/10	L8L10_enriched	55	157	16	261	0.2890157893452424	0.2176640446081848	5.919272318082859e-13	6.854696273380349e-13	1.869432775488688e-05	True	False		annotated	-	-	-	NO_COG	-	-	-
group_1195	Lineages 8/10	L8L10_enriched	56	157	10	261	0.3183737218439612	0.2906502041222742	6.860710084766101e-17	1.4507080043882995e-16	5.47361816171629e-10	True	False		valid_protein_no_eggnog_annotation				NO_COG			
group_1219	Other lineages	Other_lineages_enriched	110	157	240	261	-0.2189032872098982	-0.1809718211689734	1.6568001843246048e-10	1.5151068390412936e-10	1.242021931498474e-05	True	False		annotated	-	-	-	NO_COG	-	-	-
group_1225	Other lineages	Other_lineages_enriched	7	157	203	261	-0.7331917905166313	-0.6770885193667231	8.018925298954473e-52	8.227269731793059e-45	6.293273748291836e-32	True	False		annotated	-	NmrA-like family	GM	G;M	-	-	NAD_binding_10
group_12329	Other lineages	Other_lineages_enriched	1	157	76	261	-0.2848183127120092	-0.3471572239370706	8.597685070132107e-18	2.5627792411359833e-13	1.5981222668110758e-14	True	False		valid_protein_no_eggnog_annotation				NO_COG			
group_12342	Lineages 8/10	L8L10_enriched	36	157	6	261	0.2063108573101984	0.2568953499950214	3.9276158513273015e-10	8.85875537803538e-10	7.26756960935285e-10	True	False		annotated	-	Acetyltransferase (GNAT) family	K	K	-	-	Acetyltransf_1,Acetyltransf_7
group_12344	Other lineages	Other_lineages_enriched	2	157	96	261	-0.3550772384508383	-0.4473264960669122	1.1573857302261222e-22	1.6446102335714826e-17	4.1995795799430564e-19	True	False		annotated	-	Hydrolase, nudix family	F	F	-	-	NUDIX,Nudix_N
group_1243	Other lineages	Other_lineages_enriched	1	157	75	261	-0.2809868950874881	-0.2590361445783132	1.707640534909563e-15	1.243017586944465e-11	3.89585049876576e-11	True	False		annotated	-	Protein of unknown function (DUF806)	S	S	-	-	DUF806
group_1250	Lineages 8/10	L8L10_enriched	39	157	1	261	0.2445762256875808	0.2997610275813999	1.1628835388804684e-15	1.0015651176785739e-13	8.041939154601693e-14	True	False		valid_protein_no_eggnog_annotation				NO_COG			
group_1254	Other lineages	Other_lineages_enriched	9	157	145	261	-0.4982307147912244	-0.4979089913372498	1.6950952390175933e-27	1.9789983774311501e-23	1.0492479780559013e-18	True	False		annotated	-	hmm pf00665	L	L	ko:K07497	-	HTH_21,rve,rve_2
group_1266	Other lineages	Other_lineages_enriched	23	157	257	261	-0.8381775142152915	-0.8617444986557802	2.1562117134026646e-75	2.2062688352877387e-65	8.167115305676669e-57	True	False		annotated	ylbB	MacB-like periplasmic core domain	MV	M;V	ko:K02004	-	FtsX,MacB_PCD
group_1274	Other lineages	Other_lineages_enriched	1	157	95	261	-0.3576152475779096	-0.5399283082744201	3.462924226973849e-27	4.756793407468579e-21	1.9006958747243189e-25	True	False		annotated	-	-	-	NO_COG	-	-	-
group_1290	Other lineages	Other_lineages_enriched	6	157	149	261	-0.5326646655440858	-0.5068704570347506	7.974630585807178e-31	9.973599868529868e-26	7.817808580580186e-21	True	False		valid_protein_no_eggnog_annotation				NO_COG			
group_1294	Lineages 8/10	L8L10_enriched	87	157	79	261	0.2514581350513702	0.2963755849845663	6.772509208607356e-10	1.3641546131326e-09	4.6356498354908347e-07	True	False		annotated	-	Oxidoreductase	C	C	-	-	Oxidored_FMN,Pyr_redox_2
group_1306	Other lineages	Other_lineages_enriched	38	157	118	261	-0.210069063132977	-0.145175744299512	5.302529086085493e-05	7.550246585123736e-05	0.0200181238792858	True	False		annotated	-	Belongs to the sulfur carrier protein TusA family	O	O	-	-	TusA
group_1314	Other lineages	Other_lineages_enriched	19	157	111	261	-0.3042682480415842	-0.3753360549636562	3.7515309310288373e-13	6.5796029497107655e-12	1.8478138540341888e-10	True	False		annotated	-	Cro/C1-type HTH DNA-binding domain	K	K	-	-	HTH_26
group_1332	Other lineages	Other_lineages_enriched	38	157	243	261	-0.688996266198111	-0.6790799561883899	4.599713000323397e-50	3.0337321790623056e-46	2.2602908104446747e-34	True	False		valid_protein_no_eggnog_annotation				NO_COG			
group_1333	Other lineages	Other_lineages_enriched	72	157	205	261	-0.3268418869121702	-0.3015533207209002	2.388975135384757e-11	2.9898646761113964e-11	6.25030067314113e-07	True	False		valid_protein_no_eggnog_annotation				NO_COG			
group_1334	Lineages 8/10	L8L10_enriched	81	157	47	261	0.3358469385264905	0.2745195658667729	5.5083364606511596e-12	6.225434910574533e-12	3.687946579605216e-06	True	False		valid_protein_no_eggnog_annotation				NO_COG			
group_1350	Other lineages	Other_lineages_enriched	53	157	171	261	-0.3175927959587085	-0.3998805137906999	2.5406151501012703e-11	6.16917611718259e-11	1.0279614441227747e-10	True	False		valid_protein_no_eggnog_annotation				NO_COG			
group_13521	Lineages 8/10	L8L10_enriched	43	157	7	261	0.2470654269468238	0.2117893059842676	2.297285117748964e-13	4.662372045336264e-13	3.884925629086861e-07	True	False		valid_protein_no_eggnog_annotation				NO_COG			
group_1368	Other lineages	Other_lineages_enriched	3	157	76	261	-0.2720794592088245	-0.2101463706063925	4.2102073571729924e-13	1.5349133927597732e-10	4.934516126500313e-07	True	False		annotated	-	YjcQ protein	S	S	-	-	YjcQ
group_1373	Other lineages	Other_lineages_enriched	4	157	102	261	-0.36532689069478	-0.4368216668326197	2.0504507178434428e-21	3.636743588117347e-17	3.144689190290052e-17	True	False		annotated	-	Acyltransferase family	S	S	-	-	Acyl_transf_3
group_1379	Lineages 8/10	L8L10_enriched	50	157	1	261	0.3146399199550967	0.2667031763417305	2.2776819997811786e-23	7.08957792299047e-21	4.386560071491132e-12	True	False		annotated	repE	Primase C terminal 1 (PriCT-1)	K	K	-	-	PriCT_1
group_1380	Other lineages	Other_lineages_enriched	5	157	71	261	-0.2401835175830344	-0.1958578114109329	2.1514980095151862e-10	1.0949985965066569e-08	3.786530556324159e-06	True	False		annotated	-	Phage gp6-like head-tail connector protein	S	S	-	-	Phage_connect_1
group_1385	Lineages 8/10	L8L10_enriched	53	157	30	261	0.2226370890987627	0.1942646619535995	5.084437406597534e-07	4.178468974543674e-07	0.0004045871953934	True	False		annotated	-	PFAM SpoVT AbrB	T	T	-	-	-
group_1387	Lineages 8/10	L8L10_enriched	57	157	6	261	0.3400688190936378	0.4056556805735338	3.689101293188106e-19	4.086827298578692e-18	1.321034136695982e-17	True	False		valid_protein_no_eggnog_annotation				NO_COG			
group_1390	Lineages 8/10	L8L10_enriched	64	157	47	261	0.2275666837494204	0.2077068604998506	9.659313037301935e-07	8.842157559922389e-07	0.000332307307173	True	False		annotated	-	-	-	NO_COG	-	-	DUF669
group_1396	Lineages 8/10	L8L10_enriched	57	157	0	261	0.3630573248407643	0.4545454545454545	1.9356475473719038e-26	6.569128443530914e-22	6.319872434374125e-24	True	False		valid_protein_no_eggnog_annotation				NO_COG			
group_1398	Other lineages	Other_lineages_enriched	64	157	254	261	-0.5655367645264416	-0.4740117494772478	7.417107284808029e-43	5.493507298341302e-39	4.041488042729157e-21	True	False		valid_protein_no_eggnog_annotation				NO_COG			
group_14033	Lineages 8/10	L8L10_enriched	34	157	0	261	0.2165605095541401	0.2727272727272727	4.3204483072925976e-15	1.8400534828169626e-12	2.2432260621108165e-13	True	False		annotated	-	Replication protein	L	L	-	-	Rep_1
group_14034	Lineages 8/10	L8L10_enriched	32	157	0	261	0.2038216560509554	0.2644628099173554	4.33253376031572e-14	1.3223174383221334e-11	6.070103266430135e-13	True	False		valid_protein_no_eggnog_annotation				NO_COG			
group_1406	Lineages 8/10	L8L10_enriched	75	157	4	261	0.4623813358713424	0.4860599422483321	3.843693109540418e-31	1.1345428678709412e-28	4.269748571432503e-23	True	False		annotated	-	Probable transposase	L	L	-	-	OrfB_IS605,OrfB_Zn_ribbon
group_1408	Other lineages	Other_lineages_enriched	0	157	119	261	-0.4559386973180077	-0.6807228915662651	1.121236959106611e-39	6.752960581099698e-30	5.578941154223044e-37	True	False		annotated	-	-	-	NO_COG	-	-	-
group_1409	Other lineages	Other_lineages_enriched	0	157	121	261	-0.4636015325670498	-0.6927710843373494	1.0802731036599202e-40	1.0001069690456358e-30	4.148477355182178e-38	True	False		annotated	-	Bacterial toxin of type II toxin-antitoxin system, YafQ	S	S	-	-	YafQ_toxin
group_1416	Other lineages	Other_lineages_enriched	13	157	199	261	-0.6796495595089929	-0.7547047694911879	6.700960978669326e-47	7.492506793467136e-41	1.8381934059459063e-38	True	False		annotated	-	-	-	NO_COG	-	-	-
group_1418	Lineages 8/10	L8L10_enriched	80	157	70	261	0.2413549064109134	0.2396196355670616	3.61090682692218e-05	3.722937470549719e-05	0.0001830727530679	True	False		annotated	-	Transposase	L	L	ko:K07498	-	DDE_Tnp_IS240
group_14311	Lineages 8/10	L8L10_enriched	40	157	7	261	0.2279571466920467	0.2057652095987255	1.0959666812989776e-11	2.1984906178203904e-11	1.580774190814116e-06	True	False		annotated	pspA	Lytic transglycosylase with a strong preference for naked glycan strands that lack stem peptides	D	D	-	-	Antigen_C,CW_binding_1,GbpC,Gram_pos_anchor,SPOR,Strep_SA_rep
group_1437	Other lineages	Other_lineages_enriched	38	157	237	261	-0.6660077604509846	-0.6083341630986756	2.0092803191155902e-44	7.214338977876574e-42	6.772795633565366e-26	True	False		annotated	-	transcriptional regulator	K	K	-	-	HTH_5
group_1448	Other lineages	Other_lineages_enriched	53	157	171	261	-0.3175927959587085	-0.3998805137906999	2.5406151501012703e-11	6.16917611718259e-11	1.0279614441227747e-10	True	False		annotated	-	Domain of unknown function DUF87	S	S	ko:K19175	-	DUF87
group_1454	Lineages 8/10	L8L10_enriched	88	157	53	261	0.3574444200405105	0.2578412824853132	3.518907152491124e-12	4.238719655393911e-12	4.173081630504707e-05	True	False		valid_protein_no_eggnog_annotation				NO_COG			
group_1455	Lineages 8/10	L8L10_enriched	88	157	52	261	0.3612758376650316	0.2578412824853132	2.08287416526962e-12	2.490507752395043e-12	4.173081630504707e-05	True	False		valid_protein_no_eggnog_annotation				NO_COG			
group_1456	Lineages 8/10	L8L10_enriched	90	157	52	261	0.3740146911682163	0.2578412824853132	2.94844360367826e-13	3.4828961573888683e-13	4.173081630504707e-05	True	False		valid_protein_no_eggnog_annotation				NO_COG			
group_14635	Lineages 8/10	L8L10_enriched	73	157	1	261	0.461136735241721	0.531165986259086	1.5922289476323548e-33	3.207013482709815e-29	7.585010582318424e-28	True	False		valid_protein_no_eggnog_annotation				NO_COG			
group_1477	Other lineages	Other_lineages_enriched	75	157	257	261	-0.5069673231324889	-0.4650502837797471	3.3861706659777e-38	1.2445024953685836e-34	1.978454737703236e-23	True	False		annotated	-	Bacterial cellulose synthase subunit	S	S	-	-	BcsB
group_1483	Other lineages	Other_lineages_enriched	7	157	114	261	-0.3921956219342558	-0.4361246639450363	3.709833637990975e-21	1.284740863876122e-17	9.11687698790471e-16	True	False		annotated	-	Cell surface protein	S	S	-	-	DUF3324,DUF916
group_1484	Other lineages	Other_lineages_enriched	66	157	241	261	-0.502989481904483	-0.6594643034949716	5.63646323741097e-27	7.90635471615592e-26	9.273909283934936e-31	True	False		annotated	-	-	-	NO_COG	-	-	-
group_149	Lineages 8/10	L8L10_enriched	86	157	2	261	0.5401078653879006	0.4981081350194165	1.2878134922103945e-42	7.846858528187567e-38	1.393503145708668e-25	True	False		annotated	-	Short repeat of unknown function (DUF308)	S	S	-	-	DUF308
group_1499	Other lineages	Other_lineages_enriched	25	157	102	261	-0.2315689289113405	-0.3271432838793189	8.589416557978496e-08	2.608515851452943e-07	1.8751268481647653e-08	True	False		annotated	-	Predicted membrane protein (DUF2142)	S	S	-	-	DUF2142
group_1500	Other lineages	Other_lineages_enriched	24	157	102	261	-0.2379383556629329	-0.3271432838793189	2.96163640427162e-08	1.0228925058588897e-07	1.8751268481647653e-08	True	False		annotated	gtcA	Teichoic acid glycosylation protein	S	S	-	-	GtrA
group_15056	Lineages 8/10	L8L10_enriched	41	157	9	261	0.2266637381945969	0.2937369311958578	6.188333005638993e-11	8.454237511578257e-11	9.631258388308997e-13	True	False		annotated	tnp2	Transposase	L	L	-	-	DDE_Tnp_ISL3,HTH_Tnp_ISL3,zf-ISL3
group_1531	Lineages 8/10	L8L10_enriched	107	157	4	261	0.6662029919222978	0.6182913472070098	3.741555169484441e-54	2.698721592963892e-48	2.3774163960285403e-32	True	False		annotated	-	Mycoplasma MFS transporter	EGP	E;G;P	-	-	MFS_1
group_1541	Lineages 8/10	L8L10_enriched	142	157	158	261	0.2990946140517851	0.3910186199342825	7.270575910455092e-13	1.808272096464844e-11	3.158855765849174e-12	True	False		annotated	yxeA	ABC transporter permease	V	V	ko:K02004	-	FtsX,MacB_PCD
group_1543	Other lineages	Other_lineages_enriched	37	157	234	261	-0.6608829343290139	-0.5684058548242557	6.180389534446767e-42	6.7520569069185605e-40	7.935799277730986e-22	True	False		annotated	-	CAAX protease self-immunity	S	S	ko:K07052	-	Abi
group_1567	Other lineages	Other_lineages_enriched	111	157	243	261	-0.2240281133318691	-0.3132032261276511	1.2593022294020966e-08	1.0732576988426898e-08	3.4604435246758837e-11	True	False		annotated	-	-	-	NO_COG	-	-	-
group_1568	Other lineages	Other_lineages_enriched	3	157	107	261	-0.3908534055689777	-0.4917355371900826	6.0577558442438746e-24	7.695858685012839e-19	2.595378630378e-22	True	False		annotated	-	competence protein	K	K	-	-	Band_7_1,DZR,Pribosyltran,Proteasom_PSMB,zinc_ribbon_2
group_1576	Lineages 8/10	L8L10_enriched	138	157	165	261	0.2467969836737682	0.1674300507816389	3.865745238877774e-07	1.1384159189133649e-06	0.0013800879529989	True	False		valid_protein_no_eggnog_annotation				NO_COG			
group_1595	Lineages 8/10	L8L10_enriched	37	157	1	261	0.2318373721843961	0.2501742507218958	2.8395175244134402e-15	1.2773762749050538e-13	3.1109080863182746e-11	True	False		valid_protein_no_eggnog_annotation				NO_COG			
group_1601	Other lineages	Other_lineages_enriched	30	157	107	261	-0.2188788832759841	-0.2407149258189783	7.803621122442707e-07	1.7363521343638555e-06	9.746564584632476e-05	True	False		annotated	-	-	-	NO_COG	-	-	-
group_1604	Other lineages	Other_lineages_enriched	0	157	123	261	-0.4712643678160919	-0.7108433734939759	4.009007934349878e-42	5.376312307837177e-32	1.7937246194047246e-39	True	False		annotated	-	Addiction module antitoxin, RelB DinJ family	L	L	-	-	RelB
group_1605	Other lineages	Other_lineages_enriched	1	157	127	261	-0.4802206115625839	-0.7266752962262273	5.5266181141780725e-42	5.107699115651942e-33	6.620662937627423e-40	True	False		annotated	-	Fic/DOC family	S	S	-	-	Fic
group_1619	Lineages 8/10	L8L10_enriched	40	157	2	261	0.2471142348146521	0.2110923030966842	1.4293468817200034e-16	2.425157234813024e-15	9.6795168110561e-09	True	False		annotated	-	Putative ATP-dependent DNA helicase recG C-terminal	K	K	ko:K03655	ko03440,map03440	AlbA_2,HATPase_c_4
group_1647	Lineages 8/10	L8L10_enriched	53	157	19	261	0.2647826829684945	0.295827939858608	2.3036688772330226e-10	2.1755184757485196e-10	7.092993540378169e-09	True	False		annotated	-	Resolvase, N terminal domain	L	L	-	-	Resolvase
group_1654	Lineages 8/10	L8L10_enriched	82	157	43	261	0.3575420357761671	0.2609280095588967	9.193188991628732e-13	9.95680836897876e-13	1.781281625715229e-05	True	False		annotated	-	-	-	NO_COG	-	-	-
group_1655	Other lineages	Other_lineages_enriched	85	157	232	261	-0.3474876150035385	-0.4356268047396197	6.54226355624349e-15	6.131489629801838e-15	1.0335190886508912e-16	True	False		valid_protein_no_eggnog_annotation				NO_COG			
group_1662	Other lineages	Other_lineages_enriched	12	157	91	261	-0.2722258828123093	-0.2065119984068505	7.543995881259761e-10	8.401873045963817e-09	3.5645088990114846e-05	True	False		valid_protein_no_eggnog_annotation				NO_COG			
group_1692	Lineages 8/10	L8L10_enriched	40	157	3	261	0.243282817190131	0.3020013940057752	6.379731144663501e-14	7.634358462773068e-13	3.6205022194498353e-13	True	False		annotated	-	High confidence in function and specificity	L	L	-	-	HTH_28,HTH_Tnp_1
group_1697	Lineages 8/10	L8L10_enriched	42	157	10	261	0.2292017473216682	0.2290152344916857	2.8255991930237077e-10	3.9203478249478007e-10	6.250580596634012e-07	True	False		annotated	-	Helix-turn-helix domain	S	S	-	-	HTH_17
group_1711	Lineages 8/10	L8L10_enriched	36	157	0	261	0.2292993630573248	0.2809917355371901	4.2002743141167237e-16	2.399201832094502e-13	7.96258854822839e-14	True	False		annotated	tnpR1	Resolvase, N terminal domain	L	L	-	-	Resolvase
group_1722	Lineages 8/10	L8L10_enriched	35	157	3	261	0.2114356834321692	0.2381260579508115	4.943041278782337e-12	3.2954718911993014e-11	1.777188759637463e-09	True	False		annotated	-	Eco57I restriction-modification methylase	LV	L;V	-	-	N6_Mtase
group_174	Other lineages	Other_lineages_enriched	0	157	82	261	-0.3141762452107279	-0.3674698795180723	4.706137485709193e-21	7.249888684021801e-15	1.4913712282241802e-16	True	False		valid_protein_no_eggnog_annotation				NO_COG			
group_1811	Lineages 8/10	L8L10_enriched	42	157	9	261	0.2330331649461893	0.2741212785024395	1.4597502686261487e-10	2.6325438247840436e-10	4.036768068739698e-09	True	False		annotated	-	-	-	NO_COG	-	-	-
group_1855	Lineages 8/10	L8L10_enriched	63	157	17	261	0.3361397857334602	0.2996116698197749	2.8433390485676166e-16	3.397782324082873e-16	2.3367733418826382e-09	True	False		valid_protein_no_eggnog_annotation				NO_COG			
group_1856	Other lineages	Other_lineages_enriched	1	157	72	261	-0.2694926422139249	-0.4073981877924922	5.731802629249871e-19	1.3371785122058671e-14	1.5848566638368642e-17	True	False		annotated	-	-	-	NO_COG	-	-	-
group_1858	Lineages 8/10	L8L10_enriched	33	157	1	261	0.2063596651780267	0.2253808622921438	1.9129746467522662e-13	5.199616362241449e-12	5.331610754836913e-10	True	False		valid_protein_no_eggnog_annotation				NO_COG			
group_1866	Other lineages	Other_lineages_enriched	23	157	99	261	-0.232813529540962	-0.2925420691028577	2.7676057783053565e-08	9.999553695944568e-08	6.226918270393833e-07	True	False		annotated	-	Membrane	J	J	-	-	DUF805,zinc_ribbon_2
group_1876	Other lineages	Other_lineages_enriched	2	157	138	261	-0.5159967786807234	-0.4375186697202031	1.8189489113796203e-31	7.108413860740811e-25	2.174242809493415e-19	True	False		valid_protein_no_eggnog_annotation				NO_COG			
group_19	Other lineages	Other_lineages_enriched	1	157	60	261	-0.223515630719672	-0.1867469879518072	8.51288612147183e-12	6.693909924491166e-09	7.44655408927265e-08	True	False		annotated	-	Phage head-tail joining protein	S	S	-	-	Phage_H_T_join
group_1900	Lineages 8/10	L8L10_enriched	90	157	53	261	0.3701832735436952	0.2743702081051478	6.972145080101099e-13	8.441801450854278e-13	9.809268678174712e-06	True	False		annotated	-	type IV secretory pathway VirB4	U	U	-	-	DUF87
group_1902	Lineages 8/10	L8L10_enriched	90	157	52	261	0.3740146911682163	0.2578412824853132	2.94844360367826e-13	3.4828961573888683e-13	4.173081630504707e-05	True	False		valid_protein_no_eggnog_annotation				NO_COG			
group_1907	Lineages 8/10	L8L10_enriched	43	157	4	261	0.258559679820387	0.2651598128049387	7.658869425500027e-15	5.137495184167175e-14	3.065206734101282e-10	True	False		valid_protein_no_eggnog_annotation				NO_COG			
group_1908	Lineages 8/10	L8L10_enriched	60	157	4	261	0.3668399345974571	0.3891267549536991	8.46409323499135e-23	3.819986821021369e-21	1.1702231792935214e-16	True	False		valid_protein_no_eggnog_annotation				NO_COG			
group_1912	Lineages 8/10	L8L10_enriched	82	157	54	261	0.3153964419064353	0.1939659464303494	5.768715148508379e-10	5.613218725539086e-10	0.0015645884584045	True	False		annotated	-	-	-	NO_COG	-	-	-
group_1913	Lineages 8/10	L8L10_enriched	88	157	53	261	0.3574444200405105	0.2578412824853132	3.518907152491124e-12	4.238719655393911e-12	4.173081630504707e-05	True	False		valid_protein_no_eggnog_annotation				NO_COG			
group_1914	Lineages 8/10	L8L10_enriched	77	157	46	261	0.3142006491446421	0.215821965548143	3.951578162036816e-10	3.570780522515017e-10	0.0003590391354926	True	False		valid_protein_no_eggnog_annotation				NO_COG			
group_1922	Lineages 8/10	L8L10_enriched	52	157	1	261	0.3273787734582815	0.3801652892561983	2.6520615359989445e-22	1.2499786915147732e-19	2.04737030293003e-19	True	False		annotated	-	Bacterial protein of unknown function (DUF961)	S	S	-	-	DUF961
group_1923	Lineages 8/10	L8L10_enriched	71	157	62	261	0.2146814066427508	0.1789803843473065	2.04851423216636e-05	1.982449215346036e-05	0.0041645662726441	True	False		annotated	-	Probable transposase	L	L	-	-	OrfB_IS605,OrfB_Zn_ribbon
group_1950	Lineages 8/10	L8L10_enriched	44	157	20	261	0.2036264245796422	0.10041820173255	9.147912004231875e-08	7.172453063732758e-08	0.0477335088047723	True	False		annotated	-	Gram-positive pilin backbone subunit 2, Cna-B-like domain	M	M	-	-	GramPos_pilinBB
group_1961	Other lineages	Other_lineages_enriched	1	157	107	261	-0.4035922590721624	-0.6242656576720104	5.5764510295486594e-33	6.970056313657373e-26	1.5311323840460363e-31	True	False		annotated	-	HNH endonuclease	V	V	-	-	-
group_1968	Other lineages	Other_lineages_enriched	101	157	258	261	-0.3451936452156088	-0.3140495867768594	2.332088040916818e-24	1.7446439747153413e-22	1.206238812818531e-15	True	False		annotated	yneR	-	-	NO_COG	-	-	-
group_1970	Other lineages	Other_lineages_enriched	2	157	100	261	-0.3704029089489226	-0.4533505924524544	1.648322628119845e-23	3.950422468139621e-18	1.8840095680000245e-19	True	False		valid_protein_no_eggnog_annotation				NO_COG			
group_2002	Other lineages	Other_lineages_enriched	77	157	235	261	-0.4099372818898407	-0.396395499352783	2.7197552166804184e-18	3.1941971670461687e-18	4.042885317795992e-12	True	False		valid_protein_no_eggnog_annotation				NO_COG			
group_2012	Other lineages	Other_lineages_enriched	63	157	242	261	-0.5259291797837812	-0.4747087523648312	1.877668825462373e-33	9.302780736013076e-32	2.227139685957834e-19	True	False		annotated	-	-	-	NO_COG	-	-	-
group_202	Lineages 8/10	L8L10_enriched	86	157	53	261	0.3447055665373258	0.2495768196753958	2.011714685883303e-11	2.2615596106075408e-11	6.829274928369801e-05	True	False		annotated	-	Uncharacterized protein pXO2-11	S	S	-	-	pXO2-11
group_2022	Lineages 8/10	L8L10_enriched	89	157	52	261	0.3676452644166239	0.2578412824853132	7.815682949945599e-13	9.329728236116602e-13	4.173081630504707e-05	True	False		annotated	TRX3	Belongs to the thioredoxin family	O	O	ko:K03671	ko04621,ko05418,map04621,map05418	Thioredoxin
group_203	Other lineages	Other_lineages_enriched	1	157	107	261	-0.4035922590721624	-0.3493975903614458	1.3630506860831193e-23	7.353617159204617e-18	1.6260050699603105e-15	True	False		valid_protein_no_eggnog_annotation				NO_COG			
group_2035	Lineages 8/10	L8L10_enriched	104	157	100	261	0.2792786197134977	0.2929901423877327	1.69804211659876e-08	2.7366386487021514e-08	4.813104860918549e-06	True	False		annotated	-	-	-	NO_COG	-	-	-
group_2043	Lineages 8/10	L8L10_enriched	137	157	155	261	0.2787417331673866	0.1915264363238077	2.389734108935119e-08	8.194377648703094e-08	0.0002630026293265	True	False		annotated	XK27_11280	Psort location CytoplasmicMembrane, score	S	S	-	-	-
group_2067	Lineages 8/10	L8L10_enriched	48	157	13	261	0.2559240549576592	0.1771880912078064	3.837057123590915e-13	4.581876208587011e-13	3.6536182448470906e-05	True	False		valid_protein_no_eggnog_annotation				NO_COG			
group_2068	Other lineages	Other_lineages_enriched	6	157	97	261	-0.3334309490689899	-0.4263168375983271	8.768496088414729e-19	1.4661293166362838e-15	1.0391233172252354e-15	True	False		annotated	pts36A	Phosphoenolpyruvate-dependent sugar phosphotransferase system, EIIA 2	G	G	ko:K02773	ko00052,ko01100,ko02060,map00052,map01100,map02060	PTS_EIIA_2
group_2071	Lineages 8/10	L8L10_enriched	62	157	9	261	0.3604216999780364	0.3026983968933585	1.1139484330476226e-21	6.3714666890529774e-21	3.374672031362619e-11	True	False		valid_protein_no_eggnog_annotation				NO_COG			
group_2072	Lineages 8/10	L8L10_enriched	65	157	53	261	0.2109476047538863	0.2460918052374788	1.7239290338036247e-06	1.714702823256307e-06	1.4108124894169186e-05	True	False		valid_protein_no_eggnog_annotation				NO_COG			
group_2073	Lineages 8/10	L8L10_enriched	39	157	1	261	0.2445762256875808	0.2005874738623917	9.041038182773662e-18	4.508544967042387e-16	7.382525681555043e-09	True	False		annotated	-	protein encoded in hypervariable junctions of pilus gene clusters	S	S	-	-	HicB
group_2075	Other lineages	Other_lineages_enriched	45	157	260	261	-0.7095443785538229	-0.6468684655979289	5.502390717277236e-64	2.424563520280288e-54	2.094818892221873e-36	True	False		annotated	-	Short repeat of unknown function (DUF308)	S	S	-	-	DUF308
group_2077	Lineages 8/10	L8L10_enriched	52	157	6	261	0.308221685335676	0.2756646420392313	3.4994638474505485e-18	1.780311150647253e-17	3.0796640104455754e-10	True	False		annotated	-	site-specific DNA-methyltransferase (adenine-specific) activity	V	V	-	-	-
group_209	Lineages 8/10	L8L10_enriched	80	157	31	261	0.3907801937672353	0.3376978990341531	5.315107213245702e-16	5.379411352843799e-16	9.178750591354289e-09	True	False		valid_protein_no_eggnog_annotation				NO_COG			
group_2093	Other lineages	Other_lineages_enriched	2	157	75	261	-0.2746174683358957	-0.2003385442596833	9.957552713789999e-14	8.65253483147639e-11	3.7429967845055705e-07	True	False		valid_protein_no_eggnog_annotation				NO_COG			
group_2094	Lineages 8/10	L8L10_enriched	88	157	52	261	0.3612758376650316	0.2495768196753958	1.7595221132058122e-12	2.116188594242126e-12	6.829274928369801e-05	True	False		annotated	-	-	-	NO_COG	-	-	-
group_2097	Lineages 8/10	L8L10_enriched	42	157	2	261	0.2598530883178368	0.2110923030966842	6.806360484134944e-18	1.5244441183985079e-16	9.6795168110561e-09	True	False		annotated	tnpB	Putative transposase DNA-binding domain	L	L	ko:K07496	-	HTH_OrfB_IS605,OrfB_IS605,OrfB_Zn_ribbon
group_2099	Lineages 8/10	L8L10_enriched	55	157	13	261	0.3005100422188057	0.3290351488599024	1.5373039727658805e-15	2.077294484258464e-15	5.75954707254237e-14	True	False		annotated	-	YCII-related domain	S	S	-	-	YCII
group_210	Lineages 8/10	L8L10_enriched	88	157	53	261	0.3574444200405105	0.2578412824853132	3.518907152491124e-12	4.238719655393911e-12	4.173081630504707e-05	True	False		valid_protein_no_eggnog_annotation				NO_COG			
group_2107	Other lineages	Other_lineages_enriched	38	157	254	261	-0.731141860067843	-0.7212486308871852	4.9094816825104686e-61	4.312931863842441e-54	1.2021406929838653e-42	True	False		annotated	-	PFAM regulatory protein TetR	K	K	-	-	TetR_C_8,TetR_N
group_2108	Other lineages	Other_lineages_enriched	117	157	260	261	-0.2509456524391732	-0.256198347107438	2.814608246536543e-17	1.6838257616982288e-15	1.638932253719791e-12	True	False		annotated	-	Protein of unknown function (DUF3021)	S	S	-	-	DUF3021
group_2110	Other lineages	Other_lineages_enriched	123	157	258	261	-0.2050662566805768	-0.1862989146669321	1.057417925439502e-12	5.066235477562216e-12	1.3422167493554297e-07	True	False		annotated	-	YjbR	S	S	-	-	YjbR
group_2111	Other lineages	Other_lineages_enriched	82	157	205	261	-0.2631476193962466	-0.2226924225828935	1.4354497304422988e-08	1.4801144303542293e-08	0.0001813458254387	True	False		annotated	-	Transposase IS200 like	L	L	ko:K07491	-	Y1_Tnp
group_2116	Other lineages	Other_lineages_enriched	11	157	79	261	-0.2326182980696488	-0.1824156128646819	2.3559285600111475e-08	1.7799411199178318e-07	0.0002528397081332	True	False		annotated	-	PTS sugar transporter subunit IIA	GKT	G;K;T	-	-	HTH_11,Mga,PRD,PTS_EIIA_2
group_2127	Other lineages	Other_lineages_enriched	97	157	236	261	-0.2863801644825146	-0.2063128547246838	2.7936360758532872e-11	2.615165401711827e-11	0.0001164561505634	True	False		annotated	-	Bacterial toxin of type II toxin-antitoxin system, YafQ	S	S	ko:K19157	-	YafQ_toxin
group_2132	Other lineages	Other_lineages_enriched	3	157	135	261	-0.4981330990555678	-0.5776162501244648	4.635839281970281e-33	5.090293107105351e-26	1.571357372693169e-26	True	False		valid_protein_no_eggnog_annotation				NO_COG			
group_2139	Other lineages	Other_lineages_enriched	75	157	257	261	-0.5069673231324889	-0.4650502837797471	3.3861706659777e-38	1.2445024953685836e-34	1.978454737703236e-23	True	False		annotated	-	Protein conserved in bacteria	S	S	-	-	DUF2334
group_2147	Other lineages	Other_lineages_enriched	6	157	105	261	-0.3640822900651585	-0.3178831026585682	1.1826178808857965e-17	1.0983858376461803e-14	2.834002587680645e-10	True	False		valid_protein_no_eggnog_annotation				NO_COG			
group_2154	Lineages 8/10	L8L10_enriched	50	157	1	261	0.3146399199550967	0.3576122672508214	3.175448475252752e-21	1.1740571891059569e-18	5.4167993023141976e-17	True	False		annotated	arbY	family 8	M	M	-	-	Glyco_transf_8
group_2164	Other lineages	Other_lineages_enriched	90	157	259	261	-0.4190887571076458	-0.4049586776859504	1.1238499676804198e-30	1.2421448388495887e-27	6.829276602528437e-21	True	False		annotated	ybbB	Protein of unknown function (DUF1211)	S	S	-	-	DUF1211
group_2168	Other lineages	Other_lineages_enriched	32	157	109	261	-0.2138028650218415	-0.308373991835109	4.508953971912815e-06	8.269356161621432e-06	2.184040326256631e-07	True	False		annotated	acmA	mannosyl-glycoprotein	NU	N;U	ko:K01185,ko:K01227	ko00511,map00511	Glucosaminidase,SH3_8,YceG
group_2169	Other lineages	Other_lineages_enriched	15	157	105	261	-0.3067574493008272	-0.3639848650801554	9.066181503093773e-14	2.795204184149524e-12	2.951850837258728e-10	True	False		annotated	-	Type I restriction modification DNA specificity domain	V	V	ko:K01154	-	Methylase_S
group_2181	Lineages 8/10	L8L10_enriched	47	157	0	261	0.2993630573248407	0.3553719008264462	1.700915643274008e-21	6.006441286172458e-18	5.66578784409676e-18	True	False		valid_protein_no_eggnog_annotation				NO_COG			
group_2182	Other lineages	Other_lineages_enriched	75	157	256	261	-0.5031359055079678	-0.4650502837797471	3.0198727498423224e-37	5.001481520553397e-34	1.978454737703236e-23	True	False		annotated	-	Putative diguanylate phosphodiesterase	T	T	-	-	EAL
group_2186	Lineages 8/10	L8L10_enriched	49	157	25	261	0.2163164702149986	0.2228417803445185	9.530720499055146e-07	8.833024251475776e-07	4.162421323053672e-05	True	False		annotated	-	-	-	NO_COG	-	-	-
group_2188	Other lineages	Other_lineages_enriched	1	157	79	261	-0.2963125655855724	-0.4495668624912874	2.0821606354326058e-21	1.693643660440531e-16	7.610944032317131e-20	True	False		annotated	B4168_4126	Transposase	L	L	ko:K07493	-	Transposase_mut
group_219	Lineages 8/10	L8L10_enriched	44	157	20	261	0.2036264245796422	0.10041820173255	9.147912004231875e-08	7.172453063732758e-08	0.0477335088047723	True	False		annotated	-	Sortase family	M	M	ko:K07284	-	Sortase
group_2195	Lineages 8/10	L8L10_enriched	59	157	26	261	0.2761793201064011	0.3273424275614856	5.454265524207765e-10	4.693393293936709e-10	1.3087385466630123e-09	True	False		annotated	-	Transposase	L	L	-	-	HTH_28
group_2196	Lineages 8/10	L8L10_enriched	59	157	32	261	0.2531908143592747	0.1739520063725978	9.92213755948714e-09	7.982142244894022e-09	0.001281995505361	True	False		annotated	-	PIN domain	S	S	-	-	PIN,PIN_3
group_2203	Other lineages	Other_lineages_enriched	35	157	202	261	-0.5510164238475241	-0.5696505028377975	2.705609882789108e-26	2.639633950854103e-25	3.41505728505036e-21	True	False		annotated	-	PD-(D/E)XK nuclease family transposase	S	S	-	-	PDDEXK_2
group_2215	Lineages 8/10	L8L10_enriched	62	157	6	261	0.3719159528515997	0.3936074878024495	8.1357140269803245e-22	1.3719286125376695e-20	6.257627333790994e-16	True	False		annotated	arpU	Transcriptional regulator, ArpU family	S	S	-	-	-
group_222	Other lineages	Other_lineages_enriched	0	157	127	261	-0.4865900383141762	-0.7349397590361446	2.8621995448069965e-44	8.746466668724673e-34	7.70503467108393e-42	True	False		annotated	-	-	-	NO_COG	-	-	-
group_2226	Lineages 8/10	L8L10_enriched	38	157	2	261	0.2343753813114674	0.2276212287165189	6.270487127891674e-15	8.99291295878652e-14	1.651867238739947e-09	True	False		annotated	-	Phage minor structural protein GP20	S	S	-	-	-
group_2227	Lineages 8/10	L8L10_enriched	45	157	20	261	0.2099958513312346	0.10041820173255	3.548015118793915e-08	2.782504195762901e-08	0.0477335088047723	True	False		annotated	-	PFAM Cna B domain protein	M	M	-	-	Collagen_bind,Gram_pos_anchor,Sortase
group_2231	Lineages 8/10	L8L10_enriched	52	157	2	261	0.3235473558337604	0.3185303196256099	1.1871053155287739e-21	1.0778137804754656e-19	4.7448963346165304e-14	True	False		valid_protein_no_eggnog_annotation				NO_COG			
group_2232	Lineages 8/10	L8L10_enriched	78	157	3	261	0.4853210337506406	0.4943244050582495	3.602925871362775e-34	4.578197401797675e-31	1.3040166245679834e-23	True	False		valid_protein_no_eggnog_annotation				NO_COG			
group_2235	Lineages 8/10	L8L10_enriched	64	157	39	261	0.2582180247455889	0.2295628796176441	1.0297962002699612e-08	8.738585534675133e-09	4.14363068358503e-05	True	False		valid_protein_no_eggnog_annotation				NO_COG			
group_2236	Lineages 8/10	L8L10_enriched	69	157	27	261	0.3360421699978037	0.2619237279697302	2.9228598130966655e-14	2.5808920028925735e-14	1.946162715215522e-06	True	False		valid_protein_no_eggnog_annotation				NO_COG			
group_2241	Lineages 8/10	L8L10_enriched	32	157	0	261	0.2038216560509554	0.2148760330578512	6.472220369041787e-15	1.2596115613646256e-12	2.179080763964744e-10	True	False		valid_protein_no_eggnog_annotation				NO_COG			
group_2243	Other lineages	Other_lineages_enriched	34	157	184	261	-0.4884203333577372	-0.4515582993129542	3.9810864034172084e-21	3.4974928558821814e-20	1.903644063887981e-13	True	False		valid_protein_no_eggnog_annotation				NO_COG			
group_2260	Lineages 8/10	L8L10_enriched	35	157	2	261	0.2152671010566903	0.2727272727272727	5.620357031506249e-13	7.604379943977516e-12	2.2432260621108165e-13	True	False		valid_protein_no_eggnog_annotation				NO_COG			
group_2263	Other lineages	Other_lineages_enriched	16	157	212	261	-0.7103497083729897	-0.6953101662849746	4.518505065383864e-48	3.087708646294441e-43	3.61637460786557e-32	True	False		annotated	-	PTS system fructose IIA component	G	G	-	-	EIIA-man
group_2266	Lineages 8/10	L8L10_enriched	87	157	53	261	0.3510749932889181	0.2495768196753958	7.843823785457507e-12	9.125655443917703e-12	6.829274928369801e-05	True	False		annotated	-	-	-	NO_COG	-	-	-
group_2267	Lineages 8/10	L8L10_enriched	88	157	53	261	0.3574444200405105	0.2578412824853132	3.518907152491124e-12	4.238719655393911e-12	4.173081630504707e-05	True	False		annotated	-	-	-	NO_COG	-	-	-
group_227	Lineages 8/10	L8L10_enriched	54	157	7	261	0.3171291212143397	0.2779050084636065	2.314026734998726e-18	9.517106524718148e-18	4.894732297691738e-10	True	False		valid_protein_no_eggnog_annotation				NO_COG			
group_2274	Lineages 8/10	L8L10_enriched	86	157	53	261	0.3447055665373258	0.2578412824853132	2.3720457750318617e-11	2.654578485360013e-11	4.173081630504707e-05	True	False		annotated	-	-	-	NO_COG	-	-	-
group_2281	Lineages 8/10	L8L10_enriched	63	157	17	261	0.3361397857334602	0.2996116698197749	2.8433390485676166e-16	3.397782324082873e-16	2.3367733418826382e-09	True	False		annotated	-	Phage tail assembly chaperone proteins, TAC	S	S	-	-	Phage_TAC_3
group_2287	Lineages 8/10	L8L10_enriched	89	157	52	261	0.3676452644166239	0.2578412824853132	7.815682949945599e-13	9.329728236116602e-13	4.173081630504707e-05	True	False		annotated	-	Replication initiator protein A (RepA) N-terminus	S	S	-	-	RepA_N
group_2290	Lineages 8/10	L8L10_enriched	86	157	52	261	0.3485369841618468	0.251817186099771	1.6692917109136006e-11	1.877807342706105e-11	4.851780394196968e-05	True	False		valid_protein_no_eggnog_annotation				NO_COG			
group_2291	Lineages 8/10	L8L10_enriched	64	157	52	261	0.208409595626815	0.136114706760928	7.957331873882932e-05	7.550246585123736e-05	0.0267001505293626	True	False		annotated	-	-	-	NO_COG	-	-	-
group_2292	Lineages 8/10	L8L10_enriched	32	157	0	261	0.2038216560509554	0.2479338842975206	2.5867974311211215e-14	6.590247530504684e-12	4.405989749379632e-12	True	False		annotated	xre	XRE family transcriptional regulator	K	K	-	-	HTH_19,HTH_3,HTH_31
group_230	Lineages 8/10	L8L10_enriched	63	157	6	261	0.3782853796031921	0.3936074878024495	2.0970954222601845e-22	3.783891225254153e-21	6.257627333790994e-16	True	False		annotated	-	-	-	NO_COG	-	-	-
group_2305	Lineages 8/10	L8L10_enriched	66	157	49	261	0.232642702003563	0.2182116897341431	7.710775223270121e-07	6.955693460192787e-07	0.0001549128444739	True	False		annotated	-	Virulence-associated protein E	S	S	ko:K06919	-	VirE
group_2309	Other lineages	Other_lineages_enriched	9	157	149	261	-0.5135563852893087	-0.4979089913372498	2.0035245869817094e-28	2.7383622860857767e-24	1.0492479780559013e-18	True	False		valid_protein_no_eggnog_annotation				NO_COG			
group_2312	Lineages 8/10	L8L10_enriched	66	157	48	261	0.236474119628084	0.2182116897341431	5.290184185228041e-07	4.689828979445543e-07	0.0001549128444739	True	False		annotated	-	Helicase C-terminal domain protein	L	L	-	-	DUF3427,Helicase_C,PLDc_2,ResIII
group_232	Lineages 8/10	L8L10_enriched	61	157	7	261	0.3617151084754862	0.3770785621826147	1.077859224718166e-20	9.320506803908456e-20	9.30380617347668e-15	True	False		annotated	-	-	-	NO_COG	-	-	-
group_2343	Other lineages	Other_lineages_enriched	89	157	217	261	-0.2645386436293531	-0.2362839788907696	1.0606483455050244e-08	9.361433506055248e-09	3.859048764057605e-05	True	False		annotated	XK27_08315	Sulfatase	M	M	-	-	Sulfatase
group_2349	Lineages 8/10	L8L10_enriched	37	157	1	261	0.2318373721843961	0.2005874738623917	1.9877670729675398e-16	7.200842280196576e-15	7.382525681555043e-09	True	False		valid_protein_no_eggnog_annotation				NO_COG			
group_2350	Other lineages	Other_lineages_enriched	5	157	84	261	-0.2899919467018083	-0.232002389724186	4.766285416805262e-13	7.096588675526661e-11	1.679041469336661e-07	True	False		valid_protein_no_eggnog_annotation				NO_COG			
group_2357	Other lineages	Other_lineages_enriched	15	157	104	261	-0.3029260316763061	-0.3910186199342825	5.538460322237592e-13	1.3779118064708382e-11	3.158855765849174e-12	True	False		annotated	yxeA	ABC transporter permease	V	V	ko:K02004	-	FtsX,MacB_PCD
group_2363	Other lineages	Other_lineages_enriched	16	157	229	261	-0.775483807989848	-0.8225131932689436	1.5227066739503305e-59	7.666416861019632e-53	2.7327706743487417e-47	True	False		annotated	wzy	Psort location CytoplasmicMembrane, score	S	S	ko:K19419	-	EpsG
group_2366	Other lineages	Other_lineages_enriched	26	157	101	261	-0.221368084535227	-0.2419595738325201	1.5383781848409157e-05	2.711784378083905e-05	6.258599260914596e-06	True	False		annotated	csm1	CRISPR-associated protein Csm1 family	S	S	ko:K07016	-	HD
group_2367	Lineages 8/10	L8L10_enriched	63	157	6	261	0.3782853796031921	0.3936074878024495	2.0970954222601845e-22	3.783891225254153e-21	6.257627333790994e-16	True	False		annotated	-	Phage regulatory protein Rha (Phage_pRha)	S	S	-	-	Phage_pRha
group_2371	Lineages 8/10	L8L10_enriched	42	157	0	261	0.267515923566879	0.256198347107438	2.7402185317201633e-20	2.5230183827162922e-17	1.638932253719791e-12	True	False		annotated	-	Filamentation induced by cAMP protein fic	S	S	-	-	-
group_2376	Lineages 8/10	L8L10_enriched	64	157	46	261	0.2313981013739415	0.2304092402668525	8.13897001758601e-09	8.901274658450492e-09	9.916416950240354e-06	True	False		annotated	res	Type III restriction enzyme, res subunit	L	L	ko:K01156	-	ResIII,VRR_NUC
group_2378	Lineages 8/10	L8L10_enriched	71	157	53	261	0.2491641652634404	0.1278502439510106	8.775377646581632e-07	8.255601242799643e-07	0.0463856215620988	True	False		annotated	-	Fic/DOC family	S	S	-	-	Fic
group_2385	Other lineages	Other_lineages_enriched	6	157	109	261	-0.3794079605632428	-0.4850144379169571	1.3353640725156696e-21	8.741464581748918e-18	5.189005741049254e-20	True	False		valid_protein_no_eggnog_annotation				NO_COG			
group_2396	Other lineages	Other_lineages_enriched	1	157	127	261	-0.4802206115625839	-0.7266752962262273	5.5266181141780725e-42	5.107699115651942e-33	6.620662937627423e-40	True	False		annotated	-	-	-	NO_COG	-	-	-
group_2398	Lineages 8/10	L8L10_enriched	147	157	58	261	0.7140835102618542	0.6462710345514289	3.764492258544856e-48	1.7554342571259558e-42	1.0728416132787452e-28	True	False		annotated	-	interspecies interaction between organisms	S	S	-	-	Exo_endo_phos
group_242	Lineages 8/10	L8L10_enriched	80	157	27	261	0.4061058642653196	0.3716021109230309	3.422076391914236e-18	3.740031855657004e-18	8.755328232978894e-11	True	False		valid_protein_no_eggnog_annotation				NO_COG			
group_2422	Lineages 8/10	L8L10_enriched	46	157	21	261	0.2125338604583058	0.1665339042118889	1.6178749849294885e-07	1.3344084751776446e-07	0.0011999860115858	True	False		annotated	-	Core-2/I-Branching enzyme	M	M	-	-	Branch
group_2428	Lineages 8/10	L8L10_enriched	86	157	52	261	0.3485369841618468	0.2435527232898536	1.4309989784269824e-11	1.6302790727280597e-11	0.0001158587725235	True	False		annotated	-	four-way junction helicase activity	L	L	-	-	-
group_2432	Other lineages	Other_lineages_enriched	0	157	118	261	-0.4521072796934866	-0.6746987951807228	3.64230438135829e-39	1.7140343360517407e-29	1.0816124784099611e-36	True	False		annotated	-	CobQ CobB MinD ParA nucleotide binding domain protein	D	D	ko:K03496	-	AAA_31
group_2433	Other lineages	Other_lineages_enriched	1	157	120	261	-0.4534006881909364	-0.684506621527432	3.1161006317046477e-38	6.1647045688369086e-30	3.55858057132249e-36	True	False		annotated	-	Antitoxin component of a toxin-antitoxin (TA) module	D	D	ko:K19159	-	PhdYeFM_antitox
group_2435	Other lineages	Other_lineages_enriched	15	157	228	261	-0.7780218171169193	-0.8225131932689436	1.7034351647010512e-60	2.8548467997473643e-53	2.7327706743487417e-47	True	False		annotated	-	Glycosyltransferase WbsX	S	S	-	-	Glyco_tran_WbsX
group_2436	Other lineages	Other_lineages_enriched	16	157	237	261	-0.8061351489860166	-0.8586577715821966	4.759792456215154e-66	6.514338082198744e-58	2.4740750225585023e-53	True	False		annotated	cps2I	Psort location CytoplasmicMembrane, score	S	S	-	-	Polysacc_synt
group_2441	Lineages 8/10	L8L10_enriched	65	157	53	261	0.2109476047538863	0.136114706760928	5.8507364731806674e-05	5.548486272334793e-05	0.0267001505293626	True	False		annotated	-	sequence-specific DNA binding	K	K	-	-	HTH_19,HTH_3,HTH_31,Peptidase_S24
group_2452	Lineages 8/10	L8L10_enriched	118	157	2	261	0.743929521438856	0.8143980882206512	8.20140203741644e-64	3.0443285154762632e-55	6.41109390799591e-51	True	False		annotated	gtf1	An N-acetylglucosaminyl transferase that is part of the accessory SecA2 SecY2 system specifically required to export serine-rich repeat cell wall proteins usually encoded upstream in the same operon	M	M	ko:K00712	-	Glycos_transf_1
group_2458	Other lineages	Other_lineages_enriched	7	157	155	261	-0.5492837445396198	-0.6394005775166783	5.822463512793267e-35	5.0449709058545934e-29	5.9190847182060825e-30	True	False		annotated	-	-	-	NO_COG	-	-	zinc_ribbon_2
group_2460	Lineages 8/10	L8L10_enriched	97	157	17	261	0.5527002952876003	0.5392810913073782	1.758598714383098e-33	2.677713417724973e-32	2.238801515360746e-22	True	False		annotated	-	Resolvase, N terminal domain	L	L	-	-	Resolvase
group_2464	Other lineages	Other_lineages_enriched	1	157	61	261	-0.2273470483441931	-0.3531813203226127	9.178800692699848e-16	3.1959668175699894e-12	1.3278930351393371e-14	True	False		annotated	-	-	-	NO_COG	-	-	-
group_2467	Other lineages	Other_lineages_enriched	85	157	256	261	-0.4394416379920443	-0.3824056556805736	3.153992458629839e-32	1.5251546880461088e-29	1.8957134129802414e-18	True	False		annotated	ydaJ	Belongs to the glycosyl hydrolase 8 (cellulase D) family	G	G	-	-	Glyco_hydro_8
group_2468	Other lineages	Other_lineages_enriched	36	157	180	261	-0.4603558093564683	-0.4900926018122075	1.5107255336649223e-22	4.9090378689138444e-21	8.063655145964895e-16	True	False		annotated	-	Glycosyl transferases group 1	M	M	-	-	Glycos_transf_1
group_247	Lineages 8/10	L8L10_enriched	137	157	2	261	0.8649486297191108	0.9218361047495768	4.2322302951758226e-82	1.287766525092443e-68	1.0153359111386182e-63	True	False		valid_protein_no_eggnog_annotation				NO_COG			
group_2473	Other lineages	Other_lineages_enriched	26	157	152	261	-0.4167703833858018	-0.4890968834013741	1.2328000164817611e-18	3.555891038340553e-17	7.81322767930083e-16	True	False		annotated	-	-	-	NO_COG	-	-	MORN,MORN_2
group_2475	Lineages 8/10	L8L10_enriched	64	157	17	261	0.3425092124850526	0.3078761326296923	1.136240286627156e-16	1.3704282768774662e-16	1.180690710060099e-09	True	False		annotated	-	Phage tail tube protein	S	S	-	-	Phage_TTP_1
group_2489	Lineages 8/10	L8L10_enriched	78	157	3	261	0.4853210337506406	0.4943244050582495	3.602925871362775e-34	4.578197401797675e-31	1.3040166245679834e-23	True	False		valid_protein_no_eggnog_annotation				NO_COG			
group_2514	Lineages 8/10	L8L10_enriched	63	157	6	261	0.3782853796031921	0.3936074878024495	2.0970954222601845e-22	3.783891225254153e-21	6.257627333790994e-16	True	False		annotated	-	-	-	NO_COG	-	-	HTH_11
group_2525	Other lineages	Other_lineages_enriched	9	157	126	261	-0.425433779925324	-0.4707258787214976	1.7192695853656077e-21	2.569621057017821e-18	1.856362215020612e-18	True	False		annotated	pfoS/R	Phosphotransferase system, EIIC	S	S	ko:K07035	-	PTS_EIIC_2
group_2546	Other lineages	Other_lineages_enriched	8	157	75	261	-0.2364009078263416	-0.2411132131833117	3.2968374006208394e-10	8.168887973804175e-09	1.0018660557080851e-06	True	False		valid_protein_no_eggnog_annotation				NO_COG			
group_2547	Lineages 8/10	L8L10_enriched	34	157	2	261	0.2088976743050979	0.2479338842975206	7.355348263737758e-13	8.143776554325345e-12	4.405989749379632e-12	True	False		annotated	tnp2	Transposase	L	L	-	-	DDE_Tnp_ISL3,HTH_Tnp_ISL3,zf-ISL3
group_2550	Other lineages	Other_lineages_enriched	4	157	82	261	-0.2886985382043585	-0.2259782933386438	1.5635095591198328e-13	4.489897722589163e-11	3.2081991708030815e-07	True	False		valid_protein_no_eggnog_annotation				NO_COG			
group_2560	Other lineages	Other_lineages_enriched	75	157	255	261	-0.4993044878834468	-0.4650502837797471	2.2062394313617105e-36	1.8963045589328613e-33	1.978454737703236e-23	True	False		annotated	-	diguanylate cyclase activity	T	T	-	-	GGDEF
group_2562	Lineages 8/10	L8L10_enriched	106	157	54	261	0.4682626839446518	0.5448571144080454	5.538861250972083e-19	1.6321028287788522e-18	2.0000909353060784e-19	True	False		annotated	-	-	-	NO_COG	-	-	-
group_2571	Other lineages	Other_lineages_enriched	20	157	140	261	-0.409009932401103	-0.3474559394603206	2.0560080547427331e-16	4.49651555999006e-15	2.066531293057688e-09	True	False		annotated	-	Fic/DOC family	S	S	-	-	Fic,HTH_17
group_2572	Other lineages	Other_lineages_enriched	41	157	237	261	-0.6468994801962076	-0.6565269341830131	4.725236691681069e-44	4.2590961258355425e-41	4.2305522490884837e-32	True	False		valid_protein_no_eggnog_annotation				NO_COG			
group_2575	Lineages 8/10	L8L10_enriched	61	157	2	261	0.3808721965980916	0.3598526336751966	1.08894836072444e-26	3.3753339287495996e-24	2.7065181049991954e-16	True	False		annotated	nicK	Replication initiation factor	L	L	ko:K07467	-	HTH_3,Rep_trans
group_2577	Lineages 8/10	L8L10_enriched	63	157	47	261	0.221197256997828	0.1911779348800159	1.4448785196111836e-06	1.3290534618803035e-06	0.0008185337780209	True	False		annotated	-	Siphovirus Gp157	S	S	-	-	Sipho_Gp157
group_2579	Lineages 8/10	L8L10_enriched	68	157	20	261	0.3564926666178588	0.2898038434730658	3.027636052041666e-17	3.5302966271387625e-17	2.0314258366186318e-08	True	False		annotated	-	Psort location Cytoplasmic, score	S	S	-	-	Arc
group_2609	Lineages 8/10	L8L10_enriched	90	157	10	261	0.5349342313981014	0.4619635567061635	7.745342695986273e-37	1.662643363104762e-34	2.0282163858555824e-19	True	False		annotated	-	Enterocin A Immunity	S	S	-	-	EntA_Immun
group_2613	Lineages 8/10	L8L10_enriched	86	157	53	261	0.3447055665373258	0.2578412824853132	2.3720457750318617e-11	2.654578485360013e-11	4.173081630504707e-05	True	False		annotated	-	Protein of unknown function (DUF3991)	L	L	-	-	DUF3991,Toprim_2
group_2617	Other lineages	Other_lineages_enriched	0	157	63	261	-0.2413793103448276	-0.3614457831325301	5.989406782790414e-18	5.460146274257187e-13	3.3109526796511043e-16	True	False		annotated	-	protein conserved in bacteria	S	S	-	-	Zeta_toxin
group_2638	Other lineages	Other_lineages_enriched	18	157	100	261	-0.2684920809234449	-0.319575823956985	1.4208180920882184e-10	1.2507766081307791e-09	2.1144056208262243e-08	True	False		valid_protein_no_eggnog_annotation				NO_COG			
group_2639	Other lineages	Other_lineages_enriched	15	157	213	261	-0.7205505527491032	-0.7825848849945235	3.7059977305779314e-51	2.7833909473434268e-45	9.598287995550011e-42	True	False		annotated	rfbF	Glycosyl transferase family 2	S	S	ko:K12990	ko02024,ko02025,map02024,map02025	Glycos_transf_2
group_2641	Lineages 8/10	L8L10_enriched	142	157	158	261	0.2990946140517851	0.3910186199342825	7.270575910455092e-13	1.808272096464844e-11	3.158855765849174e-12	True	False		annotated	-	Bacterial regulatory proteins, tetR family	K	K	-	-	TetR_N
group_2648	Lineages 8/10	L8L10_enriched	37	157	5	261	0.2165117016863118	0.2178134023698098	1.4711047517697236e-11	4.304209406773505e-11	9.603333384268445e-08	True	False		annotated	-	Phage regulatory protein Rha (Phage_pRha)	S	S	-	-	Phage_pRha
group_2652	Lineages 8/10	L8L10_enriched	39	157	10	261	0.2100934670668912	0.1914766504032659	8.939058632654815e-10	9.596564295376288e-10	1.1434507795626644e-05	True	False		annotated	-	Type II restriction enzyme, methylase subunits	V	V	-	-	-
group_2655	Lineages 8/10	L8L10_enriched	51	157	19	261	0.2520438294653098	0.2417604301503534	1.6033522566935488e-10	1.3486091175019504e-10	7.023979563571835e-07	True	False		annotated	vpr	PA domain	DO	D;O	ko:K01361,ko:K14647	ko02024,map02024	FIVAR,FlgD_ig,Inhibitor_I9,PA,Peptidase_S8,SLH,YSIRK_signal,fn3_5
group_2673	Other lineages	Other_lineages_enriched	38	157	242	261	-0.6851648485735902	-0.6971522453450164	6.70246112319371e-51	2.084047999272868e-46	1.959164789378064e-37	True	False		annotated	-	4-amino-4-deoxy-L-arabinose transferase and related glycosyltransferases of PMT family	M	M	-	-	PMT_2
group_2674	Other lineages	Other_lineages_enriched	34	157	218	261	-0.6186885325914537	-0.5856317833316739	1.3069793823471237e-35	7.527966510314006e-34	1.7223192381510916e-22	True	False		valid_protein_no_eggnog_annotation				NO_COG			
group_2675	Lineages 8/10	L8L10_enriched	118	157	66	261	0.4987187934695073	0.428308274419994	9.971215379592244e-22	5.201887570789575e-21	5.980812232158256e-12	True	False		annotated	-	-	-	NO_COG	-	-	-
group_2688	Other lineages	Other_lineages_enriched	11	157	146	261	-0.4893232789125606	-0.4113312755152842	2.538812118678165e-24	2.663602720862558e-21	1.7853141159555916e-13	True	False		annotated	-	Prophage endopeptidase tail	M	M	-	-	Glyco_hydro_25,Peptidase_M23,Prophage_tail
group_2703	Other lineages	Other_lineages_enriched	69	157	224	261	-0.4187471020328477	-0.3738424773474062	4.383789392780569e-19	6.824209869952806e-19	6.428276291756501e-11	True	False		annotated	-	YSIRK type signal peptide	M	M	-	-	YSIRK_signal
group_2717	Other lineages	Other_lineages_enriched	49	157	146	261	-0.2472850623520511	-0.2085034352285173	8.701258174248676e-06	1.1154227727913946e-05	0.0008951143520241	True	False		annotated	-	Phage portal protein	S	S	-	-	Phage_portal
group_2720	Lineages 8/10	L8L10_enriched	89	157	53	261	0.3638138467921029	0.2661057452952305	1.5689701875970265e-12	1.9253760564597654e-12	1.731623556419021e-05	True	False		annotated	-	CHAP domain	M	M	-	-	Amidase_5,Beta-lactamase2,CHAP,NLPC_P60
group_2721	Lineages 8/10	L8L10_enriched	88	157	52	261	0.3612758376650316	0.2578412824853132	2.08287416526962e-12	2.490507752395043e-12	4.173081630504707e-05	True	False		valid_protein_no_eggnog_annotation				NO_COG			
group_2728	Other lineages	Other_lineages_enriched	24	157	102	261	-0.2379383556629329	-0.3271432838793189	2.96163640427162e-08	1.0228925058588897e-07	1.8751268481647653e-08	True	False		annotated	-	Glycosyltransferase like family 2	M	M	-	-	Glycos_transf_2
group_2730	Other lineages	Other_lineages_enriched	37	157	134	261	-0.2777411718769065	-0.225032360848352	2.3471863855912264e-08	5.1396496602849977e-08	0.0003658463601426	True	False		annotated	-	Bacteriophage holin	S	S	-	-	Phage_holin_1
group_2733	Other lineages	Other_lineages_enriched	4	157	103	261	-0.3691583083193011	-0.4571343224136214	9.443057988094717e-22	1.9447007192962597e-17	5.973182398485558e-19	True	False		annotated	-	Phage regulatory protein Rha (Phage_pRha)	S	S	-	-	ORF11CD3,Phage_pRha
group_2734	Other lineages	Other_lineages_enriched	2	157	107	261	-0.3972228323205701	-0.4977596335756248	1.175556210091416e-25	9.02685161012012e-20	9.347846675184631e-23	True	False		annotated	-	-	-	NO_COG	-	-	-
group_2751	Lineages 8/10	L8L10_enriched	100	157	64	261	0.391731947189887	0.3969431444787414	4.955817318707564e-15	8.978993642004737e-15	1.1916635885689379e-10	True	False		valid_protein_no_eggnog_annotation				NO_COG			
group_2752	Other lineages	Other_lineages_enriched	43	157	217	261	-0.5575322742026014	-0.5751269540973813	1.2708514858498148e-28	9.319245162065551e-28	5.498110618650504e-22	True	False		annotated	-	CRISPR-associated protein (Cas_Csn2)	S	S	-	-	Cas_Csn2
group_2777	Lineages 8/10	L8L10_enriched	65	157	44	261	0.245430363374576	0.2107935875734342	1.4346758091717196e-08	1.3490603889238884e-08	0.0001031356844942	True	False		annotated	-	Type III restriction enzyme res subunit	V	V	-	-	Eco57I
group_2794	Lineages 8/10	L8L10_enriched	42	157	0	261	0.267515923566879	0.1900826446280991	1.1573857302261222e-22	1.5194162749452714e-19	3.315522596377084e-09	True	False		annotated	-	Phage portal protein, SPP1 Gp6-like	S	S	-	-	Phage_prot_Gp6
group_2798	Other lineages	Other_lineages_enriched	60	157	213	261	-0.4339263489274471	-0.6098775266354675	3.4077187739727333e-19	7.169650324741181e-19	8.528808546555015e-27	True	False		valid_protein_no_eggnog_annotation				NO_COG			
group_2799	Lineages 8/10	L8L10_enriched	49	157	9	261	0.2776191522073358	0.3379966145574031	2.583445003654865e-13	7.089747394289616e-13	1.384681014560717e-12	True	False		annotated	-	Probable transposase	L	L	-	-	OrfB_IS605,OrfB_Zn_ribbon
group_2804	Lineages 8/10	L8L10_enriched	130	157	2	261	0.8203626424579643	0.8722493278900727	1.6474559796891745e-74	1.318062769936282e-63	4.1086629404688974e-57	True	False		annotated	-	Glycosyltransferase like family 2	M	M	-	-	Glycos_transf_2
group_2805	Lineages 8/10	L8L10_enriched	38	157	0	261	0.2420382165605095	0.2314049586776859	2.6583541365301176e-18	1.2978213550500913e-15	3.2285474703491265e-11	True	False		annotated	arbY	family 8	M	M	-	-	Glyco_transf_8
group_281	Lineages 8/10	L8L10_enriched	34	157	2	261	0.2088976743050979	0.1532410634272627	2.3405560568113468e-14	1.7968850806657929e-13	3.928630384856723e-06	True	False		valid_protein_no_eggnog_annotation				NO_COG			
group_2824	Lineages 8/10	L8L10_enriched	44	157	1	261	0.2764233594455426	0.2914965647714826	1.0921632574946076e-18	1.2979674507467446e-16	2.2432260621108165e-13	True	False		valid_protein_no_eggnog_annotation				NO_COG			
group_2859	Lineages 8/10	L8L10_enriched	42	157	4	261	0.2521902530687946	0.2568953499950214	2.008605528373609e-14	1.211469348470911e-13	7.26756960935285e-10	True	False		annotated	-	Eco57I restriction-modification methylase	LV	L;V	-	-	N6_Mtase
group_2867	Other lineages	Other_lineages_enriched	6	157	101	261	-0.3487566195670742	-0.2154734641043513	1.1262430027401062e-15	3.258448346806488e-13	3.956395911741194e-06	True	False		annotated	-	-	-	NO_COG	-	-	-
group_2876	Lineages 8/10	L8L10_enriched	67	157	49	261	0.2390121287551553	0.2264761525440605	4.212637287379008e-07	3.8047193265996587e-07	9.29326272775458e-05	True	False		annotated	-	VRR_NUC	S	S	-	-	VRR_NUC
group_2879	Lineages 8/10	L8L10_enriched	87	157	54	261	0.3472435756643971	0.251817186099771	1.792284533569612e-11	2.085131308725948e-11	4.851780394196968e-05	True	False		valid_protein_no_eggnog_annotation				NO_COG			
group_288	Lineages 8/10	L8L10_enriched	64	157	47	261	0.2275666837494204	0.2077068604998506	9.659313037301935e-07	8.842157559922389e-07	0.000332307307173	True	False		annotated	-	AAA domain	L	L	-	-	AAA_24,PDDEXK_1
group_2885	Lineages 8/10	L8L10_enriched	98	157	5	261	0.6050467335334455	0.6393010056755949	5.743750423771467e-44	3.3834484942944493e-40	1.2248460408892472e-32	True	False		valid_protein_no_eggnog_annotation				NO_COG			
group_2900	Other lineages	Other_lineages_enriched	52	157	259	261	-0.6611269736681553	-0.6881907796475157	1.9641528262033142e-53	2.6694978878547553e-47	9.494047909812444e-40	True	False		valid_protein_no_eggnog_annotation				NO_COG			
group_2901	Other lineages	Other_lineages_enriched	71	157	257	261	-0.5324450301388584	-0.5499352783032958	4.290209935780626e-38	7.313412908424221e-35	3.3561372719368683e-28	True	False		valid_protein_no_eggnog_annotation				NO_COG			
group_2910	Lineages 8/10	L8L10_enriched	82	157	47	261	0.3422163652780828	0.3504430946928208	4.83573979570695e-12	5.392413546933084e-12	3.553834147898809e-09	True	False		annotated	-	endonuclease activity	V	V	-	-	HNH,RRXRR
group_2915	Other lineages	Other_lineages_enriched	42	157	123	261	-0.2037484442492129	-0.2491287463905208	1.3891400086708688e-05	2.0879527255569565e-05	9.632185425629336e-05	True	False		annotated	ps105	-	-	NO_COG	-	-	-
group_2919	Lineages 8/10	L8L10_enriched	119	157	139	261	0.2253947336310613	0.1436323807627203	3.5267265598669915e-05	4.9355665872297904e-05	0.0188249795329986	True	False		annotated	-	Plasmid pRiA4b ORF-3-like protein	L	L	-	-	PRiA4_ORF3
group_2922	Other lineages	Other_lineages_enriched	15	157	90	261	-0.2492861849330112	-0.1658866872448471	6.674409944353682e-08	2.972632673243415e-07	0.0009352870191452	True	False		annotated	-	Helix-turn-helix XRE-family like proteins	K	K	-	-	HTH_3
group_2923	Other lineages	Other_lineages_enriched	2	157	73	261	-0.2669546330868536	-0.188290351488599	3.0724985101450723e-13	2.098645573823644e-10	1.2828863371976769e-06	True	False		valid_protein_no_eggnog_annotation				NO_COG			
group_2932	Other lineages	Other_lineages_enriched	60	157	236	261	-0.5220489542914317	-0.612964253709051	5.761880275360233e-29	3.030377822370537e-28	3.913585673984197e-29	True	False		annotated	-	Thioester domain	M	M	-	-	TED
group_2937	Lineages 8/10	L8L10_enriched	55	157	21	261	0.269858701222637	0.2996116698197749	6.73521442974378e-11	6.16917611718259e-11	2.3367733418826382e-09	True	False		annotated	-	Probable transposase	L	L	-	-	OrfB_IS605,OrfB_Zn_ribbon
group_2941	Lineages 8/10	L8L10_enriched	99	157	85	261	0.3049027503233521	0.3292840784626107	2.7463027118457544e-11	6.376060308163466e-11	9.193078021515027e-08	True	False		annotated	-	Domain of unknown function (DUF4343)	S	S	-	-	DUF4343
group_2942	Lineages 8/10	L8L10_enriched	116	157	97	261	0.3672059936061692	0.3854425968336154	9.5701017180936e-14	3.867043004977287e-13	8.550541514775604e-10	True	False		annotated	-	Domain of unknown function (DUF3841)	S	S	-	-	DUF3841
group_2950	Lineages 8/10	L8L10_enriched	57	157	6	261	0.3400688190936378	0.4177038733446181	2.407238494211965e-19	2.3794438067042437e-18	1.215174478231425e-19	True	False		valid_protein_no_eggnog_annotation				NO_COG			
group_2958	Other lineages	Other_lineages_enriched	0	157	55	261	-0.210727969348659	-0.0542168674698795	1.6024299758950914e-11	2.7649984136703763e-08	0.0191559587344639	True	False		valid_protein_no_eggnog_annotation				NO_COG			
group_2960	Other lineages	Other_lineages_enriched	2	157	67	261	-0.2439661273397271	-0.1461216767898038	1.0631098961004708e-11	3.2256965999748474e-09	4.831547072113689e-05	True	False		valid_protein_no_eggnog_annotation				NO_COG			
group_2976	Lineages 8/10	L8L10_enriched	105	157	35	261	0.5346901920589598	0.570646221248631	1.08894836072444e-26	3.9388590911387996e-26	8.02362615657892e-22	True	False		annotated	-	-	-	NO_COG	-	-	zinc_ribbon_2
group_2978	Lineages 8/10	L8L10_enriched	85	157	49	261	0.3536618102838177	0.2511201832121876	2.815977177827911e-12	3.1959668175699894e-12	5.681175306680026e-05	True	False		annotated	-	Peptidase S24-like	K	K	-	-	HTH_3,Peptidase_S24
group_3000	Other lineages	Other_lineages_enriched	5	157	208	261	-0.7650877321424213	-0.7018819077964752	3.2046327484026473e-57	1.1560431291567872e-48	1.1792035882527752e-35	True	False		annotated	-	Bacterial regulatory proteins, tetR family	K	K	-	-	TetR_N
group_3004	Lineages 8/10	L8L10_enriched	37	157	6	261	0.2126802840617907	0.2591357164193966	2.0379624198904428e-10	5.218301902459154e-10	1.4983758737513951e-09	True	False		annotated	-	Bacteriophage holin of superfamily 6 (Holin_LLH)	S	S	-	-	Phage_holin_6_1
group_3009	Other lineages	Other_lineages_enriched	71	157	190	261	-0.2757400492959465	-0.4337847256795779	9.897627998247717e-08	1.0407746142645053e-07	8.471068569022834e-13	True	False		annotated	-	-	-	NO_COG	-	-	DUF4767
group_3012	Lineages 8/10	L8L10_enriched	85	157	64	261	0.2961905459160017	0.4277606292940356	1.9133453469343145e-08	1.93976032107519e-08	2.0696940112959927e-12	True	False		annotated	-	-	-	NO_COG	-	-	DUF4767
group_3014	Other lineages	Other_lineages_enriched	4	157	183	261	-0.6756717182809869	-0.7342427561485612	3.105154335190235e-49	2.8715644048161398e-40	4.890430340165426e-39	True	False		annotated	-	Glycosyl transferases group 1	M	M	-	-	Glycos_transf_1
group_3017	Other lineages	Other_lineages_enriched	1	157	107	261	-0.4035922590721624	-0.6242656576720104	5.5764510295486594e-33	6.970056313657373e-26	1.5311323840460363e-31	True	False		annotated	-	Protein of unknown function (DUF3021)	S	S	-	-	DUF3021
group_3019	Other lineages	Other_lineages_enriched	58	157	179	261	-0.3163970031969154	-0.3587075575027382	1.080570632201766e-13	4.552029482140259e-13	1.7010466618088724e-09	True	False		annotated	-	LPXTG-motif cell wall anchor domain protein	M	M	-	-	DUF285,GbpC,Gram_pos_anchor,YSIRK_signal
group_302	Lineages 8/10	L8L10_enriched	52	157	1	261	0.3273787734582815	0.3801652892561983	2.6520615359989445e-22	1.2499786915147732e-19	2.04737030293003e-19	True	False		annotated	-	Bacterial protein of unknown function (DUF961)	S	S	-	-	DUF961
group_3031	Lineages 8/10	L8L10_enriched	49	157	0	261	0.3121019108280254	0.2975206611570248	6.5409594242462174e-24	2.1186510058341975e-20	1.0079685354394644e-14	True	False		valid_protein_no_eggnog_annotation				NO_COG			
group_3035	Lineages 8/10	L8L10_enriched	86	157	53	261	0.3447055665373258	0.2578412824853132	2.3720457750318617e-11	2.654578485360013e-11	4.173081630504707e-05	True	False		valid_protein_no_eggnog_annotation				NO_COG			
group_3037	Lineages 8/10	L8L10_enriched	80	157	47	261	0.3294775117748981	0.2383749875535198	4.8141317938123374e-11	4.840767367625743e-11	8.65870466639396e-05	True	False		annotated	pspA	Lytic transglycosylase with a strong preference for naked glycan strands that lack stem peptides	D	D	-	-	Antigen_C,CW_binding_1,GbpC,Gram_pos_anchor,SPOR,Strep_SA_rep
group_3041	Lineages 8/10	L8L10_enriched	39	157	8	261	0.2177563023159333	0.1900826446280991	2.638927692240568e-13	4.0836688276473166e-13	3.315522596377084e-09	True	False		annotated	-	Dolichyl-phosphate-mannose-protein mannosyltransferase	M	M	-	-	PMT_2
group_3051	Other lineages	Other_lineages_enriched	80	157	260	261	-0.4866144422480903	-0.4132231404958677	1.3935133392207691e-40	4.1862816787159714e-35	2.1615372002756737e-21	True	False		valid_protein_no_eggnog_annotation				NO_COG			
group_3055	Lineages 8/10	L8L10_enriched	61	157	23	261	0.3004124264831491	0.2905008463606492	7.809259504927616e-12	8.073307542620469e-12	8.437982319205421e-08	True	False		valid_protein_no_eggnog_annotation				NO_COG			
group_3056	Lineages 8/10	L8L10_enriched	70	157	17	261	0.3807257729946067	0.3416309867569451	1.6646193257704033e-18	2.5365274850923943e-18	1.9772723354806604e-10	True	False		valid_protein_no_eggnog_annotation				NO_COG			
group_3059	Lineages 8/10	L8L10_enriched	125	157	67	261	0.5394733631061328	0.5336552822861694	1.973315750462685e-27	7.836735713247692e-26	1.3749208017543024e-18	True	False		annotated	-	Phage minor capsid protein 2	S	S	-	-	Phage_min_cap2
group_3060	Lineages 8/10	L8L10_enriched	46	157	0	261	0.2929936305732484	0.2066115702479339	3.761635341085137e-25	1.3945339750964609e-21	5.47361816171629e-10	True	False		annotated	-	Phage minor capsid protein 2	S	S	-	-	Phage_min_cap2
group_3063	Other lineages	Other_lineages_enriched	15	157	137	261	-0.4293628132855016	-0.4046101762421588	2.0696663913274345e-19	2.458870280608184e-17	1.5895423754662462e-12	True	False		annotated	-	Phage uncharacterised protein (Phage_XkdX)	S	S	-	-	-
group_3065	Lineages 8/10	L8L10_enriched	44	157	17	261	0.2151206774532054	0.292193567659066	1.018893757584024e-08	8.319645436833293e-09	5.707413786989962e-11	True	False		annotated	-	Acyltransferase family	S	S	-	-	Acyl_transf_3
group_3066	Lineages 8/10	L8L10_enriched	56	157	6	261	0.3336993923420455	0.2899532012346908	8.732441712473371e-21	7.758446157616441e-20	1.945601838906361e-11	True	False		annotated	-	helicase	L	L	-	-	Helicase_C,Mrr_cat_2,N6_Mtase,ResIII
group_3086	Other lineages	Other_lineages_enriched	1	157	54	261	-0.2005271249725455	-0.2048192771084337	4.5645308485529065e-11	2.3702452425844393e-08	9.768123656058285e-09	True	False		valid_protein_no_eggnog_annotation				NO_COG			
group_3098	Lineages 8/10	L8L10_enriched	55	157	20	261	0.2736901188471581	0.2777556507019815	1.2170606877216112e-10	1.2000814353739862e-10	1.688412823186578e-07	True	False		valid_protein_no_eggnog_annotation				NO_COG			
group_3113	Other lineages	Other_lineages_enriched	38	157	243	261	-0.688996266198111	-0.6971522453450164	2.014516901949592e-51	6.575991684656981e-47	1.959164789378064e-37	True	False		annotated	-	-	-	NO_COG	-	-	Exosortase_EpsH
group_3116	Other lineages	Other_lineages_enriched	43	157	130	261	-0.2241989408692681	-0.2522154734641044	9.814697477118017e-07	1.7551448675120714e-06	7.176841084120771e-05	True	False		annotated	tcaA	response to antibiotic	S	S	ko:K21463	-	zf-ribbon_3,zinc_ribbon_2
group_3123	Lineages 8/10	L8L10_enriched	88	157	53	261	0.3574444200405105	0.2578412824853132	3.518907152491124e-12	4.238719655393911e-12	4.173081630504707e-05	True	False		annotated	-	TraM recognition site of TraD and TraG	U	U	ko:K03205	ko03070,map03070	T4SS-DNA_transf
group_3129	Lineages 8/10	L8L10_enriched	34	157	3	261	0.2050662566805769	0.1615055262371801	2.6409946894347883e-13	1.1292442018719886e-12	1.7322552170122805e-06	True	False		annotated	-	Stealth protein CR3, conserved region 3	M	M	-	-	Stealth_CR1,Stealth_CR2,Stealth_CR3,Stealth_CR4
group_3131	Other lineages	Other_lineages_enriched	2	157	107	261	-0.3972228323205701	-0.4977596335756248	1.175556210091416e-25	9.02685161012012e-20	9.347846675184631e-23	True	False		annotated	-	-	-	NO_COG	-	-	-
group_3159	Lineages 8/10	L8L10_enriched	98	157	5	261	0.6050467335334455	0.6393010056755949	5.743750423771467e-44	3.3834484942944493e-40	1.2248460408892472e-32	True	False		valid_protein_no_eggnog_annotation				NO_COG			
group_3173	Lineages 8/10	L8L10_enriched	111	157	97	261	0.3353588598482074	0.3441202827840287	7.000400919794229e-12	2.094837687143276e-11	3.608171558116732e-08	True	False		annotated	-	Cytidine and deoxycytidylate deaminase zinc-binding region	F	F	-	-	dCMP_cyt_deam_1
group_3174	Lineages 8/10	L8L10_enriched	109	157	85	261	0.3685970178392757	0.4666932191576222	8.319214474928562e-13	2.0808717669925508e-12	2.8328382928871314e-14	True	False		annotated	-	MucBP domain	M	M	-	-	MucBP
group_3177	Lineages 8/10	L8L10_enriched	54	157	0	261	0.3439490445859872	0.4380165289256198	8.303433270425871e-25	1.741707660370999e-20	6.775222988585876e-23	True	False		annotated	-	Lytic transglycosylase with a strong preference for naked glycan strands that lack stem peptides	M	M	-	-	Gram_pos_anchor,MucBP,YSIRK_signal
group_3181	Other lineages	Other_lineages_enriched	119	157	258	261	-0.2305439636869463	-0.1735537190082644	1.792962603077412e-16	1.2367267272205437e-15	2.0972911899447048e-08	True	False		annotated	-	Flavodoxin	C	C	-	-	Flavodoxin_4
group_3204	Other lineages	Other_lineages_enriched	27	157	110	261	-0.2494814164043244	-0.2940854326396495	3.3938942022088977e-08	1.0264491422666348e-07	8.384875719735216e-07	True	False		annotated	-	Bacterial membrane protein, YfhO	S	S	-	-	PTPS_related
group_3209	Lineages 8/10	L8L10_enriched	43	157	15	261	0.2164140859506552	0.1718609977098476	8.346751671864454e-09	7.411032518192972e-09	0.0002914491235217	True	False		valid_protein_no_eggnog_annotation				NO_COG			
group_3210	Lineages 8/10	L8L10_enriched	110	157	108	261	0.2868438392268833	0.2620232998108134	2.497314693757208e-08	4.178683281798648e-08	4.312681324979994e-05	True	False		annotated	-	Phage minor structural protein GP20	S	S	-	-	-
group_3213	Other lineages	Other_lineages_enriched	21	157	165	261	-0.4984259462625375	-0.5935975306183411	2.0900222685033776e-24	2.985710927568098e-22	6.790383114941679e-24	True	False		annotated	-	PLD-like domain	L	L	-	-	PLDc_2
group_3221	Other lineages	Other_lineages_enriched	25	157	96	261	-0.208580423164214	-0.1653390421188887	5.96848174218794e-06	1.2344564264262086e-05	0.0042707028874678	True	False		annotated	-	-	-	NO_COG	-	-	-
group_3224	Lineages 8/10	L8L10_enriched	109	157	1	261	0.6904360982990457	0.7295130936971025	5.554743583126271e-58	2.1045251181445766e-50	2.0957527608510463e-43	True	False		annotated	asp3	Accessory Sec system protein Asp3	S	S	ko:K12270	-	Sec-ASP3
group_3225	Other lineages	Other_lineages_enriched	42	157	147	261	-0.2957024672377187	-0.4140197152245345	8.710402230695416e-11	2.7522092468307634e-10	3.4604435246758837e-11	True	False		annotated	-	Bacterial membrane protein YfhO	S	S	-	-	YfhO
group_3240	Lineages 8/10	L8L10_enriched	74	157	8	261	0.4406862386216658	0.5010455043313751	3.7857631353504596e-26	8.736526151123897e-25	2.70543135163688e-22	True	False		annotated	vpr	PA domain	DO	D;O	ko:K01361,ko:K14647	ko02024,map02024	FIVAR,FlgD_ig,Inhibitor_I9,PA,Peptidase_S8,SLH,YSIRK_signal,fn3_5
group_3242	Other lineages	Other_lineages_enriched	5	157	129	261	-0.4624057398052566	-0.4647017823359554	2.444367210861285e-26	1.723016465155151e-21	2.410931199193501e-18	True	False		valid_protein_no_eggnog_annotation				NO_COG			
group_3249	Lineages 8/10	L8L10_enriched	63	157	46	261	0.2250286746223491	0.2221447774569351	1.5809911548885832e-08	1.7112827564623554e-08	1.7924703317159608e-05	True	False		annotated	-	helicase activity	L	L	-	-	Helicase_C,PLDc_2,SNF2_N
group_3269	Lineages 8/10	L8L10_enriched	59	157	8	261	0.3451448373477805	0.4221846061933685	1.2350278733135385e-18	6.7152800242156144e-18	1.4235615987073833e-18	True	False		annotated	-	Phage-related minor tail protein	D	D	-	-	PhageMin_Tail
group_3292	Lineages 8/10	L8L10_enriched	49	157	15	261	0.2546306464602094	0.3078761326296923	3.1128398437932777e-10	3.778522701129243e-10	1.180690710060099e-09	True	False		annotated	-	transposase, IS605 OrfB family	L	L	ko:K07496	-	HTH_OrfB_IS605,OrfB_IS605,OrfB_Zn_ribbon
group_3294	Lineages 8/10	L8L10_enriched	39	157	4	261	0.2330819728140176	0.2403664243751867	4.168370415287858e-13	2.174890766452259e-12	6.195697769821809e-09	True	False		annotated	-	Mannosyl-glycoprotein endo-beta-N-acetylglucosaminidase	MNU	M;N;U	ko:K02395,ko:K19220,ko:K19223	-	Glucosaminidase,LysM
group_3300	Other lineages	Other_lineages_enriched	0	157	76	261	-0.2911877394636015	-0.2771084337349397	5.6564579329397576e-18	1.268017733979783e-12	4.715375242565511e-12	True	False		annotated	-	Bacterial membrane protein YfhO	S	S	-	-	YfhO
group_3302	Lineages 8/10	L8L10_enriched	61	157	11	261	0.3463894379774019	0.3703574629094892	3.5513333023216344e-19	8.898788861724597e-19	3.3109526796511043e-16	True	False		annotated	-	Domain of unknown function DUF302	S	S	-	-	DUF302
group_3330	Other lineages	Other_lineages_enriched	32	157	121	261	-0.2597798765160944	-0.3489993029971123	1.3718852681392746e-07	3.024916592673356e-07	3.28419830638807e-09	True	False		valid_protein_no_eggnog_annotation				NO_COG			
group_3336	Lineages 8/10	L8L10_enriched	34	157	1	261	0.212729091929619	0.2336453251020611	7.562744823573275e-14	2.322188215976568e-12	2.0633791733279866e-10	True	False		valid_protein_no_eggnog_annotation				NO_COG			
group_3342	Other lineages	Other_lineages_enriched	2	157	56	261	-0.2018205334699953	-0.1340734840187195	1.4690366013791492e-09	1.4247834915163685e-07	0.0001464305127358	True	False		annotated	-	BRO family, N-terminal domain protein	K	K	-	-	ANT,Bro-N
group_3348	Other lineages	Other_lineages_enriched	48	157	158	261	-0.2996315005978964	-0.3509907398187792	9.087547860783853e-12	3.2673519847123806e-11	2.062191511823341e-08	True	False		annotated	-	Helix-turn-helix XRE-family like proteins	CK	C;K	-	-	HTH_3
group_3351	Other lineages	Other_lineages_enriched	26	157	97	261	-0.2060424140371428	-0.2534601214776461	5.681402564520198e-07	1.418439082379673e-06	2.8036261090293168e-05	True	False		valid_protein_no_eggnog_annotation				NO_COG			
group_3362	Lineages 8/10	L8L10_enriched	45	157	0	261	0.286624203821656	0.2396694214876033	6.276410784719241e-23	1.1338273566753592e-19	1.1846095804117724e-11	True	False		annotated	-	RRXRR protein	V	V	-	-	HNH,HNH_5,RRXRR
group_3380	Other lineages	Other_lineages_enriched	1	157	99	261	-0.3729409180759938	-0.4435427661057453	2.8550868899442373e-24	3.49687345860839e-18	9.944328083079832e-20	True	False		annotated	-	Replication initiation factor	K	K	ko:K07467	-	HTH_3,Omega_Repress,Rep_trans
group_3381	Other lineages	Other_lineages_enriched	29	157	109	261	-0.2329111452766186	-0.2632679478243552	2.213192331519132e-07	5.438690350661895e-07	1.238093461842866e-05	True	False		annotated	-	Bacterial membrane protein, YfhO	S	S	-	-	-
group_3382	Lineages 8/10	L8L10_enriched	65	157	8	261	0.3833613978573346	0.3192273225131932	6.681567289462526e-24	7.018079302054233e-23	5.277248645822784e-12	True	False		valid_protein_no_eggnog_annotation				NO_COG			
group_3385	Lineages 8/10	L8L10_enriched	60	157	41	261	0.2250774824901774	0.2987653091705666	4.874611040400923e-07	4.1636042561837726e-07	4.3262443900665445e-08	True	False		annotated	-	lysozyme activity	M	M	-	-	DUF1906,Glyco_hydro_25,LysM,SH3_5
group_3398	Other lineages	Other_lineages_enriched	16	157	105	261	-0.3003880225492349	-0.355720402270238	3.076226207986942e-13	7.429956461697015e-12	8.061141831612824e-10	True	False		annotated	-	Bacteriophage abortive infection AbiH	S	S	-	-	AbiH
group_3406	Lineages 8/10	L8L10_enriched	74	157	16	261	0.4100348976254972	0.4409538982375784	1.5427693921880482e-22	4.551429526531265e-22	3.9507507058423535e-19	True	False		annotated	hsdM	HsdM N-terminal domain	V	V	ko:K03427	-	HsdM_N,N6_Mtase
group_3417	Lineages 8/10	L8L10_enriched	38	157	0	261	0.2420382165605095	0.2975206611570248	5.0560039248206425e-17	4.17433319224787e-14	1.0079685354394644e-14	True	False		valid_protein_no_eggnog_annotation				NO_COG			
group_3432	Other lineages	Other_lineages_enriched	7	157	203	261	-0.7331917905166313	-0.6770885193667231	8.018925298954473e-52	8.227269731793059e-45	6.293273748291836e-32	True	False		annotated	-	helix_turn_helix multiple antibiotic resistance protein	K	K	-	-	MarR_2
group_3458	Lineages 8/10	L8L10_enriched	32	157	0	261	0.2038216560509554	0.2479338842975206	2.5867974311211215e-14	6.590247530504684e-12	4.405989749379632e-12	True	False		annotated	isp	Transposase	L	L	-	-	DDE_Tnp_ISL3,HTH_Tnp_ISL3,zf-ISL3
group_3465	Lineages 8/10	L8L10_enriched	33	157	1	261	0.2063596651780267	0.1179428457632181	1.564342389595367e-16	3.0307556744144747e-15	4.173081630504707e-05	True	False		valid_protein_no_eggnog_annotation				NO_COG			
group_3466	Lineages 8/10	L8L10_enriched	33	157	1	261	0.2063596651780267	0.2584387135318132	5.851554872033378e-13	2.1689738585158582e-11	1.1535822774036838e-11	True	False		annotated	-	transposase, IS605 OrfB family	L	L	ko:K07496	-	HTH_OrfB_IS605,OrfB_IS605,OrfB_Zn_ribbon
group_3470	Lineages 8/10	L8L10_enriched	63	157	6	261	0.3782853796031921	0.4101364134222842	3.2508088349442935e-22	6.6539608341493775e-21	7.757302526574671e-17	True	False		valid_protein_no_eggnog_annotation				NO_COG			
group_3482	Lineages 8/10	L8L10_enriched	59	157	25	261	0.2800107377309222	0.3101164990540674	3.641221400245217e-11	3.2319615093858616e-11	1.1624417546306966e-09	True	False		annotated	-	IrrE N-terminal-like domain	S	S	-	-	Peptidase_M78
group_3484	Other lineages	Other_lineages_enriched	1	157	116	261	-0.438075017692852	-0.6724584287563478	6.060953008211897e-37	4.489175412532989e-29	2.3406988437992501e-35	True	False		annotated	-	-	-	NO_COG	-	-	-
group_3495	Lineages 8/10	L8L10_enriched	47	157	3	261	0.2878688044512775	0.3410833416309867	1.97146827058127e-17	4.2450792293580773e-16	4.502497700709633e-16	True	False		annotated	tnp2	Transposase	L	L	-	-	DDE_Tnp_ISL3,HTH_Tnp_ISL3,zf-ISL3
group_3499	Lineages 8/10	L8L10_enriched	60	157	45	261	0.2097518119920931	0.2264761525440605	1.5961576467861875e-05	1.461744293695164e-05	9.29326272775458e-05	True	False		valid_protein_no_eggnog_annotation				NO_COG			
group_3503	Other lineages	Other_lineages_enriched	1	157	86	261	-0.3231324889572199	-0.4977596335756248	3.4971296058903184e-24	8.898788861724597e-19	9.347846675184631e-23	True	False		annotated	-	MULE transposase domain	L	L	-	-	Transposase_mut
group_3508	Lineages 8/10	L8L10_enriched	106	157	15	261	0.6176879713009736	0.7181619038136016	6.056308496946441e-40	5.978522445487981e-38	3.572881677377321e-38	True	False		annotated	arbY	family 8	M	M	-	-	Glyco_transf_8
group_3510	Other lineages	Other_lineages_enriched	0	157	56	261	-0.21455938697318	-0.3192771084337349	9.900735482173993e-16	2.2368299423784247e-11	4.345669071191668e-14	True	False		annotated	-	-	-	NO_COG	-	-	-
group_3518	Lineages 8/10	L8L10_enriched	36	157	1	261	0.2254679454328037	0.1757940854326396	1.623420561268004e-16	5.042558152351901e-15	1.089081476289042e-07	True	False		valid_protein_no_eggnog_annotation				NO_COG			
group_3521	Lineages 8/10	L8L10_enriched	37	157	1	261	0.2318373721843961	0.2832321019615652	9.212235912968216e-15	5.575859663383593e-13	6.070103266430135e-13	True	False		valid_protein_no_eggnog_annotation				NO_COG			
group_3523	Other lineages	Other_lineages_enriched	6	157	81	261	-0.2721282670766528	-0.2116897341431843	1.2736898651552767e-11	8.08233990213105e-10	2.1255043380552825e-06	True	False		annotated	-	-	-	NO_COG	-	-	-
group_3527	Lineages 8/10	L8L10_enriched	41	157	4	261	0.2458208263172023	0.2816887384247734	1.507889739055848e-13	1.073598338837399e-12	4.950595941378881e-11	True	False		annotated	-	DnaD domain protein	L	L	-	-	-
group_3529	Lineages 8/10	L8L10_enriched	36	157	5	261	0.2101422749347195	0.2321019615652693	4.6614259829694535e-11	1.2697781458151774e-10	1.3272470222222186e-08	True	False		annotated	-	PFAM HNH endonuclease	L	L	-	-	HNH,RRXRR
group_3533	Lineages 8/10	L8L10_enriched	50	157	17	261	0.2533372379627596	0.3402369809817783	3.467339241775757e-10	3.2893804023870846e-10	2.7210703468260608e-12	True	False		annotated	-	to Yersinia pestis insertion element IS1661 DNA-binding protein YPO0996 SWALL Q8ZHA8 (EMBL AJ414145)(178 aa) fasta scores E() 8.6e-14, 36.51 id in 178 aa, and to Klebsiella pneumoniae OrfA SWALL Q9AG22 (EMBL AF345899) (173 aa) fasta scores E() 1e-18, 40.22 38d in 174 aa	L	L	ko:K07483	-	HTH_28,HTH_Tnp_1
group_354	Lineages 8/10	L8L10_enriched	38	157	3	261	0.2305439636869463	0.2794483720003983	5.122876357451106e-13	5.645830350633406e-12	2.020621168565952e-11	True	False		annotated	-	Transcriptional regulator	K	K	ko:K09017	-	TetR_N
group_3547	Lineages 8/10	L8L10_enriched	72	157	23	261	0.370476120750665	0.4129244249726177	1.6395254348529148e-15	2.6977164977908607e-15	6.781979672390832e-13	True	False		annotated	-	Transposase IS200 like	L	L	ko:K07491	-	Y1_Tnp
group_355	Lineages 8/10	L8L10_enriched	38	157	1	261	0.2382067989359884	0.2914965647714826	3.312075033563547e-15	2.4294865283386016e-13	2.2432260621108165e-13	True	False		annotated	ybhF_1	ABC transporter	V	V	ko:K01990	-	ABC_tran,DUF4162
group_3550	Lineages 8/10	L8L10_enriched	60	157	17	261	0.3170315054786832	0.2334959673404361	5.370578696122685e-16	6.697755788637128e-16	1.360666214982134e-06	True	False		annotated	mod	DNA methylase	L	L	ko:K00571,ko:K07316	-	N6_N4_Mtase,TypeIII_RM_meth
group_3551	Other lineages	Other_lineages_enriched	70	157	240	261	-0.4736803572735925	-0.5175744299512097	9.212807401149847e-27	4.944223037874626e-26	2.369822915577008e-23	True	False		annotated	-	protein histidine kinase activity	T	T	ko:K07706	ko02020,ko02024,map02020,map02024	HATPase_c_5,SPOB_a
group_3555	Lineages 8/10	L8L10_enriched	39	157	1	261	0.2445762256875808	0.2997610275813999	1.1628835388804684e-15	1.0015651176785739e-13	8.041939154601693e-14	True	False		annotated	-	COG COG1961 Site-specific recombinases, DNA invertase Pin homologs	L	L	-	-	Resolvase
group_3558	Other lineages	Other_lineages_enriched	2	157	107	261	-0.3972228323205701	-0.4977596335756248	1.175556210091416e-25	9.02685161012012e-20	9.347846675184631e-23	True	False		annotated	-	AAA domain	L	L	-	-	AAA_23
group_356	Lineages 8/10	L8L10_enriched	40	157	0	261	0.2547770700636942	0.3223140495867768	7.411189250556636e-18	9.886651962946371e-15	4.4001164241179123e-16	True	False		annotated	-	-	-	NO_COG	-	-	DDE_Tnp_1,DDE_Tnp_1_6,DUF772
group_3569	Lineages 8/10	L8L10_enriched	65	157	5	261	0.3948556507308978	0.4530020910086627	3.117153203242542e-24	1.2991295956426472e-22	4.735778762683605e-21	True	False		valid_protein_no_eggnog_annotation				NO_COG			
group_3572	Other lineages	Other_lineages_enriched	16	157	129	261	-0.3923420455377406	-0.5309668425769193	2.3558112283557308e-17	1.6770331991131976e-15	2.8925094401784335e-22	True	False		annotated	-	protein encoded in hypervariable junctions of pilus gene clusters	S	S	-	-	HicB
group_3586	Lineages 8/10	L8L10_enriched	53	157	5	261	0.3184225297117895	0.2794483720003983	3.2307477914672795e-20	3.2646644355693034e-19	2.020621168565952e-11	True	False		annotated	-	Phage tail protein	S	S	-	-	Sipho_tail
group_3587	Other lineages	Other_lineages_enriched	1	157	89	261	-0.3346267418307831	-0.4314945733346609	2.8473942394861543e-22	9.938055457736114e-17	4.981768289536014e-19	True	False		annotated	hsdM	type I restriction-modification system	V	V	ko:K03427	-	HsdM_N,N6_Mtase
group_3612	Other lineages	Other_lineages_enriched	4	157	103	261	-0.3691583083193011	-0.4428457632181619	9.443057988094717e-22	1.9447007192962597e-17	1.37548789417073e-17	True	False		annotated	-	-	-	NO_COG	-	-	-
group_3617	Lineages 8/10	L8L10_enriched	42	157	1	261	0.2636845059423579	0.2667031763417305	5.797401596472653e-18	4.85740383736939e-16	4.386560071491132e-12	True	False		valid_protein_no_eggnog_annotation				NO_COG			
group_3621	Other lineages	Other_lineages_enriched	34	157	118	261	-0.2355467701393464	-0.3202728268445683	1.81889397110413e-05	2.699625504725004e-05	8.280062204502751e-09	True	False		valid_protein_no_eggnog_annotation				NO_COG			
group_3623	Other lineages	Other_lineages_enriched	1	157	78	261	-0.2924811479610513	-0.220651199840685	9.27400428103944e-16	7.178601114716e-12	1.4379772510631353e-08	True	False		annotated	-	Domain of unknown function (DUF2479)	S	S	-	-	DUF2479,Pectate_lyase_3
group_3625	Lineages 8/10	L8L10_enriched	135	157	112	261	0.430753837518608	0.467937867171164	5.469486732510914e-19	2.1244550971470195e-17	3.0033694182629703e-15	True	False		valid_protein_no_eggnog_annotation				NO_COG			
group_3629	Lineages 8/10	L8L10_enriched	37	157	0	261	0.2356687898089172	0.2148760330578512	4.250086217011301e-18	1.6838257616982288e-15	2.179080763964744e-10	True	False		valid_protein_no_eggnog_annotation				NO_COG			
group_363	Other lineages	Other_lineages_enriched	1	157	117	261	-0.4419064353173731	-0.6784825251418899	1.9016630121032115e-37	1.7140343360517407e-29	7.630732021292331e-36	True	False		annotated	-	-	-	NO_COG	-	-	-
group_3635	Lineages 8/10	L8L10_enriched	57	157	0	261	0.3630573248407643	0.4545454545454545	1.9356475473719038e-26	6.569128443530914e-22	6.319872434374125e-24	True	False		valid_protein_no_eggnog_annotation				NO_COG			
group_3638	Lineages 8/10	L8L10_enriched	40	157	0	261	0.2547770700636942	0.3140495867768595	5.9840837783292264e-18	7.15242861423342e-15	1.206238812818531e-15	True	False		valid_protein_no_eggnog_annotation				NO_COG			
group_3641	Lineages 8/10	L8L10_enriched	37	157	0	261	0.2356687898089172	0.2892561983471074	1.4678661002990575e-16	1.0000116155758081e-13	2.8328382928871314e-14	True	False		annotated	-	EXOIII	L	L	-	-	RNase_T
group_365	Other lineages	Other_lineages_enriched	1	157	104	261	-0.3920980061985992	-0.5941451757442996	5.278585940343938e-31	3.996608128824848e-24	2.3638420168436367e-29	True	False		annotated	-	phosphorelay sensor kinase activity	T	T	ko:K16923	-	ECF_trnsprt
group_366	Other lineages	Other_lineages_enriched	1	157	106	261	-0.3997608414476413	-0.6182415612864682	1.5954049829771492e-32	1.5853167131407772e-25	5.175095962843188e-31	True	False		annotated	-	SMI1 / KNR4 family (SUKH-1)	G	G	-	-	SMI1_KNR4
group_3661	Lineages 8/10	L8L10_enriched	45	157	5	261	0.2674671156990507	0.2839291048491487	1.0898951639141261e-14	5.798148657348126e-14	1.3172808707236011e-10	True	False		annotated	-	transposase, IS605 OrfB family	L	L	ko:K07496	-	HTH_OrfB_IS605,OrfB_IS605,OrfB_Zn_ribbon
group_3668	Lineages 8/10	L8L10_enriched	48	157	4	261	0.2904068135783488	0.3598526336751966	1.1578367612573962e-16	1.6232524892498004e-15	2.7065181049991954e-16	True	False		annotated	-	Transposase	L	L	-	-	DDE_Tnp_1,DDE_Tnp_1_6,DUF772
group_367	Other lineages	Other_lineages_enriched	1	157	75	261	-0.2809868950874881	-0.4254704769491187	5.447681161170226e-20	2.1509727835309645e-15	1.158468422420374e-18	True	False		annotated	-	MULE transposase domain	L	L	-	-	Transposase_mut
group_3685	Other lineages	Other_lineages_enriched	44	157	141	261	-0.2599751079874076	-0.251518470576521	3.155601402435583e-08	6.323603294151331e-08	7.754509711790113e-05	True	False		valid_protein_no_eggnog_annotation				NO_COG			
group_3693	Other lineages	Other_lineages_enriched	0	157	138	261	-0.5287356321839081	-0.4578313253012048	1.5976614848696675e-35	2.41765671879418e-26	1.3619743010317404e-21	True	False		annotated	-	Phage tail protein	S	S	-	-	Sipho_tail
group_3701	Lineages 8/10	L8L10_enriched	36	157	0	261	0.2292993630573248	0.2066115702479339	1.1336016591046764e-17	3.7916998639973236e-15	5.47361816171629e-10	True	False		valid_protein_no_eggnog_annotation				NO_COG			
group_3709	Lineages 8/10	L8L10_enriched	35	157	1	261	0.2190985186812114	0.2749676391516479	8.687013916127786e-14	4.254526396992535e-12	1.638932253719791e-12	True	False		annotated	-	Transposase and inactivated derivatives, IS30 family	L	L	-	-	HTH_38,rve
group_3739	Lineages 8/10	L8L10_enriched	93	157	26	261	0.4927398296605412	0.5046798765309171	6.755423170913812e-26	1.858906153416112e-25	2.133979967669065e-19	True	False		annotated	-	TIGRFAM transposase, IS605 OrfB family, central region	L	L	ko:K07496	-	OrfB_IS605,OrfB_Zn_ribbon
group_3741	Lineages 8/10	L8L10_enriched	43	157	1	261	0.2700539326939503	0.2336453251020611	1.8244639359981402e-19	1.5869700074312982e-17	2.0633791733279866e-10	True	False		valid_protein_no_eggnog_annotation				NO_COG			
group_3760	Lineages 8/10	L8L10_enriched	52	157	0	261	0.3312101910828025	0.2809917355371901	1.1148152113345716e-26	7.835670085701271e-23	7.96258854822839e-14	True	False		valid_protein_no_eggnog_annotation				NO_COG			
group_3775	Lineages 8/10	L8L10_enriched	38	157	0	261	0.2420382165605095	0.2975206611570248	5.0560039248206425e-17	4.17433319224787e-14	1.0079685354394644e-14	True	False		annotated	tnpR1	Resolvase, N terminal domain	L	L	-	-	Resolvase
group_3781	Other lineages	Other_lineages_enriched	19	157	186	261	-0.5916245698806648	-0.6433336652394703	7.502480759182582e-34	1.324140022460299e-30	1.109756711690456e-27	True	False		annotated	-	Transposase IS66 family	L	L	ko:K07498	-	DDE_Tnp_IS240
group_3782	Lineages 8/10	L8L10_enriched	79	157	14	261	0.4495448666325011	0.574579308971423	2.711702998528644e-24	6.105304543590836e-23	1.7909132186363233e-24	True	False		annotated	-	-	-	NO_COG	-	-	-
group_3785	Other lineages	Other_lineages_enriched	1	157	98	261	-0.3691095004514728	-0.5519765010455043	3.7134782065761883e-28	9.426055806068034e-22	2.241898784564386e-26	True	False		annotated	repA	Replication initiator protein A	S	S	-	-	RepA_N
group_3789	Lineages 8/10	L8L10_enriched	85	157	53	261	0.3383361397857334	0.2413123568654784	4.369958642247088e-11	4.6850188069972394e-11	0.0001108529537483	True	False		valid_protein_no_eggnog_annotation				NO_COG			
group_3802	Lineages 8/10	L8L10_enriched	66	157	44	261	0.2517997901261684	0.2190580503833516	7.352182269867796e-09	6.933546716882794e-09	6.138180930692325e-05	True	False		annotated	-	Type III restriction enzyme, res subunit	L	L	-	-	Eco57I,ResIII,T5orf172
group_3818	Lineages 8/10	L8L10_enriched	60	157	43	261	0.2174146472411353	0.2106442298118092	1.4971652643234922e-05	1.376499516869785e-05	0.0003482029211889	True	False		annotated	-	Probable transposase	L	L	-	-	OrfB_IS605,OrfB_Zn_ribbon
group_3822	Other lineages	Other_lineages_enriched	13	157	106	261	-0.3233277204285331	-0.51906800756746	1.0686308813800568e-19	9.518771168600544e-18	7.437177549585687e-19	True	False		annotated	B4168_4126	Transposase	L	L	ko:K07493	-	Transposase_mut
group_3825	Lineages 8/10	L8L10_enriched	63	157	2	261	0.3936110501012763	0.3493478044409041	5.284138961848541e-29	3.704530856525672e-26	1.5854036694807583e-16	True	False		valid_protein_no_eggnog_annotation				NO_COG			
group_3829	Other lineages	Other_lineages_enriched	9	157	75	261	-0.2300314810747492	-0.2147764612167678	2.6614347140902812e-09	3.84638091742708e-08	1.4788764480275158e-05	True	False		annotated	-	Cro/C1-type HTH DNA-binding domain	K	K	-	-	HTH_26,HTH_3
group_3836	Lineages 8/10	L8L10_enriched	88	157	48	261	0.3766015081631159	0.2616250124464802	1.4832780998285318e-13	1.560529829092143e-13	2.381836573075428e-05	True	False		valid_protein_no_eggnog_annotation				NO_COG			
group_3837	Other lineages	Other_lineages_enriched	4	157	71	261	-0.2465529443346267	-0.3569650502837797	9.790526024660417e-14	2.759476175872652e-11	3.0550498975778296e-14	True	False		annotated	qor	Belongs to the zinc-containing alcohol dehydrogenase family. Quinone oxidoreductase subfamily	C	C	ko:K00001,ko:K00344	ko00010,ko00071,ko00350,ko00625,ko00626,ko00830,ko00980,ko00982,ko01100,ko01110,ko01120,ko01130,ko01220,map00010,map00071,map00350,map00625,map00626,map00830,map00980,map00982,map01100,map01110,map01120,map01130,map01220	ADH_N,ADH_zinc_N,ADH_zinc_N_2
group_3844	Lineages 8/10	L8L10_enriched	56	157	2	261	0.3490250628401298	0.4177038733446181	1.3506375841614252e-22	3.92468377472851e-20	1.215174478231425e-19	True	False		annotated	repB	Initiator Replication protein	L	L	-	-	Rep_3
group_3845	Lineages 8/10	L8L10_enriched	32	157	0	261	0.2038216560509554	0.1735537190082644	5.532431939597132e-16	9.030286477825071e-14	2.0972911899447048e-08	True	False		valid_protein_no_eggnog_annotation				NO_COG			
group_3851	Lineages 8/10	L8L10_enriched	135	157	85	261	0.534202113380677	0.6576222244349298	1.8271765510846199e-28	7.353271889576419e-26	4.8479933009312164e-29	True	False		annotated	vpr	PA domain	DO	D;O	ko:K01361,ko:K14647	ko02024,map02024	FIVAR,FlgD_ig,Inhibitor_I9,PA,Peptidase_S8,SLH,YSIRK_signal,fn3_5
group_3859	Lineages 8/10	L8L10_enriched	55	157	7	261	0.3234985479659321	0.2794483720003983	3.5013866330690374e-20	2.1425196227277836e-19	2.020621168565952e-11	True	False		annotated	yokH	SMI1 / KNR4 family	G	G	-	-	SMI1_KNR4
group_3860	Lineages 8/10	L8L10_enriched	71	157	11	261	0.4100837054933255	0.3996315841879916	2.8550868899442373e-24	1.736519346219672e-23	1.0133507299817976e-16	True	False		annotated	-	Transcription regulator MerR DNA binding	K	K	-	-	MerR_1
group_3862	Lineages 8/10	L8L10_enriched	72	157	42	261	0.2976791858847646	0.2459424474758538	1.9859424030034256e-09	1.7371463127125627e-09	3.834076688172789e-05	True	False		valid_protein_no_eggnog_annotation				NO_COG			
group_3868	Lineages 8/10	L8L10_enriched	76	157	16	261	0.4227737511286819	0.3454147167181121	4.831202508128257e-23	1.379501682251824e-22	7.265614916822503e-11	True	False		valid_protein_no_eggnog_annotation				NO_COG			
group_3878	Lineages 8/10	L8L10_enriched	50	157	25	261	0.222685896966591	0.2228417803445185	4.33032583371055e-07	3.855644795182973e-07	4.162421323053672e-05	True	False		annotated	-	-	-	NO_COG	-	-	-
group_3879	Other lineages	Other_lineages_enriched	2	157	64	261	-0.2324718744661639	-0.3471572239370706	1.6395939852074564e-14	1.6757509839983435e-11	1.5981222668110758e-14	True	False		annotated	-	-	-	NO_COG	-	-	-
group_3886	Lineages 8/10	L8L10_enriched	33	157	1	261	0.2063596651780267	0.2253808622921438	1.9129746467522662e-13	5.199616362241449e-12	5.331610754836913e-10	True	False		annotated	-	protein of Mannheimia haemolytica PHL213 UniRef RepID A7JSI2_PASHA	S	S	-	-	MazG
group_3902	Lineages 8/10	L8L10_enriched	49	157	10	261	0.2737877345828147	0.2019814796375584	1.9813235215680975e-14	2.891919533462879e-14	4.911555776846782e-06	True	False		valid_protein_no_eggnog_annotation				NO_COG			
group_398	Other lineages	Other_lineages_enriched	1	157	137	261	-0.5185347878077946	-0.4457831325301205	7.753474079849683e-33	2.483828024066143e-25	8.561442757820423e-21	True	False		valid_protein_no_eggnog_annotation				NO_COG			
group_424	Other lineages	Other_lineages_enriched	41	157	153	261	-0.3250603997364374	-0.4109329881509509	5.6749365096027035e-11	1.5661542169697014e-10	3.4604435246758837e-11	True	False		annotated	-	-	-	NO_COG	-	-	-
group_439	Lineages 8/10	L8L10_enriched	47	157	5	261	0.2802059692022354	0.3372996116698197	1.971122289866476e-15	1.339897795303238e-14	2.0729465142578482e-14	True	False		valid_protein_no_eggnog_annotation				NO_COG			
group_440	Other lineages	Other_lineages_enriched	6	157	97	261	-0.3334309490689899	-0.4263168375983271	8.768496088414729e-19	1.4661293166362838e-15	1.0391233172252354e-15	True	False		annotated	-	PTS system, Lactose/Cellobiose specific IIB subunit	G	G	ko:K02774	ko00052,ko01100,ko02060,map00052,map01100,map02060	PTS_IIB
group_441	Lineages 8/10	L8L10_enriched	56	157	0	261	0.3566878980891719	0.3140495867768595	1.5553047122821711e-28	2.164179012007497e-24	1.206238812818531e-15	True	False		annotated	yneR	-	-	NO_COG	-	-	-
group_453	Other lineages	Other_lineages_enriched	1	157	115	261	-0.434243600068331	-0.6724584287563478	8.191146645086054e-37	4.557957965551415e-29	2.3406988437992501e-35	True	False		annotated	-	NUDIX domain	F	F	-	-	NUDIX
group_465	Other lineages	Other_lineages_enriched	2	157	110	261	-0.4087170851941333	-0.4857114408045404	8.55410995292067e-26	7.36027415783042e-20	3.204355749461077e-22	True	False		annotated	-	glutamate:sodium symporter activity	E	E	-	-	-
group_467	Other lineages	Other_lineages_enriched	38	157	250	261	-0.7158161895697586	-0.6971522453450164	7.088582570606923e-56	9.077464615087944e-51	1.959164789378064e-37	True	False		annotated	-	6-pyruvoyl tetrahydropterin synthase	H	H	ko:K01737	ko00790,ko01100,map00790,map01100	PTPS
group_468	Other lineages	Other_lineages_enriched	46	157	131	261	-0.2089220782390121	-0.2973215174748581	1.1516896435549194e-05	1.6842512644424685e-05	2.558666601018184e-06	True	False		valid_protein_no_eggnog_annotation				NO_COG			
group_486	Other lineages	Other_lineages_enriched	0	157	99	261	-0.3793103448275862	-0.4698795180722891	6.376937099223487e-27	2.748027030244141e-19	2.3452610706560327e-22	True	False		annotated	-	Transposase IS116/IS110/IS902 family	L	L	-	-	DEDD_Tnp_IS110,Transposase_20
group_4879	Other lineages	Other_lineages_enriched	89	157	252	261	-0.3986382604875906	-0.3681170964851139	8.229578970143113e-26	1.4027794725538262e-24	9.33679793747704e-17	True	False		valid_protein_no_eggnog_annotation				NO_COG			
group_500	Other lineages	Other_lineages_enriched	1	157	59	261	-0.2196842130951509	-0.1626506024096385	2.5406151501012703e-11	1.4581633328013636e-08	6.226918270393833e-07	True	False		annotated	-	-	-	NO_COG	-	-	ParE_toxin
group_508	Lineages 8/10	L8L10_enriched	39	157	0	261	0.2484076433121019	0.3223140495867768	2.6591486658292894e-17	3.3325716081559575e-14	4.4001164241179123e-16	True	False		valid_protein_no_eggnog_annotation				NO_COG			
group_512	Other lineages	Other_lineages_enriched	15	157	104	261	-0.3029260316763061	-0.3910186199342825	5.538460322237592e-13	1.3779118064708382e-11	3.158855765849174e-12	True	False		annotated	-	transcriptional regulator (TetR family)	K	K	-	-	TetR_N
group_513	Other lineages	Other_lineages_enriched	75	157	256	261	-0.5031359055079678	-0.4650502837797471	3.0198727498423224e-37	5.001481520553397e-34	1.978454737703236e-23	True	False		annotated	-	-	-	NO_COG	-	-	-
group_5351	Lineages 8/10	L8L10_enriched	32	157	0	261	0.2038216560509554	0.140495867768595	4.003942906128949e-17	6.131489629801838e-15	8.056104227351869e-07	True	False		valid_protein_no_eggnog_annotation				NO_COG			
group_536	Lineages 8/10	L8L10_enriched	36	157	0	261	0.2292993630573248	0.2727272727272727	3.1683438879153206e-16	1.6359255910046447e-13	2.2432260621108165e-13	True	False		annotated	tetR	Bacterial regulatory proteins, tetR family	K	K	-	-	TetR_C_8,TetR_N
group_571	Lineages 8/10	L8L10_enriched	139	157	101	261	0.4983771383947092	0.4775963357562482	5.552193296332879e-23	5.419889033068561e-21	3.301151515551742e-17	True	False		annotated	-	protein encoded in hypervariable junctions of pilus gene clusters	S	S	-	-	Arc,HicB
group_590	Other lineages	Other_lineages_enriched	0	157	53	261	-0.2030651340996168	-0.1385542168674698	1.0631098961004708e-11	3.4679215575940524e-08	7.405505132697814e-06	True	False		annotated	-	Transposase and inactivated derivatives, IS30 family DNA replication, recombination, and repair	L	L	-	-	HTH_38,rve
group_594	Other lineages	Other_lineages_enriched	21	157	98	261	-0.2417209654196256	-0.3068306282983172	3.4584339672300663e-09	1.7192286669237725e-08	1.503385635961427e-07	True	False		annotated	-	Glycosyl transferases group 1	G	G	-	-	Glyco_transf_4,Glycos_transf_1
group_608	Lineages 8/10	L8L10_enriched	37	157	1	261	0.2318373721843961	0.2832321019615652	9.212235912968216e-15	5.575859663383593e-13	6.070103266430135e-13	True	False		annotated	-	NADPH-dependent FMN reductase	S	S	ko:K00299	ko00740,ko00920,ko01100,map00740,map00920,map01100	FMN_red
group_612	Other lineages	Other_lineages_enriched	16	157	101	261	-0.2850623520511506	-0.3992830827441999	8.078437710793948e-12	1.2065695098952834e-10	4.77149954994075e-13	True	False		annotated	-	ABC-2 family transporter protein	S	S	-	-	-
group_6600	Lineages 8/10	L8L10_enriched	34	157	1	261	0.212729091929619	0.2644628099173554	1.3818628945494153e-13	4.968798756241066e-12	6.070103266430135e-13	True	False		annotated	-	Aminoglycoside-2''-adenylyltransferase	J	J	-	-	Aminoglyc_resit
group_6601	Lineages 8/10	L8L10_enriched	37	157	2	261	0.228005954559875	0.3057851239669421	1.4454404960478818e-13	2.862682567823973e-12	3.481936372405777e-15	True	False		annotated	-	Transposase	L	L	-	-	DDE_Tnp_IS1595
group_661	Lineages 8/10	L8L10_enriched	88	157	52	261	0.3612758376650316	0.2578412824853132	2.08287416526962e-12	2.490507752395043e-12	4.173081630504707e-05	True	False		valid_protein_no_eggnog_annotation				NO_COG			
group_667	Lineages 8/10	L8L10_enriched	70	157	17	261	0.3807257729946067	0.3416309867569451	1.6646193257704033e-18	2.5365274850923943e-18	1.9772723354806604e-10	True	False		annotated	-	-	-	NO_COG	-	-	-
group_677	Lineages 8/10	L8L10_enriched	60	157	18	261	0.3132000878541621	0.2605297221945634	1.0728547038513504e-14	1.0730723058322798e-14	1.418357113733256e-07	True	False		annotated	-	-	-	NO_COG	-	-	-
group_6777	Lineages 8/10	L8L10_enriched	70	157	18	261	0.3768943553700856	0.3853430249925321	4.267636725681382e-20	8.966347357175988e-20	1.7263639894317813e-15	True	False		valid_protein_no_eggnog_annotation				NO_COG			
group_684	Other lineages	Other_lineages_enriched	1	157	105	261	-0.3959294238231203	-0.6122174649009261	4.5826964193116784e-32	3.696459445933126e-25	1.8586653236095588e-30	True	False		annotated	-	COG3279 Response regulator of the LytR AlgR family	K	K	ko:K07705	ko02020,map02020	LytTR
group_686	Other lineages	Other_lineages_enriched	1	157	137	261	-0.5185347878077946	-0.4457831325301205	7.753474079849683e-33	2.483828024066143e-25	8.561442757820423e-21	True	False		annotated	-	Phage tail tube protein	S	S	-	-	Phage_TTP_1
group_69	Lineages 8/10	L8L10_enriched	32	157	0	261	0.2038216560509554	0.256198347107438	3.387988922689889e-14	9.372378678169678e-12	1.638932253719791e-12	True	False		annotated	-	Transposase and inactivated derivatives, IS30 family	L	L	-	-	HTH_38,rve
group_697	Other lineages	Other_lineages_enriched	0	157	57	261	-0.2183908045977011	-0.1987951807228915	3.1098463760086843e-13	2.784566547576694e-09	1.923085864963789e-08	True	False		annotated	-	Bacteriophage HK97-gp10, putative tail-component	S	S	-	-	HK97-gp10_like
group_702	Lineages 8/10	L8L10_enriched	32	157	0	261	0.2038216560509554	0.256198347107438	3.387988922689889e-14	9.372378678169678e-12	1.638932253719791e-12	True	False		annotated	-	Helix-turn-helix domain	K	K	-	-	HTH_3,HTH_31
group_723	Lineages 8/10	L8L10_enriched	39	157	1	261	0.2445762256875808	0.2005874738623917	9.041038182773662e-18	4.508544967042387e-16	7.382525681555043e-09	True	False		valid_protein_no_eggnog_annotation				NO_COG			
group_727	Other lineages	Other_lineages_enriched	16	157	102	261	-0.2888937696756717	-0.3992830827441999	5.960208250977116e-12	9.275886078011392e-11	4.77149954994075e-13	True	False		valid_protein_no_eggnog_annotation				NO_COG			
group_742	Lineages 8/10	L8L10_enriched	62	157	11	261	0.3527588647289943	0.3703574629094892	8.1317634072592e-20	2.2933932168095203e-19	3.3109526796511043e-16	True	False		annotated	-	membrane protein (DUF2078)	S	S	ko:K08982	-	SHOCT
group_746	Other lineages	Other_lineages_enriched	0	157	66	261	-0.2528735632183908	-0.2048192771084337	6.477838197476266e-15	1.5286790320726804e-10	9.768123656058285e-09	True	False		valid_protein_no_eggnog_annotation				NO_COG			
group_764	Other lineages	Other_lineages_enriched	0	157	60	261	-0.2298850574712643	-0.3554216867469879	2.398458110990334e-17	1.2596115613646256e-12	7.291715385515332e-16	True	False		annotated	-	Bacterial regulatory proteins, tetR family	K	K	-	-	TetR_N
group_768	Other lineages	Other_lineages_enriched	18	157	106	261	-0.2914805866705713	-0.3534800358458627	2.441960451250377e-12	3.5989233600780665e-11	1.188431268637364e-09	True	False		annotated	hsdR	Subunit R is required for both nuclease and ATPase activities, but not for modification	V	V	ko:K01153	-	EcoR124_C,HSDR_N,ResIII
group_78	Lineages 8/10	L8L10_enriched	50	157	11	261	0.276325743709886	0.3538285372896544	2.638927692240568e-13	4.143186998024414e-13	2.5871798009520747e-15	True	False		annotated	-	Integrase core domain	L	L	-	-	HTH_38,rve
group_785	Lineages 8/10	L8L10_enriched	64	157	49	261	0.2199038485003782	0.128696604600219	5.483610410904613e-06	4.963631071436303e-06	0.0384043711042414	True	False		valid_protein_no_eggnog_annotation				NO_COG			
group_793	Lineages 8/10	L8L10_enriched	61	157	11	261	0.3463894379774019	0.3703574629094892	3.5513333023216344e-19	8.898788861724597e-19	3.3109526796511043e-16	True	False		annotated	-	Domain of unknown function DUF302	S	S	-	-	DUF302
group_795	Other lineages	Other_lineages_enriched	0	157	59	261	-0.2260536398467433	-0.180722891566265	2.616722267639404e-13	2.3975841903840076e-09	1.4647007565728398e-07	True	False		annotated	-	-	-	NO_COG	-	-	-
group_798	Lineages 8/10	L8L10_enriched	59	157	15	261	0.318324913976133	0.2687941850044807	3.1984914050457147e-15	3.7916998639973236e-15	7.007511851187923e-08	True	False		annotated	-	-	-	NO_COG	-	-	-
group_805	Lineages 8/10	L8L10_enriched	38	157	1	261	0.2382067989359884	0.1923230110524743	2.396536006049601e-17	1.0285326944464716e-15	1.815028049029212e-08	True	False		annotated	-	HicA toxin of bacterial toxin-antitoxin,	S	S	-	-	HicA_toxin
group_811	Lineages 8/10	L8L10_enriched	121	157	8	261	0.7400492959465066	0.7377775565070198	1.1355720128917604e-61	1.1724205890164802e-54	3.838914516527443e-44	True	False		annotated	-	PFAM regulatory protein TetR	K	K	-	-	TetR_C_8,TetR_N
group_827	Other lineages	Other_lineages_enriched	16	157	211	261	-0.7065182907484687	-0.6953101662849746	1.0564551263172812e-47	7.426064172068813e-43	3.61637460786557e-32	True	False		annotated	-	PTS system sorbose subfamily IIB component	G	G	ko:K02794	ko00051,ko00520,ko01100,ko02060,map00051,map00520,map01100,map02060	PTSIIB_sorb
group_829	Other lineages	Other_lineages_enriched	25	157	110	261	-0.2622202699075091	-0.3106143582594842	6.0527965980656085e-09	2.3444867020051172e-08	1.800262378782579e-07	True	False		annotated	-	Core-2/I-Branching enzyme	M	M	-	-	Branch
group_851	Other lineages	Other_lineages_enriched	41	157	135	261	-0.2560948824950582	-0.3725480434133227	3.72396303096597e-08	7.828413501989057e-08	1.7506958494531311e-09	True	False		annotated	-	-	-	NO_COG	-	-	-
group_853	Lineages 8/10	L8L10_enriched	77	157	16	261	0.4291431778802743	0.4409538982375784	1.3480476748691555e-24	5.793267772684156e-24	3.9507507058423535e-19	True	False		annotated	-	type I restriction modification DNA specificity domain	V	V	-	-	Methylase_S
group_855	Other lineages	Other_lineages_enriched	0	157	62	261	-0.2375478927203065	-0.1626506024096385	1.2707353986651494e-13	1.230565488361787e-09	6.226918270393833e-07	True	False		valid_protein_no_eggnog_annotation				NO_COG			
group_8643	Lineages 8/10	L8L10_enriched	44	157	19	261	0.2074578422041633	0.2868664741611072	2.314499401205713e-07	1.967772406453581e-07	3.315522596377084e-09	True	False		valid_protein_no_eggnog_annotation				NO_COG			
group_8649	Lineages 8/10	L8L10_enriched	74	157	3	261	0.4598433267442712	0.5025888678681669	2.219905563376107e-31	1.9444665757871086e-28	3.831845256337016e-24	True	False		valid_protein_no_eggnog_annotation				NO_COG			
group_866	Lineages 8/10	L8L10_enriched	89	157	53	261	0.3638138467921029	0.2661057452952305	1.5689701875970265e-12	1.9253760564597654e-12	1.731623556419021e-05	True	False		valid_protein_no_eggnog_annotation				NO_COG			
group_867	Lineages 8/10	L8L10_enriched	88	157	53	261	0.3574444200405105	0.2578412824853132	3.518907152491124e-12	4.238719655393911e-12	4.173081630504707e-05	True	False		valid_protein_no_eggnog_annotation				NO_COG			
group_878	Lineages 8/10	L8L10_enriched	67	157	48	261	0.2428435463796764	0.2264761525440605	2.868767828557893e-07	2.566623973217044e-07	9.29326272775458e-05	True	False		annotated	-	Bifunctional DNA primase/polymerase, N-terminal	S	S	-	-	PriCT_1,Prim-Pol
group_883	Lineages 8/10	L8L10_enriched	38	157	1	261	0.2382067989359884	0.2914965647714826	3.312075033563547e-15	2.4294865283386016e-13	2.2432260621108165e-13	True	False		annotated	-	Exporter of polyketide antibiotics	M	M	ko:K01992	-	-
group_895	Other lineages	Other_lineages_enriched	0	157	118	261	-0.4521072796934866	-0.6927710843373494	2.805165193689058e-40	1.0933899527016058e-30	4.148477355182178e-38	True	False		annotated	-	-	-	NO_COG	-	-	-
group_900	Other lineages	Other_lineages_enriched	34	157	132	261	-0.2891866168826415	-0.3145474459822762	1.143202786685641e-09	3.5670443614186463e-09	3.430320581591723e-07	True	False		annotated	-	LysM domain	M	M	-	-	-
group_904	Other lineages	Other_lineages_enriched	23	157	174	261	-0.5201698513800425	-0.6133625410733845	8.072267529297093e-31	1.8889594953393963e-27	1.2319668126251343e-24	True	False		annotated	-	Acetyltransferase (GNAT) family	K	K	-	-	Acetyltransf_1,Acetyltransf_7,Acetyltransf_9
group_912	Lineages 8/10	L8L10_enriched	75	157	0	261	0.4777070063694267	0.4132231404958678	1.593244752329127e-40	2.6834976890115547e-34	2.1615372002756737e-21	True	False		valid_protein_no_eggnog_annotation				NO_COG			
group_9155	Other lineages	Other_lineages_enriched	0	157	121	261	-0.4636015325670498	-0.5542168674698795	7.852497651195195e-34	1.6804352620593283e-24	9.474951120271258e-28	True	False		valid_protein_no_eggnog_annotation				NO_COG			
group_916	Other lineages	Other_lineages_enriched	1	157	58	261	-0.2158527954706298	-0.1566265060240964	4.5260284974690325e-11	2.213335323050552e-08	1.144142934420767e-06	True	False		annotated	-	-	-	NO_COG	-	-	-
group_9164	Other lineages	Other_lineages_enriched	25	157	228	261	-0.7143275496009958	-0.7744697799462312	7.322643657869171e-52	9.125786095911387e-47	1.7615452869951993e-42	True	False		valid_protein_no_eggnog_annotation				NO_COG			
group_924	Lineages 8/10	L8L10_enriched	49	157	16	261	0.2507992288356883	0.2395200637259782	7.643609608318801e-11	7.068944055854527e-11	4.413279050404512e-07	True	False		annotated	-	-	-	NO_COG	-	-	-
group_935	Other lineages	Other_lineages_enriched	117	157	261	261	-0.2547770700636943	-0.256198347107438	5.646224269976712e-19	4.018790135236123e-16	1.638932253719791e-12	True	False		annotated	-	LytTr DNA-binding domain	K	K	-	-	LytTR
group_94	Lineages 8/10	L8L10_enriched	36	157	3	261	0.2178051101837616	0.2629194463805636	3.1980561647146388e-12	2.8542421257433125e-11	1.3116360366724548e-10	True	False		annotated	-	Belongs to the 'phage' integrase family	L	L	-	-	Phage_int_SAM_5,Phage_integrase
group_944	Other lineages	Other_lineages_enriched	97	157	239	261	-0.2978744173560778	-0.3297321517474858	1.2286816266313698e-13	1.1999550533340441e-13	3.521586156683594e-12	True	False		annotated	-	Transposase	L	L	ko:K07483	-	HTH_Tnp_1
group_951	Other lineages	Other_lineages_enriched	1	157	138	261	-0.5223662054323157	-0.4457831325301205	3.804709179857205e-33	1.3394683789374122e-25	8.561442757820423e-21	True	False		annotated	-	Phage tail assembly chaperone proteins, TAC	S	S	-	-	Phage_TAC_3
group_954	Lineages 8/10	L8L10_enriched	36	157	0	261	0.2292993630573248	0.2892561983471074	5.364121754256743e-16	3.3928271427202413e-13	2.8328382928871314e-14	True	False		valid_protein_no_eggnog_annotation				NO_COG			
group_957	Other lineages	Other_lineages_enriched	2	157	102	261	-0.3780657441979647	-0.4676391516479139	7.671827523862475e-24	2.319469667093811e-18	4.488936676066258e-21	True	False		valid_protein_no_eggnog_annotation				NO_COG			
group_967	Lineages 8/10	L8L10_enriched	80	157	26	261	0.4099372818898406	0.396395499352783	2.7197552166804184e-18	3.1941971670461687e-18	4.042885317795992e-12	True	False		valid_protein_no_eggnog_annotation				NO_COG			
group_989	Other lineages	Other_lineages_enriched	106	157	250	261	-0.2826951704614784	-0.2959772976202329	6.548011493478858e-15	9.273101069288392e-15	3.0132330305258426e-12	True	False		annotated	-	Xylose isomerase-like TIM barrel	G	G	-	-	AP_endonuc_2
group_992	Other lineages	Other_lineages_enriched	2	157	99	261	-0.3665714913244015	-0.4533505924524544	2.38575335718871e-23	5.151314625503373e-18	1.8840095680000245e-19	True	False		annotated	-	Glycosyl transferase family 2	M	M	-	-	Glyco_tranf_2_4
group_998	Other lineages	Other_lineages_enriched	6	157	94	261	-0.3219366961954267	-0.4082445484417006	8.326938815300253e-18	8.999591181915243e-15	1.2961151020957509e-14	True	False		valid_protein_no_eggnog_annotation				NO_COG			
gspA_2~~~gspA	Lineages 8/10	L8L10_enriched	95	157	1	261	0.6012641237767528	0.6633973912177636	1.2254385112050502e-47	1.7179619536507654e-41	1.0329019149832772e-37	True	False		annotated	-	Domain of unknown function (DUF4422)	M	M	-	-	DUF4422,Glyco_transf_8
gspB	Lineages 8/10	L8L10_enriched	93	157	3	261	0.580862435024526	0.6430847356367619	4.4056626969792e-43	1.27305488570929e-38	2.6304866444630464e-34	True	False		valid_protein_no_eggnog_annotation				NO_COG			
gtf3_1~~~gtf3_2~~~gtf3_3~~~gtf3_4	Lineages 8/10	L8L10_enriched	41	157	2	261	0.2534836615662444	0.2358856915264363	1.4293468817200034e-16	2.841623309701084e-15	7.216532587886695e-10	True	False		annotated	-	transferase activity, transferring glycosyl groups	M	M	-	-	-
gtf3_2~~~gtf3_1~~~gtf3_3	Lineages 8/10	L8L10_enriched	81	157	1	261	0.5120921492544598	0.5642238374987554	1.7397781684741555e-38	1.0743328689004955e-33	3.4269412539420165e-30	True	False		annotated	nss	transferase activity, transferring glycosyl groups	M	M	-	-	Glycos_transf_1
gtf3_3~~~gtf3_5~~~gtf3_1~~~gtf3_4~~~gtf3_2	Lineages 8/10	L8L10_enriched	95	157	1	261	0.6012641237767528	0.6633973912177636	1.2254385112050502e-47	1.7179619536507654e-41	1.0329019149832772e-37	True	False		annotated	-	transferase activity, transferring glycosyl groups	M	M	-	-	-
gtf3_4~~~gtf3_5~~~gtf3_1~~~gtf3_3~~~gtf3_2	Lineages 8/10	L8L10_enriched	55	157	1	261	0.3464870537130585	0.3989345813004082	1.1446537851865102e-23	9.87247028279235e-21	2.100560502712341e-19	True	False		annotated	nss	transferase activity, transferring glycosyl groups	M	M	-	-	Glycos_transf_1
gtfB_2~~~gtfB~~~gtfB_1	Lineages 8/10	L8L10_enriched	111	157	2	261	0.6993435341777094	0.7482823857413123	8.54769594921137e-58	1.0724260199116654e-50	3.838914516527443e-44	True	False		annotated	gtf2	A stabilizing protein that is part of the accessory SecA2 SecY2 system specifically required to export serine-rich repeat cell wall proteins usually encoded upstream in the same operon. Stabilizes the glycosylation activity of Gtf1	M	M	-	-	-
hchA	Other lineages	Other_lineages_enriched	42	157	236	261	-0.6366986358200941	-0.5752763118590063	2.8516578789677164e-41	4.6836206922179036e-39	1.516563095910603e-23	True	False		annotated	-	DJ-1/PfpI family	S	S	-	-	DJ-1_PfpI
hmo	Lineages 8/10	L8L10_enriched	107	157	4	261	0.6662029919222978	0.6182913472070098	3.741555169484441e-54	2.698721592963892e-48	2.3774163960285403e-32	True	False		annotated	lctO	FMN-dependent dehydrogenase	C	C	ko:K00467,ko:K10530	ko00620,map00620	FMN_dh
hrtA~~~ytrE	Lineages 8/10	L8L10_enriched	138	157	138	261	0.3502452595358372	0.4746589664442896	6.90867497784149e-16	2.539755912330251e-14	4.434646123314869e-16	True	False		annotated	lolD	ABC transporter, ATP-binding protein	V	V	ko:K02003	-	ABC_tran
hsdR~~~hsdR_1	Lineages 8/10	L8L10_enriched	77	157	16	261	0.4291431778802743	0.4409538982375784	1.3480476748691555e-24	5.793267772684156e-24	3.9507507058423535e-19	True	False		annotated	hsdR	Subunit R is required for both nuclease and ATPase activities, but not for modification	L	L	ko:K01153	-	EcoR124_C,HSDR_N,Methylase_S,ResIII
hutI	Other lineages	Other_lineages_enriched	2	157	110	261	-0.4087170851941333	-0.4857114408045404	8.55410995292067e-26	7.36027415783042e-20	3.204355749461077e-22	True	False		annotated	-	Imidazolonepropionase and related amidohydrolases	Q	Q	-	-	Amidohydro_1
icaA	Other lineages	Other_lineages_enriched	38	157	250	261	-0.7158161895697586	-0.6971522453450164	7.088582570606923e-56	9.077464615087944e-51	1.959164789378064e-37	True	False		annotated	icaA	Glycosyl transferase family group 2	M	M	-	-	Chitin_synth_2,Glyco_tranf_2_3,Glyco_trans_2_3,Glycos_transf_2
ifcA~~~urdA_3~~~hcaB~~~urdA_2	Other lineages	Other_lineages_enriched	106	157	250	261	-0.2826951704614784	-0.2877128348103156	4.125937948877014e-15	6.077483400340229e-15	7.658708255174146e-12	True	False		annotated	-	FAD binding domain	C	C	ko:K00239,ko:K00244	ko00020,ko00190,ko00620,ko00650,ko00720,ko01100,ko01110,ko01120,ko01130,ko01200,ko02020,ko05134,map00020,map00190,map00620,map00650,map00720,map01100,map01110,map01120,map01130,map01200,map02020,map05134	FAD_binding_2,FMN_bind,FMN_red,Succ_DH_flav_C
immR	Lineages 8/10	L8L10_enriched	47	157	15	261	0.2418917929570246	0.2741212785024395	2.2034063695350414e-10	2.044199827376697e-10	4.036768068739698e-09	True	False		annotated	-	Helix-turn-helix domain	K	K	-	-	HTH_19,HTH_3
insK~~~insK_1~~~insK_2	Other lineages	Other_lineages_enriched	95	157	238	261	-0.3067818532347415	-0.3319725181718609	4.9504647168183555e-14	4.857219154929448e-14	6.4955381160254536e-12	True	False		annotated	-	Integrase core domain	L	L	ko:K07497	-	HTH_21,rve,rve_3
kdgR~~~kipR	Other lineages	Other_lineages_enriched	9	157	126	261	-0.425433779925324	-0.4707258787214976	1.7192695853656077e-21	2.569621057017821e-18	1.856362215020612e-18	True	False		annotated	-	helix_turn_helix isocitrate lyase regulation	K	K	-	-	HTH_IclR,IclR
ldhD_2~~~ldhD	Other lineages	Other_lineages_enriched	9	157	126	261	-0.425433779925324	-0.4707258787214976	1.7192695853656077e-21	2.569621057017821e-18	1.856362215020612e-18	True	False		annotated	-	Belongs to the D-isomer specific 2-hydroxyacid dehydrogenase family	CH	C;H	ko:K03778	ko00620,ko01120,map00620,map01120	2-Hacid_dh,2-Hacid_dh_C
levS	Lineages 8/10	L8L10_enriched	76	157	11	261	0.4419308392512873	0.4063526834611172	2.0067349461236696e-26	1.6557242340526852e-25	8.132459823475464e-16	True	False		annotated	-	Pfam Lipase (class 3)	I	I	-	-	DUF2974,Lipase_3
lexA_1~~~lexA_2~~~lexA_3~~~lexA	Other lineages	Other_lineages_enriched	22	157	89	261	-0.2008687800473436	-0.116299910385343	3.910994904300978e-05	7.238559680201339e-05	0.0318815419054534	True	False		annotated	-	Peptidase S24-like	K	K	-	-	HTH_3,Peptidase_S24
lgt_1	Lineages 8/10	L8L10_enriched	49	157	11	261	0.2699563169582936	0.3538285372896544	7.942022446557788e-13	1.268017733979783e-12	2.5871798009520747e-15	True	False		annotated	lgt	Transfers the N-acyl diglyceride group on what will become the N-terminal cysteine of membrane lipoproteins	M	M	ko:K13292	-	LGT
ligA_1~~~ligA_3	Lineages 8/10	L8L10_enriched	85	157	49	261	0.3536618102838177	0.236831624016728	2.815977177827911e-12	3.1959668175699894e-12	0.0001562394111059	True	False		annotated	-	Exonuclease	L	L	ko:K02342	ko00230,ko00240,ko01100,ko03030,ko03430,ko03440,map00230,map00240,map01100,map03030,map03430,map03440	BRCT,RNase_T
ltrA	Other lineages	Other_lineages_enriched	4	157	164	261	-0.6028747834150865	-0.6536891367121378	2.2496676466596427e-41	1.685495613500968e-33	1.4749728088890463e-31	True	False		annotated	-	PFAM RNA-directed DNA polymerase (Reverse transcriptase)	L	L	ko:K00986	-	GIIM,RVT_1
malL~~~malL_1~~~malL_2	Other lineages	Other_lineages_enriched	16	157	213	261	-0.7141811259975108	-0.6953101662849746	1.85759877811828e-48	1.2146785831151777e-43	3.61637460786557e-32	True	False		annotated	malL	Alpha amylase, catalytic domain protein	G	G	ko:K01182	ko00052,ko00500,ko01100,map00052,map00500,map01100	Alpha-amylase,Malt_amylase_C
manZ_2~~~manZ	Other lineages	Other_lineages_enriched	16	157	211	261	-0.7065182907484687	-0.6953101662849746	1.0564551263172812e-47	7.426064172068813e-43	3.61637460786557e-32	True	False		annotated	-	PTS system mannose/fructose/sorbose family IID component	G	G	ko:K02796	ko00051,ko00520,ko01100,ko02060,map00051,map00520,map01100,map02060	EIID-AGA
mdtD	Other lineages	Other_lineages_enriched	0	157	100	261	-0.3831417624521073	-0.572289156626506	3.4763820887653233e-31	3.797715645939109e-23	8.689594496497424e-29	True	False		annotated	-	Major Facilitator	EGP	E;G;P	-	-	MFS_1
metB~~~metC	Other lineages	Other_lineages_enriched	112	157	259	261	-0.278961368572614	-0.2892561983471075	1.6867485951409199e-18	5.4952942459679456e-17	2.8328382928871314e-14	True	False		annotated	mccB	cystathionine	E	E	ko:K01760,ko:K17217	ko00260,ko00270,ko00450,ko00920,ko01100,ko01110,ko01130,ko01230,map00260,map00270,map00450,map00920,map01100,map01110,map01130,map01230	Cys_Met_Meta_PP
metN_1~~~metN~~~metN_2	Other lineages	Other_lineages_enriched	83	157	261	261	-0.4713375796178344	-0.3636363636363636	7.417107284808029e-43	1.7247711222018427e-35	1.856362215020612e-18	True	False		annotated	metN	Part of the ABC transporter complex MetNIQ involved in methionine import. Responsible for energy coupling to the transport system	P	P	ko:K02071	ko02010,map02010	ABC_tran,NIL
metP_2	Other lineages	Other_lineages_enriched	83	157	261	261	-0.4713375796178344	-0.3636363636363636	7.417107284808029e-43	1.7247711222018427e-35	1.856362215020612e-18	True	False		annotated	metI	ABC transporter permease	P	P	ko:K02072	ko02010,map02010	BPD_transp_1
metQ_1~~~metQ	Other lineages	Other_lineages_enriched	83	157	261	261	-0.4713375796178344	-0.3636363636363636	7.417107284808029e-43	1.7247711222018427e-35	1.856362215020612e-18	True	False		annotated	metQ	Belongs to the nlpA lipoprotein family	P	P	ko:K02073	ko02010,map02010	Lipoprotein_9
mobA	Other lineages	Other_lineages_enriched	1	157	124	261	-0.4687263586890207	-0.7146271034551429	9.762851954816655e-41	4.2956475239239183e-32	1.0726391885016651e-38	True	False		annotated	traA	MobA MobL family protein	L	L	-	-	MobA_MobL
mshA_2~~~mshA_3~~~mshA_1	Other lineages	Other_lineages_enriched	4	157	210	261	-0.7791199941430559	-0.8125560091606093	6.375063457032643e-62	1.4438507297470693e-51	3.114038323681474e-47	True	False		annotated	-	Glycosyl transferase	M	M	-	-	Glyco_transf_4,Glycos_transf_1
murJ_2~~~murJ_1~~~rfbX_2~~~murJ_3	Other lineages	Other_lineages_enriched	9	157	108	261	-0.3564682626839446	-0.4278602011351189	2.769139967480546e-18	1.4952679370958509e-15	4.607053065961807e-15	True	False		annotated	-	Polysaccharide biosynthesis protein	Q	Q	-	-	Polysacc_synt,Polysacc_synt_3,Polysacc_synt_C
nagZ~~~nagZ_2~~~nagZ_1	Other lineages	Other_lineages_enriched	69	157	216	261	-0.3880957610366791	-0.4099870556606591	4.387874309192303e-18	1.184194969672086e-17	1.787006278906529e-13	True	False		annotated	nagZ	Glycosyl hydrolase family 3 N terminal domain	G	G	ko:K01207	ko00520,ko00531,ko01100,ko01501,map00520,map00531,map01100,map01501	DUF4309,Glyco_hydro_3
nanB~~~nanB_1~~~nanB_2	Lineages 8/10	L8L10_enriched	34	157	0	261	0.2165605095541401	0.1818181818181818	4.474227894261691e-17	1.0163636363350511e-14	8.300154802129652e-09	True	False		annotated	nanB	BNR repeat-like domain	G	G	ko:K01186	ko00511,ko00600,ko04142,map00511,map00600,map04142	BNR,BNR_2,Sialidase
nfrA~~~nfrA1~~~nfrA_2~~~frp~~~nfrA1_1~~~nfrA1_2~~~nfsA~~~frp_1	Lineages 8/10	L8L10_enriched	137	157	138	261	0.3438758327842448	0.4746589664442896	3.6310070125030544e-15	9.771297575685897e-14	4.434646123314869e-16	True	False		annotated	nfrA	nitroreductase	C	C	ko:K19285	ko00740,ko01100,map00740,map01100	Nitroreductase
nisB_1~~~nisB_2~~~nisB	Other lineages	Other_lineages_enriched	2	157	96	261	-0.3550772384508383	-0.4495668624912874	2.6773656864266404e-22	3.3910918575339946e-17	7.610944032317131e-20	True	False		annotated	bsaB	Lantibiotic dehydratase, C terminus	S	S	ko:K20483	ko02020,ko02024,map02020,map02024	Lant_dehydr_C,Lant_dehydr_N
nisC	Other lineages	Other_lineages_enriched	2	157	100	261	-0.3704029089489226	-0.4676391516479139	1.648322628119845e-23	3.950422468139621e-18	4.488936676066258e-21	True	False		annotated	spaC1	Lanthionine synthetase C-like protein	V	V	ko:K20484	ko02020,ko02024,map02020,map02024	LANC_like
nisZ	Other lineages	Other_lineages_enriched	2	157	102	261	-0.3780657441979647	-0.4676391516479139	7.671827523862475e-24	2.319469667093811e-18	4.488936676066258e-21	True	False		annotated	-	Lanthionine-containing peptide antibiotic (lantibiotic) active on Gram-positive bacteria. The bactericidal activity of lantibiotics is based on depolarization of energized bacterial cytoplasmic membranes, initiated by the formation of aqueous transmembrane pores	S	S	ko:K20482	ko02020,ko02024,map02020,map02024	Gallidermin
noxE~~~noxE_1~~~noxE_2	Lineages 8/10	L8L10_enriched	154	157	199	261	0.2184396124655294	0.1318331175943442	1.001683798294486e-09	6.554219113184336e-08	0.0005085579118958	True	False		annotated	noxE	Pyridine nucleotide-disulphide oxidoreductase, dimerisation domain	S	S	-	-	Pyr_redox_2,Pyr_redox_dim
nudG	Other lineages	Other_lineages_enriched	42	157	240	261	-0.6520243063181785	-0.652743204221846	1.3520855167474589e-43	3.5465100427700057e-41	4.24267052409187e-31	True	False		annotated	mutT	NUDIX domain	L	L	ko:K03574	-	NUDIX
pglA~~~cotSA_2	Other lineages	Other_lineages_enriched	16	157	246	261	-0.8406179076067062	-0.8646818679677387	7.42775653340478e-72	3.830141599352819e-63	2.5660984801765613e-54	True	False		annotated	-	Glycosyl transferases group 1	M	M	-	-	Glyco_trans_4_2,Glycos_transf_1
pglC_1~~~pglC~~~pglC_2	Other lineages	Other_lineages_enriched	17	157	247	261	-0.8380798984796349	-0.8564174051578214	1.4021356189186697e-71	4.538495274130513e-63	2.4740750225585023e-53	True	False		annotated	-	sugar transferase	M	M	-	-	Bac_transf
pglD~~~pglD_2	Other lineages	Other_lineages_enriched	16	157	246	261	-0.8406179076067062	-0.8646818679677387	7.42775653340478e-72	3.830141599352819e-63	2.5660984801765613e-54	True	False		annotated	-	Bacterial transferase hexapeptide (six repeats)	S	S	ko:K19429	-	Hexapep
pglF_2~~~pglF_1~~~pglF~~~epsN~~~epsN_2~~~arnB	Other lineages	Other_lineages_enriched	16	157	247	261	-0.8444493252312273	-0.8646818679677387	2.1887868413809734e-72	1.5352829448678246e-63	2.5660984801765613e-54	True	False		annotated	capD	Polysaccharide biosynthesis protein	GM	G;M	-	-	CoA_binding_3,Polysacc_synt_2
pglJ~~~pglJ_2~~~pglA_1~~~mshA_3~~~epsF~~~mshA_5~~~mshA_2	Other lineages	Other_lineages_enriched	16	157	242	261	-0.825292237108622	-0.8586577715821966	7.512432070563468e-69	1.0967056629878268e-60	2.4740750225585023e-53	True	False		annotated	-	Glycosyltransferase Family 4	M	M	-	-	Glyco_transf_4,Glycos_transf_1
pinR	Lineages 8/10	L8L10_enriched	58	157	4	261	0.3541010810942723	0.3725978293338643	7.67778972506834e-22	2.710653405648745e-20	9.34310613876756e-16	True	False		annotated	-	recombinase activity	L	L	-	-	HTH_7,Resolvase
pinR_1	Lineages 8/10	L8L10_enriched	97	157	5	261	0.5986773067818532	0.6310365428656776	2.64690754495855e-43	1.2376591449889662e-39	4.984908200646827e-32	True	False		annotated	tnpR1	Resolvase, N terminal domain	L	L	-	-	HTH_24,HTH_7,Resolvase
pncB2_1~~~pncB2_2~~~pncB	Other lineages	Other_lineages_enriched	1	157	114	261	-0.4304121824438099	-0.6664343323708055	2.5577156718318818e-36	1.180736565662561e-28	7.767687422737662e-35	True	False		annotated	nadC2	Catalyzes the synthesis of beta-nicotinate D- ribonucleotide from nicotinate and 5-phospho-D-ribose 1-phosphate at the expense of ATP	F	F	ko:K00763	ko00760,ko01100,map00760,map01100	NAPRTase
pre~~~pre_2	Lineages 8/10	L8L10_enriched	36	157	0	261	0.2292993630573248	0.2644628099173554	2.349460469459931e-16	1.1031256107708567e-13	6.070103266430135e-13	True	False		annotated	XK26_06135	Plasmid recombination enzyme	D	D	-	-	Mob_Pre
prmC_1~~~prmC_2	Other lineages	Other_lineages_enriched	18	157	104	261	-0.2838177514215291	-0.3534800358458627	4.4574698222808456e-12	6.143165505020248e-11	1.188431268637364e-09	True	False		annotated	hsdM	type I restriction-modification system	V	V	ko:K03427	-	HsdM_N,N6_Mtase
purR_3~~~purR_2~~~ccpA_1	Other lineages	Other_lineages_enriched	16	157	213	261	-0.7141811259975108	-0.6953101662849746	1.85759877811828e-48	1.2146785831151777e-43	3.61637460786557e-32	True	False		annotated	-	helix_turn _helix lactose operon repressor	K	K	ko:K02529	-	LacI,Peripla_BP_1,Peripla_BP_3
qacA~~~ribZ_1~~~ribZ_2	Other lineages	Other_lineages_enriched	22	157	116	261	-0.3043170559094126	-0.4092402668525341	4.979535614945776e-13	6.556425399258371e-12	9.324680117652657e-12	True	False		annotated	-	Major Facilitator Superfamily	EGP	E;G;P	ko:K08166	-	MFS_1
qmcA_2~~~qmcA	Lineages 8/10	L8L10_enriched	140	157	101	261	0.5047465651463017	0.4775963357562482	9.158194132460669e-24	1.360765100315455e-21	3.301151515551742e-17	True	False		annotated	hflC	prohibitin homologues	O	O	ko:K04087	-	Band_7
qorB_2~~~qorB~~~mshA_3~~~mshA_4~~~mshA_2~~~mshA_1~~~epsD~~~mshA	Other lineages	Other_lineages_enriched	18	157	234	261	-0.7819020426092687	-0.8120083640346509	2.1316746061768836e-60	4.7992570813707695e-54	3.5990273524563975e-46	True	False		annotated	-	Glycosyl transferases group 1	M	M	-	-	Glycos_transf_1
rapA_2~~~rapA~~~rapA_1	Lineages 8/10	L8L10_enriched	40	157	4	261	0.2394513995656099	0.2403664243751867	1.2920934970226048e-13	6.518300645367884e-13	6.195697769821809e-09	True	False		annotated	-	SNF2 family N-terminal domain	L	L	-	-	Helicase_C,PLDc_2,ResIII,SNF2_N
rclA_3~~~rclA_2~~~rclA_1	Other lineages	Other_lineages_enriched	1	157	118	261	-0.4457378529418942	-0.684506621527432	5.776201242892612e-38	6.595078950427125e-30	3.55858057132249e-36	True	False		annotated	-	Pyridine nucleotide-disulfide oxidoreductase	C	C	ko:K00383,ko:K21739	ko00480,ko04918,map00480,map04918	Pyr_redox_2,Pyr_redox_dim
rfbX~~~murJ_3	Lineages 8/10	L8L10_enriched	60	157	42	261	0.2212460648656563	0.1693219157622224	5.3329628292739255e-06	4.718005069074477e-06	0.0040357525694779	True	False		annotated	cps1C	Membrane protein involved in the export of O-antigen and teichoic acid	S	S	ko:K03328	-	Polysacc_synt,Polysacc_synt_C
rutB	Other lineages	Other_lineages_enriched	0	157	109	261	-0.4176245210727969	-0.6385542168674698	8.065706043096608e-36	4.93245363813368e-27	7.973200390802402e-34	True	False		annotated	pncA	Isochorismatase family	Q	Q	-	-	Isochorismatase
sasA_1~~~sasA_4~~~sasA_2	Other lineages	Other_lineages_enriched	16	157	101	261	-0.2850623520511506	-0.3992830827441999	8.078437710793948e-12	1.2065695098952834e-10	4.77149954994075e-13	True	False		annotated	spaK	His Kinase A (phosphoacceptor) domain	T	T	ko:K20487	ko02020,ko02024,map02020,map02024	HATPase_c,HisKA
sasA_3~~~resE~~~sasA_1	Lineages 8/10	L8L10_enriched	49	157	11	261	0.2699563169582936	0.3538285372896544	7.942022446557788e-13	1.268017733979783e-12	2.5871798009520747e-15	True	False		annotated	hpk7	Histidine kinase	T	T	ko:K10681	ko02020,map02020	HAMP,HATPase_c,HisKA
sdpI	Lineages 8/10	L8L10_enriched	50	157	0	261	0.3184713375796178	0.2809917355371901	3.762081740505392e-25	1.6194921546427587e-21	7.96258854822839e-14	True	False		valid_protein_no_eggnog_annotation				NO_COG			
secA_2~~~secA_3	Lineages 8/10	L8L10_enriched	33	157	1	261	0.2063596651780267	0.2253808622921438	1.9129746467522662e-13	5.199616362241449e-12	5.331610754836913e-10	True	False		annotated	secA2	Part of the Sec protein translocase complex. Interacts with the SecYEG preprotein conducting channel. Has a central role in coupling the hydrolysis of ATP to the transfer of proteins into and across the cell membrane, serving as an ATP-driven molecular motor driving the stepwise translocation of polypeptide chains across the membrane	U	U	ko:K03070	ko02024,ko03060,ko03070,map02024,map03060,map03070	SecA_DEAD,SecA_PP_bind,SecA_SW
secA_3~~~secA_1~~~secA_2~~~secA	Lineages 8/10	L8L10_enriched	105	157	1	261	0.6649583912926763	0.7047197052673504	6.488652224358416e-55	7.857632933284998e-48	3.4685283202646416e-41	True	False		annotated	secA2	Part of the Sec protein translocase complex. Interacts with the SecYEG preprotein conducting channel. Has a central role in coupling the hydrolysis of ATP to the transfer of proteins into and across the cell membrane, serving as an ATP-driven molecular motor driving the stepwise translocation of polypeptide chains across the membrane	U	U	ko:K03070	ko02024,ko03060,ko03070,map02024,map03060,map03070	SecA_DEAD,SecA_PP_bind,SecA_SW
secY2~~~secY~~~secY_1~~~secY_2~~~secY2_2	Lineages 8/10	L8L10_enriched	112	157	27	261	0.609927520316275	0.7000896146569751	6.432597977996649e-37	2.0479795190535802e-35	2.1020513281289764e-35	True	False		annotated	secY	The central subunit of the protein translocation channel SecYEG. Consists of two halves formed by TMs 1-5 and 6-10. These two domains form a lateral gate at the front which open onto the bilayer between TMs 2 and 7, and are clamped together by SecE at the back. The channel is closed by both a pore ring composed of hydrophobic SecY resides and a short helix (helix 2A) on the extracellular side of the membrane which forms a plug. The plug probably moves laterally to allow the channel to open. The ring and the pore may move independently	U	U	ko:K03076	ko02024,ko03060,ko03070,map02024,map03060,map03070	SecY
sglT	Other lineages	Other_lineages_enriched	107	157	253	261	-0.2878199965834492	-0.2937369311958577	2.73058242017411e-16	6.566221643014004e-16	9.631258388308997e-13	True	False		annotated	-	Belongs to the sodium solute symporter (SSF) (TC 2.A.21) family	E	E	ko:K03307	-	SSF
sle1_1~~~sle1	Other lineages	Other_lineages_enriched	42	157	136	261	-0.2535568733679869	-0.1596136612565966	8.592900006970574e-07	1.3797140144063244e-06	0.0131265718535742	True	False		annotated	-	Glycosyl hydrolases family 25	M	M	-	-	Glyco_hydro_25,LysM,SH3_5
smc_1~~~smc_4~~~toxB~~~toxA~~~smc_7~~~toxB_1	Lineages 8/10	L8L10_enriched	39	157	1	261	0.2445762256875808	0.2749676391516479	5.248584097227972e-16	3.4411341630937907e-14	1.638932253719791e-12	True	False		annotated	-	Glycosyl hydrolases family 25	M	M	-	-	CW_binding_1,Glyco_hydro_25,SH3_5,SH3_8
smc_2~~~smc_1~~~smc_9~~~smc~~~smc_4~~~smc_3	Other lineages	Other_lineages_enriched	13	157	140	261	-0.4535959196622495	-0.4060041820173254	1.4127567597161755e-20	2.517981830691161e-18	2.904077780400081e-14	True	False		annotated	-	Phage tail tape measure protein TP901	L	L	-	-	NLPC_P60,PhageMin_Tail,SLT
smc_3~~~smc_1~~~smc_5~~~smc_4~~~smc_2~~~smc_6	Lineages 8/10	L8L10_enriched	35	157	1	261	0.2190985186812114	0.1757940854326396	7.650988618964232e-16	2.0218865722862133e-14	1.089081476289042e-07	True	False		annotated	-	nuclear chromosome segregation	D	D	-	-	Gram_pos_anchor
smc_3~~~smc_5~~~smc_4~~~smc_7~~~smc_6~~~smc_1~~~smc_2	Lineages 8/10	L8L10_enriched	64	157	52	261	0.208409595626815	0.1278502439510106	7.104258260441315e-05	6.761623751313797e-05	0.0463856215620988	True	False		annotated	-	nuclear chromosome segregation	D	D	-	-	Gram_pos_anchor
smc_3~~~smc_8~~~smc_2~~~smc_4	Lineages 8/10	L8L10_enriched	32	157	0	261	0.2038216560509554	0.2479338842975206	2.5867974311211215e-14	6.590247530504684e-12	4.405989749379632e-12	True	False		annotated	-	nuclear chromosome segregation	D	D	-	-	Gram_pos_anchor
smc_5~~~smc_1~~~smc_6~~~smc_4~~~smc_3~~~smc_2~~~smc_8	Other lineages	Other_lineages_enriched	119	157	252	261	-0.2075554579398199	-0.1532410634272627	1.7738019755343333e-12	2.3924906349673325e-12	3.928630384856723e-06	True	False		annotated	-	-	-	NO_COG	-	-	-
smc_5~~~smc_4~~~smc_3~~~smc_2	Lineages 8/10	L8L10_enriched	76	157	3	261	0.4725821802474559	0.4733147465896644	7.502480759182582e-34	7.949862286441856e-31	6.203634706194677e-24	True	False		annotated	-	nuclear chromosome segregation	D	D	-	-	Gram_pos_anchor
smc_6~~~smc_5~~~smc_7~~~smc_3	Lineages 8/10	L8L10_enriched	101	157	64	261	0.3981013739414794	0.4217365329084934	3.495861944012072e-15	6.1622021091149125e-15	5.01141608867085e-12	True	False		annotated	-	Phage tail tape measure protein TP901	L	L	-	-	NLPC_P60,PhageMin_Tail,SLT
smc_7~~~smc_3	Lineages 8/10	L8L10_enriched	65	157	18	261	0.3450472216121238	0.3018520362441501	1.161029292783715e-16	1.3613575277434675e-16	3.9856429024590256e-09	True	False		annotated	-	Phage tail tape measure protein TP901	L	L	-	-	NLPC_P60,PhageMin_Tail,SLT
smc_9~~~smc_1~~~smc_4~~~smc_5~~~smc_6~~~smc_3~~~smc_2	Lineages 8/10	L8L10_enriched	43	157	6	261	0.2508968445713448	0.223837498755352	2.7380684272978992e-14	6.843122553956419e-14	2.8995073992770266e-08	True	False		annotated	-	EVIDENCE BY HOMOLOGY BIO14.03 Phage related functions and prophages	S	S	-	-	NLPC_P60,PhageMin_Tail,SLT
sorA_3~~~agaC~~~sorA_1	Other lineages	Other_lineages_enriched	16	157	211	261	-0.7065182907484687	-0.6953101662849746	1.0564551263172812e-47	7.426064172068813e-43	3.61637460786557e-32	True	False		annotated	-	PTS system sorbose-specific iic component	G	G	-	-	EII-Sor
spxA_2~~~spxA_1	Lineages 8/10	L8L10_enriched	50	157	11	261	0.276325743709886	0.3538285372896544	2.638927692240568e-13	4.143186998024414e-13	2.5871798009520747e-15	True	False		annotated	-	ArsC family	P	P	-	-	ArsC
srlB	Other lineages	Other_lineages_enriched	118	157	250	261	-0.20626204944237	-0.2050682067111421	1.918931187703321e-10	1.7545869576521727e-10	5.7354840092171176e-08	True	False		annotated	pts38A	PTS system glucitol/sorbitol-specific IIA component	G	G	ko:K02781	ko00051,ko02060,map00051,map02060	PTSIIA_gutA
ssp5_1~~~ssp5~~~ssp5_2	Lineages 8/10	L8L10_enriched	45	157	12	261	0.2406471923274031	0.2477845265358956	2.0798862827735108e-10	2.568245579431553e-10	2.193119430538079e-07	True	False		annotated	pspA	Lytic transglycosylase with a strong preference for naked glycan strands that lack stem peptides	D	D	-	-	Antigen_C,CW_binding_1,GbpC,Gram_pos_anchor,SPOR,Strep_SA_rep
tabA	Lineages 8/10	L8L10_enriched	48	157	1	261	0.301901066451912	0.2832321019615652	1.8433948059775868e-21	3.6768611783895664e-19	6.070103266430135e-13	True	False		annotated	-	single-species biofilm formation	G	G	-	-	DUF386
tagE~~~bshA~~~mshA_5~~~mshA_3~~~mshA_2	Other lineages	Other_lineages_enriched	2	157	116	261	-0.4317055909412597	-0.3351090311659862	2.3597260196892547e-24	3.948502442721688e-19	6.984736690535003e-14	True	False		annotated	-	glycosyl transferase group 1	M	M	-	-	Glycos_transf_1
tagU_2~~~tagU~~~tagU_3~~~tagU_4~~~tagU_1	Other lineages	Other_lineages_enriched	3	157	73	261	-0.2605852063352612	-0.1679776959075973	4.223355809609757e-12	9.052234420689445e-10	1.924983914924576e-05	True	False		annotated	-	Oligosaccharide biosynthesis protein Alg14 like	M	M	-	-	Alg14
tagU_4~~~tagU_3~~~tagU~~~brpA	Lineages 8/10	L8L10_enriched	155	157	199	261	0.2248090392171218	0.144578313253012	1.7851069247337114e-10	2.6644544230860062e-08	3.928630384856723e-06	True	False		annotated	brpA	Cell envelope-like function transcriptional attenuator common domain protein	K	K	-	-	LytR_cpsA_psr
tdh	Lineages 8/10	L8L10_enriched	44	157	3	261	0.2687605241965005	0.2005874738623917	3.215890693706772e-19	4.968284831183694e-18	7.382525681555043e-09	True	False		annotated	-	nadph quinone reductase	C	C	ko:K00001	ko00010,ko00071,ko00350,ko00625,ko00626,ko00830,ko00980,ko00982,ko01100,ko01110,ko01120,ko01130,ko01220,map00010,map00071,map00350,map00625,map00626,map00830,map00980,map00982,map01100,map01110,map01120,map01130,map01220	ADH_N,ADH_zinc_N,ADH_zinc_N_2
tetL~~~hsrA~~~ribZ_1	Lineages 8/10	L8L10_enriched	86	157	1	261	0.5439392830124216	0.555959374688838	3.411554766845112e-42	4.31870889988267e-37	1.3483691879788688e-29	True	True	tet(L)	annotated	tetL	Major Facilitator Superfamily	EGP	E;G;P	ko:K08168	-	MFS_1
tetM_2~~~tetO~~~tetM~~~tetM_1~~~tetM	Lineages 8/10	L8L10_enriched	97	157	5	261	0.5986773067818532	0.6739022204520562	2.64690754495855e-43	1.2376591449889662e-39	1.3384597690081991e-37	True	True	tet(M);tet(O)	annotated	-	Elongation factor	J	J	ko:K18220	-	EFG_C,EFG_II,EFG_IV,GTP_EFTU
tkt_1~~~dxs_1	Other lineages	Other_lineages_enriched	73	157	231	261	-0.4200893183981258	-0.4340834412028279	9.812712293600216e-21	2.0385503293531782e-20	1.020859748271743e-15	True	False		annotated	tkt	Catalyzes the transfer of a two-carbon ketol group from a ketose donor to an aldose acceptor, via a covalent intermediate with the cofactor thiamine pyrophosphate	H	H	ko:K00615	ko00030,ko00710,ko01051,ko01100,ko01110,ko01120,ko01130,ko01200,ko01230,map00030,map00710,map01051,map01100,map01110,map01120,map01130,map01200,map01230	Transket_pyr,Transketolase_C,Transketolase_N
topB_2~~~topB_1~~~topA_2	Lineages 8/10	L8L10_enriched	87	157	53	261	0.3510749932889181	0.2578412824853132	9.247143705521372e-12	1.070287117727544e-11	4.173081630504707e-05	True	False		annotated	topA2	Topoisomerase IA	G	G	ko:K03169	-	Topoisom_bac,Toprim
toxB~~~toxA	Lineages 8/10	L8L10_enriched	90	157	39	261	0.4238231202869902	0.3805635766205317	1.0443870244093929e-18	1.4687566990217793e-18	6.953142022685605e-11	True	False		annotated	-	Glycosyl hydrolases family 25	M	M	-	-	CW_binding_1,Glyco_hydro_25,SH3_5,SH3_8
ucpA~~~hcaB~~~bacC_1	Other lineages	Other_lineages_enriched	104	157	250	261	-0.2954340239646631	-0.3042417604301504	6.789873790922021e-16	1.113813503335475e-15	1.1383369670055698e-12	True	False		annotated	-	Enoyl-(Acyl carrier protein) reductase	IQ	I;Q	ko:K00059	ko00061,ko00333,ko00780,ko01040,ko01100,ko01130,ko01212,map00061,map00333,map00780,map01040,map01100,map01130,map01212	adh_short,adh_short_C2
ugd	Other lineages	Other_lineages_enriched	7	157	137	261	-0.4803182272982405	-0.6054963656278004	1.978197571827514e-29	2.2807971521973124e-24	5.784315782593187e-28	True	False		annotated	ugd	UDP binding domain	M	M	ko:K00012	ko00040,ko00053,ko00520,ko01100,map00040,map00053,map00520,map01100	HTH_3,UDPG_MGDP_dh,UDPG_MGDP_dh_C,UDPG_MGDP_dh_N
ugd~~~hasB~~~ugd_2	Other lineages	Other_lineages_enriched	46	157	250	261	-0.6648607755570197	-0.6580702977198049	1.832064006633048e-48	5.03404308059917e-45	1.3592733754862233e-33	True	False		annotated	-	UDP binding domain	M	M	ko:K00012	ko00040,ko00053,ko00520,ko01100,map00040,map00053,map00520,map01100	HTH_3,UDPG_MGDP_dh,UDPG_MGDP_dh_C,UDPG_MGDP_dh_N
uvrA_2~~~yknY_2	Other lineages	Other_lineages_enriched	22	157	258	261	-0.848378358591405	-0.8700089614656975	1.1815799052752738e-77	9.318447015286108e-67	1.457437320250147e-57	True	False		annotated	-	ABC transporter, ATP-binding protein	V	V	ko:K02003	-	ABC_tran
walR_1	Lineages 8/10	L8L10_enriched	49	157	11	261	0.2699563169582936	0.3538285372896544	7.942022446557788e-13	1.268017733979783e-12	2.5871798009520747e-15	True	False		annotated	-	response regulator	K	K	-	-	Response_reg,Trans_reg_C
wbgU	Other lineages	Other_lineages_enriched	16	157	240	261	-0.8176294018595798	-0.8586577715821966	1.1385627723826946e-67	1.5130766915569644e-59	2.4740750225585023e-53	True	False		annotated	-	RmlD substrate binding domain	GM	G;M	ko:K08679	ko00520,ko01100,map00520,map01100	Epimerase,GDP_Man_Dehyd
wfgD	Other lineages	Other_lineages_enriched	0	157	100	261	-0.3831417624521073	-0.4698795180722891	4.3410250809967456e-27	2.1252225410825213e-19	2.3452610706560327e-22	True	False		annotated	-	Glycosyltransferase like family 2	M	M	-	-	Glycos_transf_2
xerC_1~~~IntTn_2~~~xerD_2~~~xerC_3~~~IntTn~~~xerC_2~~~xerC_10	Lineages 8/10	L8L10_enriched	44	157	5	261	0.2610976889474583	0.3493478044409041	4.7017351855512674e-14	2.6027359094425164e-13	1.5854036694807583e-16	True	False		annotated	-	Belongs to the 'phage' integrase family	L	L	-	-	Arm-DNA-bind_4,Phage_int_SAM_3,Phage_integrase
xerC_1~~~xerC_7~~~xerC_5~~~xerC_2~~~xerC_16	Lineages 8/10	L8L10_enriched	69	157	42	261	0.2785709056299875	0.2421587175146868	3.742264564631463e-08	3.4129838084038734e-08	6.831452639602314e-05	True	False		annotated	-	Belongs to the 'phage' integrase family	L	L	-	-	Phage_int_SAM_5,Phage_integrase
xerC_2~~~xerC_8~~~xerC_4~~~intQ	Lineages 8/10	L8L10_enriched	88	157	54	261	0.3536130024159895	0.2435527232898536	5.938296606796057e-12	7.0530216212583554e-12	0.0001158587725235	True	False		annotated	-	Belongs to the 'phage' integrase family	L	L	-	-	Arm-DNA-bind_4,Phage_int_SAM_3,Phage_integrase
xerC_3~~~IntTn_2~~~IntTn~~~xerC_4~~~xerC_5~~~xerC_6~~~xerC_2~~~xerC_10	Other lineages	Other_lineages_enriched	36	157	140	261	-0.3070991043756253	-0.1993926117693916	5.976934449704687e-09	1.3018007138419692e-08	0.0011680375887465	True	False		annotated	sip	Belongs to the 'phage' integrase family	L	L	-	-	Arm-DNA-bind_4,Phage_int_SAM_3,Phage_integrase
xerC_7~~~xerC_4~~~xerC_1~~~IntTn~~~xerD_3~~~xerD_2~~~xerC_3	Lineages 8/10	L8L10_enriched	53	157	7	261	0.3107596944627473	0.313203226127651	7.528689522196153e-17	3.3582764065528576e-16	3.4604435246758837e-11	True	False		annotated	sip	Belongs to the 'phage' integrase family	L	L	-	-	Arm-DNA-bind_4,Phage_int_SAM_3,Phage_integrase
xerC_7~~~xerC_6~~~xerC_5~~~xerC_10~~~xerC_19~~~xerC_2~~~xerC_4~~~xerC_1~~~xerC_8~~~xerC_12~~~xerC_17~~~xerC_3~~~IntTn_2~~~IntTn_1	Lineages 8/10	L8L10_enriched	64	157	23	261	0.3195207067379262	0.360400278801155	9.578743367216617e-13	1.0847317878450738e-12	3.4604435246758837e-11	True	False		annotated	-	Belongs to the 'phage' integrase family	L	L	-	-	Phage_int_SAM_5,Phage_integrase
xre	Lineages 8/10	L8L10_enriched	43	157	16	261	0.2125826683261341	0.263616449268147	1.3630426552769078e-08	1.145710441589854e-08	4.313381249366373e-09	True	False		annotated	-	Helix-turn-helix domain	K	K	-	-	HTH_19,HTH_3
yciB_1	Other lineages	Other_lineages_enriched	6	157	149	261	-0.5326646655440858	-0.5068704570347506	7.974630585807178e-31	9.973599868529868e-26	7.817808580580186e-21	True	False		annotated	yciB	ErfK YbiS YcfS YnhG	M	M	-	-	YkuD
ydhF	Other lineages	Other_lineages_enriched	72	157	222	261	-0.3919759865290284	-0.4123767798466594	1.1573857302261222e-22	3.384783828821729e-21	2.102741203640305e-16	True	False		annotated	ydhF	Aldo keto reductase	S	S	-	-	Aldo_ket_red
ydhP~~~sotB	Other lineages	Other_lineages_enriched	14	157	177	261	-0.5889889450179369	-0.6214776461216768	1.906288112293972e-35	4.372638857473357e-31	5.465120276511899e-26	True	False		annotated	ytbD	Major Facilitator Superfamily	EGP	E;G;P	ko:K19577	-	MFS_1,Sugar_tr
ydiM_1~~~ydiM_3~~~ydiM_2	Other lineages	Other_lineages_enriched	101	157	251	261	-0.3183737218439613	-0.3267947824355272	4.642361734863046e-18	1.1109705844270456e-17	1.7072610713289735e-14	True	False		annotated	-	Major Facilitator Superfamily	EGP	E;G;P	-	-	MFS_1
ydiN~~~ydiM_1~~~ydiM_2~~~ydiM_3~~~ydiM	Other lineages	Other_lineages_enriched	106	157	251	261	-0.2865265880859995	-0.3020013940057751	1.3166557933181004e-15	2.2416082084752743e-15	3.6205022194498353e-13	True	False		annotated	-	Major Facilitator Superfamily	EGP	E;G;P	-	-	MFS_1
yhdG_2~~~yhdG_3~~~yhdG_4	Lineages 8/10	L8L10_enriched	61	157	0	261	0.3885350318471338	0.3801652892561983	3.7626454310340754e-30	1.0324930179903444e-25	2.04737030293003e-19	True	False		annotated	potE2	amino acid	E	E	ko:K03294	-	AA_permease_2
yhdG_5~~~yhdG_3~~~yhdG_1~~~yhdG_4~~~yhdG_2	Other lineages	Other_lineages_enriched	70	157	249	261	-0.5081631158942821	-0.4755551130140396	1.1462664687272936e-35	4.4075781478396706e-33	3.4502046343047663e-23	True	False		annotated	potE2	amino acid	E	E	ko:K03294	-	AA_permease_2
yiaC_1~~~yiaC~~~yiaC_2	Other lineages	Other_lineages_enriched	62	157	239	261	-0.5208043536618102	-0.4829732151747485	1.3124076155142644e-32	6.336116799777633e-31	7.526302426031059e-20	True	False		annotated	yiaC	Acetyltransferase (GNAT) domain	K	K	ko:K03826	-	Acetyltransf_10,Acetyltransf_7
yjaB	Other lineages	Other_lineages_enriched	34	157	133	261	-0.2930180345071625	-0.1534402071094294	3.8052171583007524e-08	7.683752784114294e-08	0.0140677665705011	True	False		annotated	-	Acetyltransferase (GNAT) domain	K	K	ko:K03827	-	Acetyltransf_10
yjhC	Lineages 8/10	L8L10_enriched	38	157	0	261	0.2420382165605095	0.2148760330578512	8.985711343982338e-19	4.2375135260672246e-16	2.179080763964744e-10	True	False		annotated	-	Oxidoreductase family, C-terminal alpha/beta domain	S	S	-	-	GFO_IDH_MocA,GFO_IDH_MocA_C
yjmB_1~~~yjmB_2~~~yjmB	Lineages 8/10	L8L10_enriched	38	157	0	261	0.2420382165605095	0.2148760330578512	8.985711343982338e-19	4.2375135260672246e-16	2.179080763964744e-10	True	False		annotated	gph	MFS/sugar transport protein	G	G	ko:K03292	-	MFS_2
ynjE	Other lineages	Other_lineages_enriched	40	157	119	261	-0.2011616272543134	-0.1286468186796773	0.0001268680429892	0.0001669568991121	0.0394395353999434	True	False		annotated	-	Rhodanese Homology Domain	P	P	-	-	Rhodanese
ytbE~~~yvgN_2~~~ytbE_1~~~yvgN_3~~~yvgN_4~~~ytbE_2	Other lineages	Other_lineages_enriched	86	157	241	261	-0.3756009468726359	-0.3319725181718609	9.812712293600216e-21	3.0986146748005163e-20	6.4955381160254536e-12	True	False		annotated	ytbE	reductase	S	S	-	-	Aldo_ket_red
ytcD~~~ytcD_1	Other lineages	Other_lineages_enriched	83	157	242	261	-0.398540644751934	-0.356765906601613	1.951526250563071e-22	7.644131536597108e-22	4.580489833370917e-13	True	False		annotated	-	HxlR-like helix-turn-helix	K	K	-	-	HxlR
yveL~~~ywqD_2~~~ywqD	Lineages 8/10	L8L10_enriched	153	157	193	261	0.2350586914610635	0.152145773175346	6.047894697729755e-10	2.91278002574972e-08	2.817607222325726e-05	True	False		annotated	ywqD	Capsular exopolysaccharide family	D	D	-	-	AAA_31,ParA
yvgN_1~~~ytbE_2~~~ytbE~~~yvgN_2	Other lineages	Other_lineages_enriched	71	157	223	261	-0.4021768309051419	-0.4206412426565767	2.1499920891435482e-23	6.860807872621869e-22	7.9966533881401e-17	True	False		annotated	-	Aldo keto reductase	C	C	-	-	Aldo_ket_red
ywqE~~~ywqE_2~~~ywqE_1	Lineages 8/10	L8L10_enriched	155	157	198	261	0.2286404568416429	0.144578313253012	1.1313062371346956e-10	1.8761866754595388e-08	3.928630384856723e-06	True	False		annotated	ywqE	PHP domain protein	GM	G;M	ko:K01104	-	-
yybR~~~yybR_1	Other lineages	Other_lineages_enriched	3	157	58	261	-0.2031139419674451	-0.2846758936572737	2.118147961849938e-11	2.9494469890404598e-09	1.168232365414401e-10	True	False		annotated	ydeP	Transcriptional regulator, HxlR family	K	K	-	-	HxlR
