ARG_hit_id	genome_id	genome_set	is_rep99	genus	species	source_type	ARG_gene	ARG_class
ARGH_000001	LABG_000256	Rep99	yes	Lactobacillus	Lactobacillus panisapium	animal	tet(W)	tetracycline
ARGH_000002	LABG_000349	MQ	no	Lactobacillus	Lactobacillus amylovorus	animal	Streptococcus suis chloramphenicol acetyltransferase	phenicol
ARGH_000003	LABG_000375	MQ	no	Ligilactobacillus	Ligilactobacillus ruminis	human	dfrF	trimethoprim
ARGH_000004	LABG_000375	MQ	no	Ligilactobacillus	Ligilactobacillus ruminis	human	tet(M)	tetracycline
ARGH_000005	LABG_000382	MQ	no	Limosilactobacillus	Limosilactobacillus reuteri_I	animal	tet(B)	tetracycline
ARGH_000006	LABG_000382	MQ	no	Limosilactobacillus	Limosilactobacillus reuteri_I	animal	tetR	tetracycline
ARGH_000007	LABG_000383	MQ	no	Lactobacillus	Lactobacillus sp910589675	animal	ANT(6)-Ib	aminoglycoside
ARGH_000008	LABG_000383	MQ	no	Lactobacillus	Lactobacillus sp910589675	animal	lnuA	MLS
ARGH_000009	LABG_000384	MQ	no	Limosilactobacillus	Limosilactobacillus reuteri	animal	mef(B)	MLS
ARGH_000010	LABG_000384	MQ	no	Limosilactobacillus	Limosilactobacillus reuteri	animal	sul3	sulfonamide
ARGH_000011	LABG_000384	MQ	no	Limosilactobacillus	Limosilactobacillus reuteri	animal	vatE	MLS
ARGH_000012	LABG_000385	MQ	no	Lactobacillus	Lactobacillus amylovorus	animal	ErmA	MLS
ARGH_000013	LABG_000386	MQ	no	Lactobacillus	Lactobacillus sp910589675	animal	fexA	phenicol
ARGH_000014	LABG_000387	MQ	no	Limosilactobacillus	Limosilactobacillus reuteri_I	animal	tet(B)	tetracycline
ARGH_000015	LABG_000387	MQ	no	Limosilactobacillus	Limosilactobacillus reuteri_I	animal	tetR	tetracycline
ARGH_000016	LABG_000388	MQ	no	Lactobacillus	Lactobacillus amylovorus	animal	tet(B)	tetracycline
ARGH_000017	LABG_000388	MQ	no	Lactobacillus	Lactobacillus amylovorus	animal	tetR	tetracycline
ARGH_000018	LABG_000389	MQ	no	Limosilactobacillus	Limosilactobacillus reuteri_I	animal	ErmB	MLS
ARGH_000019	LABG_000390	MQ	no	Lactobacillus	Lactobacillus amylovorus	animal	ErmA	MLS
ARGH_000020	LABG_000391	MQ	no	Lactobacillus	Lactobacillus amylovorus	animal	ErmA	MLS
ARGH_000021	LABG_000391	MQ	no	Lactobacillus	Lactobacillus amylovorus	animal	fexA	phenicol
ARGH_000022	LABG_000392	MQ	no	Limosilactobacillus	Limosilactobacillus reuteri_I	animal	fexA	phenicol
ARGH_000023	LABG_000393	MQ	no	Lactobacillus	Lactobacillus sp945980025	animal	lnuA	MLS
ARGH_000024	LABG_000394	MQ	no	Lactobacillus	Lactobacillus sp910589675	animal	fexA	phenicol
ARGH_000025	LABG_000395	MQ	no	Limosilactobacillus	Limosilactobacillus reuteri_I	animal	vatE	MLS
ARGH_000026	LABG_000396	MQ	no	Lactobacillus	Lactobacillus sp910589675	animal	ErmB	MLS
ARGH_000027	LABG_000397	MQ	no	Limosilactobacillus	Limosilactobacillus reuteri_I	animal	lnuA	MLS
ARGH_000028	LABG_000398	MQ	no	Lactobacillus	Lactobacillus sp945980025	animal	ErmB	MLS
ARGH_000029	LABG_000398	MQ	no	Lactobacillus	Lactobacillus sp945980025	animal	tet(44)	tetracycline
ARGH_000030	LABG_000399	MQ	no	Lactobacillus	Lactobacillus amylovorus	animal	ErmA	MLS
ARGH_000031	LABG_000399	MQ	no	Lactobacillus	Lactobacillus amylovorus	animal	vatE	MLS
ARGH_000032	LABG_000400	Rep99	yes	Lactobacillus	Lactobacillus amylovorus	animal	ErmA	MLS
ARGH_000033	LABG_000401	MQ	no	Lactobacillus	Lactobacillus sp945980025	animal	fexA	phenicol
ARGH_000034	LABG_000401	MQ	no	Lactobacillus	Lactobacillus sp945980025	animal	vatE	MLS
ARGH_000035	LABG_000402	MQ	no	Lactobacillus	Lactobacillus sp910589675	animal	lnuA	MLS
ARGH_000036	LABG_000403	MQ	no	Lactobacillus	Lactobacillus amylovorus	animal	ErmA	MLS
ARGH_000037	LABG_000403	MQ	no	Lactobacillus	Lactobacillus amylovorus	animal	tet(B)	tetracycline
ARGH_000038	LABG_000403	MQ	no	Lactobacillus	Lactobacillus amylovorus	animal	tetR	tetracycline
ARGH_000039	LABG_000404	MQ	no	Limosilactobacillus	Limosilactobacillus reuteri	animal	ErmB	MLS
ARGH_000040	LABG_000404	MQ	no	Limosilactobacillus	Limosilactobacillus reuteri	animal	fexA	phenicol
ARGH_000041	LABG_000405	MQ	no	Lactobacillus	Lactobacillus sp945980025	animal	fexA	phenicol
ARGH_000042	LABG_000406	Rep99	yes	Lactobacillus	Lactobacillus sp910589675	animal	CfxA2	beta-lactam
ARGH_000043	LABG_000406	Rep99	yes	Lactobacillus	Lactobacillus sp910589675	animal	ErmG	MLS
ARGH_000044	LABG_000408	MQ	no	Lactobacillus	Lactobacillus sp910589675	animal	ErmB	MLS
ARGH_000045	LABG_000408	MQ	no	Lactobacillus	Lactobacillus sp910589675	animal	fexA	phenicol
ARGH_000046	LABG_000408	MQ	no	Lactobacillus	Lactobacillus sp910589675	animal	fexB	phenicol
ARGH_000047	LABG_000408	MQ	no	Lactobacillus	Lactobacillus sp910589675	animal	poxtA	multidrug
ARGH_000048	LABG_000409	MQ	no	Limosilactobacillus	Limosilactobacillus reuteri_I	animal	lnuA	MLS
ARGH_000049	LABG_000410	MQ	no	Lactobacillus	Lactobacillus sp910589675	animal	poxtA	multidrug
ARGH_000050	LABG_000411	Rep99	yes	Lactobacillus	Lactobacillus sp910589675	animal	vatE	MLS
ARGH_000051	LABG_000412	MQ	no	Lactobacillus	Lactobacillus sp945980025	animal	poxtA	multidrug
ARGH_000052	LABG_000412	MQ	no	Lactobacillus	Lactobacillus sp945980025	animal	tet(44)	tetracycline
ARGH_000053	LABG_000413	MQ	no	Lactobacillus	Lactobacillus sp910589675	animal	fexB	phenicol
ARGH_000054	LABG_000414	MQ	no	Lactobacillus	Lactobacillus sp910589675	animal	lnuA	MLS
ARGH_000055	LABG_000414	MQ	no	Lactobacillus	Lactobacillus sp910589675	animal	poxtA	multidrug
ARGH_000056	LABG_000415	MQ	no	Limosilactobacillus	Limosilactobacillus reuteri	animal	fexA	phenicol
ARGH_000057	LABG_000415	MQ	no	Limosilactobacillus	Limosilactobacillus reuteri	animal	lnuA	MLS
ARGH_000058	LABG_000416	MQ	no	Lactobacillus	Lactobacillus sp910589675	animal	fexB	phenicol
ARGH_000059	LABG_000416	MQ	no	Lactobacillus	Lactobacillus sp910589675	animal	poxtA	multidrug
ARGH_000060	LABG_000417	Rep99	yes	Lactobacillus	Lactobacillus sp945980025	animal	fexB	phenicol
ARGH_000061	LABG_000418	MQ	no	Limosilactobacillus	Limosilactobacillus reuteri	animal	tet(B)	tetracycline
ARGH_000062	LABG_000418	MQ	no	Limosilactobacillus	Limosilactobacillus reuteri	animal	tetR	tetracycline
ARGH_000063	LABG_000419	MQ	no	Lactobacillus	Lactobacillus amylovorus	animal	aadS	aminoglycoside
ARGH_000064	LABG_000419	MQ	no	Lactobacillus	Lactobacillus amylovorus	animal	EreD	MLS
ARGH_000065	LABG_000419	MQ	no	Lactobacillus	Lactobacillus amylovorus	animal	tet(X)	tetracycline
ARGH_000066	LABG_000419	MQ	no	Lactobacillus	Lactobacillus amylovorus	animal	vatE	MLS
ARGH_000067	LABG_000420	MQ	no	Lactobacillus	Lactobacillus amylovorus	animal	ANT(6)-Ia	aminoglycoside
ARGH_000068	LABG_000420	MQ	no	Lactobacillus	Lactobacillus amylovorus	animal	vatE	MLS
ARGH_000069	LABG_000421	MQ	no	Lactobacillus	Lactobacillus sp910589675	animal	catA8	phenicol
ARGH_000070	LABG_000423	Rep99	yes	Lactobacillus	Lactobacillus amylovorus	animal	fexA	phenicol
ARGH_000071	LABG_000423	Rep99	yes	Lactobacillus	Lactobacillus amylovorus	animal	vatE	MLS
ARGH_000072	LABG_000424	MQ	no	Limosilactobacillus	Limosilactobacillus reuteri_I	animal	Escherichia coli emrE	MLS
ARGH_000073	LABG_000425	MQ	no	Limosilactobacillus	Limosilactobacillus reuteri_I	animal	fexA	phenicol
ARGH_000074	LABG_000425	MQ	no	Limosilactobacillus	Limosilactobacillus reuteri_I	animal	SAT-4	aminoglycoside
ARGH_000075	LABG_000425	MQ	no	Limosilactobacillus	Limosilactobacillus reuteri_I	animal	tet(B)	tetracycline
ARGH_000076	LABG_000425	MQ	no	Limosilactobacillus	Limosilactobacillus reuteri_I	animal	tetR	tetracycline
ARGH_000077	LABG_000426	MQ	no	Lactobacillus	Lactobacillus sp945980025	animal	fexA	phenicol
ARGH_000078	LABG_000427	MQ	no	Lactobacillus	Lactobacillus sp910589675	animal	fexA	phenicol
ARGH_000079	LABG_000428	MQ	no	Limosilactobacillus	Limosilactobacillus reuteri	animal	lnuA	MLS
ARGH_000080	LABG_000429	MQ	no	Lactobacillus	Lactobacillus sp910589675	animal	aad(6)	aminoglycoside
ARGH_000081	LABG_000429	MQ	no	Lactobacillus	Lactobacillus sp910589675	animal	APH(3')-IIIa	aminoglycoside
ARGH_000082	LABG_000429	MQ	no	Lactobacillus	Lactobacillus sp910589675	animal	CfxA2	beta-lactam
ARGH_000083	LABG_000429	MQ	no	Lactobacillus	Lactobacillus sp910589675	animal	ErmB	MLS
ARGH_000084	LABG_000429	MQ	no	Lactobacillus	Lactobacillus sp910589675	animal	SAT-4	aminoglycoside
ARGH_000085	LABG_000429	MQ	no	Lactobacillus	Lactobacillus sp910589675	animal	tet(X)	tetracycline
ARGH_000086	LABG_000430	MQ	no	Limosilactobacillus	Limosilactobacillus reuteri_I	animal	APH(2'')-IIIa	aminoglycoside
ARGH_000087	LABG_000430	MQ	no	Limosilactobacillus	Limosilactobacillus reuteri_I	animal	tet(O)	tetracycline
ARGH_000088	LABG_000431	MQ	no	Lactobacillus	Lactobacillus sp910589675	animal	cmx	phenicol
ARGH_000089	LABG_000431	MQ	no	Lactobacillus	Lactobacillus sp910589675	animal	ErmF	MLS
ARGH_000090	LABG_000431	MQ	no	Lactobacillus	Lactobacillus sp910589675	animal	ErmG	MLS
ARGH_000091	LABG_000431	MQ	no	Lactobacillus	Lactobacillus sp910589675	animal	lnuA	MLS
ARGH_000092	LABG_000431	MQ	no	Lactobacillus	Lactobacillus sp910589675	animal	lnuC	MLS
ARGH_000093	LABG_000431	MQ	no	Lactobacillus	Lactobacillus sp910589675	animal	poxtA	multidrug
ARGH_000094	LABG_000431	MQ	no	Lactobacillus	Lactobacillus sp910589675	animal	SAT-4	aminoglycoside
ARGH_000095	LABG_000432	MQ	no	Lactobacillus	Lactobacillus sp910589675	animal	fexB	phenicol
ARGH_000096	LABG_000433	MQ	no	Ligilactobacillus	Ligilactobacillus animalis	animal	dfrG	trimethoprim
ARGH_000097	LABG_000435	MQ	no	Lactobacillus	Lactobacillus amylovorus	animal	tet(X)	tetracycline
ARGH_000098	LABG_000436	MQ	no	Limosilactobacillus	Limosilactobacillus reuteri	animal	tet(X)	tetracycline
ARGH_000099	LABG_000437	Rep99	yes	Lactobacillus	Lactobacillus sp945980025	animal	fexB	phenicol
ARGH_000100	LABG_000437	Rep99	yes	Lactobacillus	Lactobacillus sp945980025	animal	lnuA	MLS
ARGH_000101	LABG_000444	MQ	no	Limosilactobacillus	Limosilactobacillus reuteri_I	animal	sul2	sulfonamide
ARGH_000102	LABG_000445	MQ	no	Lactobacillus	Lactobacillus sp910589675	animal	fexB	phenicol
ARGH_000103	LABG_000446	Rep99	yes	Ligilactobacillus	Ligilactobacillus agilis	animal	dfrG	trimethoprim
ARGH_000104	LABG_000447	Rep99	yes	Pediococcus	Pediococcus pentosaceus	animal	mef(F)	MLS
ARGH_000105	LABG_000447	Rep99	yes	Pediococcus	Pediococcus pentosaceus	animal	msr(G)	MLS
ARGH_000106	LABG_000448	MQ	no	Lactobacillus	Lactobacillus sp945980025	animal	tet(L)	tetracycline
ARGH_000107	LABG_000449	MQ	no	Ligilactobacillus	Ligilactobacillus animalis	animal	dfrG	trimethoprim
ARGH_000108	LABG_000450	MQ	no	Limosilactobacillus	Limosilactobacillus reuteri_I	animal	fexA	phenicol
ARGH_000109	LABG_000451	MQ	no	Lactobacillus	Lactobacillus sp910589675	animal	fexB	phenicol
ARGH_000110	LABG_000451	MQ	no	Lactobacillus	Lactobacillus sp910589675	animal	lnuB	MLS
ARGH_000111	LABG_000451	MQ	no	Lactobacillus	Lactobacillus sp910589675	animal	lsaE	multidrug
ARGH_000112	LABG_000452	MQ	no	Lactobacillus	Lactobacillus amylovorus	animal	lnuA	MLS
ARGH_000113	LABG_000453	MQ	no	Ligilactobacillus	Ligilactobacillus animalis	animal	dfrG	trimethoprim
ARGH_000114	LABG_000454	MQ	no	Lactobacillus	Lactobacillus amylovorus	animal	dfrA20	trimethoprim
ARGH_000115	LABG_000455	MQ	no	Lactobacillus	Lactobacillus sp910589675	animal	fexB	phenicol
ARGH_000116	LABG_000456	MQ	no	Lactobacillus	Lactobacillus amylovorus	animal	lnuA	MLS
ARGH_000117	LABG_000456	MQ	no	Lactobacillus	Lactobacillus amylovorus	animal	tet(X)	tetracycline
ARGH_000118	LABG_000457	MQ	no	Limosilactobacillus	Limosilactobacillus reuteri	animal	vatE	MLS
ARGH_000119	LABG_000458	MQ	no	Lactobacillus	Lactobacillus sp945980025	animal	ErmA	MLS
ARGH_000120	LABG_000462	MQ	no	Ligilactobacillus	Ligilactobacillus faecis	animal	ErmC	MLS
ARGH_000121	LABG_000464	MQ	no	Limosilactobacillus	Limosilactobacillus reuteri_I	animal	vatE	MLS
ARGH_000122	LABG_000468	MQ	no	Ligilactobacillus	Ligilactobacillus animalis	animal	dfrG	trimethoprim
ARGH_000123	LABG_000469	MQ	no	Ligilactobacillus	Ligilactobacillus faecis	animal	ErmC	MLS
ARGH_000124	LABG_000470	MQ	no	Limosilactobacillus	Limosilactobacillus reuteri_I	animal	vatE	MLS
ARGH_000125	LABG_000471	MQ	no	Lactobacillus	Lactobacillus sp945980025	animal	fexB	phenicol
ARGH_000126	LABG_000472	MQ	no	Limosilactobacillus	Limosilactobacillus reuteri_I	animal	lnuA	MLS
ARGH_000127	LABG_000474	Rep99	yes	Ligilactobacillus	Ligilactobacillus agilis	animal	dfrG	trimethoprim
ARGH_000128	LABG_000477	MQ	no	Lactobacillus	Lactobacillus amylovorus	animal	cfrA	multidrug
ARGH_000129	LABG_000478	Rep99	yes	Lactobacillus	Lactobacillus sp910589675	animal	fexB	phenicol
ARGH_000130	LABG_000479	MQ	no	Lactobacillus	Lactobacillus amylovorus	animal	ErmG	MLS
ARGH_000131	LABG_000479	MQ	no	Lactobacillus	Lactobacillus amylovorus	animal	poxtA	multidrug
ARGH_000132	LABG_000479	MQ	no	Lactobacillus	Lactobacillus amylovorus	animal	vatE	MLS
ARGH_000133	LABG_000480	MQ	no	Lactobacillus	Lactobacillus amylovorus	animal	tet(X4)	tetracycline
ARGH_000134	LABG_000483	Rep99	yes	Lactobacillus	Lactobacillus sp910589675	animal	fexA	phenicol
ARGH_000135	LABG_000484	MQ	no	Ligilactobacillus	Ligilactobacillus animalis	animal	dfrG	trimethoprim
ARGH_000136	LABG_000485	MQ	no	Lactobacillus	Lactobacillus sp945980025	animal	fexB	phenicol
ARGH_000137	LABG_000486	Rep99	yes	Lactobacillus	Lactobacillus sp910589675	animal	fexA	phenicol
ARGH_000138	LABG_000488	Rep99	yes	Lapidilactobacillus	Lapidilactobacillus dextrinicus	animal	tet(B)	tetracycline
ARGH_000139	LABG_000488	Rep99	yes	Lapidilactobacillus	Lapidilactobacillus dextrinicus	animal	tetR	tetracycline
ARGH_000140	LABG_000489	Rep99	yes	Lactobacillus	Lactobacillus sp945980025	animal	fexB	phenicol
ARGH_000141	LABG_000490	MQ	no	Limosilactobacillus	Limosilactobacillus reuteri	animal	fexA	phenicol
ARGH_000142	LABG_000490	MQ	no	Limosilactobacillus	Limosilactobacillus reuteri	animal	tet(32)	tetracycline
ARGH_000143	LABG_000491	Rep99	yes	Lactobacillus	Lactobacillus sp910589675	animal	fexB	phenicol
ARGH_000144	LABG_000492	Rep99	yes	Lactobacillus	Lactobacillus sp910589675	animal	dfrG	trimethoprim
ARGH_000145	LABG_000493	MQ	no	Limosilactobacillus	Limosilactobacillus reuteri_I	animal	fexA	phenicol
ARGH_000146	LABG_000494	MQ	no	Limosilactobacillus	Limosilactobacillus reuteri	animal	lnuA	MLS
ARGH_000147	LABG_000495	MQ	no	Lactobacillus	Lactobacillus sp945980025	animal	fexB	phenicol
ARGH_000148	LABG_000496	MQ	no	Lactobacillus	Lactobacillus sp910589675	animal	fexB	phenicol
ARGH_000149	LABG_000497	Rep99	yes	Lactobacillus	Lactobacillus sp945980025	animal	fexB	phenicol
ARGH_000150	LABG_000498	Rep99	yes	Lactobacillus	Lactobacillus sp910589675	animal	fexB	phenicol
ARGH_000151	LABG_000499	MQ	no	Limosilactobacillus	Limosilactobacillus reuteri	animal	fexA	phenicol
ARGH_000152	LABG_000502	MQ	no	Lactobacillus	Lactobacillus sp945980025	animal	fexB	phenicol
ARGH_000153	LABG_000504	MQ	no	Lactobacillus	Lactobacillus sp945980025	animal	fexB	phenicol
ARGH_000154	LABG_000505	MQ	no	Lactobacillus	Lactobacillus amylovorus	animal	fexA	phenicol
ARGH_000155	LABG_000506	MQ	no	Lactobacillus	Lactobacillus amylovorus	animal	fexA	phenicol
ARGH_000156	LABG_000508	Rep99	yes	Lactobacillus	Lactobacillus sp910589675	animal	fexB	phenicol
ARGH_000157	LABG_000509	MQ	no	Lactobacillus	Lactobacillus sp910589675	animal	fexB	phenicol
ARGH_000158	LABG_000510	Rep99	yes	Lactobacillus	Lactobacillus sp910589675	animal	fexB	phenicol
ARGH_000159	LABG_000513	MQ	no	Ligilactobacillus	Ligilactobacillus animalis	animal	dfrG	trimethoprim
ARGH_000160	LABG_000514	MQ	no	Lactobacillus	Lactobacillus sp910589675	animal	fexB	phenicol
ARGH_000161	LABG_000515	MQ	no	Lactobacillus	Lactobacillus amylovorus	animal	fexA	phenicol
ARGH_000162	LABG_000517	MQ	no	Ligilactobacillus	Ligilactobacillus animalis	animal	dfrG	trimethoprim
ARGH_000163	LABG_000518	MQ	no	Pediococcus	Pediococcus pentosaceus	animal	ANT(9)-Ia	aminoglycoside
ARGH_000164	LABG_000518	MQ	no	Pediococcus	Pediococcus pentosaceus	animal	lnuC	MLS
ARGH_000165	LABG_000520	MQ	no	Limosilactobacillus	Limosilactobacillus reuteri	animal	vatE	MLS
ARGH_000166	LABG_000521	MQ	no	Limosilactobacillus	Limosilactobacillus reuteri	animal	fexA	phenicol
ARGH_000167	LABG_000523	MQ	no	Limosilactobacillus	Limosilactobacillus reuteri_J	animal	Streptococcus suis chloramphenicol acetyltransferase	phenicol
ARGH_000168	LABG_000524	MQ	no	Limosilactobacillus	Limosilactobacillus reuteri_J	animal	vatE	MLS
ARGH_000169	LABG_000525	MQ	no	Limosilactobacillus	Limosilactobacillus intestinavium	animal	APH(3')-Ia	aminoglycoside
ARGH_000170	LABG_000525	MQ	no	Limosilactobacillus	Limosilactobacillus intestinavium	animal	ErmG	MLS
ARGH_000171	LABG_000525	MQ	no	Limosilactobacillus	Limosilactobacillus intestinavium	animal	lnuA	MLS
ARGH_000172	LABG_000525	MQ	no	Limosilactobacillus	Limosilactobacillus intestinavium	animal	lnuB	MLS
ARGH_000173	LABG_000525	MQ	no	Limosilactobacillus	Limosilactobacillus intestinavium	animal	lnuC	MLS
ARGH_000174	LABG_000525	MQ	no	Limosilactobacillus	Limosilactobacillus intestinavium	animal	lnuC	MLS
ARGH_000175	LABG_000525	MQ	no	Limosilactobacillus	Limosilactobacillus intestinavium	animal	lsaE	multidrug
ARGH_000176	LABG_000525	MQ	no	Limosilactobacillus	Limosilactobacillus intestinavium	animal	mef(B)	MLS
ARGH_000177	LABG_000525	MQ	no	Limosilactobacillus	Limosilactobacillus intestinavium	animal	ROB-1	beta-lactam
ARGH_000178	LABG_000525	MQ	no	Limosilactobacillus	Limosilactobacillus intestinavium	animal	tet(B)	tetracycline
ARGH_000179	LABG_000525	MQ	no	Limosilactobacillus	Limosilactobacillus intestinavium	animal	tet(L)	tetracycline
ARGH_000180	LABG_000525	MQ	no	Limosilactobacillus	Limosilactobacillus intestinavium	animal	tetR	tetracycline
ARGH_000181	LABG_000528	MQ	no	Lactobacillus	Lactobacillus amylovorus	animal	ErmA	MLS
ARGH_000182	LABG_000529	Rep99	yes	Ligilactobacillus	Ligilactobacillus ruminis	animal	ErmT	MLS
ARGH_000183	LABG_000530	Rep99	yes	Ligilactobacillus	Ligilactobacillus ruminis	animal	ErmT	MLS
ARGH_000184	LABG_000850	MQ	no	Dellaglioa	Dellaglioa algida	food	tet(M)	tetracycline
ARGH_000185	LABG_000960	Rep99	yes	Lactobacillus	Lactobacillus sp910589675	animal	ErmB	MLS
ARGH_000186	LABG_000961	MQ	no	Lactobacillus	Lactobacillus sp910589675	animal	ErmB	MLS
ARGH_000187	LABG_000961	MQ	no	Lactobacillus	Lactobacillus sp910589675	animal	ErmF	MLS
ARGH_000188	LABG_000961	MQ	no	Lactobacillus	Lactobacillus sp910589675	animal	tet(X)	tetracycline
ARGH_000189	LABG_000962	MQ	no	Lactobacillus	Lactobacillus sp910589675	animal	CfxA6	beta-lactam
ARGH_000190	LABG_000962	MQ	no	Lactobacillus	Lactobacillus sp910589675	animal	ErmB	MLS
ARGH_000191	LABG_000962	MQ	no	Lactobacillus	Lactobacillus sp910589675	animal	tet(O)	tetracycline
ARGH_000192	LABG_000963	MQ	no	Lactobacillus	Lactobacillus amylovorus	animal	ErmF	MLS
ARGH_000193	LABG_000963	MQ	no	Lactobacillus	Lactobacillus amylovorus	animal	Mef(En2)	MLS
ARGH_000194	LABG_000963	MQ	no	Lactobacillus	Lactobacillus amylovorus	animal	tet(X)	tetracycline
ARGH_000195	LABG_000964	MQ	no	Lactobacillus	Lactobacillus amylovorus	animal	vatE	MLS
ARGH_000196	LABG_000965	MQ	no	Lactobacillus	Lactobacillus amylovorus	animal	vatE	MLS
ARGH_000197	LABG_000966	Rep99	yes	Limosilactobacillus	Limosilactobacillus reuteri	animal	vatE	MLS
ARGH_000198	LABG_000967	MQ	no	Lactobacillus	Lactobacillus amylovorus	animal	ErmF	MLS
ARGH_000199	LABG_000967	MQ	no	Lactobacillus	Lactobacillus amylovorus	animal	tet(X)	tetracycline
ARGH_000200	LABG_000968	MQ	no	Lactobacillus	Lactobacillus amylovorus	animal	ErmF	MLS
ARGH_000201	LABG_000968	MQ	no	Lactobacillus	Lactobacillus amylovorus	animal	tet(X)	tetracycline
ARGH_000202	LABG_000969	MQ	no	Lactobacillus	Lactobacillus amylovorus	animal	ErmB	MLS
ARGH_000203	LABG_000970	Rep99	yes	Lactobacillus	Lactobacillus sp910589675	animal	tet(L)	tetracycline
ARGH_000204	LABG_000972	Rep99	yes	Lactobacillus	Lactobacillus sp945980025	animal	ErmB	MLS
ARGH_000205	LABG_000973	MQ	no	Lactobacillus	Lactobacillus amylovorus	animal	CfxA6	beta-lactam
ARGH_000206	LABG_000973	MQ	no	Lactobacillus	Lactobacillus amylovorus	animal	ErmG	MLS
ARGH_000207	LABG_000974	MQ	no	Lactobacillus	Lactobacillus amylovorus	animal	ErmF	MLS
ARGH_000208	LABG_000975	MQ	no	Lactobacillus	Lactobacillus amylovorus	animal	ErmA	MLS
ARGH_000209	LABG_000976	Rep99	yes	Lactobacillus	Lactobacillus amylovorus	animal	ErmA	MLS
ARGH_000210	LABG_000977	MQ	no	Lactobacillus	Lactobacillus amylovorus	animal	ErmA	MLS
ARGH_000211	LABG_000978	MQ	no	Lactobacillus	Lactobacillus amylovorus	animal	ErmA	MLS
ARGH_000212	LABG_000979	MQ	no	Lactobacillus	Lactobacillus amylovorus	animal	ErmA	MLS
ARGH_000213	LABG_000980	MQ	no	Lactobacillus	Lactobacillus amylovorus	animal	ErmA	MLS
ARGH_000214	LABG_000983	MQ	no	Limosilactobacillus	Limosilactobacillus reuteri_I	animal	vatE	MLS
ARGH_000215	LABG_000984	MQ	no	Lactobacillus	Lactobacillus amylovorus	animal	CfxA6	beta-lactam
ARGH_000216	LABG_000984	MQ	no	Lactobacillus	Lactobacillus amylovorus	animal	tet(W)	tetracycline
ARGH_000217	LABG_000985	MQ	no	Lactobacillus	Lactobacillus amylovorus	animal	lnuC	MLS
ARGH_000218	LABG_000989	MQ	no	Lactobacillus	Lactobacillus sp945980025	animal	ErmB	MLS
ARGH_000219	LABG_000990	Rep99	yes	Lactobacillus		animal	dfrK	trimethoprim
ARGH_000220	LABG_000995	MQ	no	Lactobacillus	Lactobacillus johnsonii	animal	Streptococcus suis chloramphenicol acetyltransferase	phenicol
ARGH_000221	LABG_000996	MQ	no	Limosilactobacillus		animal	dfrA1	trimethoprim
ARGH_000222	LABG_000998	MQ	no	Ligilactobacillus	Ligilactobacillus aviarius_C	animal	vatE	MLS
ARGH_000223	LABG_000999	Rep99	yes	Lactobacillus	Lactobacillus sp910589675	animal	ErmF	MLS
ARGH_000224	LABG_001000	Rep99	yes	Lactobacillus	Lactobacillus johnsonii	animal	ErmB	MLS
ARGH_000225	LABG_001000	Rep99	yes	Lactobacillus	Lactobacillus johnsonii	animal	Mef(En2)	MLS
ARGH_000226	LABG_001001	Rep99	yes	Ligilactobacillus	Ligilactobacillus salivarius	animal	tet(44)	tetracycline
ARGH_000227	LABG_001002	MQ	no	Limosilactobacillus	Limosilactobacillus vaginalis	animal	vatE	MLS
ARGH_000228	LABG_001003	Rep99	yes	Limosilactobacillus	Limosilactobacillus reuteri_E	animal	tet(B)	tetracycline
ARGH_000229	LABG_001003	Rep99	yes	Limosilactobacillus	Limosilactobacillus reuteri_E	animal	tetR	tetracycline
ARGH_000230	LABG_001005	Rep99	yes	Lactobacillus	Lactobacillus gallinarum	animal	lnuC	MLS
ARGH_000231	LABG_001006	Rep99	yes	Lactobacillus	Lactobacillus crispatus	animal	ANT(9)-Ia	aminoglycoside
ARGH_000232	LABG_001007	Rep99	yes	Ligilactobacillus	Ligilactobacillus salivarius	animal	ErmG	MLS
ARGH_000233	LABG_001008	MQ	no	Lactobacillus	Lactobacillus johnsonii	animal	dfrD	trimethoprim
ARGH_000234	LABG_001008	MQ	no	Lactobacillus	Lactobacillus johnsonii	animal	dfrK	trimethoprim
ARGH_000235	LABG_001008	MQ	no	Lactobacillus	Lactobacillus johnsonii	animal	Streptococcus suis chloramphenicol acetyltransferase	phenicol
ARGH_000236	LABG_001008	MQ	no	Lactobacillus	Lactobacillus johnsonii	animal	tet(L)	tetracycline
ARGH_000237	LABG_001009	MQ	no	Lactobacillus	Lactobacillus sp910589675	animal	ErmB	MLS
ARGH_000238	LABG_001010	Rep99	yes	Ligilactobacillus	Ligilactobacillus salivarius	animal	ANT(4')-Ia	aminoglycoside
ARGH_000239	LABG_001010	Rep99	yes	Ligilactobacillus	Ligilactobacillus salivarius	animal	dfrK	trimethoprim
ARGH_000240	LABG_001010	Rep99	yes	Ligilactobacillus	Ligilactobacillus salivarius	animal	tet(L)	tetracycline
ARGH_000241	LABG_001015	Rep99	yes	Lactobacillus	Lactobacillus sp945980025	animal	vatE	MLS
ARGH_000242	LABG_001016	Rep99	yes	Paucilactobacillus	Paucilactobacillus hokkaidonensis	animal	vatE	MLS
ARGH_000243	LABG_001017	MQ	no	Lactobacillus	Lactobacillus amylovorus	animal	ErmT	MLS
ARGH_000244	LABG_001017	MQ	no	Lactobacillus	Lactobacillus amylovorus	animal	lnuB	MLS
ARGH_000245	LABG_001017	MQ	no	Lactobacillus	Lactobacillus amylovorus	animal	lsaE	multidrug
ARGH_000246	LABG_001018	MQ	no	Ligilactobacillus	Ligilactobacillus ruminis	animal	ACI-1	beta-lactam
ARGH_000247	LABG_001020	Rep99	yes	Lactobacillus	Lactobacillus johnsonii	animal	ANT(9)-Ia	aminoglycoside
ARGH_000248	LABG_001021	Rep99	yes	Ligilactobacillus	Ligilactobacillus salivarius	animal	Erm(52)	MLS
ARGH_000249	LABG_001021	Rep99	yes	Ligilactobacillus	Ligilactobacillus salivarius	animal	ErmG	MLS
ARGH_000250	LABG_001021	Rep99	yes	Ligilactobacillus	Ligilactobacillus salivarius	animal	tet(44)	tetracycline
ARGH_000251	LABG_001022	MQ	no	Ligilactobacillus	Ligilactobacillus aviarius_C	animal	ErmB	MLS
ARGH_000252	LABG_001023	Rep99	yes	Limosilactobacillus	Limosilactobacillus vaginalis	animal	tet(L)	tetracycline
ARGH_000253	LABG_001023	Rep99	yes	Limosilactobacillus	Limosilactobacillus vaginalis	animal	tet(O)	tetracycline
ARGH_000254	LABG_001023	Rep99	yes	Limosilactobacillus	Limosilactobacillus vaginalis	animal	ugd	peptide
ARGH_000255	LABG_001024	MQ	no	Lactobacillus	Lactobacillus johnsonii	animal	ANT(6)-Ia	aminoglycoside
ARGH_000256	LABG_001026	Rep99	yes	Lactobacillus	Lactobacillus johnsonii	animal	ANT(9)-Ia	aminoglycoside
ARGH_000257	LABG_001027	MQ	no	Lactobacillus	Lactobacillus crispatus	animal	tet(B)	tetracycline
ARGH_000258	LABG_001027	MQ	no	Lactobacillus	Lactobacillus crispatus	animal	tetR	tetracycline
ARGH_000259	LABG_001029	MQ	no	Ligilactobacillus	Ligilactobacillus aviarius_C	animal	spd	aminoglycoside
ARGH_000260	LABG_001030	MQ	no	Ligilactobacillus	Ligilactobacillus salivarius	animal	mphC	MLS
ARGH_000261	LABG_001030	MQ	no	Ligilactobacillus	Ligilactobacillus salivarius	animal	msrA	MLS
ARGH_000262	LABG_001033	MQ	no	Lactobacillus	Lactobacillus crispatus	animal	APH(3')-IIIa	aminoglycoside
ARGH_000263	LABG_001033	MQ	no	Lactobacillus	Lactobacillus crispatus	animal	dfrD	trimethoprim
ARGH_000264	LABG_001033	MQ	no	Lactobacillus	Lactobacillus crispatus	animal	dfrK	trimethoprim
ARGH_000265	LABG_001033	MQ	no	Lactobacillus	Lactobacillus crispatus	animal	Escherichia coli emrE	MLS
ARGH_000266	LABG_001033	MQ	no	Lactobacillus	Lactobacillus crispatus	animal	lnuC	MLS
ARGH_000267	LABG_001033	MQ	no	Lactobacillus	Lactobacillus crispatus	animal	SAT-4	aminoglycoside
ARGH_000268	LABG_001033	MQ	no	Lactobacillus	Lactobacillus crispatus	animal	tet(L)	tetracycline
ARGH_000269	LABG_001034	MQ	no	Lactobacillus	Lactobacillus amylovorus	animal	ErmB	MLS
ARGH_000270	LABG_001035	MQ	no	Lactobacillus	Lactobacillus amylovorus	animal	ACI-1	beta-lactam
ARGH_000271	LABG_001035	MQ	no	Lactobacillus	Lactobacillus amylovorus	animal	ErmB	MLS
ARGH_000272	LABG_001035	MQ	no	Lactobacillus	Lactobacillus amylovorus	animal	tet(Q)	tetracycline
ARGH_000273	LABG_001037	MQ	no	Ligilactobacillus	Ligilactobacillus salivarius	animal	tet(44)	tetracycline
ARGH_000274	LABG_001039	MQ	no	Ligilactobacillus	Ligilactobacillus aviarius_B	animal	sul2	sulfonamide
ARGH_000275	LABG_001040	Rep99	yes	Ligilactobacillus	Ligilactobacillus salivarius	animal	ErmB	MLS
ARGH_000276	LABG_001041	MQ	no	Limosilactobacillus	Limosilactobacillus vaginalis	animal	Escherichia coli emrE	MLS
ARGH_000277	LABG_001041	MQ	no	Limosilactobacillus	Limosilactobacillus vaginalis	animal	Escherichia coli emrE	MLS
ARGH_000278	LABG_001041	MQ	no	Limosilactobacillus	Limosilactobacillus vaginalis	animal	tet(M)	tetracycline
ARGH_000279	LABG_001043	Rep99	yes	Limosilactobacillus	Limosilactobacillus oris_A	animal	ErmX	MLS
ARGH_000280	LABG_001044	MQ	no	Limosilactobacillus	Limosilactobacillus vaginalis	animal	ErmT	MLS
ARGH_000281	LABG_001044	MQ	no	Limosilactobacillus	Limosilactobacillus vaginalis	animal	lnuA	MLS
ARGH_000282	LABG_001044	MQ	no	Limosilactobacillus	Limosilactobacillus vaginalis	animal	qacG	disinfecting agents and antiseptics
ARGH_000283	LABG_001044	MQ	no	Limosilactobacillus	Limosilactobacillus vaginalis	animal	tet(L)	tetracycline
ARGH_000284	LABG_001045	MQ	no	Ligilactobacillus	Ligilactobacillus salivarius	animal	Streptococcus suis chloramphenicol acetyltransferase	phenicol
ARGH_000285	LABG_001045	MQ	no	Ligilactobacillus	Ligilactobacillus salivarius	animal	tet(B)	tetracycline
ARGH_000286	LABG_001045	MQ	no	Ligilactobacillus	Ligilactobacillus salivarius	animal	tetR	tetracycline
ARGH_000287	LABG_001046	Rep99	yes	Limosilactobacillus	Limosilactobacillus reuteri_E	animal	tet(L)	tetracycline
ARGH_000288	LABG_001046	Rep99	yes	Limosilactobacillus	Limosilactobacillus reuteri_E	animal	tet(M)	tetracycline
ARGH_000289	LABG_001049	Rep99	yes	Limosilactobacillus	Limosilactobacillus oris_A	animal	APH(3')-IIIa	aminoglycoside
ARGH_000290	LABG_001049	Rep99	yes	Limosilactobacillus	Limosilactobacillus oris_A	animal	tet(40)	tetracycline
ARGH_000291	LABG_001051	MQ	no	Lactobacillus	Lactobacillus johnsonii	animal	mef(F)	MLS
ARGH_000292	LABG_001051	MQ	no	Lactobacillus	Lactobacillus johnsonii	animal	msr(G)	MLS
ARGH_000293	LABG_001052	MQ	no	Ligilactobacillus	Ligilactobacillus excrementavium	animal	dfrD	trimethoprim
ARGH_000294	LABG_001053	MQ	no	Lactobacillus	Lactobacillus sp910589675	animal	tet(L)	tetracycline
ARGH_000295	LABG_001055	MQ	no	Ligilactobacillus	Ligilactobacillus salivarius	animal	vatE	MLS
ARGH_000296	LABG_001056	Rep99	yes	Lactobacillus	Lactobacillus johnsonii	animal	ErmF	MLS
ARGH_000297	LABG_001057	MQ	no	Ligilactobacillus	Ligilactobacillus salivarius	animal	dfrG	trimethoprim
ARGH_000298	LABG_001057	MQ	no	Ligilactobacillus	Ligilactobacillus salivarius	animal	dfrK	trimethoprim
ARGH_000299	LABG_001057	MQ	no	Ligilactobacillus	Ligilactobacillus salivarius	animal	tet(44)	tetracycline
ARGH_000300	LABG_001057	MQ	no	Ligilactobacillus	Ligilactobacillus salivarius	animal	tet(K)	tetracycline
ARGH_000301	LABG_001060	MQ	no	Ligilactobacillus	Ligilactobacillus salivarius	animal	ErmC	MLS
ARGH_000302	LABG_001060	MQ	no	Ligilactobacillus	Ligilactobacillus salivarius	animal	mphC	MLS
ARGH_000303	LABG_001060	MQ	no	Ligilactobacillus	Ligilactobacillus salivarius	animal	msrA	MLS
ARGH_000304	LABG_001060	MQ	no	Ligilactobacillus	Ligilactobacillus salivarius	animal	tet(44)	tetracycline
ARGH_000305	LABG_001063	MQ	no	Limosilactobacillus	Limosilactobacillus oris_A	animal	aadA	aminoglycoside
ARGH_000306	LABG_001063	MQ	no	Limosilactobacillus	Limosilactobacillus oris_A	animal	aadA2	aminoglycoside
ARGH_000307	LABG_001063	MQ	no	Limosilactobacillus	Limosilactobacillus oris_A	animal	cmlA1	phenicol
ARGH_000308	LABG_001063	MQ	no	Limosilactobacillus	Limosilactobacillus oris_A	animal	lnuC	MLS
ARGH_000309	LABG_001064	MQ	no	Ligilactobacillus	Ligilactobacillus aviarius_C	animal	Erm(52)	MLS
ARGH_000310	LABG_001064	MQ	no	Ligilactobacillus	Ligilactobacillus aviarius_C	animal	ErmF	MLS
ARGH_000311	LABG_001064	MQ	no	Ligilactobacillus	Ligilactobacillus aviarius_C	animal	Mef(En2)	MLS
ARGH_000312	LABG_001064	MQ	no	Ligilactobacillus	Ligilactobacillus aviarius_C	animal	tet(O)	tetracycline
ARGH_000313	LABG_001064	MQ	no	Ligilactobacillus	Ligilactobacillus aviarius_C	animal	tet(Q)	tetracycline
ARGH_000314	LABG_001065	MQ	no	Lactobacillus	Lactobacillus amylovorus	animal	CfxA6	beta-lactam
ARGH_000315	LABG_001065	MQ	no	Lactobacillus	Lactobacillus amylovorus	animal	lnuB	MLS
ARGH_000316	LABG_001065	MQ	no	Lactobacillus	Lactobacillus amylovorus	animal	lsaE	multidrug
ARGH_000317	LABG_001067	MQ	no	Ligilactobacillus	Ligilactobacillus salivarius	animal	ANT(6)-Ia	aminoglycoside
ARGH_000318	LABG_001068	Rep99	yes	Lactobacillus	Lactobacillus crispatus	animal	Limosilactobacillus reuteri cat-TC	phenicol
ARGH_000319	LABG_001069	MQ	no	Lactobacillus		animal	ANT(9)-Ia	aminoglycoside
ARGH_000320	LABG_001069	MQ	no	Lactobacillus		animal	lnuA	MLS
ARGH_000321	LABG_001070	MQ	no	Ligilactobacillus	Ligilactobacillus salivarius	animal	lnuC	MLS
ARGH_000322	LABG_001071	MQ	no	Limosilactobacillus	Limosilactobacillus oris_A	animal	erm(56)	MLS
ARGH_000323	LABG_001071	MQ	no	Limosilactobacillus	Limosilactobacillus oris_A	animal	gadW	multidrug
ARGH_000324	LABG_001071	MQ	no	Limosilactobacillus	Limosilactobacillus oris_A	animal	gadX	multidrug
ARGH_000325	LABG_001071	MQ	no	Limosilactobacillus	Limosilactobacillus oris_A	animal	mdtE	multidrug
ARGH_000326	LABG_001071	MQ	no	Limosilactobacillus	Limosilactobacillus oris_A	animal	mdtF	multidrug
ARGH_000327	LABG_001071	MQ	no	Limosilactobacillus	Limosilactobacillus oris_A	animal	TEM-1	beta-lactam
ARGH_000328	LABG_001073	Rep99	yes	Lactobacillus	Lactobacillus johnsonii	animal	lsaE	multidrug
ARGH_000329	LABG_001074	MQ	no	Limosilactobacillus	Limosilactobacillus reuteri_E	animal	Streptococcus suis chloramphenicol acetyltransferase	phenicol
ARGH_000330	LABG_001076	MQ	no	Lactobacillus	Lactobacillus gallinarum	animal	Escherichia coli emrE	MLS
ARGH_000331	LABG_001076	MQ	no	Lactobacillus	Lactobacillus gallinarum	animal	gadX	multidrug
ARGH_000332	LABG_001076	MQ	no	Lactobacillus	Lactobacillus gallinarum	animal	Streptococcus suis chloramphenicol acetyltransferase	phenicol
ARGH_000333	LABG_001077	MQ	no	Limosilactobacillus	Limosilactobacillus oris_A	animal	erm(56)	MLS
ARGH_000334	LABG_001077	MQ	no	Limosilactobacillus	Limosilactobacillus oris_A	animal	kdpE	aminoglycoside
ARGH_000335	LABG_001077	MQ	no	Limosilactobacillus	Limosilactobacillus oris_A	animal	linG	MLS
ARGH_000336	LABG_001077	MQ	no	Limosilactobacillus	Limosilactobacillus oris_A	animal	mdtC	multidrug
ARGH_000337	LABG_001077	MQ	no	Limosilactobacillus	Limosilactobacillus oris_A	animal	ugd	peptide
ARGH_000338	LABG_001079	MQ	no	Lactobacillus	Lactobacillus sp945980025	animal	ErmB	MLS
ARGH_000339	LABG_001080	MQ	no	Limosilactobacillus	Limosilactobacillus reuteri_E	animal	tet(B)	tetracycline
ARGH_000340	LABG_001080	MQ	no	Limosilactobacillus	Limosilactobacillus reuteri_E	animal	tetR	tetracycline
ARGH_000341	LABG_001081	MQ	no	Limosilactobacillus	Limosilactobacillus vaginalis	animal	vatE	MLS
ARGH_000342	LABG_001082	MQ	no	Lactobacillus	Lactobacillus sp945980025	animal	ErmG	MLS
ARGH_000343	LABG_001082	MQ	no	Lactobacillus	Lactobacillus sp945980025	animal	lnuB	MLS
ARGH_000344	LABG_001082	MQ	no	Lactobacillus	Lactobacillus sp945980025	animal	lsaE	multidrug
ARGH_000345	LABG_001082	MQ	no	Lactobacillus	Lactobacillus sp945980025	animal	tet(L)	tetracycline
ARGH_000346	LABG_001083	MQ	no	Ligilactobacillus	Ligilactobacillus aviarius_C	animal	MCR-1.1	peptide
ARGH_000347	LABG_001084	MQ	no	Ligilactobacillus	Ligilactobacillus agilis	animal	Limosilactobacillus reuteri cat-TC	phenicol
ARGH_000348	LABG_001085	Rep99	yes	Companilactobacillus	Companilactobacillus farciminis	animal	lnuA	MLS
ARGH_000349	LABG_001086	MQ	no	Lactobacillus	Lactobacillus sp945980025	animal	ANT(6)-Ib	aminoglycoside
ARGH_000350	LABG_001086	MQ	no	Lactobacillus	Lactobacillus sp945980025	animal	ErmG	MLS
ARGH_000351	LABG_001086	MQ	no	Lactobacillus	Lactobacillus sp945980025	animal	lnuB	MLS
ARGH_000352	LABG_001086	MQ	no	Lactobacillus	Lactobacillus sp945980025	animal	lsaE	multidrug
ARGH_000353	LABG_001086	MQ	no	Lactobacillus	Lactobacillus sp945980025	animal	tet(44)	tetracycline
ARGH_000354	LABG_001086	MQ	no	Lactobacillus	Lactobacillus sp945980025	animal	tet(L)	tetracycline
ARGH_000355	LABG_001087	Rep99	yes	Limosilactobacillus	Limosilactobacillus panis	animal	vatE	MLS
ARGH_000356	LABG_001090	MQ	no	Limosilactobacillus	Limosilactobacillus vaginalis	animal	ErmF	MLS
ARGH_000357	LABG_001090	MQ	no	Limosilactobacillus	Limosilactobacillus vaginalis	animal	Limosilactobacillus reuteri cat-TC	phenicol
ARGH_000358	LABG_001090	MQ	no	Limosilactobacillus	Limosilactobacillus vaginalis	animal	tet(Q)	tetracycline
ARGH_000359	LABG_001091	Rep99	yes	Lactobacillus	Lactobacillus johnsonii	animal	Enterococcus faecalis chloramphenicol acetyltransferase	phenicol
ARGH_000360	LABG_001091	Rep99	yes	Lactobacillus	Lactobacillus johnsonii	animal	ErmT	MLS
ARGH_000361	LABG_001098	Rep99	yes	Lactobacillus	Lactobacillus johnsonii	animal	dfrF	trimethoprim
ARGH_000362	LABG_001101	Rep99	yes	Ligilactobacillus	Ligilactobacillus salivarius	animal	lnuC	MLS
ARGH_000363	LABG_001103	MQ	no	Ligilactobacillus	Ligilactobacillus hohenheimensis	animal	tet(O)	tetracycline
ARGH_000364	LABG_001105	MQ	no	Lactobacillus	Lactobacillus sp946579245	animal	lnuA	MLS
ARGH_000365	LABG_001106	MQ	no	Lactobacillus	Lactobacillus kefiranofaciens	animal	CfxA6	beta-lactam
ARGH_000366	LABG_001107	Rep99	yes	Lactobacillus	Lactobacillus sp945980025	animal	tet(H)	tetracycline
ARGH_000367	LABG_001108	MQ	no	Lactobacillus	Lactobacillus sp945980025	animal	ErmB	MLS
ARGH_000368	LABG_001109	Rep99	yes	Lactobacillus	Lactobacillus johnsonii	animal	tet(Q)	tetracycline
ARGH_000369	LABG_001109	Rep99	yes	Lactobacillus	Lactobacillus johnsonii	animal	tet(X)	tetracycline
ARGH_000370	LABG_001111	Rep99	yes	Lactobacillus	Lactobacillus johnsonii	animal	Escherichia coli emrE	MLS
ARGH_000371	LABG_001111	Rep99	yes	Lactobacillus	Lactobacillus johnsonii	animal	lnuA	MLS
ARGH_000372	LABG_001111	Rep99	yes	Lactobacillus	Lactobacillus johnsonii	animal	tet(K)	tetracycline
ARGH_000373	LABG_001111	Rep99	yes	Lactobacillus	Lactobacillus johnsonii	animal	vatE	MLS
ARGH_000374	LABG_001113	MQ	no	Limosilactobacillus	Limosilactobacillus reuteri_E	animal	tet(B)	tetracycline
ARGH_000375	LABG_001113	MQ	no	Limosilactobacillus	Limosilactobacillus reuteri_E	animal	tetR	tetracycline
ARGH_000376	LABG_001113	MQ	no	Limosilactobacillus	Limosilactobacillus reuteri_E	animal	vatE	MLS
ARGH_000377	LABG_001116	Rep99	yes	Ligilactobacillus	Ligilactobacillus salivarius	animal	ANT(6)-Ia	aminoglycoside
ARGH_000378	LABG_001119	Rep99	yes	Ligilactobacillus	Ligilactobacillus salivarius	animal	tet(44)	tetracycline
ARGH_000379	LABG_001119	Rep99	yes	Ligilactobacillus	Ligilactobacillus salivarius	animal	tet(K)	tetracycline
ARGH_000380	LABG_001121	MQ	no	Lactobacillus	Lactobacillus amylovorus	animal	CfxA2	beta-lactam
ARGH_000381	LABG_001124	Rep99	yes	Lactobacillus	Lactobacillus gallinarum	animal	lnuA	MLS
ARGH_000382	LABG_001127	Rep99	yes	Limosilactobacillus	Limosilactobacillus oris_A	animal	ugd	peptide
ARGH_000383	LABG_001128	MQ	no	Ligilactobacillus	Ligilactobacillus aviarius_C	animal	cfrE	multidrug
ARGH_000384	LABG_001128	MQ	no	Ligilactobacillus	Ligilactobacillus aviarius_C	animal	tet(X)	tetracycline
ARGH_000385	LABG_001130	MQ	no	Lactobacillus	Lactobacillus johnsonii	animal	vatE	MLS
ARGH_000386	LABG_001132	Rep99	yes	Ligilactobacillus	Ligilactobacillus aviarius_C	animal	APH(3')-IIIa	aminoglycoside
ARGH_000387	LABG_001133	MQ	no	Ligilactobacillus	Ligilactobacillus salivarius	animal	Streptococcus suis chloramphenicol acetyltransferase	phenicol
ARGH_000388	LABG_001133	MQ	no	Ligilactobacillus	Ligilactobacillus salivarius	animal	tet(L)	tetracycline
ARGH_000389	LABG_001133	MQ	no	Ligilactobacillus	Ligilactobacillus salivarius	animal	tet(M)	tetracycline
ARGH_000390	LABG_001134	Rep99	yes	Limosilactobacillus	Limosilactobacillus reuteri_E	animal	vatE	MLS
ARGH_000391	LABG_001135	Rep99	yes	Lactobacillus	Lactobacillus johnsonii	animal	ErmT	MLS
ARGH_000392	LABG_001135	Rep99	yes	Lactobacillus	Lactobacillus johnsonii	animal	Limosilactobacillus reuteri cat-TC	phenicol
ARGH_000393	LABG_001135	Rep99	yes	Lactobacillus	Lactobacillus johnsonii	animal	lnuA	MLS
ARGH_000394	LABG_001135	Rep99	yes	Lactobacillus	Lactobacillus johnsonii	animal	Streptococcus suis chloramphenicol acetyltransferase	phenicol
ARGH_000395	LABG_001136	MQ	no	Ligilactobacillus	Ligilactobacillus agilis	animal	APH(3')-IIIa	aminoglycoside
ARGH_000396	LABG_001137	MQ	no	Ligilactobacillus	Ligilactobacillus salivarius	animal	tet(K)	tetracycline
ARGH_000397	LABG_001138	Rep99	yes	Lactobacillus	Lactobacillus johnsonii	animal	dfrG	trimethoprim
ARGH_000398	LABG_001139	Rep99	yes	Limosilactobacillus	Limosilactobacillus vaginalis	animal	Escherichia coli emrE	MLS
ARGH_000399	LABG_001140	MQ	no	Ligilactobacillus	Ligilactobacillus salivarius	animal	cfrA	multidrug
ARGH_000400	LABG_001140	MQ	no	Ligilactobacillus	Ligilactobacillus salivarius	animal	fexA	phenicol
ARGH_000401	LABG_001140	MQ	no	Ligilactobacillus	Ligilactobacillus salivarius	animal	Streptococcus suis chloramphenicol acetyltransferase	phenicol
ARGH_000402	LABG_001140	MQ	no	Ligilactobacillus	Ligilactobacillus salivarius	animal	tet(K)	tetracycline
ARGH_000403	LABG_001141	MQ	no	Limosilactobacillus	Limosilactobacillus reuteri	animal	tet(B)	tetracycline
ARGH_000404	LABG_001141	MQ	no	Limosilactobacillus	Limosilactobacillus reuteri	animal	tetR	tetracycline
ARGH_000405	LABG_001142	MQ	no	Lactobacillus	Lactobacillus amylovorus	animal	APH(3')-IIIa	aminoglycoside
ARGH_000406	LABG_001142	MQ	no	Lactobacillus	Lactobacillus amylovorus	animal	cfrE	multidrug
ARGH_000407	LABG_001142	MQ	no	Lactobacillus	Lactobacillus amylovorus	animal	CfxA6	beta-lactam
ARGH_000408	LABG_001142	MQ	no	Lactobacillus	Lactobacillus amylovorus	animal	ErmF	MLS
ARGH_000409	LABG_001142	MQ	no	Lactobacillus	Lactobacillus amylovorus	animal	nimJ	nitroimidazole
ARGH_000410	LABG_001142	MQ	no	Lactobacillus	Lactobacillus amylovorus	animal	tet(40)	tetracycline
ARGH_000411	LABG_001142	MQ	no	Lactobacillus	Lactobacillus amylovorus	animal	tet(X)	tetracycline
ARGH_000412	LABG_001143	MQ	no	Lactobacillus	Lactobacillus amylovorus	animal	CfxA6	beta-lactam
ARGH_000413	LABG_001143	MQ	no	Lactobacillus	Lactobacillus amylovorus	animal	tet(L)	tetracycline
ARGH_000414	LABG_001144	MQ	no	Lactobacillus	Lactobacillus amylovorus	animal	ANT(3'')-IIa	aminoglycoside
ARGH_000415	LABG_001147	MQ	no	Lactobacillus	Lactobacillus gallinarum	animal	ErmB	MLS
ARGH_000416	LABG_001150	Rep99	yes	Ligilactobacillus	Ligilactobacillus aviarius_C	animal	tet(L)	tetracycline
ARGH_000417	LABG_001154	Rep99	yes	Ligilactobacillus	Ligilactobacillus salivarius	animal	Limosilactobacillus reuteri cat-TC	phenicol
ARGH_000418	LABG_001156	MQ	no	Lactobacillus	Lactobacillus crispatus	animal	ErmB	MLS
ARGH_000419	LABG_001158	MQ	no	Limosilactobacillus	Limosilactobacillus oris_A	animal	LnuP	MLS
ARGH_000420	LABG_001159	MQ	no	Limosilactobacillus	Limosilactobacillus reuteri_E	animal	Escherichia coli emrE	MLS
ARGH_000421	LABG_001161	MQ	no	Companilactobacillus		animal	ANT(9)-Ia	aminoglycoside
ARGH_000422	LABG_001161	MQ	no	Companilactobacillus		animal	dfrG	trimethoprim
ARGH_000423	LABG_001161	MQ	no	Companilactobacillus		animal	Streptococcus suis chloramphenicol acetyltransferase	phenicol
ARGH_000424	LABG_001161	MQ	no	Companilactobacillus		animal	tet(X6)	tetracycline
ARGH_000425	LABG_001162	Rep99	yes	Lactobacillus	Lactobacillus sp910589675	animal	ErmB	MLS
ARGH_000426	LABG_001163	MQ	no	Lactobacillus	Lactobacillus sp910589675	animal	ANT(6)-Ib	aminoglycoside
ARGH_000427	LABG_001163	MQ	no	Lactobacillus	Lactobacillus sp910589675	animal	ErmB	MLS
ARGH_000428	LABG_001163	MQ	no	Lactobacillus	Lactobacillus sp910589675	animal	tet(44)	tetracycline
ARGH_000429	LABG_001164	MQ	no	Lactobacillus	Lactobacillus sp910589675	animal	ANT(6)-Ib	aminoglycoside
ARGH_000430	LABG_001164	MQ	no	Lactobacillus	Lactobacillus sp910589675	animal	tet(44)	tetracycline
ARGH_000431	LABG_001166	MQ	no	Lactobacillus	Lactobacillus sp910589675	animal	ANT(6)-Ib	aminoglycoside
ARGH_000432	LABG_001166	MQ	no	Lactobacillus	Lactobacillus sp910589675	animal	tet(44)	tetracycline
ARGH_000433	LABG_001166	MQ	no	Lactobacillus	Lactobacillus sp910589675	animal	tet(L)	tetracycline
ARGH_000434	LABG_001167	Rep99	yes	Lactobacillus	Lactobacillus sp945980025	animal	ANT(6)-Ia	aminoglycoside
ARGH_000435	LABG_001167	Rep99	yes	Lactobacillus	Lactobacillus sp945980025	animal	ANT(6)-Ib	aminoglycoside
ARGH_000436	LABG_001167	Rep99	yes	Lactobacillus	Lactobacillus sp945980025	animal	ErmG	MLS
ARGH_000437	LABG_001167	Rep99	yes	Lactobacillus	Lactobacillus sp945980025	animal	lnuB	MLS
ARGH_000438	LABG_001167	Rep99	yes	Lactobacillus	Lactobacillus sp945980025	animal	lsaE	multidrug
ARGH_000439	LABG_001167	Rep99	yes	Lactobacillus	Lactobacillus sp945980025	animal	tet(44)	tetracycline
ARGH_000440	LABG_001167	Rep99	yes	Lactobacillus	Lactobacillus sp945980025	animal	tet(L)	tetracycline
ARGH_000441	LABG_001168	MQ	no	Lactobacillus	Lactobacillus amylovorus	animal	ErmF	MLS
ARGH_000442	LABG_001168	MQ	no	Lactobacillus	Lactobacillus amylovorus	animal	tet(X)	tetracycline
ARGH_000443	LABG_001169	MQ	no	Lactobacillus	Lactobacillus amylovorus	animal	ErmB	MLS
ARGH_000444	LABG_001169	MQ	no	Lactobacillus	Lactobacillus amylovorus	animal	ErmF	MLS
ARGH_000445	LABG_001169	MQ	no	Lactobacillus	Lactobacillus amylovorus	animal	Escherichia coli emrE	MLS
ARGH_000446	LABG_001169	MQ	no	Lactobacillus	Lactobacillus amylovorus	animal	QnrD1	fluoroquinolone
ARGH_000447	LABG_001172	MQ	no	Ligilactobacillus	Ligilactobacillus ruminis	animal	ErmT	MLS
ARGH_000448	LABG_001173	MQ	no	Lactobacillus	Lactobacillus amylovorus	animal	fexA	phenicol
ARGH_000449	LABG_001174	MQ	no	Ligilactobacillus	Ligilactobacillus ruminis	animal	ErmT	MLS
ARGH_000450	LABG_001176	MQ	no	Ligilactobacillus	Ligilactobacillus ruminis	animal	ErmT	MLS
ARGH_000451	LABG_001177	MQ	no	Lactobacillus	Lactobacillus amylovorus	animal	ACI-1	beta-lactam
ARGH_000452	LABG_001177	MQ	no	Lactobacillus	Lactobacillus amylovorus	animal	CfxA2	beta-lactam
ARGH_000453	LABG_001177	MQ	no	Lactobacillus	Lactobacillus amylovorus	animal	ErmA	MLS
ARGH_000454	LABG_001178	MQ	no	Lactobacillus	Lactobacillus amylovorus	animal	fexA	phenicol
ARGH_000455	LABG_001180	MQ	no	Lactobacillus	Lactobacillus amylovorus	animal	ErmA	MLS
ARGH_000456	LABG_001180	MQ	no	Lactobacillus	Lactobacillus amylovorus	animal	ErmF	MLS
ARGH_000457	LABG_001180	MQ	no	Lactobacillus	Lactobacillus amylovorus	animal	lnuA	MLS
ARGH_000458	LABG_001180	MQ	no	Lactobacillus	Lactobacillus amylovorus	animal	tet(X)	tetracycline
ARGH_000459	LABG_001181	Rep99	yes	Lactobacillus	Lactobacillus sp910589675	animal	fexA	phenicol
ARGH_000460	LABG_001181	Rep99	yes	Lactobacillus	Lactobacillus sp910589675	animal	poxtA	multidrug
ARGH_000461	LABG_001182	MQ	no	Lactobacillus	Lactobacillus amylovorus	animal	ErmA	MLS
ARGH_000462	LABG_001183	MQ	no	Ligilactobacillus	Ligilactobacillus ruminis	animal	AAC(6')-Ie-APH(2'')-Ia bifunctional protein	aminoglycoside
ARGH_000463	LABG_001183	MQ	no	Ligilactobacillus	Ligilactobacillus ruminis	animal	ErmT	MLS
ARGH_000464	LABG_001184	MQ	no	Ligilactobacillus	Ligilactobacillus ruminis	animal	ErmT	MLS
ARGH_000465	LABG_001185	Rep99	yes	Lactobacillus	Lactobacillus sp945980025	animal	APH(3')-IIIa	aminoglycoside
ARGH_000466	LABG_001185	Rep99	yes	Lactobacillus	Lactobacillus sp945980025	animal	ErmB	MLS
ARGH_000467	LABG_001185	Rep99	yes	Lactobacillus	Lactobacillus sp945980025	animal	SAT-4	aminoglycoside
ARGH_000468	LABG_001187	MQ	no	Ligilactobacillus	Ligilactobacillus salivarius	animal	tet(L)	tetracycline
ARGH_000469	LABG_001187	MQ	no	Ligilactobacillus	Ligilactobacillus salivarius	animal	tet(M)	tetracycline
ARGH_000470	LABG_001188	MQ	no	Ligilactobacillus	Ligilactobacillus salivarius	animal	tet(L)	tetracycline
ARGH_000471	LABG_001189	MQ	no	Limosilactobacillus	Limosilactobacillus oris_A	animal	baeR	aminoglycoside
ARGH_000472	LABG_001190	MQ	no	Limosilactobacillus	Limosilactobacillus oris_A	animal	TEM-1	beta-lactam
ARGH_000473	LABG_001192	Rep99	yes	Lactobacillus	Lactobacillus amylovorus	animal	ErmF	MLS
ARGH_000474	LABG_001192	Rep99	yes	Lactobacillus	Lactobacillus amylovorus	animal	tet(X)	tetracycline
ARGH_000475	LABG_001193	MQ	no	Limosilactobacillus	Limosilactobacillus reuteri	animal	tet(B)	tetracycline
ARGH_000476	LABG_001193	MQ	no	Limosilactobacillus	Limosilactobacillus reuteri	animal	tetR	tetracycline
ARGH_000477	LABG_001195	Rep99	yes	Lactobacillus	Lactobacillus sp910589675	animal	CfxA6	beta-lactam
ARGH_000478	LABG_001195	Rep99	yes	Lactobacillus	Lactobacillus sp910589675	animal	ErmB	MLS
ARGH_000479	LABG_001195	Rep99	yes	Lactobacillus	Lactobacillus sp910589675	animal	lnuA	MLS
ARGH_000480	LABG_001196	MQ	no	Limosilactobacillus	Limosilactobacillus reuteri	animal	APH(2'')-IIIa	aminoglycoside
ARGH_000481	LABG_001196	MQ	no	Limosilactobacillus	Limosilactobacillus reuteri	animal	fexB	phenicol
ARGH_000482	LABG_001196	MQ	no	Limosilactobacillus	Limosilactobacillus reuteri	animal	lnuC	MLS
ARGH_000483	LABG_001198	MQ	no	Lactobacillus	Lactobacillus crispatus	animal	fexA	phenicol
ARGH_000484	LABG_001198	MQ	no	Lactobacillus	Lactobacillus crispatus	animal	vatE	MLS
ARGH_000485	LABG_001199	MQ	no	Lactobacillus	Lactobacillus crispatus	animal	poxtA	multidrug
ARGH_000486	LABG_001200	MQ	no	Lactobacillus	Lactobacillus crispatus	animal	ErmA	MLS
ARGH_000487	LABG_001201	MQ	no	Lactobacillus	Lactobacillus crispatus	animal	AAC(6')-Ie-APH(2'')-Ia bifunctional protein	aminoglycoside
ARGH_000488	LABG_001201	MQ	no	Lactobacillus	Lactobacillus crispatus	animal	ErmA	MLS
ARGH_000489	LABG_001201	MQ	no	Lactobacillus	Lactobacillus crispatus	animal	fexB	phenicol
ARGH_000490	LABG_001201	MQ	no	Lactobacillus	Lactobacillus crispatus	animal	poxtA	multidrug
ARGH_000491	LABG_001202	Rep99	yes	Lactobacillus	Lactobacillus crispatus	animal	ErmA	MLS
ARGH_000492	LABG_001202	Rep99	yes	Lactobacillus	Lactobacillus crispatus	animal	poxtA	multidrug
ARGH_000493	LABG_001203	MQ	no	Lactobacillus	Lactobacillus crispatus	animal	fexB	phenicol
ARGH_000494	LABG_001203	MQ	no	Lactobacillus	Lactobacillus crispatus	animal	poxtA	multidrug
ARGH_000495	LABG_001204	Rep99	yes	Ligilactobacillus	Ligilactobacillus salivarius	animal	ANT(9)-Ia	aminoglycoside
ARGH_000496	LABG_001204	Rep99	yes	Ligilactobacillus	Ligilactobacillus salivarius	animal	ErmA	MLS
ARGH_000497	LABG_001206	MQ	no	Lactobacillus	Lactobacillus crispatus	animal	fexA	phenicol
ARGH_000498	LABG_001207	MQ	no	Lactobacillus	Lactobacillus crispatus	animal	lnuA	MLS
ARGH_000499	LABG_001208	Rep99	yes	Lactobacillus	Lactobacillus crispatus	animal	lnuA	MLS
ARGH_000500	LABG_001210	Rep99	yes	Lactobacillus	Lactobacillus johnsonii	animal	ErmC	MLS
ARGH_000501	LABG_001210	Rep99	yes	Lactobacillus	Lactobacillus johnsonii	animal	qacG	disinfecting agents and antiseptics
ARGH_000502	LABG_001210	Rep99	yes	Lactobacillus	Lactobacillus johnsonii	animal	tet(K)	tetracycline
ARGH_000503	LABG_001211	Rep99	yes	Limosilactobacillus	Limosilactobacillus ingluviei	animal	ErmX	MLS
ARGH_000504	LABG_001214	Rep99	yes	Limosilactobacillus	Limosilactobacillus faecipullorum	animal	dfrG	trimethoprim
ARGH_000505	LABG_001217	MQ	no	Ligilactobacillus	Ligilactobacillus salivarius	animal	tetB(P)	tetracycline
ARGH_000506	LABG_001219	Rep99	yes	Ligilactobacillus	Ligilactobacillus salivarius	animal	catA8	phenicol
ARGH_000507	LABG_001219	Rep99	yes	Ligilactobacillus	Ligilactobacillus salivarius	animal	ErmC	MLS
ARGH_000508	LABG_001219	Rep99	yes	Ligilactobacillus	Ligilactobacillus salivarius	animal	vatE	MLS
ARGH_000509	LABG_001222	Rep99	yes	Ligilactobacillus	Ligilactobacillus salivarius	animal	lnuC	MLS
ARGH_000510	LABG_001226	MQ	no	Ligilactobacillus	Ligilactobacillus salivarius	animal	lnuA	MLS
ARGH_000511	LABG_001228	Rep99	yes	Limosilactobacillus	Limosilactobacillus vaginalis	animal	ANT(9)-Ia	aminoglycoside
ARGH_000512	LABG_001229	Rep99	yes	Ligilactobacillus	Ligilactobacillus salivarius	animal	lnuC	MLS
ARGH_000513	LABG_001230	Rep99	yes	Ligilactobacillus	Ligilactobacillus agilis	animal	vatE	MLS
ARGH_000514	LABG_001231	Rep99	yes	Ligilactobacillus	Ligilactobacillus salivarius	animal	ANT(9)-Ia	aminoglycoside
ARGH_000515	LABG_001232	Rep99	yes	Ligilactobacillus	Ligilactobacillus salivarius	animal	catA8	phenicol
ARGH_000516	LABG_001232	Rep99	yes	Ligilactobacillus	Ligilactobacillus salivarius	animal	ErmC	MLS
ARGH_000517	LABG_001233	Rep99	yes	Limosilactobacillus	Limosilactobacillus reuteri_E	animal	vatE	MLS
ARGH_000518	LABG_001235	Rep99	yes	Ligilactobacillus	Ligilactobacillus salivarius	animal	ANT(9)-Ia	aminoglycoside
ARGH_000519	LABG_001235	Rep99	yes	Ligilactobacillus	Ligilactobacillus salivarius	animal	ErmB	MLS
ARGH_000520	LABG_001235	Rep99	yes	Ligilactobacillus	Ligilactobacillus salivarius	animal	lnuA	MLS
ARGH_000521	LABG_001235	Rep99	yes	Ligilactobacillus	Ligilactobacillus salivarius	animal	lnuC	MLS
ARGH_000522	LABG_001236	MQ	no	Limosilactobacillus	Limosilactobacillus oris_A	animal	ErmX	MLS
ARGH_000523	LABG_001238	Rep99	yes	Ligilactobacillus	Ligilactobacillus salivarius	animal	ANT(9)-Ia	aminoglycoside
ARGH_000524	LABG_001239	Rep99	yes	Gallilactobacillus	Gallilactobacillus intestinavium	animal	tet(K)	tetracycline
ARGH_000525	LABG_001242	Rep99	yes	Ligilactobacillus	Ligilactobacillus salivarius	animal	ANT(9)-Ia	aminoglycoside
ARGH_000526	LABG_001242	Rep99	yes	Ligilactobacillus	Ligilactobacillus salivarius	animal	lnuA	MLS
ARGH_000527	LABG_001242	Rep99	yes	Ligilactobacillus	Ligilactobacillus salivarius	animal	vatE	MLS
ARGH_000528	LABG_001244	MQ	no	Lactobacillus	Lactobacillus gallinarum	animal	spd	aminoglycoside
ARGH_000529	LABG_001247	MQ	no	Weissella	Weissella thailandensis	animal	tet(B)	tetracycline
ARGH_000530	LABG_001247	MQ	no	Weissella	Weissella thailandensis	animal	tetR	tetracycline
ARGH_000531	LABG_001249	Rep99	yes	Ligilactobacillus	Ligilactobacillus salivarius	animal	ANT(9)-Ia	aminoglycoside
ARGH_000532	LABG_001249	Rep99	yes	Ligilactobacillus	Ligilactobacillus salivarius	animal	ErmA	MLS
ARGH_000533	LABG_001249	Rep99	yes	Ligilactobacillus	Ligilactobacillus salivarius	animal	vgaE	multidrug
ARGH_000534	LABG_001252	Rep99	yes	Lactobacillus	Lactobacillus johnsonii	animal	ANT(9)-Ia	aminoglycoside
ARGH_000535	LABG_001253	Rep99	yes	Ligilactobacillus	Ligilactobacillus salivarius	animal	lnuC	MLS
ARGH_000536	LABG_001254	Rep99	yes	Gallilactobacillus	Gallilactobacillus intestinavium	animal	tet(44)	tetracycline
ARGH_000537	LABG_001259	Rep99	yes	Ligilactobacillus	Ligilactobacillus salivarius	animal	tet(Q)	tetracycline
ARGH_000538	LABG_001260	MQ	no	Lactobacillus	Lactobacillus johnsonii	animal	APH(3')-IIIa	aminoglycoside
ARGH_000539	LABG_001261	MQ	no	Ligilactobacillus	Ligilactobacillus salivarius	animal	catA8	phenicol
ARGH_000540	LABG_001262	MQ	no	Ligilactobacillus	Ligilactobacillus agilis	animal	vatE	MLS
ARGH_000541	LABG_001263	MQ	no	Ligilactobacillus	Ligilactobacillus salivarius	animal	catA8	phenicol
ARGH_000542	LABG_001264	Rep99	yes	Ligilactobacillus	Ligilactobacillus salivarius	animal	ANT(9)-Ia	aminoglycoside
ARGH_000543	LABG_001264	Rep99	yes	Ligilactobacillus	Ligilactobacillus salivarius	animal	lnuA	MLS
ARGH_000544	LABG_001265	Rep99	yes	Ligilactobacillus	Ligilactobacillus salivarius	animal	ANT(9)-Ia	aminoglycoside
ARGH_000545	LABG_001265	Rep99	yes	Ligilactobacillus	Ligilactobacillus salivarius	animal	ErmB	MLS
ARGH_000546	LABG_001265	Rep99	yes	Ligilactobacillus	Ligilactobacillus salivarius	animal	lnuA	MLS
ARGH_000547	LABG_001267	Rep99	yes	Ligilactobacillus	Ligilactobacillus hohenheimensis	animal	CTX-M-55	beta-lactam
ARGH_000548	LABG_001268	Rep99	yes	Ligilactobacillus	Ligilactobacillus salivarius	animal	ErmT	MLS
ARGH_000549	LABG_001270	Rep99	yes	Ligilactobacillus	Ligilactobacillus salivarius	animal	tetB(P)	tetracycline
ARGH_000550	LABG_001272	Rep99	yes	Ligilactobacillus	Ligilactobacillus hohenheimensis	animal	ErmX	MLS
ARGH_000551	LABG_001273	Rep99	yes	Ligilactobacillus	Ligilactobacillus salivarius	animal	dfrD	trimethoprim
ARGH_000552	LABG_001273	Rep99	yes	Ligilactobacillus	Ligilactobacillus salivarius	animal	ErmC	MLS
ARGH_000553	LABG_001273	Rep99	yes	Ligilactobacillus	Ligilactobacillus salivarius	animal	tetB(P)	tetracycline
ARGH_000554	LABG_001275	Rep99	yes	Ligilactobacillus	Ligilactobacillus salivarius	animal	vatE	MLS
ARGH_000555	LABG_001444	MQ	no	Ligilactobacillus	Ligilactobacillus murinus	animal	tet(O)	tetracycline
ARGH_000556	LABG_001445	MQ	no	Ligilactobacillus	Ligilactobacillus murinus	animal	tet(O)	tetracycline
ARGH_000557	LABG_001457	MQ	no	Ligilactobacillus	Ligilactobacillus murinus	animal	tet(O)	tetracycline
ARGH_000558	LABG_001532	Rep99	yes	Limosilactobacillus	Limosilactobacillus mucosae	animal	lnuC	MLS
ARGH_000559	LABG_001534	MQ	no	Pediococcus	Pediococcus pentosaceus	animal	dfrG	trimethoprim
ARGH_000560	LABG_001534	MQ	no	Pediococcus	Pediococcus pentosaceus	animal	mef(F)	MLS
ARGH_000561	LABG_001534	MQ	no	Pediococcus	Pediococcus pentosaceus	animal	msr(G)	MLS
ARGH_000562	LABG_001539	MQ	no	Ligilactobacillus	Ligilactobacillus agilis	animal	dfrG	trimethoprim
ARGH_000563	LABG_001542	MQ	no	Lactobacillus	Lactobacillus amylovorus	animal	ANT(6)-Ia	aminoglycoside
ARGH_000564	LABG_001595	MQ	no	Lactobacillus	Lactobacillus crispatus	human	ErmB	MLS
ARGH_000565	LABG_001599	MQ	no	Lactobacillus	Lactobacillus iners	human	APH(3')-IIIa	aminoglycoside
ARGH_000566	LABG_001599	MQ	no	Lactobacillus	Lactobacillus iners	human	tet(M)	tetracycline
ARGH_000567	LABG_001600	MQ	no	Lactobacillus	Lactobacillus iners	human	tet(M)	tetracycline
ARGH_000568	LABG_001610	MQ	no	Ligilactobacillus	Ligilactobacillus animalis	human	lnuC	MLS
ARGH_000569	LABG_001610	MQ	no	Ligilactobacillus	Ligilactobacillus animalis	human	tet(M)	tetracycline
ARGH_000570	LABG_001611	MQ	no	Ligilactobacillus	Ligilactobacillus animalis	human	lnuC	MLS
ARGH_000571	LABG_001611	MQ	no	Ligilactobacillus	Ligilactobacillus animalis	human	tet(M)	tetracycline
ARGH_000572	LABG_001614	MQ	no	Ligilactobacillus	Ligilactobacillus animalis	human	lnuC	MLS
ARGH_000573	LABG_001614	MQ	no	Ligilactobacillus	Ligilactobacillus animalis	human	tet(M)	tetracycline
ARGH_000574	LABG_001615	MQ	no	Ligilactobacillus	Ligilactobacillus animalis	human	lnuC	MLS
ARGH_000575	LABG_001615	MQ	no	Ligilactobacillus	Ligilactobacillus animalis	human	tet(M)	tetracycline
ARGH_000576	LABG_001618	MQ	no	Ligilactobacillus	Ligilactobacillus animalis	human	lnuC	MLS
ARGH_000577	LABG_001618	MQ	no	Ligilactobacillus	Ligilactobacillus animalis	human	tet(M)	tetracycline
ARGH_000578	LABG_001652	Rep99	yes	Lactobacillus	Lactobacillus iners	other	ErmB	MLS
ARGH_000579	LABG_001655	Rep99	yes	Lactobacillus	Lactobacillus iners	other	ErmB	MLS
ARGH_000580	LABG_001670	Rep99	yes	Limosilactobacillus	Limosilactobacillus reuteri_E	human	lnuA	MLS
ARGH_000581	LABG_001670	Rep99	yes	Limosilactobacillus	Limosilactobacillus reuteri_E	human	tet(W)	tetracycline
ARGH_000582	LABG_001673	MQ	no	Limosilactobacillus	Limosilactobacillus reuteri_E	human	lnuA	MLS
ARGH_000583	LABG_001673	MQ	no	Limosilactobacillus	Limosilactobacillus reuteri_E	human	tet(W)	tetracycline
ARGH_000584	LABG_001727	MQ	no	Ligilactobacillus	Ligilactobacillus animalis	other	ANT(6)-Ia	aminoglycoside
ARGH_000585	LABG_001735	Rep99	yes	Lactobacillus	Lactobacillus amylovorus	other	ErmB	MLS
ARGH_000586	LABG_001735	Rep99	yes	Lactobacillus	Lactobacillus amylovorus	other	tet(W)	tetracycline
ARGH_000587	LABG_001736	MQ	no	Lactobacillus	Lactobacillus iners	other	tet(M)	tetracycline
ARGH_000588	LABG_001740	Rep99	yes	Lactobacillus	Lactobacillus amylovorus	animal	tet(W)	tetracycline
ARGH_000589	LABG_001747	Rep99	yes	Lactobacillus	Lactobacillus sp945980025	other	ErmB	MLS
ARGH_000590	LABG_001751	Rep99	yes	Ligilactobacillus	Ligilactobacillus salivarius	other	lnuC	MLS
ARGH_000591	LABG_001751	Rep99	yes	Ligilactobacillus	Ligilactobacillus salivarius	other	vatH	MLS
ARGH_000592	LABG_001751	Rep99	yes	Ligilactobacillus	Ligilactobacillus salivarius	other	vgaD	MLS
ARGH_000593	LABG_001753	MQ	no	Ligilactobacillus	Ligilactobacillus ruminis	other	dfrF	trimethoprim
ARGH_000594	LABG_001753	MQ	no	Ligilactobacillus	Ligilactobacillus ruminis	other	tet(W)	tetracycline
ARGH_000595	LABG_001754	MQ	no	Lactobacillus	Lactobacillus sp945980025	other	ErmT	MLS
ARGH_000596	LABG_001755	Rep99	yes	Lactobacillus	Lactobacillus sp945980025	other	ErmT	MLS
ARGH_000597	LABG_001755	Rep99	yes	Lactobacillus	Lactobacillus sp945980025	other	tet(W)	tetracycline
ARGH_000598	LABG_001784	MQ	no	Limosilactobacillus	Limosilactobacillus mucosae	animal	fexA	phenicol
ARGH_000599	LABG_001784	MQ	no	Limosilactobacillus	Limosilactobacillus mucosae	animal	tet(W)	tetracycline
ARGH_000600	LABG_001784	MQ	no	Limosilactobacillus	Limosilactobacillus mucosae	animal	vatE	MLS
ARGH_000601	LABG_001785	Rep99	yes	Limosilactobacillus	Limosilactobacillus mucosae	other	tet(W)	tetracycline
ARGH_000602	LABG_001788	Rep99	yes	Ligilactobacillus	Ligilactobacillus salivarius	animal	ErmC	MLS
ARGH_000603	LABG_001788	Rep99	yes	Ligilactobacillus	Ligilactobacillus salivarius	animal	tet(M)	tetracycline
ARGH_000604	LABG_001814	MQ	no	Lactobacillus	Lactobacillus pasteurii	other	tet(W)	tetracycline
ARGH_000605	LABG_001901	MQ	no	Limosilactobacillus	Limosilactobacillus reuteri	animal	Streptococcus suis chloramphenicol acetyltransferase	phenicol
ARGH_000606	LABG_001901	MQ	no	Limosilactobacillus	Limosilactobacillus reuteri	animal	tet(W)	tetracycline
ARGH_000607	LABG_001983	MQ	no	Lactobacillus	Lactobacillus gallinarum	other	tet(W)	tetracycline
ARGH_000608	LABG_001995	MQ	no	Ligilactobacillus	Ligilactobacillus equi	other	lnuC	MLS
ARGH_000609	LABG_002033	Rep99	yes	Secundilactobacillus	Secundilactobacillus oryzae	other	lnuA	MLS
ARGH_000610	LABG_002034	Rep99	yes	Apilactobacillus	Apilactobacillus kunkeei_F	animal	Streptococcus suis chloramphenicol acetyltransferase	phenicol
ARGH_000611	LABG_002041	MQ	no	Lactobacillus	Lactobacillus delbrueckii	other	TEM-116	beta-lactam
ARGH_000612	LABG_002049	MQ	no	Ligilactobacillus	Ligilactobacillus salivarius	animal	tet(M)	tetracycline
ARGH_000613	LABG_002118	Rep99	yes	Apilactobacillus	Apilactobacillus waqarii	food	ErmB	MLS
ARGH_000614	LABG_002120	MQ	no	Companilactobacillus	Companilactobacillus heilongjiangensis	food	tet(S)	tetracycline
ARGH_000615	LABG_002120	MQ	no	Companilactobacillus	Companilactobacillus heilongjiangensis	food	vatE	MLS
ARGH_000616	LABG_002121	MQ	no	Companilactobacillus	Companilactobacillus heilongjiangensis	food	tet(S)	tetracycline
ARGH_000617	LABG_002121	MQ	no	Companilactobacillus	Companilactobacillus heilongjiangensis	food	vatE	MLS
ARGH_000618	LABG_002122	Rep99	yes	Companilactobacillus	Companilactobacillus heilongjiangensis	food	vatE	MLS
ARGH_000619	LABG_002159	MQ	no	Lactobacillus	Lactobacillus amylovorus	animal	tet(W)	tetracycline
ARGH_000620	LABG_002160	MQ	no	Ligilactobacillus	Ligilactobacillus ruminis	human	dfrF	trimethoprim
ARGH_000621	LABG_002162	MQ	no	Ligilactobacillus	Ligilactobacillus ruminis	animal	ErmT	MLS
ARGH_000622	LABG_002162	MQ	no	Ligilactobacillus	Ligilactobacillus ruminis	animal	tet(W)	tetracycline
ARGH_000623	LABG_002209	Rep99	yes	Leuconostoc	Leuconostoc lactis	human	tet(S)	tetracycline
ARGH_000624	LABG_002241	MQ	no	Lacticaseibacillus	Lacticaseibacillus paracasei	human	tet(M)	tetracycline
ARGH_000625	LABG_002244	MQ	no	Leuconostoc	Leuconostoc mesenteroides	food	ErmB	MLS
ARGH_000626	LABG_002245	MQ	no	Leuconostoc	Leuconostoc mesenteroides	food	APH(3')-IIIa	aminoglycoside
ARGH_000627	LABG_002245	MQ	no	Leuconostoc	Leuconostoc mesenteroides	food	tet(S)	tetracycline
ARGH_000628	LABG_002245	MQ	no	Leuconostoc	Leuconostoc mesenteroides	food	vatE	MLS
ARGH_000629	LABG_002259	MQ	no	Lactiplantibacillus	Lactiplantibacillus plantarum	animal	dfrG	trimethoprim
ARGH_000630	LABG_002259	MQ	no	Lactiplantibacillus	Lactiplantibacillus plantarum	animal	tet(M)	tetracycline
ARGH_000631	LABG_002275	Rep99	yes	Weissella	Weissella cibaria	food	TEM-1	beta-lactam
ARGH_000632	LABG_002275	Rep99	yes	Weissella	Weissella cibaria	food	tet(C)	tetracycline
ARGH_000633	LABG_002283	MQ	no	Lacticaseibacillus	Lacticaseibacillus sharpeae	other	tet(M)	tetracycline
ARGH_000634	LABG_002318	Rep99	yes	Lactobacillus	Lactobacillus helveticus	food	TEM-1	beta-lactam
ARGH_000635	LABG_002340	MQ	no	Lactobacillus	Lactobacillus pasteurii	animal	tet(W)	tetracycline
ARGH_000636	LABG_002367	MQ	no	Ligilactobacillus	Ligilactobacillus animalis	food	ANT(6)-Ia	aminoglycoside
ARGH_000637	LABG_002368	MQ	no	Amylolactobacillus	Amylolactobacillus amylophilus	animal	ErmB	MLS
ARGH_000638	LABG_002368	MQ	no	Amylolactobacillus	Amylolactobacillus amylophilus	animal	tet(M)	tetracycline
ARGH_000639	LABG_002384	Rep99	yes	Companilactobacillus	Companilactobacillus bobalius	food	ErmB	MLS
ARGH_000640	LABG_002384	Rep99	yes	Companilactobacillus	Companilactobacillus bobalius	food	tet(M)	tetracycline
ARGH_000641	LABG_002389	Rep99	yes	Lactobacillus	Lactobacillus gallinarum	animal	tet(W)	tetracycline
ARGH_000642	LABG_002424	Rep99	yes	Ligilactobacillus	Ligilactobacillus equi	animal	lnuC	MLS
ARGH_000643	LABG_002426	Rep99	yes	Limosilactobacillus	Limosilactobacillus ingluviei	animal	ErmB	MLS
ARGH_000644	LABG_002426	Rep99	yes	Limosilactobacillus	Limosilactobacillus ingluviei	animal	tet(M)	tetracycline
ARGH_000645	LABG_002426	Rep99	yes	Limosilactobacillus	Limosilactobacillus ingluviei	animal	tet(W)	tetracycline
ARGH_000646	LABG_002445	Rep99	yes	Amylolactobacillus	Amylolactobacillus amylophilus	animal	ErmB	MLS
ARGH_000647	LABG_002445	Rep99	yes	Amylolactobacillus	Amylolactobacillus amylophilus	animal	tet(M)	tetracycline
ARGH_000648	LABG_002447	Rep99	yes	Lacticaseibacillus	Lacticaseibacillus sharpeae	food	tet(M)	tetracycline
ARGH_000649	LABG_002452	MQ	no	Ligilactobacillus	Ligilactobacillus aviarius	animal	tet(O)	tetracycline
ARGH_000650	LABG_002493	Rep99	yes	Limosilactobacillus	Limosilactobacillus ingluviei	animal	lnuC	MLS
ARGH_000651	LABG_002493	Rep99	yes	Limosilactobacillus	Limosilactobacillus ingluviei	animal	tet(W)	tetracycline
ARGH_000652	LABG_002498	Rep99	yes	Lactobacillus	Lactobacillus amylovorus	food	ErmB	MLS
ARGH_000653	LABG_002498	Rep99	yes	Lactobacillus	Lactobacillus amylovorus	food	tet(W)	tetracycline
ARGH_000654	LABG_002498	Rep99	yes	Lactobacillus	Lactobacillus amylovorus	food	vatE	MLS
ARGH_000655	LABG_002536	MQ	no	Lactobacillus	Lactobacillus crispatus	human	aadA	aminoglycoside
ARGH_000656	LABG_002537	MQ	no	Lactobacillus	Lactobacillus crispatus	human	aadA	aminoglycoside
ARGH_000657	LABG_002538	MQ	no	Lactobacillus	Lactobacillus crispatus	human	aadA	aminoglycoside
ARGH_000658	LABG_002539	MQ	no	Lactobacillus	Lactobacillus crispatus	human	aadA	aminoglycoside
ARGH_000659	LABG_002540	MQ	no	Lactobacillus	Lactobacillus crispatus	human	aadA	aminoglycoside
ARGH_000660	LABG_002541	MQ	no	Lactobacillus	Lactobacillus crispatus	human	aadA	aminoglycoside
ARGH_000661	LABG_002548	Rep99	yes	Lactobacillus	Lactobacillus crispatus	animal	tet(W)	tetracycline
ARGH_000662	LABG_002551	Rep99	yes	Lactobacillus	Lactobacillus sp910589675	other	tet(W)	tetracycline
ARGH_000663	LABG_002580	Rep99	yes	Limosilactobacillus	Limosilactobacillus reuteri	animal	dfrG	trimethoprim
ARGH_000664	LABG_002580	Rep99	yes	Limosilactobacillus	Limosilactobacillus reuteri	animal	tet(L)	tetracycline
ARGH_000665	LABG_002580	Rep99	yes	Limosilactobacillus	Limosilactobacillus reuteri	animal	tet(W)	tetracycline
ARGH_000666	LABG_002645	Rep99	yes	Ligilactobacillus	Ligilactobacillus aviarius_B	animal	lnuA	MLS
ARGH_000667	LABG_002645	Rep99	yes	Ligilactobacillus	Ligilactobacillus aviarius_B	animal	tet(W)	tetracycline
ARGH_000668	LABG_002647	MQ	no	Ligilactobacillus	Ligilactobacillus aviarius_B	animal	tet(W)	tetracycline
ARGH_000669	LABG_002648	Rep99	yes	Ligilactobacillus	Ligilactobacillus aviarius_B	animal	tet(W)	tetracycline
ARGH_000670	LABG_002651	MQ	no	Ligilactobacillus	Ligilactobacillus aviarius_B	animal	tet(W)	tetracycline
ARGH_000671	LABG_002652	MQ	no	Ligilactobacillus	Ligilactobacillus aviarius_B	animal	tet(W)	tetracycline
ARGH_000672	LABG_002653	MQ	no	Ligilactobacillus	Ligilactobacillus aviarius_B	animal	tet(W)	tetracycline
ARGH_000673	LABG_002654	MQ	no	Ligilactobacillus	Ligilactobacillus aviarius_B	animal	lnuA	MLS
ARGH_000674	LABG_002654	MQ	no	Ligilactobacillus	Ligilactobacillus aviarius_B	animal	tet(W)	tetracycline
ARGH_000675	LABG_002656	MQ	no	Ligilactobacillus	Ligilactobacillus aviarius_B	animal	tet(W)	tetracycline
ARGH_000676	LABG_002657	MQ	no	Ligilactobacillus	Ligilactobacillus aviarius_B	animal	tet(W)	tetracycline
ARGH_000677	LABG_002736	MQ	no	Lactobacillus	Lactobacillus crispatus	animal	lnuC	MLS
ARGH_000678	LABG_002736	MQ	no	Lactobacillus	Lactobacillus crispatus	animal	tet(W)	tetracycline
ARGH_000679	LABG_002739	MQ	no	Ligilactobacillus	Ligilactobacillus animalis	animal	lnuC	MLS
ARGH_000680	LABG_002739	MQ	no	Ligilactobacillus	Ligilactobacillus animalis	animal	tet(W)	tetracycline
ARGH_000681	LABG_002741	MQ	no	Lactobacillus	Lactobacillus sp945980025	human	ErmB	MLS
ARGH_000682	LABG_002741	MQ	no	Lactobacillus	Lactobacillus sp945980025	human	tet(L)	tetracycline
ARGH_000683	LABG_002741	MQ	no	Lactobacillus	Lactobacillus sp945980025	human	tet(M)	tetracycline
ARGH_000684	LABG_002954	MQ	no	Limosilactobacillus	Limosilactobacillus reuteri	animal	ErmB	MLS
ARGH_000685	LABG_002954	MQ	no	Limosilactobacillus	Limosilactobacillus reuteri	animal	ErmB	MLS
ARGH_000686	LABG_002954	MQ	no	Limosilactobacillus	Limosilactobacillus reuteri	animal	tet(W)	tetracycline
ARGH_000687	LABG_002954	MQ	no	Limosilactobacillus	Limosilactobacillus reuteri	animal	tet(W)	tetracycline
ARGH_000688	LABG_002954	MQ	no	Limosilactobacillus	Limosilactobacillus reuteri	animal	vatE	MLS
ARGH_000689	LABG_002962	Rep99	yes	Pediococcus	Pediococcus acidilactici	food	ErmB	MLS
ARGH_000690	LABG_002962	Rep99	yes	Pediococcus	Pediococcus acidilactici	food	fexB	phenicol
ARGH_000691	LABG_002962	Rep99	yes	Pediococcus	Pediococcus acidilactici	food	poxtA	multidrug
ARGH_000692	LABG_002962	Rep99	yes	Pediococcus	Pediococcus acidilactici	food	vatE	MLS
ARGH_000693	LABG_002968	MQ	no	Amylolactobacillus	Amylolactobacillus amylophilus	animal	ErmB	MLS
ARGH_000694	LABG_002968	MQ	no	Amylolactobacillus	Amylolactobacillus amylophilus	animal	tet(M)	tetracycline
ARGH_000695	LABG_003069	MQ	no	Ligilactobacillus	Ligilactobacillus ruminis	animal	APH(3')-Ia	aminoglycoside
ARGH_000696	LABG_003077	Rep99	yes	Ligilactobacillus	Ligilactobacillus salivarius	other	tet(M)	tetracycline
ARGH_000697	LABG_003091	Rep99	yes	Ligilactobacillus	Ligilactobacillus salivarius	other	catA8	phenicol
ARGH_000698	LABG_003091	Rep99	yes	Ligilactobacillus	Ligilactobacillus salivarius	other	tet(L)	tetracycline
ARGH_000699	LABG_003091	Rep99	yes	Ligilactobacillus	Ligilactobacillus salivarius	other	tet(M)	tetracycline
ARGH_000700	LABG_003168	MQ	no	Limosilactobacillus	Limosilactobacillus reuteri_E	human	lnuA	MLS
ARGH_000701	LABG_003168	MQ	no	Limosilactobacillus	Limosilactobacillus reuteri_E	human	tet(W)	tetracycline
ARGH_000702	LABG_003170	Rep99	yes	Limosilactobacillus	Limosilactobacillus reuteri_E	animal	ErmB	MLS
ARGH_000703	LABG_003170	Rep99	yes	Limosilactobacillus	Limosilactobacillus reuteri_E	animal	lnuA	MLS
ARGH_000704	LABG_003171	MQ	no	Limosilactobacillus	Limosilactobacillus reuteri_E	human	lnuA	MLS
ARGH_000705	LABG_003171	MQ	no	Limosilactobacillus	Limosilactobacillus reuteri_E	human	tet(W)	tetracycline
ARGH_000706	LABG_003188	MQ	no	Limosilactobacillus	Limosilactobacillus reuteri	animal	ANT(4')-Ia	aminoglycoside
ARGH_000707	LABG_003188	MQ	no	Limosilactobacillus	Limosilactobacillus reuteri	animal	ANT(9)-Ia	aminoglycoside
ARGH_000708	LABG_003188	MQ	no	Limosilactobacillus	Limosilactobacillus reuteri	animal	lnuA	MLS
ARGH_000709	LABG_003189	MQ	no	Limosilactobacillus	Limosilactobacillus reuteri	animal	tet(W)	tetracycline
ARGH_000710	LABG_003190	MQ	no	Limosilactobacillus		animal	aad(6)	aminoglycoside
ARGH_000711	LABG_003190	MQ	no	Limosilactobacillus		animal	ANT(4')-Ia	aminoglycoside
ARGH_000712	LABG_003190	MQ	no	Limosilactobacillus		animal	ANT(9)-Ia	aminoglycoside
ARGH_000713	LABG_003190	MQ	no	Limosilactobacillus		animal	APH(3')-IIIa	aminoglycoside
ARGH_000714	LABG_003190	MQ	no	Limosilactobacillus		animal	ErmB	MLS
ARGH_000715	LABG_003190	MQ	no	Limosilactobacillus		animal	lnuA	MLS
ARGH_000716	LABG_003190	MQ	no	Limosilactobacillus		animal	tet(L)	tetracycline
ARGH_000717	LABG_003190	MQ	no	Limosilactobacillus		animal	tet(W)	tetracycline
ARGH_000718	LABG_003190	MQ	no	Limosilactobacillus		animal	vatE	MLS
ARGH_000719	LABG_003191	MQ	no	Limosilactobacillus	Limosilactobacillus reuteri_I	animal	ANT(4')-Ia	aminoglycoside
ARGH_000720	LABG_003191	MQ	no	Limosilactobacillus	Limosilactobacillus reuteri_I	animal	APH(3')-IIIa	aminoglycoside
ARGH_000721	LABG_003191	MQ	no	Limosilactobacillus	Limosilactobacillus reuteri_I	animal	ErmB	MLS
ARGH_000722	LABG_003191	MQ	no	Limosilactobacillus	Limosilactobacillus reuteri_I	animal	fexB	phenicol
ARGH_000723	LABG_003191	MQ	no	Limosilactobacillus	Limosilactobacillus reuteri_I	animal	lnuA	MLS
ARGH_000724	LABG_003191	MQ	no	Limosilactobacillus	Limosilactobacillus reuteri_I	animal	tet(L)	tetracycline
ARGH_000725	LABG_003191	MQ	no	Limosilactobacillus	Limosilactobacillus reuteri_I	animal	tet(W)	tetracycline
ARGH_000726	LABG_003191	MQ	no	Limosilactobacillus	Limosilactobacillus reuteri_I	animal	vatE	MLS
ARGH_000727	LABG_003192	MQ	no	Limosilactobacillus	Limosilactobacillus reuteri_I	animal	ANT(4')-Ia	aminoglycoside
ARGH_000728	LABG_003192	MQ	no	Limosilactobacillus	Limosilactobacillus reuteri_I	animal	lnuA	MLS
ARGH_000729	LABG_003193	MQ	no	Limosilactobacillus	Limosilactobacillus reuteri_I	animal	ANT(4')-Ia	aminoglycoside
ARGH_000730	LABG_003193	MQ	no	Limosilactobacillus	Limosilactobacillus reuteri_I	animal	lnuA	MLS
ARGH_000731	LABG_003193	MQ	no	Limosilactobacillus	Limosilactobacillus reuteri_I	animal	tet(W)	tetracycline
ARGH_000732	LABG_003194	MQ	no	Limosilactobacillus	Limosilactobacillus reuteri_I	animal	lnuA	MLS
ARGH_000733	LABG_003194	MQ	no	Limosilactobacillus	Limosilactobacillus reuteri_I	animal	tet(W)	tetracycline
ARGH_000734	LABG_003195	MQ	no	Limosilactobacillus		animal	lnuC	MLS
ARGH_000735	LABG_003195	MQ	no	Limosilactobacillus		animal	tet(W)	tetracycline
ARGH_000736	LABG_003196	MQ	no	Limosilactobacillus	Limosilactobacillus reuteri_I	animal	lnuA	MLS
ARGH_000737	LABG_003196	MQ	no	Limosilactobacillus	Limosilactobacillus reuteri_I	animal	tet(W)	tetracycline
ARGH_000738	LABG_003197	MQ	no	Limosilactobacillus	Limosilactobacillus reuteri_I	animal	lnuA	MLS
ARGH_000739	LABG_003198	MQ	no	Limosilactobacillus		animal	ErmB	MLS
ARGH_000740	LABG_003198	MQ	no	Limosilactobacillus		animal	lnuA	MLS
ARGH_000741	LABG_003198	MQ	no	Limosilactobacillus		animal	tet(W)	tetracycline
ARGH_000742	LABG_003199	MQ	no	Limosilactobacillus	Limosilactobacillus reuteri_I	animal	ErmB	MLS
ARGH_000743	LABG_003199	MQ	no	Limosilactobacillus	Limosilactobacillus reuteri_I	animal	fexA	phenicol
ARGH_000744	LABG_003200	MQ	no	Limosilactobacillus	Limosilactobacillus reuteri	animal	tet(W)	tetracycline
ARGH_000745	LABG_003201	MQ	no	Limosilactobacillus	Limosilactobacillus reuteri_I	animal	lnuA	MLS
ARGH_000746	LABG_003201	MQ	no	Limosilactobacillus	Limosilactobacillus reuteri_I	animal	tet(W)	tetracycline
ARGH_000747	LABG_003202	MQ	no	Limosilactobacillus	Limosilactobacillus reuteri	animal	fexA	phenicol
ARGH_000748	LABG_003202	MQ	no	Limosilactobacillus	Limosilactobacillus reuteri	animal	lnuA	MLS
ARGH_000749	LABG_003202	MQ	no	Limosilactobacillus	Limosilactobacillus reuteri	animal	tet(M)	tetracycline
ARGH_000750	LABG_003202	MQ	no	Limosilactobacillus	Limosilactobacillus reuteri	animal	tet(W)	tetracycline
ARGH_000751	LABG_003203	Rep99	yes	Limosilactobacillus	Limosilactobacillus reuteri_I	animal	aad(6)	aminoglycoside
ARGH_000752	LABG_003203	Rep99	yes	Limosilactobacillus	Limosilactobacillus reuteri_I	animal	APH(3')-IIIa	aminoglycoside
ARGH_000753	LABG_003203	Rep99	yes	Limosilactobacillus	Limosilactobacillus reuteri_I	animal	ErmB	MLS
ARGH_000754	LABG_003203	Rep99	yes	Limosilactobacillus	Limosilactobacillus reuteri_I	animal	lnuA	MLS
ARGH_000755	LABG_003203	Rep99	yes	Limosilactobacillus	Limosilactobacillus reuteri_I	animal	tet(L)	tetracycline
ARGH_000756	LABG_003203	Rep99	yes	Limosilactobacillus	Limosilactobacillus reuteri_I	animal	tet(W)	tetracycline
ARGH_000757	LABG_003204	MQ	no	Ligilactobacillus	Ligilactobacillus salivarius	animal	ANT(6)-Ia	aminoglycoside
ARGH_000758	LABG_003204	MQ	no	Ligilactobacillus	Ligilactobacillus salivarius	animal	ErmA	MLS
ARGH_000759	LABG_003204	MQ	no	Ligilactobacillus	Ligilactobacillus salivarius	animal	ErmB	MLS
ARGH_000760	LABG_003204	MQ	no	Ligilactobacillus	Ligilactobacillus salivarius	animal	lnuC	MLS
ARGH_000761	LABG_003204	MQ	no	Ligilactobacillus	Ligilactobacillus salivarius	animal	tet(L)	tetracycline
ARGH_000762	LABG_003204	MQ	no	Ligilactobacillus	Ligilactobacillus salivarius	animal	tet(M)	tetracycline
ARGH_000763	LABG_003216	MQ	no	Limosilactobacillus	Limosilactobacillus reuteri_E	animal	tet(W)	tetracycline
ARGH_000764	LABG_003218	Rep99	yes	Lactobacillus	Lactobacillus johnsonii	animal	lnuC	MLS
ARGH_000765	LABG_003218	Rep99	yes	Lactobacillus	Lactobacillus johnsonii	animal	tet(W)	tetracycline
ARGH_000766	LABG_003219	Rep99	yes	Limosilactobacillus	Limosilactobacillus reuteri_E	animal	tet(W)	tetracycline
ARGH_000767	LABG_003220	MQ	no	Lactobacillus	Lactobacillus gallinarum	animal	tet(W)	tetracycline
ARGH_000768	LABG_003222	Rep99	yes	Lactobacillus	Lactobacillus gallinarum	animal	tet(W)	tetracycline
ARGH_000769	LABG_003225	Rep99	yes	Ligilactobacillus	Ligilactobacillus salivarius	animal	tet(M)	tetracycline
ARGH_000770	LABG_003226	Rep99	yes	Ligilactobacillus	Ligilactobacillus salivarius	animal	AAC(6')-Ie-APH(2'')-Ia bifunctional protein	aminoglycoside
ARGH_000771	LABG_003226	Rep99	yes	Ligilactobacillus	Ligilactobacillus salivarius	animal	ANT(6)-Ia	aminoglycoside
ARGH_000772	LABG_003226	Rep99	yes	Ligilactobacillus	Ligilactobacillus salivarius	animal	tet(L)	tetracycline
ARGH_000773	LABG_003238	MQ	no	Lactobacillus	Lactobacillus sp946579245	animal	ErmT	MLS
ARGH_000774	LABG_003238	MQ	no	Lactobacillus	Lactobacillus sp946579245	animal	lnuA	MLS
ARGH_000775	LABG_003238	MQ	no	Lactobacillus	Lactobacillus sp946579245	animal	tet(L)	tetracycline
ARGH_000776	LABG_003238	MQ	no	Lactobacillus	Lactobacillus sp946579245	animal	tet(W)	tetracycline
ARGH_000777	LABG_003238	MQ	no	Lactobacillus	Lactobacillus sp946579245	animal	vatE	MLS
ARGH_000778	LABG_003239	Rep99	yes	Lactobacillus	Lactobacillus sp946579245	animal	ErmT	MLS
ARGH_000779	LABG_003239	Rep99	yes	Lactobacillus	Lactobacillus sp946579245	animal	lnuA	MLS
ARGH_000780	LABG_003239	Rep99	yes	Lactobacillus	Lactobacillus sp946579245	animal	tet(L)	tetracycline
ARGH_000781	LABG_003239	Rep99	yes	Lactobacillus	Lactobacillus sp946579245	animal	tet(W)	tetracycline
ARGH_000782	LABG_003239	Rep99	yes	Lactobacillus	Lactobacillus sp946579245	animal	vatE	MLS
ARGH_000783	LABG_003240	Rep99	yes	Levilactobacillus	Levilactobacillus brevis	food	tet(M)	tetracycline
ARGH_000784	LABG_003241	MQ	no	Companilactobacillus	Companilactobacillus bobalius	food	tet(M)	tetracycline
ARGH_000785	LABG_003255	MQ	no	Lactobacillus	Lactobacillus crispatus	animal	tet(W)	tetracycline
ARGH_000786	LABG_003255	MQ	no	Lactobacillus	Lactobacillus crispatus	animal	vatE	MLS
ARGH_000787	LABG_003256	MQ	no	Ligilactobacillus	Ligilactobacillus agilis	animal	lnuC	MLS
ARGH_000788	LABG_003256	MQ	no	Ligilactobacillus	Ligilactobacillus agilis	animal	tet(M)	tetracycline
ARGH_000789	LABG_003256	MQ	no	Ligilactobacillus	Ligilactobacillus agilis	animal	vatE	MLS
ARGH_000790	LABG_003257	MQ	no	Ligilactobacillus	Ligilactobacillus agilis	animal	lnuC	MLS
ARGH_000791	LABG_003257	MQ	no	Ligilactobacillus	Ligilactobacillus agilis	animal	tet(M)	tetracycline
ARGH_000792	LABG_003257	MQ	no	Ligilactobacillus	Ligilactobacillus agilis	animal	vatE	MLS
ARGH_000793	LABG_003258	MQ	no	Lactobacillus	Lactobacillus crispatus	animal	ErmT	MLS
ARGH_000794	LABG_003258	MQ	no	Lactobacillus	Lactobacillus crispatus	animal	lnuA	MLS
ARGH_000795	LABG_003258	MQ	no	Lactobacillus	Lactobacillus crispatus	animal	lnuC	MLS
ARGH_000796	LABG_003258	MQ	no	Lactobacillus	Lactobacillus crispatus	animal	tet(W)	tetracycline
ARGH_000797	LABG_003258	MQ	no	Lactobacillus	Lactobacillus crispatus	animal	vatE	MLS
ARGH_000798	LABG_003259	MQ	no	Lactobacillus	Lactobacillus crispatus	animal	tet(W)	tetracycline
ARGH_000799	LABG_003259	MQ	no	Lactobacillus	Lactobacillus crispatus	animal	vatE	MLS
ARGH_000800	LABG_003260	Rep99	yes	Lactobacillus	Lactobacillus crispatus	animal	tet(W)	tetracycline
ARGH_000801	LABG_003260	Rep99	yes	Lactobacillus	Lactobacillus crispatus	animal	vatE	MLS
ARGH_000802	LABG_003261	MQ	no	Lactobacillus	Lactobacillus crispatus	animal	ErmT	MLS
ARGH_000803	LABG_003261	MQ	no	Lactobacillus	Lactobacillus crispatus	animal	lnuA	MLS
ARGH_000804	LABG_003261	MQ	no	Lactobacillus	Lactobacillus crispatus	animal	tet(W)	tetracycline
ARGH_000805	LABG_003262	MQ	no	Lactobacillus	Lactobacillus crispatus	animal	ErmT	MLS
ARGH_000806	LABG_003262	MQ	no	Lactobacillus	Lactobacillus crispatus	animal	lnuA	MLS
ARGH_000807	LABG_003262	MQ	no	Lactobacillus	Lactobacillus crispatus	animal	tet(W)	tetracycline
ARGH_000808	LABG_003263	MQ	no	Ligilactobacillus	Ligilactobacillus agilis	animal	lnuC	MLS
ARGH_000809	LABG_003263	MQ	no	Ligilactobacillus	Ligilactobacillus agilis	animal	tet(M)	tetracycline
ARGH_000810	LABG_003263	MQ	no	Ligilactobacillus	Ligilactobacillus agilis	animal	vatE	MLS
ARGH_000811	LABG_003264	Rep99	yes	Lactobacillus	Lactobacillus crispatus	animal	lnuC	MLS
ARGH_000812	LABG_003264	Rep99	yes	Lactobacillus	Lactobacillus crispatus	animal	tet(W)	tetracycline
ARGH_000813	LABG_003264	Rep99	yes	Lactobacillus	Lactobacillus crispatus	animal	vatE	MLS
ARGH_000814	LABG_003265	Rep99	yes	Lactobacillus	Lactobacillus crispatus	animal	ErmT	MLS
ARGH_000815	LABG_003265	Rep99	yes	Lactobacillus	Lactobacillus crispatus	animal	lnuA	MLS
ARGH_000816	LABG_003265	Rep99	yes	Lactobacillus	Lactobacillus crispatus	animal	tet(W)	tetracycline
ARGH_000817	LABG_003266	MQ	no	Lactobacillus	Lactobacillus crispatus	animal	ErmT	MLS
ARGH_000818	LABG_003266	MQ	no	Lactobacillus	Lactobacillus crispatus	animal	lnuA	MLS
ARGH_000819	LABG_003266	MQ	no	Lactobacillus	Lactobacillus crispatus	animal	tet(W)	tetracycline
ARGH_000820	LABG_003267	MQ	no	Lactobacillus	Lactobacillus crispatus	animal	ErmT	MLS
ARGH_000821	LABG_003267	MQ	no	Lactobacillus	Lactobacillus crispatus	animal	lnuA	MLS
ARGH_000822	LABG_003267	MQ	no	Lactobacillus	Lactobacillus crispatus	animal	tet(W)	tetracycline
ARGH_000823	LABG_003267	MQ	no	Lactobacillus	Lactobacillus crispatus	animal	vatE	MLS
ARGH_000824	LABG_003268	MQ	no	Lactobacillus	Lactobacillus crispatus	animal	ErmT	MLS
ARGH_000825	LABG_003268	MQ	no	Lactobacillus	Lactobacillus crispatus	animal	lnuA	MLS
ARGH_000826	LABG_003268	MQ	no	Lactobacillus	Lactobacillus crispatus	animal	tet(W)	tetracycline
ARGH_000827	LABG_003269	MQ	no	Lactobacillus	Lactobacillus crispatus	animal	lnuA	MLS
ARGH_000828	LABG_003269	MQ	no	Lactobacillus	Lactobacillus crispatus	animal	tet(W)	tetracycline
ARGH_000829	LABG_003270	MQ	no	Lactobacillus	Lactobacillus crispatus	animal	ErmT	MLS
ARGH_000830	LABG_003270	MQ	no	Lactobacillus	Lactobacillus crispatus	animal	lnuA	MLS
ARGH_000831	LABG_003270	MQ	no	Lactobacillus	Lactobacillus crispatus	animal	tet(W)	tetracycline
ARGH_000832	LABG_003271	MQ	no	Lactobacillus	Lactobacillus crispatus	animal	lnuA	MLS
ARGH_000833	LABG_003271	MQ	no	Lactobacillus	Lactobacillus crispatus	animal	tet(W)	tetracycline
ARGH_000834	LABG_003271	MQ	no	Lactobacillus	Lactobacillus crispatus	animal	vatE	MLS
ARGH_000835	LABG_003272	MQ	no	Lactobacillus	Lactobacillus crispatus	animal	ErmT	MLS
ARGH_000836	LABG_003272	MQ	no	Lactobacillus	Lactobacillus crispatus	animal	lnuA	MLS
ARGH_000837	LABG_003272	MQ	no	Lactobacillus	Lactobacillus crispatus	animal	tet(W)	tetracycline
ARGH_000838	LABG_003272	MQ	no	Lactobacillus	Lactobacillus crispatus	animal	vatE	MLS
ARGH_000839	LABG_003273	MQ	no	Lactobacillus	Lactobacillus crispatus	animal	ErmT	MLS
ARGH_000840	LABG_003273	MQ	no	Lactobacillus	Lactobacillus crispatus	animal	lnuA	MLS
ARGH_000841	LABG_003273	MQ	no	Lactobacillus	Lactobacillus crispatus	animal	tet(W)	tetracycline
ARGH_000842	LABG_003274	Rep99	yes	Lactobacillus	Lactobacillus crispatus	animal	ErmT	MLS
ARGH_000843	LABG_003274	Rep99	yes	Lactobacillus	Lactobacillus crispatus	animal	lnuA	MLS
ARGH_000844	LABG_003274	Rep99	yes	Lactobacillus	Lactobacillus crispatus	animal	tet(W)	tetracycline
ARGH_000845	LABG_003274	Rep99	yes	Lactobacillus	Lactobacillus crispatus	animal	vatE	MLS
ARGH_000846	LABG_003275	MQ	no	Lactobacillus	Lactobacillus crispatus	animal	ErmT	MLS
ARGH_000847	LABG_003275	MQ	no	Lactobacillus	Lactobacillus crispatus	animal	lnuA	MLS
ARGH_000848	LABG_003275	MQ	no	Lactobacillus	Lactobacillus crispatus	animal	tet(W)	tetracycline
ARGH_000849	LABG_003275	MQ	no	Lactobacillus	Lactobacillus crispatus	animal	vatE	MLS
ARGH_000850	LABG_003276	MQ	no	Lactobacillus	Lactobacillus crispatus	animal	tet(W)	tetracycline
ARGH_000851	LABG_003276	MQ	no	Lactobacillus	Lactobacillus crispatus	animal	vatE	MLS
ARGH_000852	LABG_003277	MQ	no	Lactobacillus	Lactobacillus crispatus	animal	tet(W)	tetracycline
ARGH_000853	LABG_003277	MQ	no	Lactobacillus	Lactobacillus crispatus	animal	vatE	MLS
ARGH_000854	LABG_003278	MQ	no	Lactobacillus	Lactobacillus crispatus	animal	tet(W)	tetracycline
ARGH_000855	LABG_003278	MQ	no	Lactobacillus	Lactobacillus crispatus	animal	vatE	MLS
ARGH_000856	LABG_003279	MQ	no	Lactobacillus	Lactobacillus crispatus	animal	tet(W)	tetracycline
ARGH_000857	LABG_003279	MQ	no	Lactobacillus	Lactobacillus crispatus	animal	vatE	MLS
ARGH_000858	LABG_003280	MQ	no	Lactobacillus	Lactobacillus crispatus	animal	tet(W)	tetracycline
ARGH_000859	LABG_003280	MQ	no	Lactobacillus	Lactobacillus crispatus	animal	vatE	MLS
ARGH_000860	LABG_003281	Rep99	yes	Lactobacillus	Lactobacillus crispatus	animal	tet(W)	tetracycline
ARGH_000861	LABG_003281	Rep99	yes	Lactobacillus	Lactobacillus crispatus	animal	vatE	MLS
ARGH_000862	LABG_003290	Rep99	yes	Ligilactobacillus	Ligilactobacillus agilis	animal	lnuC	MLS
ARGH_000863	LABG_003290	Rep99	yes	Ligilactobacillus	Ligilactobacillus agilis	animal	tet(M)	tetracycline
ARGH_000864	LABG_003290	Rep99	yes	Ligilactobacillus	Ligilactobacillus agilis	animal	vatE	MLS
ARGH_000865	LABG_003291	MQ	no	Ligilactobacillus	Ligilactobacillus agilis	animal	lnuC	MLS
ARGH_000866	LABG_003291	MQ	no	Ligilactobacillus	Ligilactobacillus agilis	animal	tet(M)	tetracycline
ARGH_000867	LABG_003291	MQ	no	Ligilactobacillus	Ligilactobacillus agilis	animal	vatE	MLS
ARGH_000868	LABG_003292	MQ	no	Ligilactobacillus	Ligilactobacillus agilis	animal	lnuC	MLS
ARGH_000869	LABG_003292	MQ	no	Ligilactobacillus	Ligilactobacillus agilis	animal	tet(M)	tetracycline
ARGH_000870	LABG_003292	MQ	no	Ligilactobacillus	Ligilactobacillus agilis	animal	vatE	MLS
ARGH_000871	LABG_003293	MQ	no	Ligilactobacillus	Ligilactobacillus agilis	animal	lnuC	MLS
ARGH_000872	LABG_003293	MQ	no	Ligilactobacillus	Ligilactobacillus agilis	animal	tet(M)	tetracycline
ARGH_000873	LABG_003293	MQ	no	Ligilactobacillus	Ligilactobacillus agilis	animal	vatE	MLS
ARGH_000874	LABG_003294	MQ	no	Ligilactobacillus	Ligilactobacillus agilis	animal	lnuC	MLS
ARGH_000875	LABG_003294	MQ	no	Ligilactobacillus	Ligilactobacillus agilis	animal	tet(M)	tetracycline
ARGH_000876	LABG_003294	MQ	no	Ligilactobacillus	Ligilactobacillus agilis	animal	vatE	MLS
ARGH_000877	LABG_003296	Rep99	yes	Ligilactobacillus	Ligilactobacillus agilis	animal	tet(M)	tetracycline
ARGH_000878	LABG_003297	MQ	no	Ligilactobacillus	Ligilactobacillus agilis	animal	tet(M)	tetracycline
ARGH_000879	LABG_003302	Rep99	yes	Ligilactobacillus	Ligilactobacillus salivarius	food	tet(M)	tetracycline
ARGH_000880	LABG_003366	Rep99	yes	Lactobacillus	Lactobacillus sp946579245	animal	tet(W)	tetracycline
ARGH_000881	LABG_003366	Rep99	yes	Lactobacillus	Lactobacillus sp946579245	animal	vatE	MLS
ARGH_000882	LABG_003367	MQ	no	Lactobacillus	Lactobacillus sp946579245	animal	ErmT	MLS
ARGH_000883	LABG_003367	MQ	no	Lactobacillus	Lactobacillus sp946579245	animal	lnuA	MLS
ARGH_000884	LABG_003367	MQ	no	Lactobacillus	Lactobacillus sp946579245	animal	tet(L)	tetracycline
ARGH_000885	LABG_003367	MQ	no	Lactobacillus	Lactobacillus sp946579245	animal	tet(W)	tetracycline
ARGH_000886	LABG_003367	MQ	no	Lactobacillus	Lactobacillus sp946579245	animal	vatE	MLS
ARGH_000887	LABG_003368	MQ	no	Lactobacillus	Lactobacillus sp946579245	animal	ErmT	MLS
ARGH_000888	LABG_003368	MQ	no	Lactobacillus	Lactobacillus sp946579245	animal	lnuA	MLS
ARGH_000889	LABG_003368	MQ	no	Lactobacillus	Lactobacillus sp946579245	animal	tet(L)	tetracycline
ARGH_000890	LABG_003368	MQ	no	Lactobacillus	Lactobacillus sp946579245	animal	tet(W)	tetracycline
ARGH_000891	LABG_003368	MQ	no	Lactobacillus	Lactobacillus sp946579245	animal	vatE	MLS
ARGH_000892	LABG_003369	MQ	no	Lactobacillus	Lactobacillus sp946579245	animal	ErmB	MLS
ARGH_000893	LABG_003369	MQ	no	Lactobacillus	Lactobacillus sp946579245	animal	tet(W)	tetracycline
ARGH_000894	LABG_003369	MQ	no	Lactobacillus	Lactobacillus sp946579245	animal	vatE	MLS
ARGH_000895	LABG_003386	MQ	no	Ligilactobacillus	Ligilactobacillus salivarius	animal	ErmB	MLS
ARGH_000896	LABG_003386	MQ	no	Ligilactobacillus	Ligilactobacillus salivarius	animal	lnuC	MLS
ARGH_000897	LABG_003386	MQ	no	Ligilactobacillus	Ligilactobacillus salivarius	animal	tet(M)	tetracycline
ARGH_000898	LABG_003387	Rep99	yes	Ligilactobacillus	Ligilactobacillus salivarius	animal	ErmB	MLS
ARGH_000899	LABG_003387	Rep99	yes	Ligilactobacillus	Ligilactobacillus salivarius	animal	lnuC	MLS
ARGH_000900	LABG_003387	Rep99	yes	Ligilactobacillus	Ligilactobacillus salivarius	animal	tet(M)	tetracycline
ARGH_000901	LABG_003388	MQ	no	Ligilactobacillus	Ligilactobacillus salivarius	animal	ErmB	MLS
ARGH_000902	LABG_003388	MQ	no	Ligilactobacillus	Ligilactobacillus salivarius	animal	lnuC	MLS
ARGH_000903	LABG_003388	MQ	no	Ligilactobacillus	Ligilactobacillus salivarius	animal	tet(M)	tetracycline
ARGH_000904	LABG_003389	MQ	no	Ligilactobacillus	Ligilactobacillus salivarius	animal	ANT(9)-Ia	aminoglycoside
ARGH_000905	LABG_003389	MQ	no	Ligilactobacillus	Ligilactobacillus salivarius	animal	lnuA	MLS
ARGH_000906	LABG_003389	MQ	no	Ligilactobacillus	Ligilactobacillus salivarius	animal	lnuC	MLS
ARGH_000907	LABG_003389	MQ	no	Ligilactobacillus	Ligilactobacillus salivarius	animal	tet(L)	tetracycline
ARGH_000908	LABG_003389	MQ	no	Ligilactobacillus	Ligilactobacillus salivarius	animal	tet(M)	tetracycline
ARGH_000909	LABG_003390	MQ	no	Ligilactobacillus	Ligilactobacillus salivarius	animal	ErmA	MLS
ARGH_000910	LABG_003390	MQ	no	Ligilactobacillus	Ligilactobacillus salivarius	animal	ErmB	MLS
ARGH_000911	LABG_003390	MQ	no	Ligilactobacillus	Ligilactobacillus salivarius	animal	lnuC	MLS
ARGH_000912	LABG_003390	MQ	no	Ligilactobacillus	Ligilactobacillus salivarius	animal	tet(L)	tetracycline
ARGH_000913	LABG_003390	MQ	no	Ligilactobacillus	Ligilactobacillus salivarius	animal	tet(M)	tetracycline
ARGH_000914	LABG_003391	Rep99	yes	Ligilactobacillus	Ligilactobacillus salivarius	animal	ANT(9)-Ia	aminoglycoside
ARGH_000915	LABG_003391	Rep99	yes	Ligilactobacillus	Ligilactobacillus salivarius	animal	ErmA	MLS
ARGH_000916	LABG_003391	Rep99	yes	Ligilactobacillus	Ligilactobacillus salivarius	animal	lnuA	MLS
ARGH_000917	LABG_003391	Rep99	yes	Ligilactobacillus	Ligilactobacillus salivarius	animal	lnuC	MLS
ARGH_000918	LABG_003391	Rep99	yes	Ligilactobacillus	Ligilactobacillus salivarius	animal	tet(L)	tetracycline
ARGH_000919	LABG_003391	Rep99	yes	Ligilactobacillus	Ligilactobacillus salivarius	animal	tet(M)	tetracycline
ARGH_000920	LABG_003392	Rep99	yes	Ligilactobacillus	Ligilactobacillus salivarius	animal	ANT(6)-Ia	aminoglycoside
ARGH_000921	LABG_003392	Rep99	yes	Ligilactobacillus	Ligilactobacillus salivarius	animal	lnuA	MLS
ARGH_000922	LABG_003392	Rep99	yes	Ligilactobacillus	Ligilactobacillus salivarius	animal	lnuC	MLS
ARGH_000923	LABG_003392	Rep99	yes	Ligilactobacillus	Ligilactobacillus salivarius	animal	tet(L)	tetracycline
ARGH_000924	LABG_003392	Rep99	yes	Ligilactobacillus	Ligilactobacillus salivarius	animal	tet(M)	tetracycline
ARGH_000925	LABG_003393	MQ	no	Ligilactobacillus	Ligilactobacillus salivarius	animal	ANT(9)-Ia	aminoglycoside
ARGH_000926	LABG_003393	MQ	no	Ligilactobacillus	Ligilactobacillus salivarius	animal	lnuA	MLS
ARGH_000927	LABG_003393	MQ	no	Ligilactobacillus	Ligilactobacillus salivarius	animal	lnuC	MLS
ARGH_000928	LABG_003393	MQ	no	Ligilactobacillus	Ligilactobacillus salivarius	animal	tet(L)	tetracycline
ARGH_000929	LABG_003393	MQ	no	Ligilactobacillus	Ligilactobacillus salivarius	animal	tet(M)	tetracycline
ARGH_000930	LABG_003394	Rep99	yes	Ligilactobacillus	Ligilactobacillus salivarius	animal	ANT(9)-Ia	aminoglycoside
ARGH_000931	LABG_003394	Rep99	yes	Ligilactobacillus	Ligilactobacillus salivarius	animal	lnuA	MLS
ARGH_000932	LABG_003394	Rep99	yes	Ligilactobacillus	Ligilactobacillus salivarius	animal	tet(M)	tetracycline
ARGH_000933	LABG_003395	MQ	no	Ligilactobacillus	Ligilactobacillus salivarius	animal	ANT(6)-Ia	aminoglycoside
ARGH_000934	LABG_003395	MQ	no	Ligilactobacillus	Ligilactobacillus salivarius	animal	ErmA	MLS
ARGH_000935	LABG_003395	MQ	no	Ligilactobacillus	Ligilactobacillus salivarius	animal	lnuC	MLS
ARGH_000936	LABG_003395	MQ	no	Ligilactobacillus	Ligilactobacillus salivarius	animal	tet(L)	tetracycline
ARGH_000937	LABG_003395	MQ	no	Ligilactobacillus	Ligilactobacillus salivarius	animal	tet(M)	tetracycline
ARGH_000938	LABG_003396	Rep99	yes	Ligilactobacillus	Ligilactobacillus salivarius	animal	ANT(9)-Ia	aminoglycoside
ARGH_000939	LABG_003396	Rep99	yes	Ligilactobacillus	Ligilactobacillus salivarius	animal	fexB	phenicol
ARGH_000940	LABG_003396	Rep99	yes	Ligilactobacillus	Ligilactobacillus salivarius	animal	lnuC	MLS
ARGH_000941	LABG_003396	Rep99	yes	Ligilactobacillus	Ligilactobacillus salivarius	animal	tet(L)	tetracycline
ARGH_000942	LABG_003396	Rep99	yes	Ligilactobacillus	Ligilactobacillus salivarius	animal	tet(M)	tetracycline
ARGH_000943	LABG_003397	MQ	no	Ligilactobacillus	Ligilactobacillus salivarius	animal	ANT(9)-Ia	aminoglycoside
ARGH_000944	LABG_003397	MQ	no	Ligilactobacillus	Ligilactobacillus salivarius	animal	ErmA	MLS
ARGH_000945	LABG_003397	MQ	no	Ligilactobacillus	Ligilactobacillus salivarius	animal	fexB	phenicol
ARGH_000946	LABG_003397	MQ	no	Ligilactobacillus	Ligilactobacillus salivarius	animal	lnuC	MLS
ARGH_000947	LABG_003397	MQ	no	Ligilactobacillus	Ligilactobacillus salivarius	animal	tet(L)	tetracycline
ARGH_000948	LABG_003397	MQ	no	Ligilactobacillus	Ligilactobacillus salivarius	animal	tet(M)	tetracycline
ARGH_000949	LABG_003398	MQ	no	Ligilactobacillus	Ligilactobacillus salivarius	animal	ANT(6)-Ia	aminoglycoside
ARGH_000950	LABG_003398	MQ	no	Ligilactobacillus	Ligilactobacillus salivarius	animal	ErmA	MLS
ARGH_000951	LABG_003398	MQ	no	Ligilactobacillus	Ligilactobacillus salivarius	animal	lnuC	MLS
ARGH_000952	LABG_003398	MQ	no	Ligilactobacillus	Ligilactobacillus salivarius	animal	tet(L)	tetracycline
ARGH_000953	LABG_003398	MQ	no	Ligilactobacillus	Ligilactobacillus salivarius	animal	tet(M)	tetracycline
ARGH_000954	LABG_003399	Rep99	yes	Ligilactobacillus	Ligilactobacillus salivarius	animal	lnuC	MLS
ARGH_000955	LABG_003399	Rep99	yes	Ligilactobacillus	Ligilactobacillus salivarius	animal	tet(L)	tetracycline
ARGH_000956	LABG_003399	Rep99	yes	Ligilactobacillus	Ligilactobacillus salivarius	animal	tet(M)	tetracycline
ARGH_000957	LABG_003400	MQ	no	Ligilactobacillus	Ligilactobacillus salivarius	animal	ErmA	MLS
ARGH_000958	LABG_003400	MQ	no	Ligilactobacillus	Ligilactobacillus salivarius	animal	lnuC	MLS
ARGH_000959	LABG_003400	MQ	no	Ligilactobacillus	Ligilactobacillus salivarius	animal	tet(L)	tetracycline
ARGH_000960	LABG_003400	MQ	no	Ligilactobacillus	Ligilactobacillus salivarius	animal	tet(M)	tetracycline
ARGH_000961	LABG_003401	MQ	no	Ligilactobacillus	Ligilactobacillus salivarius	animal	ANT(6)-Ia	aminoglycoside
ARGH_000962	LABG_003401	MQ	no	Ligilactobacillus	Ligilactobacillus salivarius	animal	ErmA	MLS
ARGH_000963	LABG_003401	MQ	no	Ligilactobacillus	Ligilactobacillus salivarius	animal	lnuC	MLS
ARGH_000964	LABG_003401	MQ	no	Ligilactobacillus	Ligilactobacillus salivarius	animal	tet(L)	tetracycline
ARGH_000965	LABG_003401	MQ	no	Ligilactobacillus	Ligilactobacillus salivarius	animal	tet(M)	tetracycline
ARGH_000966	LABG_003402	Rep99	yes	Ligilactobacillus	Ligilactobacillus salivarius	animal	ANT(6)-Ia	aminoglycoside
ARGH_000967	LABG_003402	Rep99	yes	Ligilactobacillus	Ligilactobacillus salivarius	animal	ErmA	MLS
ARGH_000968	LABG_003402	Rep99	yes	Ligilactobacillus	Ligilactobacillus salivarius	animal	lnuC	MLS
ARGH_000969	LABG_003402	Rep99	yes	Ligilactobacillus	Ligilactobacillus salivarius	animal	TEM-171	beta-lactam
ARGH_000970	LABG_003402	Rep99	yes	Ligilactobacillus	Ligilactobacillus salivarius	animal	tet(L)	tetracycline
ARGH_000971	LABG_003402	Rep99	yes	Ligilactobacillus	Ligilactobacillus salivarius	animal	tet(M)	tetracycline
ARGH_000972	LABG_003403	MQ	no	Ligilactobacillus	Ligilactobacillus salivarius	animal	ANT(6)-Ia	aminoglycoside
ARGH_000973	LABG_003403	MQ	no	Ligilactobacillus	Ligilactobacillus salivarius	animal	ErmA	MLS
ARGH_000974	LABG_003403	MQ	no	Ligilactobacillus	Ligilactobacillus salivarius	animal	lnuC	MLS
ARGH_000975	LABG_003403	MQ	no	Ligilactobacillus	Ligilactobacillus salivarius	animal	tet(L)	tetracycline
ARGH_000976	LABG_003403	MQ	no	Ligilactobacillus	Ligilactobacillus salivarius	animal	tet(M)	tetracycline
ARGH_000977	LABG_003404	MQ	no	Ligilactobacillus	Ligilactobacillus salivarius	animal	ErmB	MLS
ARGH_000978	LABG_003404	MQ	no	Ligilactobacillus	Ligilactobacillus salivarius	animal	lnuC	MLS
ARGH_000979	LABG_003404	MQ	no	Ligilactobacillus	Ligilactobacillus salivarius	animal	tet(M)	tetracycline
ARGH_000980	LABG_003405	MQ	no	Ligilactobacillus	Ligilactobacillus salivarius	animal	ErmB	MLS
ARGH_000981	LABG_003405	MQ	no	Ligilactobacillus	Ligilactobacillus salivarius	animal	lnuC	MLS
ARGH_000982	LABG_003405	MQ	no	Ligilactobacillus	Ligilactobacillus salivarius	animal	tet(M)	tetracycline
ARGH_000983	LABG_003489	MQ	no	Ligilactobacillus	Ligilactobacillus aviarius_B	animal	tet(W)	tetracycline
ARGH_000984	LABG_003490	MQ	no	Pediococcus	Pediococcus acidilactici	animal	ErmB	MLS
ARGH_000985	LABG_003490	MQ	no	Pediococcus	Pediococcus acidilactici	animal	lnuA	MLS
ARGH_000986	LABG_003490	MQ	no	Pediococcus	Pediococcus acidilactici	animal	tet(M)	tetracycline
ARGH_000987	LABG_003491	MQ	no	Lactobacillus	Lactobacillus sp946579245	animal	ErmB	MLS
ARGH_000988	LABG_003491	MQ	no	Lactobacillus	Lactobacillus sp946579245	animal	tet(W)	tetracycline
ARGH_000989	LABG_003491	MQ	no	Lactobacillus	Lactobacillus sp946579245	animal	vatE	MLS
ARGH_000990	LABG_003492	MQ	no	Lactobacillus	Lactobacillus sp946579245	animal	tet(W)	tetracycline
ARGH_000991	LABG_003492	MQ	no	Lactobacillus	Lactobacillus sp946579245	animal	vatE	MLS
ARGH_000992	LABG_003493	MQ	no	Lactobacillus	Lactobacillus gallinarum	animal	tet(W)	tetracycline
ARGH_000993	LABG_003495	MQ	no	Lactobacillus	Lactobacillus crispatus	animal	ErmT	MLS
ARGH_000994	LABG_003495	MQ	no	Lactobacillus	Lactobacillus crispatus	animal	lnuA	MLS
ARGH_000995	LABG_003495	MQ	no	Lactobacillus	Lactobacillus crispatus	animal	tet(W)	tetracycline
ARGH_000996	LABG_003495	MQ	no	Lactobacillus	Lactobacillus crispatus	animal	vatE	MLS
ARGH_000997	LABG_003496	MQ	no	Lactobacillus	Lactobacillus crispatus	animal	tet(W)	tetracycline
ARGH_000998	LABG_003496	MQ	no	Lactobacillus	Lactobacillus crispatus	animal	vatE	MLS
ARGH_000999	LABG_003497	MQ	no	Lactobacillus	Lactobacillus sp946579245	animal	ErmT	MLS
ARGH_001000	LABG_003497	MQ	no	Lactobacillus	Lactobacillus sp946579245	animal	lnuA	MLS
ARGH_001001	LABG_003497	MQ	no	Lactobacillus	Lactobacillus sp946579245	animal	tet(L)	tetracycline
ARGH_001002	LABG_003497	MQ	no	Lactobacillus	Lactobacillus sp946579245	animal	tet(W)	tetracycline
ARGH_001003	LABG_003497	MQ	no	Lactobacillus	Lactobacillus sp946579245	animal	vatE	MLS
ARGH_001004	LABG_003498	MQ	no	Lactobacillus	Lactobacillus gallinarum	animal	tet(W)	tetracycline
ARGH_001005	LABG_003498	MQ	no	Lactobacillus	Lactobacillus gallinarum	animal	vatE	MLS
ARGH_001006	LABG_003499	MQ	no	Limosilactobacillus	Limosilactobacillus reuteri_E	animal	tet(W)	tetracycline
ARGH_001007	LABG_003499	MQ	no	Limosilactobacillus	Limosilactobacillus reuteri_E	animal	vatE	MLS
ARGH_001008	LABG_003499	MQ	no	Limosilactobacillus	Limosilactobacillus reuteri_E	animal	vatE	MLS
ARGH_001009	LABG_003500	MQ	no	Limosilactobacillus	Limosilactobacillus reuteri_E	animal	tet(W)	tetracycline
ARGH_001010	LABG_003500	MQ	no	Limosilactobacillus	Limosilactobacillus reuteri_E	animal	vatE	MLS
ARGH_001011	LABG_003501	MQ	no	Lactobacillus	Lactobacillus crispatus	animal	tet(W)	tetracycline
ARGH_001012	LABG_003501	MQ	no	Lactobacillus	Lactobacillus crispatus	animal	vatE	MLS
ARGH_001013	LABG_003502	Rep99	yes	Limosilactobacillus	Limosilactobacillus reuteri_E	animal	lnuA	MLS
ARGH_001014	LABG_003502	Rep99	yes	Limosilactobacillus	Limosilactobacillus reuteri_E	animal	tet(W)	tetracycline
ARGH_001015	LABG_003502	Rep99	yes	Limosilactobacillus	Limosilactobacillus reuteri_E	animal	vatE	MLS
ARGH_001016	LABG_003503	Rep99	yes	Ligilactobacillus	Ligilactobacillus salivarius	animal	ANT(6)-Ia	aminoglycoside
ARGH_001017	LABG_003503	Rep99	yes	Ligilactobacillus	Ligilactobacillus salivarius	animal	lnuB	MLS
ARGH_001018	LABG_003503	Rep99	yes	Ligilactobacillus	Ligilactobacillus salivarius	animal	lsaE	multidrug
ARGH_001019	LABG_003503	Rep99	yes	Ligilactobacillus	Ligilactobacillus salivarius	animal	tet(L)	tetracycline
ARGH_001020	LABG_003503	Rep99	yes	Ligilactobacillus	Ligilactobacillus salivarius	animal	tet(M)	tetracycline
ARGH_001021	LABG_003503	Rep99	yes	Ligilactobacillus	Ligilactobacillus salivarius	animal	vatE	MLS
ARGH_001022	LABG_003504	Rep99	yes	Lactobacillus	Lactobacillus crispatus	animal	tet(W)	tetracycline
ARGH_001023	LABG_003504	Rep99	yes	Lactobacillus	Lactobacillus crispatus	animal	vatE	MLS
ARGH_001024	LABG_003505	Rep99	yes	Lactobacillus	Lactobacillus gallinarum	animal	tet(W)	tetracycline
ARGH_001025	LABG_003505	Rep99	yes	Lactobacillus	Lactobacillus gallinarum	animal	vatE	MLS
ARGH_001026	LABG_003506	MQ	no	Limosilactobacillus	Limosilactobacillus vaginalis	animal	tet(W)	tetracycline
ARGH_001027	LABG_003506	MQ	no	Limosilactobacillus	Limosilactobacillus vaginalis	animal	vatE	MLS
ARGH_001028	LABG_003507	MQ	no	Lactobacillus	Lactobacillus crispatus	animal	lnuA	MLS
ARGH_001029	LABG_003507	MQ	no	Lactobacillus	Lactobacillus crispatus	animal	tet(W)	tetracycline
ARGH_001030	LABG_003507	MQ	no	Lactobacillus	Lactobacillus crispatus	animal	vatE	MLS
ARGH_001031	LABG_003508	Rep99	yes	Limosilactobacillus	Limosilactobacillus reuteri_E	animal	lnuA	MLS
ARGH_001032	LABG_003508	Rep99	yes	Limosilactobacillus	Limosilactobacillus reuteri_E	animal	tet(W)	tetracycline
ARGH_001033	LABG_003508	Rep99	yes	Limosilactobacillus	Limosilactobacillus reuteri_E	animal	vatE	MLS
ARGH_001034	LABG_003509	Rep99	yes	Limosilactobacillus	Limosilactobacillus reuteri_E	animal	tet(W)	tetracycline
ARGH_001035	LABG_003509	Rep99	yes	Limosilactobacillus	Limosilactobacillus reuteri_E	animal	vatE	MLS
ARGH_001036	LABG_003510	Rep99	yes	Ligilactobacillus	Ligilactobacillus salivarius	animal	ANT(6)-Ia	aminoglycoside
ARGH_001037	LABG_003510	Rep99	yes	Ligilactobacillus	Ligilactobacillus salivarius	animal	lnuB	MLS
ARGH_001038	LABG_003510	Rep99	yes	Ligilactobacillus	Ligilactobacillus salivarius	animal	lsaE	multidrug
ARGH_001039	LABG_003510	Rep99	yes	Ligilactobacillus	Ligilactobacillus salivarius	animal	tet(L)	tetracycline
ARGH_001040	LABG_003510	Rep99	yes	Ligilactobacillus	Ligilactobacillus salivarius	animal	tet(M)	tetracycline
ARGH_001041	LABG_003510	Rep99	yes	Ligilactobacillus	Ligilactobacillus salivarius	animal	vatE	MLS
ARGH_001042	LABG_003511	MQ	no	Lactobacillus	Lactobacillus crispatus	animal	ErmT	MLS
ARGH_001043	LABG_003511	MQ	no	Lactobacillus	Lactobacillus crispatus	animal	lnuA	MLS
ARGH_001044	LABG_003511	MQ	no	Lactobacillus	Lactobacillus crispatus	animal	tet(W)	tetracycline
ARGH_001045	LABG_003511	MQ	no	Lactobacillus	Lactobacillus crispatus	animal	vatE	MLS
ARGH_001046	LABG_003512	Rep99	yes	Lactobacillus	Lactobacillus gallinarum	animal	tet(W)	tetracycline
ARGH_001047	LABG_003543	Rep99	yes	Ligilactobacillus	Ligilactobacillus salivarius	human	tet(M)	tetracycline
ARGH_001048	LABG_003560	MQ	no	Limosilactobacillus	Limosilactobacillus reuteri_E	food	lnuA	MLS
ARGH_001049	LABG_003607	Rep99	yes	Lactobacillus	Lactobacillus iners	human	ErmB	MLS
ARGH_001050	LABG_003607	Rep99	yes	Lactobacillus	Lactobacillus iners	human	tet(M)	tetracycline
ARGH_001051	LABG_003610	Rep99	yes	Lactobacillus	Lactobacillus iners	human	ErmB	MLS
ARGH_001052	LABG_003610	Rep99	yes	Lactobacillus	Lactobacillus iners	human	tet(M)	tetracycline
ARGH_001053	LABG_003614	Rep99	yes	Limosilactobacillus	Limosilactobacillus reuteri_J	animal	tet(W)	tetracycline
ARGH_001054	LABG_003621	MQ	no	Lacticaseibacillus	Lacticaseibacillus paracasei	human	dfrA27	trimethoprim
ARGH_001055	LABG_003628	MQ	no	Fructilactobacillus	Fructilactobacillus lindneri	food	APH(3')-Ia	aminoglycoside
ARGH_001056	LABG_003630	MQ	no	Fructilactobacillus	Fructilactobacillus lindneri	food	APH(3')-Ia	aminoglycoside
ARGH_001057	LABG_003631	MQ	no	Fructilactobacillus	Fructilactobacillus lindneri	food	APH(3')-Ia	aminoglycoside
ARGH_001058	LABG_003634	MQ	no	Fructilactobacillus	Fructilactobacillus sanfranciscensis	food	aadA	aminoglycoside
ARGH_001059	LABG_003638	MQ	no	Fructilactobacillus	Fructilactobacillus sanfranciscensis	food	aadA	aminoglycoside
ARGH_001060	LABG_003639	MQ	no	Fructilactobacillus	Fructilactobacillus sanfranciscensis	food	aadA	aminoglycoside
ARGH_001061	LABG_003643	MQ	no	Fructilactobacillus	Fructilactobacillus sanfranciscensis	food	APH(3')-Ia	aminoglycoside
ARGH_001062	LABG_003662	Rep99	yes	Lactobacillus	Lactobacillus amylovorus	other	tet(W)	tetracycline
ARGH_001063	LABG_003753	MQ	no	Limosilactobacillus	Limosilactobacillus reuteri_E	human	lnuA	MLS
ARGH_001064	LABG_003754	MQ	no	Limosilactobacillus	Limosilactobacillus reuteri_E	human	lnuA	MLS
ARGH_001065	LABG_003788	Rep99	yes	Levilactobacillus	Levilactobacillus brevis	animal	tet(M)	tetracycline
ARGH_001066	LABG_003805	MQ	no	Latilactobacillus	Latilactobacillus curvatus	food	lnuA	MLS
ARGH_001067	LABG_003867	MQ	no	Limosilactobacillus	Limosilactobacillus reuteri	animal	ANT(4')-Ia	aminoglycoside
ARGH_001068	LABG_003867	MQ	no	Limosilactobacillus	Limosilactobacillus reuteri	animal	ErmB	MLS
ARGH_001069	LABG_003867	MQ	no	Limosilactobacillus	Limosilactobacillus reuteri	animal	fexA	phenicol
ARGH_001070	LABG_003867	MQ	no	Limosilactobacillus	Limosilactobacillus reuteri	animal	lnuC	MLS
ARGH_001071	LABG_003867	MQ	no	Limosilactobacillus	Limosilactobacillus reuteri	animal	tet(M)	tetracycline
ARGH_001072	LABG_003867	MQ	no	Limosilactobacillus	Limosilactobacillus reuteri	animal	vatE	MLS
ARGH_001073	LABG_003871	Rep99	yes	Lactobacillus	Lactobacillus johnsonii	human	tet(W)	tetracycline
ARGH_001074	LABG_003887	Rep99	yes	Lactobacillus	Lactobacillus amylovorus	human	tet(W)	tetracycline
ARGH_001075	LABG_003979	Rep99	yes	Limosilactobacillus	Limosilactobacillus reuteri_I	animal	tet(W)	tetracycline
ARGH_001076	LABG_004023	MQ	no	Limosilactobacillus	Limosilactobacillus reuteri	animal	lnuC	MLS
ARGH_001077	LABG_004045	Rep99	yes	Lacticaseibacillus	Lacticaseibacillus songhuajiangensis	food	tet(M)	tetracycline
ARGH_001078	LABG_004052	Rep99	yes	Lacticaseibacillus	Lacticaseibacillus suibinensis	food	tet(O)	tetracycline
ARGH_001079	LABG_004071	Rep99	yes	Companilactobacillus	Companilactobacillus hulinensis	food	tet(M)	tetracycline
ARGH_001080	LABG_004076	MQ	no	Lapidilactobacillus	Lapidilactobacillus achengensis	food	tet(M)	tetracycline
ARGH_001081	LABG_004077	Rep99	yes	Lapidilactobacillus	Lapidilactobacillus gannanensis	food	tet(M)	tetracycline
ARGH_001082	LABG_004079	MQ	no	Agrilactobacillus	Agrilactobacillus yilanensis	food	lnuA	MLS
ARGH_001083	LABG_004079	MQ	no	Agrilactobacillus	Agrilactobacillus yilanensis	food	tet(M)	tetracycline
ARGH_001084	LABG_004104	Rep99	yes	Lactobacillus	Lactobacillus sp945980025	animal	ErmB	MLS
ARGH_001085	LABG_004104	Rep99	yes	Lactobacillus	Lactobacillus sp945980025	animal	tet(O/W/32/O)	tetracycline
ARGH_001086	LABG_004104	Rep99	yes	Lactobacillus	Lactobacillus sp945980025	animal	tet(W)	tetracycline
ARGH_001087	LABG_004109	MQ	no	Lactiplantibacillus	Lactiplantibacillus plantarum	food	ANT(6)-Ia	aminoglycoside
ARGH_001088	LABG_004126	Rep99	yes	Limosilactobacillus	Limosilactobacillus mucosae	animal	tet(W)	tetracycline
ARGH_001089	LABG_004156	MQ	no	Lactiplantibacillus	Lactiplantibacillus plantarum	food	ANT(6)-Ia	aminoglycoside
ARGH_001090	LABG_004173	MQ	no	Lacticaseibacillus	Lacticaseibacillus paracasei	human	QnrB10	fluoroquinolone
ARGH_001091	LABG_004296	Rep99	yes	Lactobacillus	Lactobacillus pasteurii	other	tet(W)	tetracycline
ARGH_001092	LABG_004350	Rep99	yes	Lactobacillus	Lactobacillus sp910589675	other	ANT(6)-Ib	aminoglycoside
ARGH_001093	LABG_004350	Rep99	yes	Lactobacillus	Lactobacillus sp910589675	other	SAT-4	aminoglycoside
ARGH_001094	LABG_004350	Rep99	yes	Lactobacillus	Lactobacillus sp910589675	other	tet(44)	tetracycline
ARGH_001095	LABG_004367	Rep99	yes	Companilactobacillus	Companilactobacillus suantsaicola	food	ANT(6)-Ia	aminoglycoside
ARGH_001096	LABG_004367	Rep99	yes	Companilactobacillus	Companilactobacillus suantsaicola	food	tet(M)	tetracycline
ARGH_001097	LABG_004397	MQ	no	Ligilactobacillus	Ligilactobacillus animalis	human	ANT(6)-Ia	aminoglycoside
ARGH_001098	LABG_004397	MQ	no	Ligilactobacillus	Ligilactobacillus animalis	human	lnuC	MLS
ARGH_001099	LABG_004397	MQ	no	Ligilactobacillus	Ligilactobacillus animalis	human	tet(M)	tetracycline
ARGH_001100	LABG_004398	MQ	no	Ligilactobacillus	Ligilactobacillus animalis	human	ANT(6)-Ia	aminoglycoside
ARGH_001101	LABG_004398	MQ	no	Ligilactobacillus	Ligilactobacillus animalis	human	lnuC	MLS
ARGH_001102	LABG_004398	MQ	no	Ligilactobacillus	Ligilactobacillus animalis	human	tet(M)	tetracycline
ARGH_001103	LABG_004408	Rep99	yes	Lactobacillus	Lactobacillus amylovorus	animal	tet(W)	tetracycline
ARGH_001104	LABG_004409	MQ	no	Latilactobacillus	Latilactobacillus curvatus	animal	tet(M)	tetracycline
ARGH_001105	LABG_004425	MQ	no	Companilactobacillus	Companilactobacillus heilongjiangensis	other	vatE	MLS
ARGH_001106	LABG_004478	Rep99	yes	Lactobacillus	Lactobacillus amylovorus	animal	lnuC	MLS
ARGH_001107	LABG_004478	Rep99	yes	Lactobacillus	Lactobacillus amylovorus	animal	tet(W)	tetracycline
ARGH_001108	LABG_004528	MQ	no	Amylolactobacillus	Amylolactobacillus amylophilus	other	ErmB	MLS
ARGH_001109	LABG_004528	MQ	no	Amylolactobacillus	Amylolactobacillus amylophilus	other	tet(M)	tetracycline
ARGH_001110	LABG_004538	Rep99	yes	Limosilactobacillus	Limosilactobacillus reuteri	animal	tet(W)	tetracycline
ARGH_001111	LABG_004538	Rep99	yes	Limosilactobacillus	Limosilactobacillus reuteri	animal	vatE	MLS
ARGH_001112	LABG_004550	MQ	no	Lactobacillus	Lactobacillus crispatus	human	tet(W)	tetracycline
ARGH_001113	LABG_004604	MQ	no	Ligilactobacillus	Ligilactobacillus aviarius	other	tet(O)	tetracycline
ARGH_001114	LABG_004620	MQ	no	Companilactobacillus	Companilactobacillus bobalius	other	ErmB	MLS
ARGH_001115	LABG_004620	MQ	no	Companilactobacillus	Companilactobacillus bobalius	other	tet(M)	tetracycline
ARGH_001116	LABG_004637	MQ	no	Lactobacillus	Lactobacillus delbrueckii	food	TEM-116	beta-lactam
ARGH_001117	LABG_004637	MQ	no	Lactobacillus	Lactobacillus delbrueckii	food	tet(L)	tetracycline
ARGH_001118	LABG_004644	Rep99	yes	Ligilactobacillus	Ligilactobacillus salivarius	food	tet(L)	tetracycline
ARGH_001119	LABG_004644	Rep99	yes	Ligilactobacillus	Ligilactobacillus salivarius	food	tet(M)	tetracycline
ARGH_001120	LABG_004700	MQ	no	Lactobacillus	Lactobacillus crispatus	animal	lnuC	MLS
ARGH_001121	LABG_004700	MQ	no	Lactobacillus	Lactobacillus crispatus	animal	tet(W)	tetracycline
ARGH_001122	LABG_004703	MQ	no	Lactobacillus	Lactobacillus crispatus	animal	tet(W)	tetracycline
ARGH_001123	LABG_004705	MQ	no	Lactobacillus	Lactobacillus crispatus	animal	lnuC	MLS
ARGH_001124	LABG_004705	MQ	no	Lactobacillus	Lactobacillus crispatus	animal	tet(W)	tetracycline
ARGH_001125	LABG_004706	MQ	no	Lactobacillus	Lactobacillus crispatus	animal	tet(W)	tetracycline
ARGH_001126	LABG_004707	MQ	no	Lactobacillus	Lactobacillus crispatus	animal	tet(W)	tetracycline
ARGH_001127	LABG_004708	MQ	no	Lactobacillus	Lactobacillus crispatus	animal	tet(W)	tetracycline
ARGH_001128	LABG_004709	Rep99	yes	Lactobacillus	Lactobacillus crispatus	animal	tet(W)	tetracycline
ARGH_001129	LABG_004710	Rep99	yes	Lactobacillus	Lactobacillus crispatus	animal	tet(W)	tetracycline
ARGH_001130	LABG_004711	MQ	no	Lactobacillus	Lactobacillus crispatus	animal	tet(W)	tetracycline
ARGH_001131	LABG_004758	MQ	no	Limosilactobacillus	Limosilactobacillus reuteri_E	animal	lnuA	MLS
ARGH_001132	LABG_004759	MQ	no	Limosilactobacillus	Limosilactobacillus reuteri_E	animal	ErmB	MLS
ARGH_001133	LABG_004762	MQ	no	Limosilactobacillus	Limosilactobacillus reuteri_E	animal	lnuA	MLS
ARGH_001134	LABG_004764	MQ	no	Limosilactobacillus	Limosilactobacillus reuteri_E	animal	lnuA	MLS
ARGH_001135	LABG_004769	Rep99	yes	Limosilactobacillus	Limosilactobacillus reuteri_E	animal	lnuA	MLS
ARGH_001136	LABG_004769	Rep99	yes	Limosilactobacillus	Limosilactobacillus reuteri_E	animal	tet(W)	tetracycline
ARGH_001137	LABG_004778	MQ	no	Limosilactobacillus	Limosilactobacillus reuteri_E	animal	ErmB	MLS
ARGH_001138	LABG_004778	MQ	no	Limosilactobacillus	Limosilactobacillus reuteri_E	animal	tet(W)	tetracycline
ARGH_001139	LABG_004779	Rep99	yes	Limosilactobacillus	Limosilactobacillus reuteri_E	animal	ErmB	MLS
ARGH_001140	LABG_004779	Rep99	yes	Limosilactobacillus	Limosilactobacillus reuteri_E	animal	tet(W)	tetracycline
ARGH_001141	LABG_004807	MQ	no	Limosilactobacillus	Limosilactobacillus caviae	animal	tet(W)	tetracycline
ARGH_001142	LABG_004862	MQ	no	Lacticaseibacillus	Lacticaseibacillus paracasei	human	QnrB10	fluoroquinolone
ARGH_001143	LABG_004871	Rep99	yes	Lactobacillus	Lactobacillus equicursoris	animal	tet(W)	tetracycline
ARGH_001144	LABG_004872	Rep99	yes	Lactobacillus	Lactobacillus absianus	animal	tet(W)	tetracycline
ARGH_001145	LABG_004902	MQ	no	Companilactobacillus	Companilactobacillus bobalius	food	ErmB	MLS
ARGH_001146	LABG_004902	MQ	no	Companilactobacillus	Companilactobacillus bobalius	food	tet(M)	tetracycline
ARGH_001147	LABG_004902	MQ	no	Companilactobacillus	Companilactobacillus bobalius	food	tet(M)	tetracycline
ARGH_001148	LABG_004902	MQ	no	Companilactobacillus	Companilactobacillus bobalius	food	tet(M)	tetracycline
ARGH_001149	LABG_004905	Rep99	yes	Lactobacillus	Lactobacillus sp946579245	animal	ErmB	MLS
ARGH_001150	LABG_004905	Rep99	yes	Lactobacillus	Lactobacillus sp946579245	animal	lnuC	MLS
ARGH_001151	LABG_004905	Rep99	yes	Lactobacillus	Lactobacillus sp946579245	animal	tet(W)	tetracycline
ARGH_001152	LABG_004906	Rep99	yes	Lactobacillus	Lactobacillus crispatus	animal	ErmB	MLS
ARGH_001153	LABG_004906	Rep99	yes	Lactobacillus	Lactobacillus crispatus	animal	lnuC	MLS
ARGH_001154	LABG_004906	Rep99	yes	Lactobacillus	Lactobacillus crispatus	animal	tet(W)	tetracycline
ARGH_001155	LABG_004910	Rep99	yes	Pediococcus	Pediococcus acidilactici	food	ErmA	MLS
ARGH_001156	LABG_004910	Rep99	yes	Pediococcus	Pediococcus acidilactici	food	tet(M)	tetracycline
ARGH_001157	LABG_004978	MQ	no	Pediococcus	Pediococcus acidilactici	food	ErmA	MLS
ARGH_001158	LABG_004978	MQ	no	Pediococcus	Pediococcus acidilactici	food	tet(M)	tetracycline
ARGH_001159	LABG_005064	Rep99	yes	Ligilactobacillus	Ligilactobacillus salivarius	human	tet(L)	tetracycline
ARGH_001160	LABG_005064	Rep99	yes	Ligilactobacillus	Ligilactobacillus salivarius	human	tet(M)	tetracycline
ARGH_001161	LABG_005085	Rep99	yes	Ligilactobacillus	Ligilactobacillus salivarius	human	tet(L)	tetracycline
ARGH_001162	LABG_005085	Rep99	yes	Ligilactobacillus	Ligilactobacillus salivarius	human	tet(M)	tetracycline
ARGH_001163	LABG_005094	Rep99	yes	Ligilactobacillus	Ligilactobacillus salivarius	human	lnuA	MLS
ARGH_001164	LABG_005094	Rep99	yes	Ligilactobacillus	Ligilactobacillus salivarius	human	tet(L)	tetracycline
ARGH_001165	LABG_005094	Rep99	yes	Ligilactobacillus	Ligilactobacillus salivarius	human	tet(M)	tetracycline
ARGH_001166	LABG_005163	Rep99	yes	Lactobacillus	Lactobacillus crispatus	animal	lnuC	MLS
ARGH_001167	LABG_005163	Rep99	yes	Lactobacillus	Lactobacillus crispatus	animal	lnuC	MLS
ARGH_001168	LABG_005163	Rep99	yes	Lactobacillus	Lactobacillus crispatus	animal	tet(W)	tetracycline
ARGH_001169	LABG_005164	Rep99	yes	Ligilactobacillus	Ligilactobacillus animalis	animal	lnuC	MLS
ARGH_001170	LABG_005164	Rep99	yes	Ligilactobacillus	Ligilactobacillus animalis	animal	lnuC	MLS
ARGH_001171	LABG_005164	Rep99	yes	Ligilactobacillus	Ligilactobacillus animalis	animal	tet(W)	tetracycline
ARGH_001172	LABG_005238	Rep99	yes	Lactobacillus	Lactobacillus iners	human	ErmB	MLS
ARGH_001173	LABG_005238	Rep99	yes	Lactobacillus	Lactobacillus iners	human	tet(M)	tetracycline
ARGH_001174	LABG_005239	Rep99	yes	Lactobacillus	Lactobacillus iners	human	tet(M)	tetracycline
ARGH_001175	LABG_005240	Rep99	yes	Lactobacillus	Lactobacillus iners	human	tet(M)	tetracycline
ARGH_001176	LABG_005241	Rep99	yes	Lactobacillus	Lactobacillus iners	human	ErmB	MLS
ARGH_001177	LABG_005241	Rep99	yes	Lactobacillus	Lactobacillus iners	human	tet(M)	tetracycline
ARGH_001178	LABG_005243	MQ	no	Lactobacillus	Lactobacillus iners	human	tet(M)	tetracycline
ARGH_001179	LABG_005270	Rep99	yes	Ligilactobacillus	Ligilactobacillus agilis	animal	ErmB	MLS
ARGH_001180	LABG_005270	Rep99	yes	Ligilactobacillus	Ligilactobacillus agilis	animal	tet(M)	tetracycline
ARGH_001181	LABG_005296	Rep99	yes	Ligilactobacillus	Ligilactobacillus agilis	other	tet(M)	tetracycline
ARGH_001182	LABG_005297	Rep99	yes	Ligilactobacillus	Ligilactobacillus agilis	other	tet(M)	tetracycline
ARGH_001183	LABG_005298	Rep99	yes	Ligilactobacillus	Ligilactobacillus agilis	other	tet(M)	tetracycline
ARGH_001184	LABG_005302	Rep99	yes	Ligilactobacillus	Ligilactobacillus agilis	other	tet(M)	tetracycline
ARGH_001185	LABG_005314	Rep99	yes	Lactobacillus	Lactobacillus amylovorus	animal	tet(W)	tetracycline
ARGH_001186	LABG_005318	Rep99	yes	Limosilactobacillus		animal	lnuA	MLS
ARGH_001187	LABG_005318	Rep99	yes	Limosilactobacillus		animal	tet(W)	tetracycline
ARGH_001188	LABG_005320	Rep99	yes	Limosilactobacillus	Limosilactobacillus pulli	animal	tet(W)	tetracycline
ARGH_001189	LABG_005424	Rep99	yes	Limosilactobacillus	Limosilactobacillus reuteri	animal	fexA	phenicol
ARGH_001190	LABG_005424	Rep99	yes	Limosilactobacillus	Limosilactobacillus reuteri	animal	tet(M)	tetracycline
ARGH_001191	LABG_005432	MQ	no	Pediococcus	Pediococcus pentosaceus	animal	fexB	phenicol
ARGH_001192	LABG_005432	MQ	no	Pediococcus	Pediococcus pentosaceus	animal	poxtA	multidrug
ARGH_001193	LABG_005432	MQ	no	Pediococcus	Pediococcus pentosaceus	animal	tet(M)	tetracycline
ARGH_001194	LABG_005433	Rep99	yes	Ligilactobacillus	Ligilactobacillus salivarius	animal	ErmB	MLS
ARGH_001195	LABG_005433	Rep99	yes	Ligilactobacillus	Ligilactobacillus salivarius	animal	Streptococcus suis chloramphenicol acetyltransferase	phenicol
ARGH_001196	LABG_005441	MQ	no	Ligilactobacillus	Ligilactobacillus salivarius	animal	ANT(6)-Ia	aminoglycoside
ARGH_001197	LABG_005441	MQ	no	Ligilactobacillus	Ligilactobacillus salivarius	animal	catA8	phenicol
ARGH_001198	LABG_005441	MQ	no	Ligilactobacillus	Ligilactobacillus salivarius	animal	lnuC	MLS
ARGH_001199	LABG_005441	MQ	no	Ligilactobacillus	Ligilactobacillus salivarius	animal	tet(L)	tetracycline
ARGH_001200	LABG_005441	MQ	no	Ligilactobacillus	Ligilactobacillus salivarius	animal	tet(M)	tetracycline
ARGH_001201	LABG_005442	MQ	no	Ligilactobacillus	Ligilactobacillus salivarius	other	ANT(6)-Ia	aminoglycoside
ARGH_001202	LABG_005442	MQ	no	Ligilactobacillus	Ligilactobacillus salivarius	other	catA8	phenicol
ARGH_001203	LABG_005442	MQ	no	Ligilactobacillus	Ligilactobacillus salivarius	other	tet(L)	tetracycline
ARGH_001204	LABG_005442	MQ	no	Ligilactobacillus	Ligilactobacillus salivarius	other	tet(M)	tetracycline
ARGH_001205	LABG_005443	MQ	no	Ligilactobacillus	Ligilactobacillus salivarius	animal	ANT(6)-Ia	aminoglycoside
ARGH_001206	LABG_005443	MQ	no	Ligilactobacillus	Ligilactobacillus salivarius	animal	lnuC	MLS
ARGH_001207	LABG_005443	MQ	no	Ligilactobacillus	Ligilactobacillus salivarius	animal	tet(L)	tetracycline
ARGH_001208	LABG_005443	MQ	no	Ligilactobacillus	Ligilactobacillus salivarius	animal	tet(M)	tetracycline
ARGH_001209	LABG_005444	MQ	no	Ligilactobacillus	Ligilactobacillus salivarius	other	ANT(6)-Ia	aminoglycoside
ARGH_001210	LABG_005444	MQ	no	Ligilactobacillus	Ligilactobacillus salivarius	other	catA8	phenicol
ARGH_001211	LABG_005444	MQ	no	Ligilactobacillus	Ligilactobacillus salivarius	other	lnuC	MLS
ARGH_001212	LABG_005444	MQ	no	Ligilactobacillus	Ligilactobacillus salivarius	other	tet(L)	tetracycline
ARGH_001213	LABG_005444	MQ	no	Ligilactobacillus	Ligilactobacillus salivarius	other	tet(M)	tetracycline
ARGH_001214	LABG_005445	MQ	no	Ligilactobacillus	Ligilactobacillus salivarius	other	catA8	phenicol
ARGH_001215	LABG_005445	MQ	no	Ligilactobacillus	Ligilactobacillus salivarius	other	lnuC	MLS
ARGH_001216	LABG_005445	MQ	no	Ligilactobacillus	Ligilactobacillus salivarius	other	tet(L)	tetracycline
ARGH_001217	LABG_005445	MQ	no	Ligilactobacillus	Ligilactobacillus salivarius	other	tet(M)	tetracycline
ARGH_001218	LABG_005446	Rep99	yes	Ligilactobacillus	Ligilactobacillus salivarius	animal	ANT(6)-Ia	aminoglycoside
ARGH_001219	LABG_005446	Rep99	yes	Ligilactobacillus	Ligilactobacillus salivarius	animal	catA8	phenicol
ARGH_001220	LABG_005446	Rep99	yes	Ligilactobacillus	Ligilactobacillus salivarius	animal	lnuC	MLS
ARGH_001221	LABG_005446	Rep99	yes	Ligilactobacillus	Ligilactobacillus salivarius	animal	tet(L)	tetracycline
ARGH_001222	LABG_005446	Rep99	yes	Ligilactobacillus	Ligilactobacillus salivarius	animal	tet(M)	tetracycline
ARGH_001223	LABG_005447	MQ	no	Ligilactobacillus	Ligilactobacillus salivarius	animal	ANT(6)-Ia	aminoglycoside
ARGH_001224	LABG_005447	MQ	no	Ligilactobacillus	Ligilactobacillus salivarius	animal	catA8	phenicol
ARGH_001225	LABG_005447	MQ	no	Ligilactobacillus	Ligilactobacillus salivarius	animal	lnuC	MLS
ARGH_001226	LABG_005447	MQ	no	Ligilactobacillus	Ligilactobacillus salivarius	animal	tet(L)	tetracycline
ARGH_001227	LABG_005447	MQ	no	Ligilactobacillus	Ligilactobacillus salivarius	animal	tet(M)	tetracycline
ARGH_001228	LABG_005448	MQ	no	Ligilactobacillus	Ligilactobacillus salivarius	animal	ANT(6)-Ia	aminoglycoside
ARGH_001229	LABG_005448	MQ	no	Ligilactobacillus	Ligilactobacillus salivarius	animal	catA8	phenicol
ARGH_001230	LABG_005448	MQ	no	Ligilactobacillus	Ligilactobacillus salivarius	animal	lnuC	MLS
ARGH_001231	LABG_005448	MQ	no	Ligilactobacillus	Ligilactobacillus salivarius	animal	tet(L)	tetracycline
ARGH_001232	LABG_005448	MQ	no	Ligilactobacillus	Ligilactobacillus salivarius	animal	tet(M)	tetracycline
ARGH_001233	LABG_005466	Rep99	yes	Lactobacillus	Lactobacillus crispatus	human	catA8	phenicol
ARGH_001234	LABG_005466	Rep99	yes	Lactobacillus	Lactobacillus crispatus	human	ErmA	MLS
ARGH_001235	LABG_005466	Rep99	yes	Lactobacillus	Lactobacillus crispatus	human	ErmB	MLS
ARGH_001236	LABG_005466	Rep99	yes	Lactobacillus	Lactobacillus crispatus	human	ErmB	MLS
ARGH_001237	LABG_005466	Rep99	yes	Lactobacillus	Lactobacillus crispatus	human	ErmT	MLS
ARGH_001238	LABG_005466	Rep99	yes	Lactobacillus	Lactobacillus crispatus	human	tet(W)	tetracycline
ARGH_001239	LABG_005466	Rep99	yes	Lactobacillus	Lactobacillus crispatus	human	vatE	MLS
ARGH_001240	LABG_005477	Rep99	yes	Limosilactobacillus	Limosilactobacillus reuteri_E	animal	ErmB	MLS
ARGH_001241	LABG_005477	Rep99	yes	Limosilactobacillus	Limosilactobacillus reuteri_E	animal	lnuA	MLS
ARGH_001242	LABG_005477	Rep99	yes	Limosilactobacillus	Limosilactobacillus reuteri_E	animal	Streptococcus suis chloramphenicol acetyltransferase	phenicol
ARGH_001243	LABG_005477	Rep99	yes	Limosilactobacillus	Limosilactobacillus reuteri_E	animal	tet(W)	tetracycline
ARGH_001244	LABG_005488	Rep99	yes	Leuconostoc	Leuconostoc lactis	food	tet(S)	tetracycline
ARGH_001245	LABG_005496	Rep99	yes	Latilactobacillus	Latilactobacillus sakei	other	tet(M)	tetracycline
ARGH_001246	LABG_005500	MQ	no	Lactiplantibacillus	Lactiplantibacillus plantarum	animal	aadA	aminoglycoside
ARGH_001247	LABG_005503	MQ	no	Limosilactobacillus	Limosilactobacillus reuteri_E	food	tet(W)	tetracycline
ARGH_001248	LABG_005508	MQ	no	Limosilactobacillus	Limosilactobacillus albertensis	food	tet(W)	tetracycline
ARGH_001249	LABG_005508	MQ	no	Limosilactobacillus	Limosilactobacillus albertensis	food	tet(W)	tetracycline
ARGH_001250	LABG_005508	MQ	no	Limosilactobacillus	Limosilactobacillus albertensis	food	tet(W)	tetracycline
ARGH_001251	LABG_005523	Rep99	yes	Lactobacillus	Lactobacillus melliventris	animal	tet(M)	tetracycline
ARGH_001252	LABG_005563	Rep99	yes	Lactobacillus	Lactobacillus sp945980025	animal	ErmB	MLS
ARGH_001253	LABG_005563	Rep99	yes	Lactobacillus	Lactobacillus sp945980025	animal	fexA	phenicol
ARGH_001254	LABG_005563	Rep99	yes	Lactobacillus	Lactobacillus sp945980025	animal	tet(O/W/32/O)	tetracycline
ARGH_001255	LABG_005564	Rep99	yes	Ligilactobacillus	Ligilactobacillus salivarius	animal	AAC(6')-Ie-APH(2'')-Ia bifunctional protein	aminoglycoside
ARGH_001256	LABG_005564	Rep99	yes	Ligilactobacillus	Ligilactobacillus salivarius	animal	ANT(6)-Ia	aminoglycoside
ARGH_001257	LABG_005564	Rep99	yes	Ligilactobacillus	Ligilactobacillus salivarius	animal	ANT(9)-Ia	aminoglycoside
ARGH_001258	LABG_005564	Rep99	yes	Ligilactobacillus	Ligilactobacillus salivarius	animal	ErmA	MLS
ARGH_001259	LABG_005564	Rep99	yes	Ligilactobacillus	Ligilactobacillus salivarius	animal	tet(L)	tetracycline
ARGH_001260	LABG_005564	Rep99	yes	Ligilactobacillus	Ligilactobacillus salivarius	animal	tet(M)	tetracycline
ARGH_001261	LABG_005570	Rep99	yes	Lactobacillus	Lactobacillus sp945980025	other	EreD	MLS
ARGH_001262	LABG_005570	Rep99	yes	Lactobacillus	Lactobacillus sp945980025	other	lnuC	MLS
ARGH_001263	LABG_005586	MQ	no	Ligilactobacillus	Ligilactobacillus salivarius	animal	ANT(9)-Ia	aminoglycoside
ARGH_001264	LABG_005586	MQ	no	Ligilactobacillus	Ligilactobacillus salivarius	animal	ErmA	MLS
ARGH_001265	LABG_005586	MQ	no	Ligilactobacillus	Ligilactobacillus salivarius	animal	fexA	phenicol
ARGH_001266	LABG_005587	MQ	no	Ligilactobacillus	Ligilactobacillus salivarius	animal	ANT(9)-Ia	aminoglycoside
ARGH_001267	LABG_005587	MQ	no	Ligilactobacillus	Ligilactobacillus salivarius	animal	ErmA	MLS
ARGH_001268	LABG_005636	MQ	no	Ligilactobacillus	Ligilactobacillus ruminis	human	tet(M)	tetracycline
ARGH_001269	LABG_005741	Rep99	yes	Lactobacillus	Lactobacillus crispatus	animal	ErmB	MLS
ARGH_001270	LABG_005741	Rep99	yes	Lactobacillus	Lactobacillus crispatus	animal	tet(W)	tetracycline
ARGH_001271	LABG_005743	Rep99	yes	Lactobacillus	Lactobacillus crispatus	animal	tet(W)	tetracycline
ARGH_001272	LABG_005754	MQ	no	Limosilactobacillus	Limosilactobacillus reuteri	other	poxtA	multidrug
ARGH_001273	LABG_005755	Rep99	yes	Lactobacillus	Lactobacillus amylovorus	other	tetR	tetracycline
ARGH_001274	LABG_005756	Rep99	yes	Lactobacillus	Lactobacillus sp910589675	other	lnuA	MLS
ARGH_001275	LABG_005818	MQ	no	Pediococcus	Pediococcus pentosaceus	food	fexB	phenicol
ARGH_001276	LABG_005818	MQ	no	Pediococcus	Pediococcus pentosaceus	food	poxtA	multidrug
ARGH_001277	LABG_005818	MQ	no	Pediococcus	Pediococcus pentosaceus	food	tet(M)	tetracycline
ARGH_001278	LABG_005824	Rep99	yes	Ligilactobacillus	Ligilactobacillus agilis	animal	tet(M)	tetracycline
ARGH_001279	LABG_005825	Rep99	yes	Ligilactobacillus	Ligilactobacillus salivarius	animal	lnuA	MLS
ARGH_001280	LABG_005825	Rep99	yes	Ligilactobacillus	Ligilactobacillus salivarius	animal	tet(L)	tetracycline
ARGH_001281	LABG_005825	Rep99	yes	Ligilactobacillus	Ligilactobacillus salivarius	animal	tet(M)	tetracycline
ARGH_001282	LABG_005826	Rep99	yes	Lactobacillus	Lactobacillus gallinarum	animal	tet(W)	tetracycline
ARGH_001283	LABG_005827	Rep99	yes	Lactobacillus	Lactobacillus kitasatonis	animal	lnuA	MLS
ARGH_001284	LABG_005827	Rep99	yes	Lactobacillus	Lactobacillus kitasatonis	animal	tet(W)	tetracycline
ARGH_001285	LABG_005828	Rep99	yes	Ligilactobacillus	Ligilactobacillus salivarius	animal	lnuA	MLS
ARGH_001286	LABG_005828	Rep99	yes	Ligilactobacillus	Ligilactobacillus salivarius	animal	tet(L)	tetracycline
ARGH_001287	LABG_005828	Rep99	yes	Ligilactobacillus	Ligilactobacillus salivarius	animal	tet(M)	tetracycline
ARGH_001288	LABG_005847	Rep99	yes	Levilactobacillus	Levilactobacillus lanxiensis	other	tet(M)	tetracycline
ARGH_001289	LABG_005861	Rep99	yes	Lacticaseibacillus	Lacticaseibacillus rhamnosus	food	TEM-1	beta-lactam
ARGH_001290	LABG_005864	MQ	no	Pediococcus	Pediococcus acidilactici	food	ErmA	MLS
ARGH_001291	LABG_005864	MQ	no	Pediococcus	Pediococcus acidilactici	food	tet(M)	tetracycline
ARGH_001292	LABG_005866	MQ	no	Pediococcus	Pediococcus acidilactici	food	ErmA	MLS
ARGH_001293	LABG_005866	MQ	no	Pediococcus	Pediococcus acidilactici	food	tet(M)	tetracycline
ARGH_001294	LABG_005883	Rep99	yes	Lactobacillus	Lactobacillus gallinarum	animal	tet(W)	tetracycline
ARGH_001295	LABG_005971	Rep99	yes	Lactiplantibacillus	Lactiplantibacillus plantarum	food	tet(M)	tetracycline
ARGH_001296	LABG_006046	MQ	no	Lacticaseibacillus	Lacticaseibacillus rhamnosus	human	TEM-116	beta-lactam
ARGH_001297	LABG_006270	MQ	no	Ligilactobacillus	Ligilactobacillus animalis	food	dfrG	trimethoprim
ARGH_001298	LABG_006272	Rep99	yes	Ligilactobacillus	Ligilactobacillus saerimneri	food	dfrG	trimethoprim
ARGH_001299	LABG_006272	Rep99	yes	Ligilactobacillus	Ligilactobacillus saerimneri	food	tet(W)	tetracycline
ARGH_001300	LABG_006273	Rep99	yes	Lactobacillus	Lactobacillus sp945980025	food	tet(W)	tetracycline
ARGH_001301	LABG_006351	MQ	no	Limosilactobacillus	Limosilactobacillus faecipullorum	other	dfrG	trimethoprim
ARGH_001302	LABG_006386	MQ	no	Lactobacillus	Lactobacillus iners	human	tet(M)	tetracycline
ARGH_001303	LABG_006394	MQ	no	Lactobacillus	Lactobacillus iners	human	ErmB	MLS
ARGH_001304	LABG_006394	MQ	no	Lactobacillus	Lactobacillus iners	human	tet(M)	tetracycline
ARGH_001305	LABG_006418	Rep99	yes	Lactobacillus	Lactobacillus johnsonii	human	ErmB	MLS
ARGH_001306	LABG_006418	Rep99	yes	Lactobacillus	Lactobacillus johnsonii	human	tet(W)	tetracycline
ARGH_001307	LABG_006432	MQ	no	Ligilactobacillus	Ligilactobacillus salivarius	food	tet(L)	tetracycline
ARGH_001308	LABG_006432	MQ	no	Ligilactobacillus	Ligilactobacillus salivarius	food	tet(M)	tetracycline
ARGH_001309	LABG_006465	MQ	no	Latilactobacillus	Latilactobacillus curvatus	food	tet(M)	tetracycline
ARGH_001310	LABG_006486	Rep99	yes	Lactobacillus	Lactobacillus helsingborgensis	other	lnuC	MLS
ARGH_001311	LABG_006494	Rep99	yes	Limosilactobacillus	Limosilactobacillus reuteri	human	vatE	MLS
ARGH_001312	LABG_006495	Rep99	yes	Lactobacillus	Lactobacillus johnsonii	animal	lnuA	MLS
ARGH_001313	LABG_006496	Rep99	yes	Ligilactobacillus	Ligilactobacillus salivarius	animal	lnuC	MLS
ARGH_001314	LABG_006496	Rep99	yes	Ligilactobacillus	Ligilactobacillus salivarius	animal	vatE	MLS
ARGH_001315	LABG_006497	Rep99	yes	Ligilactobacillus	Ligilactobacillus salivarius	animal	lnuC	MLS
ARGH_001316	LABG_006498	Rep99	yes	Lactobacillus	Lactobacillus sp946579245	animal	tet(W)	tetracycline
ARGH_001317	LABG_006498	Rep99	yes	Lactobacillus	Lactobacillus sp946579245	animal	vatE	MLS
ARGH_001318	LABG_006499	Rep99	yes	Ligilactobacillus	Ligilactobacillus salivarius	animal	lnuC	MLS
ARGH_001319	LABG_006499	Rep99	yes	Ligilactobacillus	Ligilactobacillus salivarius	animal	tet(L)	tetracycline
ARGH_001320	LABG_006499	Rep99	yes	Ligilactobacillus	Ligilactobacillus salivarius	animal	tet(M)	tetracycline
ARGH_001321	LABG_006499	Rep99	yes	Ligilactobacillus	Ligilactobacillus salivarius	animal	vatE	MLS
ARGH_001322	LABG_006566	Rep99	yes	Ligilactobacillus	Ligilactobacillus salivarius	human	catA8	phenicol
ARGH_001323	LABG_006566	Rep99	yes	Ligilactobacillus	Ligilactobacillus salivarius	human	lnuA	MLS
ARGH_001324	LABG_006566	Rep99	yes	Ligilactobacillus	Ligilactobacillus salivarius	human	lnuA	MLS
ARGH_001325	LABG_006566	Rep99	yes	Ligilactobacillus	Ligilactobacillus salivarius	human	tet(M)	tetracycline
ARGH_001326	LABG_006641	Rep99	yes	Companilactobacillus	Companilactobacillus farciminis	other	tet(M)	tetracycline
ARGH_001327	LABG_006660	MQ	no	Limosilactobacillus	Limosilactobacillus reuteri_J	animal	lnuA	MLS
ARGH_001328	LABG_006678	Rep99	yes	Limosilactobacillus	Limosilactobacillus reuteri_I	other	tet(W)	tetracycline
ARGH_001329	LABG_006708	MQ	no	Limosilactobacillus	Limosilactobacillus reuteri_E	human	lnuA	MLS
ARGH_001330	LABG_006710	MQ	no	Limosilactobacillus	Limosilactobacillus reuteri_E	human	lnuA	MLS
ARGH_001331	LABG_006711	MQ	no	Limosilactobacillus	Limosilactobacillus reuteri_E	human	lnuA	MLS
ARGH_001332	LABG_006722	MQ	no	Limosilactobacillus	Limosilactobacillus reuteri_E	animal	lnuA	MLS
ARGH_001333	LABG_006726	MQ	no	Limosilactobacillus	Limosilactobacillus reuteri_E	other	tet(W)	tetracycline
ARGH_001334	LABG_006726	MQ	no	Limosilactobacillus	Limosilactobacillus reuteri_E	other	tet(W)	tetracycline
ARGH_001335	LABG_006726	MQ	no	Limosilactobacillus	Limosilactobacillus reuteri_E	other	tet(W)	tetracycline
ARGH_001336	LABG_006726	MQ	no	Limosilactobacillus	Limosilactobacillus reuteri_E	other	tet(W)	tetracycline
ARGH_001337	LABG_006727	Rep99	yes	Limosilactobacillus	Limosilactobacillus reuteri_E	other	tet(W)	tetracycline
ARGH_001338	LABG_006727	Rep99	yes	Limosilactobacillus	Limosilactobacillus reuteri_E	other	tet(W)	tetracycline
ARGH_001339	LABG_006727	Rep99	yes	Limosilactobacillus	Limosilactobacillus reuteri_E	other	tet(W)	tetracycline
ARGH_001340	LABG_006727	Rep99	yes	Limosilactobacillus	Limosilactobacillus reuteri_E	other	tet(W)	tetracycline
ARGH_001341	LABG_006728	MQ	no	Limosilactobacillus	Limosilactobacillus reuteri_E	other	tet(W)	tetracycline
ARGH_001342	LABG_006728	MQ	no	Limosilactobacillus	Limosilactobacillus reuteri_E	other	tet(W)	tetracycline
ARGH_001343	LABG_006728	MQ	no	Limosilactobacillus	Limosilactobacillus reuteri_E	other	tet(W)	tetracycline
ARGH_001344	LABG_006728	MQ	no	Limosilactobacillus	Limosilactobacillus reuteri_E	other	tet(W)	tetracycline
ARGH_001345	LABG_006730	MQ	no	Limosilactobacillus	Limosilactobacillus reuteri_E	other	tet(W)	tetracycline
ARGH_001346	LABG_006731	MQ	no	Limosilactobacillus	Limosilactobacillus reuteri_E	other	tet(W)	tetracycline
ARGH_001347	LABG_006732	MQ	no	Limosilactobacillus	Limosilactobacillus reuteri_E	other	tet(W)	tetracycline
ARGH_001348	LABG_006733	MQ	no	Limosilactobacillus	Limosilactobacillus reuteri_E	other	lnuA	MLS
ARGH_001349	LABG_006733	MQ	no	Limosilactobacillus	Limosilactobacillus reuteri_E	other	tet(M)	tetracycline
ARGH_001350	LABG_006737	Rep99	yes	Limosilactobacillus	Limosilactobacillus reuteri_E	other	tet(W)	tetracycline
ARGH_001351	LABG_006738	MQ	no	Limosilactobacillus	Limosilactobacillus reuteri_E	other	lnuA	MLS
ARGH_001352	LABG_006738	MQ	no	Limosilactobacillus	Limosilactobacillus reuteri_E	other	tet(M)	tetracycline
ARGH_001353	LABG_006739	MQ	no	Limosilactobacillus	Limosilactobacillus reuteri_E	other	tet(W)	tetracycline
ARGH_001354	LABG_006762	Rep99	yes	Lactobacillus	Lactobacillus gallinarum	other	tet(W)	tetracycline
ARGH_001355	LABG_006764	Rep99	yes	Limosilactobacillus	Limosilactobacillus reuteri_E	food	tet(W)	tetracycline
ARGH_001356	LABG_006765	MQ	no	Limosilactobacillus	Limosilactobacillus reuteri_E	food	tet(W)	tetracycline
ARGH_001357	LABG_006774	MQ	no	Pediococcus	Pediococcus pentosaceus	food	fexB	phenicol
ARGH_001358	LABG_006774	MQ	no	Pediococcus	Pediococcus pentosaceus	food	poxtA	multidrug
ARGH_001359	LABG_006774	MQ	no	Pediococcus	Pediococcus pentosaceus	food	tet(M)	tetracycline
ARGH_001360	LABG_006876	Rep99	yes	Limosilactobacillus	Limosilactobacillus albertensis	other	tet(W)	tetracycline
ARGH_001361	LABG_006877	MQ	no	Limosilactobacillus	Limosilactobacillus caviae	animal	tet(M)	tetracycline
ARGH_001362	LABG_006897	Rep99	yes	Ligilactobacillus	Ligilactobacillus salivarius	animal	AAC(6')-Ie-APH(2'')-Ia bifunctional protein	aminoglycoside
ARGH_001363	LABG_006897	Rep99	yes	Ligilactobacillus	Ligilactobacillus salivarius	animal	ANT(6)-Ia	aminoglycoside
ARGH_001364	LABG_006897	Rep99	yes	Ligilactobacillus	Ligilactobacillus salivarius	animal	ErmC	MLS
ARGH_001365	LABG_006897	Rep99	yes	Ligilactobacillus	Ligilactobacillus salivarius	animal	fexB	phenicol
ARGH_001366	LABG_006897	Rep99	yes	Ligilactobacillus	Ligilactobacillus salivarius	animal	fexB	phenicol
ARGH_001367	LABG_006897	Rep99	yes	Ligilactobacillus	Ligilactobacillus salivarius	animal	poxtA	multidrug
ARGH_001368	LABG_006897	Rep99	yes	Ligilactobacillus	Ligilactobacillus salivarius	animal	poxtA	multidrug
ARGH_001369	LABG_006897	Rep99	yes	Ligilactobacillus	Ligilactobacillus salivarius	animal	tet(L)	tetracycline
ARGH_001370	LABG_006897	Rep99	yes	Ligilactobacillus	Ligilactobacillus salivarius	animal	tet(M)	tetracycline
ARGH_001371	LABG_006897	Rep99	yes	Ligilactobacillus	Ligilactobacillus salivarius	animal	vatE	MLS
ARGH_001372	LABG_006922	Rep99	yes	Latilactobacillus	Latilactobacillus sakei	animal	lnuA	MLS
ARGH_001373	LABG_006922	Rep99	yes	Latilactobacillus	Latilactobacillus sakei	animal	mef(F)	MLS
ARGH_001374	LABG_006922	Rep99	yes	Latilactobacillus	Latilactobacillus sakei	animal	msr(G)	MLS
ARGH_001375	LABG_006938	Rep99	yes	Ligilactobacillus	Ligilactobacillus ruminis	animal	ErmB	MLS
ARGH_001376	LABG_006938	Rep99	yes	Ligilactobacillus	Ligilactobacillus ruminis	animal	tet(M)	tetracycline
ARGH_001377	LABG_006939	Rep99	yes	Ligilactobacillus	Ligilactobacillus salivarius	animal	ANT(6)-Ia	aminoglycoside
ARGH_001378	LABG_006939	Rep99	yes	Ligilactobacillus	Ligilactobacillus salivarius	animal	tet(M)	tetracycline
ARGH_001379	LABG_006943	MQ	no	Lactiplantibacillus	Lactiplantibacillus plantarum	food	tet(M)	tetracycline
ARGH_001380	LABG_006945	MQ	no	Pediococcus	Pediococcus acidilactici	food	tet(M)	tetracycline
ARGH_001381	LABG_006960	Rep99	yes	Lactobacillus	Lactobacillus delbrueckii	other	tet(W)	tetracycline
ARGH_001382	LABG_006984	MQ	no	Lactobacillus	Lactobacillus sp948500755	animal	mef(H)	MLS
ARGH_001383	LABG_007206	MQ	no	Lactobacillus	Lactobacillus iners	human	tet(M)	tetracycline
ARGH_001384	LABG_007207	MQ	no	Lactobacillus	Lactobacillus iners	human	tet(M)	tetracycline
ARGH_001385	LABG_007208	MQ	no	Lactobacillus	Lactobacillus iners	human	tet(M)	tetracycline
ARGH_001386	LABG_007220	Rep99	yes	Lactobacillus	Lactobacillus iners	human	tet(M)	tetracycline
ARGH_001387	LABG_007221	MQ	no	Lactobacillus	Lactobacillus iners	human	tet(M)	tetracycline
ARGH_001388	LABG_007222	MQ	no	Lactobacillus	Lactobacillus iners	human	tet(M)	tetracycline
ARGH_001389	LABG_007223	MQ	no	Lactobacillus	Lactobacillus iners	human	tet(M)	tetracycline
ARGH_001390	LABG_007224	Rep99	yes	Lactobacillus	Lactobacillus iners	human	tet(M)	tetracycline
ARGH_001391	LABG_007225	Rep99	yes	Lactobacillus	Lactobacillus iners	human	tet(M)	tetracycline
ARGH_001392	LABG_007226	MQ	no	Lactobacillus	Lactobacillus iners	human	tet(M)	tetracycline
ARGH_001393	LABG_007230	MQ	no	Lactobacillus	Lactobacillus iners	human	tet(M)	tetracycline
ARGH_001394	LABG_007231	MQ	no	Lactobacillus	Lactobacillus iners	human	tet(M)	tetracycline
ARGH_001395	LABG_007233	MQ	no	Lactobacillus	Lactobacillus iners	human	tet(M)	tetracycline
ARGH_001396	LABG_007234	MQ	no	Lactobacillus	Lactobacillus iners	human	tet(M)	tetracycline
ARGH_001397	LABG_007235	MQ	no	Lactobacillus	Lactobacillus iners	human	tet(M)	tetracycline
ARGH_001398	LABG_007236	MQ	no	Lactobacillus	Lactobacillus iners	human	tet(M)	tetracycline
ARGH_001399	LABG_007237	MQ	no	Lactobacillus	Lactobacillus iners	human	tet(M)	tetracycline
ARGH_001400	LABG_007238	MQ	no	Lactobacillus	Lactobacillus iners	human	tet(M)	tetracycline
ARGH_001401	LABG_007239	MQ	no	Lactobacillus	Lactobacillus iners	human	tet(M)	tetracycline
ARGH_001402	LABG_007241	Rep99	yes	Lactobacillus	Lactobacillus iners	human	tet(M)	tetracycline
ARGH_001403	LABG_007269	MQ	no	Lactobacillus	Lactobacillus iners	human	tet(M)	tetracycline
ARGH_001404	LABG_007313	MQ	no	Lacticaseibacillus	Lacticaseibacillus rhamnosus	food	TEM-116	beta-lactam
ARGH_001405	LABG_007332	MQ	no	Lactiplantibacillus	Lactiplantibacillus plantarum	food	tet(M)	tetracycline
ARGH_001406	LABG_007334	MQ	no	Latilactobacillus	Latilactobacillus sakei	food	tet(M)	tetracycline
ARGH_001407	LABG_007360	Rep99	yes	Limosilactobacillus	Limosilactobacillus reuteri	animal	tet(W)	tetracycline
ARGH_001408	LABG_007478	MQ	no	Limosilactobacillus	Limosilactobacillus mucosae	human	dfrG	trimethoprim
ARGH_001409	LABG_007483	MQ	no	Limosilactobacillus	Limosilactobacillus mucosae	human	dfrG	trimethoprim
ARGH_001410	LABG_007485	Rep99	yes	Limosilactobacillus	Limosilactobacillus mucosae	human	dfrG	trimethoprim
ARGH_001411	LABG_007494	Rep99	yes	Lactobacillus	Lactobacillus iners	human	APH(3')-IIIa	aminoglycoside
ARGH_001412	LABG_007494	Rep99	yes	Lactobacillus	Lactobacillus iners	human	tet(M)	tetracycline
ARGH_001413	LABG_007507	MQ	no	Lactobacillus	Lactobacillus iners	human	ErmB	MLS
ARGH_001414	LABG_007530	Rep99	yes	Lactobacillus	Lactobacillus iners	human	tet(M)	tetracycline
ARGH_001415	LABG_007536	MQ	no	Lactobacillus	Lactobacillus iners	human	tet(M)	tetracycline
ARGH_001416	LABG_007538	MQ	no	Lactobacillus	Lactobacillus iners	human	ErmB	MLS
ARGH_001417	LABG_007538	MQ	no	Lactobacillus	Lactobacillus iners	human	tet(M)	tetracycline
ARGH_001418	LABG_007540	MQ	no	Lactobacillus	Lactobacillus iners	human	ErmB	MLS
ARGH_001419	LABG_007540	MQ	no	Lactobacillus	Lactobacillus iners	human	tet(M)	tetracycline
ARGH_001420	LABG_007541	MQ	no	Lactobacillus	Lactobacillus iners	human	tet(M)	tetracycline
ARGH_001421	LABG_007547	MQ	no	Lactobacillus	Lactobacillus iners	human	tet(M)	tetracycline
ARGH_001422	LABG_007554	MQ	no	Lactobacillus	Lactobacillus iners	human	ErmB	MLS
ARGH_001423	LABG_007554	MQ	no	Lactobacillus	Lactobacillus iners	human	tet(M)	tetracycline
ARGH_001424	LABG_007555	Rep99	yes	Lactobacillus	Lactobacillus iners	human	23S rRNA (adenine(2058)-N(6))-methyltransferase Erm(A)	MLS
ARGH_001425	LABG_007555	Rep99	yes	Lactobacillus	Lactobacillus iners	human	tet(M)	tetracycline
ARGH_001426	LABG_007575	MQ	no	Lactobacillus	Lactobacillus crispatus	human	ErmC	MLS
ARGH_001427	LABG_007576	Rep99	yes	Lactobacillus	Lactobacillus iners	human	23S rRNA (adenine(2058)-N(6))-methyltransferase Erm(A)	MLS
ARGH_001428	LABG_007583	MQ	no	Lactobacillus	Lactobacillus iners	human	tet(M)	tetracycline
ARGH_001429	LABG_007585	MQ	no	Lactobacillus	Lactobacillus iners	human	23S rRNA (adenine(2058)-N(6))-methyltransferase Erm(A)	MLS
ARGH_001430	LABG_007600	Rep99	yes	Lactobacillus	Lactobacillus iners	human	tet(M)	tetracycline
ARGH_001431	LABG_007623	Rep99	yes	Lactobacillus	Lactobacillus sp945980025	other	ErmG	MLS
ARGH_001432	LABG_007630	Rep99	yes	Limosilactobacillus	Limosilactobacillus reuteri_I	other	tet(B)	tetracycline
ARGH_001433	LABG_007630	Rep99	yes	Limosilactobacillus	Limosilactobacillus reuteri_I	other	tetR	tetracycline
ARGH_001434	LABG_007632	Rep99	yes	Lactobacillus	Lactobacillus sp945980025	other	ANT(6)-Ib	aminoglycoside
ARGH_001435	LABG_007653	Rep99	yes	Ligilactobacillus	Ligilactobacillus pabuli	food	tet(M)	tetracycline
ARGH_001436	LABG_007716	Rep99	yes	Loigolactobacillus	Loigolactobacillus coryniformis	food	tet(M)	tetracycline
ARGH_001437	LABG_007717	Rep99	yes	Lactobacillus	Lactobacillus johnsonii	food	tet(W)	tetracycline
ARGH_001438	LABG_007722	Rep99	yes	Lactobacillus	Lactobacillus amylovorus	animal	ErmA	MLS
ARGH_001439	LABG_007722	Rep99	yes	Lactobacillus	Lactobacillus amylovorus	animal	tet(W)	tetracycline
ARGH_001440	LABG_007725	Rep99	yes	Ligilactobacillus	Ligilactobacillus agilis	animal	ErmB	MLS
ARGH_001441	LABG_007725	Rep99	yes	Ligilactobacillus	Ligilactobacillus agilis	animal	lnuC	MLS
ARGH_001442	LABG_007725	Rep99	yes	Ligilactobacillus	Ligilactobacillus agilis	animal	lnuC	MLS
ARGH_001443	LABG_007725	Rep99	yes	Ligilactobacillus	Ligilactobacillus agilis	animal	lnuC	MLS
ARGH_001444	LABG_007725	Rep99	yes	Ligilactobacillus	Ligilactobacillus agilis	animal	lnuC	MLS
ARGH_001445	LABG_007725	Rep99	yes	Ligilactobacillus	Ligilactobacillus agilis	animal	lnuC	MLS
ARGH_001446	LABG_007725	Rep99	yes	Ligilactobacillus	Ligilactobacillus agilis	animal	lnuC	MLS
ARGH_001447	LABG_007725	Rep99	yes	Ligilactobacillus	Ligilactobacillus agilis	animal	lnuC	MLS
ARGH_001448	LABG_007725	Rep99	yes	Ligilactobacillus	Ligilactobacillus agilis	animal	tet(M)	tetracycline
ARGH_001449	LABG_007726	Rep99	yes	Ligilactobacillus	Ligilactobacillus salivarius	food	ErmC	MLS
ARGH_001450	LABG_007726	Rep99	yes	Ligilactobacillus	Ligilactobacillus salivarius	food	tet(L)	tetracycline
ARGH_001451	LABG_007726	Rep99	yes	Ligilactobacillus	Ligilactobacillus salivarius	food	tet(M)	tetracycline
ARGH_001452	LABG_007837	Rep99	yes	Ligilactobacillus	Ligilactobacillus salivarius	human	fexB	phenicol
ARGH_001453	LABG_007837	Rep99	yes	Ligilactobacillus	Ligilactobacillus salivarius	human	lnuA	MLS
ARGH_001454	LABG_007837	Rep99	yes	Ligilactobacillus	Ligilactobacillus salivarius	human	poxtA	multidrug
ARGH_001455	LABG_007837	Rep99	yes	Ligilactobacillus	Ligilactobacillus salivarius	human	tet(L)	tetracycline
ARGH_001456	LABG_007837	Rep99	yes	Ligilactobacillus	Ligilactobacillus salivarius	human	tet(M)	tetracycline
ARGH_001457	LABG_007875	Rep99	yes	Latilactobacillus	Latilactobacillus sakei	food	tet(M)	tetracycline
ARGH_001458	LABG_007876	MQ	no	Latilactobacillus	Latilactobacillus curvatus	food	tet(M)	tetracycline
ARGH_001459	LABG_007900	Rep99	yes	Lapidilactobacillus	Lapidilactobacillus luobeiensis	food	ErmB	MLS
ARGH_001460	LABG_007900	Rep99	yes	Lapidilactobacillus	Lapidilactobacillus luobeiensis	food	tet(M)	tetracycline
ARGH_001461	LABG_007902	MQ	no	Pediococcus	Pediococcus acidilactici	other	ErmB	MLS
ARGH_001462	LABG_007903	MQ	no	Pediococcus	Pediococcus acidilactici	other	ErmB	MLS
ARGH_001463	LABG_007904	MQ	no	Pediococcus	Pediococcus acidilactici	other	ErmB	MLS
ARGH_001464	LABG_007905	MQ	no	Pediococcus	Pediococcus acidilactici	other	ErmB	MLS
ARGH_001465	LABG_007906	MQ	no	Pediococcus	Pediococcus acidilactici	other	ErmB	MLS
ARGH_001466	LABG_007907	MQ	no	Pediococcus	Pediococcus acidilactici	other	ErmB	MLS
ARGH_001467	LABG_007908	MQ	no	Pediococcus	Pediococcus acidilactici	other	ErmB	MLS
ARGH_001468	LABG_007909	MQ	no	Pediococcus	Pediococcus acidilactici	other	ErmA	MLS
ARGH_001469	LABG_007909	MQ	no	Pediococcus	Pediococcus acidilactici	other	ErmB	MLS
ARGH_001470	LABG_007909	MQ	no	Pediococcus	Pediococcus acidilactici	other	lnuA	MLS
ARGH_001471	LABG_007909	MQ	no	Pediococcus	Pediococcus acidilactici	other	tet(M)	tetracycline
ARGH_001472	LABG_007910	MQ	no	Pediococcus	Pediococcus acidilactici	other	ErmB	MLS
ARGH_001473	LABG_007917	Rep99	yes	Ligilactobacillus	Ligilactobacillus salivarius	food	catA8	phenicol
ARGH_001474	LABG_007917	Rep99	yes	Ligilactobacillus	Ligilactobacillus salivarius	food	lnuA	MLS
ARGH_001475	LABG_007917	Rep99	yes	Ligilactobacillus	Ligilactobacillus salivarius	food	tet(L)	tetracycline
ARGH_001476	LABG_007917	Rep99	yes	Ligilactobacillus	Ligilactobacillus salivarius	food	tet(M)	tetracycline
ARGH_001477	LABG_007921	MQ	no	Latilactobacillus	Latilactobacillus curvatus	other	Streptococcus suis chloramphenicol acetyltransferase	phenicol
ARGH_001478	LABG_007922	Rep99	yes	Ligilactobacillus	Ligilactobacillus salivarius	animal	ErmC	MLS
ARGH_001479	LABG_007922	Rep99	yes	Ligilactobacillus	Ligilactobacillus salivarius	animal	fexB	phenicol
ARGH_001480	LABG_007922	Rep99	yes	Ligilactobacillus	Ligilactobacillus salivarius	animal	tet(M)	tetracycline
ARGH_001481	LABG_007926	MQ	no	Ligilactobacillus	Ligilactobacillus salivarius	animal	ErmC	MLS
ARGH_001482	LABG_007926	MQ	no	Ligilactobacillus	Ligilactobacillus salivarius	animal	tet(L)	tetracycline
ARGH_001483	LABG_007926	MQ	no	Ligilactobacillus	Ligilactobacillus salivarius	animal	tet(M)	tetracycline
ARGH_001484	LABG_007933	MQ	no	Pediococcus	Pediococcus acidilactici	other	ErmA	MLS
ARGH_001485	LABG_007934	MQ	no	Pediococcus	Pediococcus acidilactici	other	ErmA	MLS
ARGH_001486	LABG_007935	MQ	no	Pediococcus	Pediococcus pentosaceus	animal	ErmB	MLS
ARGH_001487	LABG_007935	MQ	no	Pediococcus	Pediococcus pentosaceus	animal	fexB	phenicol
ARGH_001488	LABG_007935	MQ	no	Pediococcus	Pediococcus pentosaceus	animal	lnuA	MLS
ARGH_001489	LABG_007935	MQ	no	Pediococcus	Pediococcus pentosaceus	animal	poxtA	multidrug
ARGH_001490	LABG_007937	MQ	no	Pediococcus	Pediococcus pentosaceus	animal	mef(F)	MLS
ARGH_001491	LABG_007937	MQ	no	Pediococcus	Pediococcus pentosaceus	animal	msr(G)	MLS
ARGH_001492	LABG_007937	MQ	no	Pediococcus	Pediococcus pentosaceus	animal	tet(M)	tetracycline
ARGH_001493	LABG_007938	MQ	no	Pediococcus	Pediococcus pentosaceus	animal	lnuA	MLS
ARGH_001494	LABG_007938	MQ	no	Pediococcus	Pediococcus pentosaceus	animal	mef(F)	MLS
ARGH_001495	LABG_007938	MQ	no	Pediococcus	Pediococcus pentosaceus	animal	msr(G)	MLS
ARGH_001496	LABG_007938	MQ	no	Pediococcus	Pediococcus pentosaceus	animal	tet(M)	tetracycline
ARGH_001497	LABG_007946	Rep99	yes	Ligilactobacillus	Ligilactobacillus murinus	animal	tet(O)	tetracycline
ARGH_001498	LABG_007957	MQ	no	Ligilactobacillus	Ligilactobacillus salivarius	human	catA8	phenicol
ARGH_001499	LABG_007957	MQ	no	Ligilactobacillus	Ligilactobacillus salivarius	human	lnuA	MLS
ARGH_001500	LABG_007957	MQ	no	Ligilactobacillus	Ligilactobacillus salivarius	human	lnuA	MLS
ARGH_001501	LABG_007957	MQ	no	Ligilactobacillus	Ligilactobacillus salivarius	human	tet(L)	tetracycline
ARGH_001502	LABG_007957	MQ	no	Ligilactobacillus	Ligilactobacillus salivarius	human	tet(M)	tetracycline
ARGH_001503	LABG_008104	MQ	no	Leuconostoc	Leuconostoc mesenteroides	animal	tet(M)	tetracycline
ARGH_001504	LABG_008104	MQ	no	Leuconostoc	Leuconostoc mesenteroides	animal	tet(S)	tetracycline
ARGH_001505	LABG_008104	MQ	no	Leuconostoc	Leuconostoc mesenteroides	animal	vatE	MLS
ARGH_001506	LABG_008145	MQ	no	Limosilactobacillus	Limosilactobacillus reuteri	food	tet(W)	tetracycline
ARGH_001507	LABG_008295	MQ	no	Lactobacillus	Lactobacillus crispatus	animal	tet(W)	tetracycline
ARGH_001508	LABG_008317	Rep99	yes	Lactobacillus	Lactobacillus amylovorus	food	tet(W)	tetracycline
ARGH_001509	LABG_008318	Rep99	yes	Lactobacillus	Lactobacillus amylovorus	food	tet(W)	tetracycline
ARGH_001510	LABG_008335	MQ	no	Lacticaseibacillus	Lacticaseibacillus rhamnosus	human	APH(3')-Ia	aminoglycoside
ARGH_001511	LABG_008379	Rep99	yes	Limosilactobacillus	Limosilactobacillus oris_A	animal	tet(W)	tetracycline
ARGH_001512	LABG_008380	Rep99	yes	Limosilactobacillus	Limosilactobacillus vaginalis	animal	tet(W)	tetracycline
ARGH_001513	LABG_008383	Rep99	yes	Lactobacillus	Lactobacillus iners	human	tet(M)	tetracycline
ARGH_001514	LABG_008384	Rep99	yes	Lactobacillus	Lactobacillus iners	human	tet(M)	tetracycline
ARGH_001515	LABG_008387	Rep99	yes	Lactobacillus	Lactobacillus iners	human	tet(M)	tetracycline
ARGH_001516	LABG_008392	Rep99	yes	Lactobacillus	Lactobacillus iners	human	tet(M)	tetracycline
ARGH_001517	LABG_008402	Rep99	yes	Lactobacillus	Lactobacillus iners	human	tet(M)	tetracycline
ARGH_001518	LABG_008403	Rep99	yes	Lactobacillus	Lactobacillus iners	human	tet(M)	tetracycline
ARGH_001519	LABG_008404	MQ	no	Lactobacillus	Lactobacillus iners	human	tet(M)	tetracycline
ARGH_001520	LABG_008406	Rep99	yes	Lactobacillus	Lactobacillus iners	human	tet(M)	tetracycline
ARGH_001521	LABG_008410	Rep99	yes	Lactobacillus	Lactobacillus iners	human	tet(M)	tetracycline
ARGH_001522	LABG_008413	Rep99	yes	Lactobacillus	Lactobacillus iners	human	tet(M)	tetracycline
ARGH_001523	LABG_008415	Rep99	yes	Lactobacillus	Lactobacillus iners	human	tet(M)	tetracycline
ARGH_001524	LABG_008416	MQ	no	Lactobacillus	Lactobacillus iners	human	tet(M)	tetracycline
ARGH_001525	LABG_008417	Rep99	yes	Lactobacillus	Lactobacillus iners	human	tet(M)	tetracycline
ARGH_001526	LABG_008418	MQ	no	Lactobacillus	Lactobacillus iners	human	tet(M)	tetracycline
ARGH_001527	LABG_008422	MQ	no	Lactobacillus	Lactobacillus iners	human	tet(M)	tetracycline
ARGH_001528	LABG_008426	MQ	no	Lactobacillus	Lactobacillus iners	human	tet(M)	tetracycline
ARGH_001529	LABG_008431	Rep99	yes	Lactobacillus	Lactobacillus iners	human	tet(M)	tetracycline
ARGH_001530	LABG_008437	Rep99	yes	Lactobacillus	Lactobacillus iners	human	tet(M)	tetracycline
ARGH_001531	LABG_008452	Rep99	yes	Lactobacillus	Lactobacillus iners	human	tet(M)	tetracycline
ARGH_001532	LABG_008468	Rep99	yes	Ligilactobacillus	Ligilactobacillus salivarius	other	ANT(9)-Ia	aminoglycoside
ARGH_001533	LABG_008468	Rep99	yes	Ligilactobacillus	Ligilactobacillus salivarius	other	lnuC	MLS
ARGH_001534	LABG_008468	Rep99	yes	Ligilactobacillus	Ligilactobacillus salivarius	other	lnuC	MLS
ARGH_001535	LABG_008472	Rep99	yes	Lactobacillus	Lactobacillus amylovorus	animal	fexB	phenicol
ARGH_001536	LABG_008472	Rep99	yes	Lactobacillus	Lactobacillus amylovorus	animal	tet(W)	tetracycline
ARGH_001537	LABG_008480	Rep99	yes	Limosilactobacillus	Limosilactobacillus reuteri_E	food	tet(W)	tetracycline
ARGH_001538	LABG_008488	Rep99	yes	Limosilactobacillus	Limosilactobacillus vaginalis	human	lnuA	MLS
ARGH_001539	LABG_008488	Rep99	yes	Limosilactobacillus	Limosilactobacillus vaginalis	human	tet(W)	tetracycline
ARGH_001540	LABG_008503	Rep99	yes	Limosilactobacillus	Limosilactobacillus fermentum	food	lnuC	MLS
ARGH_001541	LABG_008506	MQ	no	Lactiplantibacillus	Lactiplantibacillus plantarum	food	APH(3')-Ia	aminoglycoside
ARGH_001542	LABG_008526	MQ	no	Lactobacillus	Lactobacillus delbrueckii	other	lnuA	MLS
ARGH_001543	LABG_008529	MQ	no	Levilactobacillus	Levilactobacillus namurensis_A	food	TEM-116	beta-lactam
ARGH_001544	LABG_008630	Rep99	yes	Ligilactobacillus	Ligilactobacillus salivarius	animal	lnuA	MLS
ARGH_001545	LABG_008630	Rep99	yes	Ligilactobacillus	Ligilactobacillus salivarius	animal	tet(L)	tetracycline
ARGH_001546	LABG_008631	Rep99	yes	Ligilactobacillus	Ligilactobacillus saerimneri	animal	lnuA	MLS
ARGH_001547	LABG_008631	Rep99	yes	Ligilactobacillus	Ligilactobacillus saerimneri	animal	tet(W)	tetracycline
ARGH_001548	LABG_008632	MQ	no	Lactobacillus	Lactobacillus delbrueckii	human	tet(W)	tetracycline
ARGH_001549	LABG_008633	MQ	no	Lactobacillus	Lactobacillus delbrueckii	human	tet(W)	tetracycline
ARGH_001550	LABG_009012	Rep99	yes	Ligilactobacillus	Ligilactobacillus ruminis	human	ErmB	MLS
ARGH_001551	LABG_009014	MQ	no	Lactobacillus	Lactobacillus johnsonii	human	ErmT	MLS
ARGH_001552	LABG_009014	MQ	no	Lactobacillus	Lactobacillus johnsonii	human	lnuA	MLS
ARGH_001553	LABG_009017	Rep99	yes	Lactobacillus	Lactobacillus panisapium	human	Streptococcus suis chloramphenicol acetyltransferase	phenicol
ARGH_001554	LABG_009017	Rep99	yes	Lactobacillus	Lactobacillus panisapium	human	tet(M)	tetracycline
ARGH_001555	LABG_009017	Rep99	yes	Lactobacillus	Lactobacillus panisapium	human	tet(W)	tetracycline
ARGH_001556	LABG_009018	Rep99	yes	Lactobacillus	Lactobacillus johnsonii	human	tet(W)	tetracycline
ARGH_001557	LABG_009021	MQ	no	Lacticaseibacillus	Lacticaseibacillus paracasei	human	tet(M)	tetracycline
ARGH_001558	LABG_009022	MQ	no	Lacticaseibacillus	Lacticaseibacillus paracasei	human	tet(M)	tetracycline
ARGH_001559	LABG_009023	Rep99	yes	Ligilactobacillus	Ligilactobacillus ruminis	human	ErmB	MLS
ARGH_001560	LABG_009023	Rep99	yes	Ligilactobacillus	Ligilactobacillus ruminis	human	tet(M)	tetracycline
ARGH_001561	LABG_009029	Rep99	yes	Ligilactobacillus	Ligilactobacillus ruminis	human	ErmB	MLS
ARGH_001562	LABG_009034	Rep99	yes	Ligilactobacillus	Ligilactobacillus ruminis	human	ErmB	MLS
ARGH_001563	LABG_009034	Rep99	yes	Ligilactobacillus	Ligilactobacillus ruminis	human	tet(M)	tetracycline
ARGH_001564	LABG_009039	MQ	no	Ligilactobacillus	Ligilactobacillus agilis	human	lnuC	MLS
ARGH_001565	LABG_009040	MQ	no	Ligilactobacillus	Ligilactobacillus agilis	human	tet(M)	tetracycline
ARGH_001566	LABG_009042	MQ	no	Ligilactobacillus	Ligilactobacillus agilis	human	lnuC	MLS
ARGH_001567	LABG_009043	MQ	no	Ligilactobacillus	Ligilactobacillus agilis	human	lnuC	MLS
ARGH_001568	LABG_009062	MQ	no	Lacticaseibacillus	Lacticaseibacillus paracasei	human	tet(M)	tetracycline
ARGH_001569	LABG_009063	MQ	no	Lacticaseibacillus	Lacticaseibacillus paracasei	human	tet(M)	tetracycline
ARGH_001570	LABG_009064	Rep99	yes	Lactobacillus	Lactobacillus sp027681045	other	tet(W)	tetracycline
ARGH_001571	LABG_009077	MQ	no	Lactobacillus	Lactobacillus crispatus	human	tet(W)	tetracycline
ARGH_001572	LABG_009078	Rep99	yes	Lactobacillus	Lactobacillus sp910589675	human	ErmB	MLS
ARGH_001573	LABG_009078	Rep99	yes	Lactobacillus	Lactobacillus sp910589675	human	tet(W)	tetracycline
ARGH_001574	LABG_009080	MQ	no	Ligilactobacillus	Ligilactobacillus ruminis	human	ErmB	MLS
ARGH_001575	LABG_009093	Rep99	yes	Ligilactobacillus	Ligilactobacillus ruminis	human	ErmB	MLS
ARGH_001576	LABG_009095	Rep99	yes	Ligilactobacillus	Ligilactobacillus ruminis	human	tet(M)	tetracycline
ARGH_001577	LABG_009099	Rep99	yes	Lactobacillus	Lactobacillus amylovorus	human	Streptococcus suis chloramphenicol acetyltransferase	phenicol
ARGH_001578	LABG_009099	Rep99	yes	Lactobacillus	Lactobacillus amylovorus	human	tet(W)	tetracycline
ARGH_001579	LABG_009102	Rep99	yes	Ligilactobacillus	Ligilactobacillus ruminis	human	dfrF	trimethoprim
ARGH_001580	LABG_009102	Rep99	yes	Ligilactobacillus	Ligilactobacillus ruminis	human	ErmB	MLS
ARGH_001581	LABG_009102	Rep99	yes	Ligilactobacillus	Ligilactobacillus ruminis	human	tet(M)	tetracycline
ARGH_001582	LABG_009117	Rep99	yes	Limosilactobacillus	Limosilactobacillus mucosae	human	lnuC	MLS
ARGH_001583	LABG_009117	Rep99	yes	Limosilactobacillus	Limosilactobacillus mucosae	human	tet(W)	tetracycline
ARGH_001584	LABG_009118	MQ	no	Limosilactobacillus	Limosilactobacillus mucosae	human	lnuC	MLS
ARGH_001585	LABG_009118	MQ	no	Limosilactobacillus	Limosilactobacillus mucosae	human	tet(W)	tetracycline
ARGH_001586	LABG_009124	Rep99	yes	Limosilactobacillus	Limosilactobacillus mucosae	human	ErmB	MLS
ARGH_001587	LABG_009124	Rep99	yes	Limosilactobacillus	Limosilactobacillus mucosae	human	tet(W)	tetracycline
ARGH_001588	LABG_009125	Rep99	yes	Lactobacillus	Lactobacillus crispatus	human	ErmA	MLS
ARGH_001589	LABG_009125	Rep99	yes	Lactobacillus	Lactobacillus crispatus	human	tet(W)	tetracycline
ARGH_001590	LABG_009130	Rep99	yes	Lactobacillus	Lactobacillus amylovorus	human	ErmB	MLS
ARGH_001591	LABG_009130	Rep99	yes	Lactobacillus	Lactobacillus amylovorus	human	tet(W)	tetracycline
ARGH_001592	LABG_009130	Rep99	yes	Lactobacillus	Lactobacillus amylovorus	human	vatE	MLS
ARGH_001593	LABG_009139	Rep99	yes	Ligilactobacillus	Ligilactobacillus ruminis	human	ErmB	MLS
ARGH_001594	LABG_009139	Rep99	yes	Ligilactobacillus	Ligilactobacillus ruminis	human	tet(M)	tetracycline
ARGH_001595	LABG_009148	Rep99	yes	Ligilactobacillus	Ligilactobacillus agilis	human	lnuC	MLS
ARGH_001596	LABG_009150	MQ	no	Ligilactobacillus	Ligilactobacillus agilis	human	tet(M)	tetracycline
ARGH_001597	LABG_009190	Rep99	yes	Lactobacillus	Lactobacillus amylovorus	animal	ErmB	MLS
ARGH_001598	LABG_009190	Rep99	yes	Lactobacillus	Lactobacillus amylovorus	animal	tet(W)	tetracycline
ARGH_001599	LABG_009191	MQ	no	Lactobacillus	Lactobacillus amylovorus	animal	tet(W)	tetracycline
ARGH_001600	LABG_009193	Rep99	yes	Lactobacillus	Lactobacillus amylovorus	animal	ErmB	MLS
ARGH_001601	LABG_009193	Rep99	yes	Lactobacillus	Lactobacillus amylovorus	animal	tet(W)	tetracycline
ARGH_001602	LABG_009194	Rep99	yes	Lactobacillus	Lactobacillus amylovorus	animal	tet(W)	tetracycline
ARGH_001603	LABG_009196	MQ	no	Lactobacillus	Lactobacillus amylovorus	animal	ErmB	MLS
ARGH_001604	LABG_009196	MQ	no	Lactobacillus	Lactobacillus amylovorus	animal	tet(W)	tetracycline
ARGH_001605	LABG_009197	MQ	no	Lactobacillus	Lactobacillus amylovorus	animal	tet(W)	tetracycline
ARGH_001606	LABG_009259	MQ	no	Pediococcus	Pediococcus acidilactici	human	tet(O)	tetracycline
ARGH_001607	LABG_009261	Rep99	yes	Companilactobacillus	Companilactobacillus farciminis	animal	ErmB	MLS
ARGH_001608	LABG_009261	Rep99	yes	Companilactobacillus	Companilactobacillus farciminis	animal	fexB	phenicol
ARGH_001609	LABG_009261	Rep99	yes	Companilactobacillus	Companilactobacillus farciminis	animal	poxtA	multidrug
ARGH_001610	LABG_009261	Rep99	yes	Companilactobacillus	Companilactobacillus farciminis	animal	tet(M)	tetracycline
ARGH_001611	LABG_009284	Rep99	yes	Limosilactobacillus	Limosilactobacillus reuteri	food	tet(W)	tetracycline
ARGH_001612	LABG_009484	MQ	no	Leuconostoc	Leuconostoc mesenteroides	animal	tet(S)	tetracycline
ARGH_001613	LABG_009485	MQ	no	Leuconostoc	Leuconostoc mesenteroides	animal	tet(S)	tetracycline
ARGH_001614	LABG_009494	MQ	no	Leuconostoc	Leuconostoc mesenteroides	animal	tet(M)	tetracycline
ARGH_001615	LABG_009495	MQ	no	Leuconostoc	Leuconostoc mesenteroides	animal	tet(M)	tetracycline
ARGH_001616	LABG_009496	MQ	no	Leuconostoc	Leuconostoc mesenteroides	animal	tet(M)	tetracycline
ARGH_001617	LABG_009497	MQ	no	Leuconostoc	Leuconostoc mesenteroides	animal	tet(S)	tetracycline
ARGH_001618	LABG_009502	Rep99	yes	Ligilactobacillus	Ligilactobacillus ruminis	animal	AAC(6')-Ie-APH(2'')-Ia bifunctional protein	aminoglycoside
ARGH_001619	LABG_009502	Rep99	yes	Ligilactobacillus	Ligilactobacillus ruminis	animal	ErmT	MLS
ARGH_001620	LABG_009503	Rep99	yes	Ligilactobacillus	Ligilactobacillus ruminis	animal	ErmT	MLS
ARGH_001621	LABG_009507	Rep99	yes	Limosilactobacillus	Limosilactobacillus reuteri_E	animal	tet(W)	tetracycline
ARGH_001622	LABG_009511	MQ	no	Limosilactobacillus	Limosilactobacillus reuteri_E	animal	tet(W)	tetracycline
ARGH_001623	LABG_009514	MQ	no	Limosilactobacillus	Limosilactobacillus reuteri_E	animal	tet(W)	tetracycline
ARGH_001624	LABG_009523	Rep99	yes	Ligilactobacillus	Ligilactobacillus salivarius	animal	tet(L)	tetracycline
ARGH_001625	LABG_009523	Rep99	yes	Ligilactobacillus	Ligilactobacillus salivarius	animal	tet(M)	tetracycline
ARGH_001626	LABG_009528	MQ	no	Lactobacillus	Lactobacillus gasseri	human	tet(M)	tetracycline
ARGH_001627	LABG_009558	MQ	no	Lactiplantibacillus	Lactiplantibacillus plantarum	human	Streptococcus suis chloramphenicol acetyltransferase	phenicol
ARGH_001628	LABG_009559	MQ	no	Lactiplantibacillus	Lactiplantibacillus plantarum	human	Streptococcus suis chloramphenicol acetyltransferase	phenicol
ARGH_001629	LABG_009560	MQ	no	Lactiplantibacillus	Lactiplantibacillus plantarum	human	Streptococcus suis chloramphenicol acetyltransferase	phenicol
ARGH_001630	LABG_009561	MQ	no	Lactiplantibacillus	Lactiplantibacillus plantarum	human	Streptococcus suis chloramphenicol acetyltransferase	phenicol
ARGH_001631	LABG_009562	MQ	no	Lactiplantibacillus	Lactiplantibacillus plantarum	human	Streptococcus suis chloramphenicol acetyltransferase	phenicol
ARGH_001632	LABG_009563	MQ	no	Lactiplantibacillus	Lactiplantibacillus plantarum	human	Streptococcus suis chloramphenicol acetyltransferase	phenicol
ARGH_001633	LABG_009565	MQ	no	Lactiplantibacillus	Lactiplantibacillus plantarum	human	Streptococcus suis chloramphenicol acetyltransferase	phenicol
ARGH_001634	LABG_009566	MQ	no	Lactiplantibacillus	Lactiplantibacillus plantarum	human	Streptococcus suis chloramphenicol acetyltransferase	phenicol
ARGH_001635	LABG_009567	MQ	no	Lactiplantibacillus	Lactiplantibacillus plantarum	human	Streptococcus suis chloramphenicol acetyltransferase	phenicol
ARGH_001636	LABG_009569	MQ	no	Lactiplantibacillus	Lactiplantibacillus plantarum	human	Streptococcus suis chloramphenicol acetyltransferase	phenicol
ARGH_001637	LABG_009570	MQ	no	Lactiplantibacillus	Lactiplantibacillus plantarum	human	Streptococcus suis chloramphenicol acetyltransferase	phenicol
ARGH_001638	LABG_009571	MQ	no	Lactiplantibacillus	Lactiplantibacillus plantarum	human	Streptococcus suis chloramphenicol acetyltransferase	phenicol
ARGH_001639	LABG_009572	MQ	no	Lactiplantibacillus	Lactiplantibacillus plantarum	human	Streptococcus suis chloramphenicol acetyltransferase	phenicol
ARGH_001640	LABG_009573	MQ	no	Lactiplantibacillus	Lactiplantibacillus plantarum	human	Streptococcus suis chloramphenicol acetyltransferase	phenicol
ARGH_001641	LABG_009574	MQ	no	Lactiplantibacillus	Lactiplantibacillus plantarum	human	Streptococcus suis chloramphenicol acetyltransferase	phenicol
ARGH_001642	LABG_009575	MQ	no	Lactiplantibacillus	Lactiplantibacillus plantarum	human	Streptococcus suis chloramphenicol acetyltransferase	phenicol
ARGH_001643	LABG_009576	MQ	no	Lactiplantibacillus	Lactiplantibacillus plantarum	human	Streptococcus suis chloramphenicol acetyltransferase	phenicol
ARGH_001644	LABG_009577	MQ	no	Lactiplantibacillus	Lactiplantibacillus plantarum	human	Streptococcus suis chloramphenicol acetyltransferase	phenicol
ARGH_001645	LABG_009578	MQ	no	Lactiplantibacillus	Lactiplantibacillus plantarum	human	Streptococcus suis chloramphenicol acetyltransferase	phenicol
ARGH_001646	LABG_009579	MQ	no	Lactiplantibacillus	Lactiplantibacillus plantarum	human	Streptococcus suis chloramphenicol acetyltransferase	phenicol
ARGH_001647	LABG_009580	MQ	no	Lactiplantibacillus	Lactiplantibacillus plantarum	human	Streptococcus suis chloramphenicol acetyltransferase	phenicol
ARGH_001648	LABG_009581	MQ	no	Lactiplantibacillus	Lactiplantibacillus plantarum	human	Streptococcus suis chloramphenicol acetyltransferase	phenicol
ARGH_001649	LABG_009582	MQ	no	Lactiplantibacillus	Lactiplantibacillus plantarum	human	Streptococcus suis chloramphenicol acetyltransferase	phenicol
ARGH_001650	LABG_009583	MQ	no	Lactiplantibacillus	Lactiplantibacillus plantarum	human	Streptococcus suis chloramphenicol acetyltransferase	phenicol
ARGH_001651	LABG_009584	MQ	no	Lactiplantibacillus	Lactiplantibacillus plantarum	human	Streptococcus suis chloramphenicol acetyltransferase	phenicol
ARGH_001652	LABG_009585	MQ	no	Lactiplantibacillus	Lactiplantibacillus plantarum	human	Streptococcus suis chloramphenicol acetyltransferase	phenicol
ARGH_001653	LABG_009605	Rep99	yes	Ligilactobacillus	Ligilactobacillus ruminis	other	ErmT	MLS
ARGH_001654	LABG_009634	Rep99	yes	Ligilactobacillus	Ligilactobacillus salivarius	animal	tet(L)	tetracycline
ARGH_001655	LABG_009635	Rep99	yes	Ligilactobacillus	Ligilactobacillus salivarius	animal	ErmT	MLS
ARGH_001656	LABG_009635	Rep99	yes	Ligilactobacillus	Ligilactobacillus salivarius	animal	tet(M)	tetracycline
ARGH_001657	LABG_009657	MQ	no	Weissella	Weissella paramesenteroides	animal	mef(F)	MLS
ARGH_001658	LABG_009657	MQ	no	Weissella	Weissella paramesenteroides	animal	msr(G)	MLS
ARGH_001659	LABG_009658	Rep99	yes	Weissella	Weissella paramesenteroides	animal	mef(F)	MLS
ARGH_001660	LABG_009658	Rep99	yes	Weissella	Weissella paramesenteroides	animal	msr(G)	MLS
ARGH_001661	LABG_009659	MQ	no	Weissella	Weissella paramesenteroides	animal	mef(F)	MLS
ARGH_001662	LABG_009659	MQ	no	Weissella	Weissella paramesenteroides	animal	msr(G)	MLS
ARGH_001663	LABG_009660	Rep99	yes	Limosilactobacillus	Limosilactobacillus pulli	other	tet(W)	tetracycline
ARGH_001664	LABG_009661	MQ	no	Lactobacillus	Lactobacillus amylovorus	food	fexA	phenicol
ARGH_001665	LABG_009661	MQ	no	Lactobacillus	Lactobacillus amylovorus	food	fexB	phenicol
ARGH_001666	LABG_009661	MQ	no	Lactobacillus	Lactobacillus amylovorus	food	poxtA	multidrug
ARGH_001667	LABG_009662	Rep99	yes	Lactobacillus	Lactobacillus amylovorus	other	fexA	phenicol
ARGH_001668	LABG_009662	Rep99	yes	Lactobacillus	Lactobacillus amylovorus	other	fexB	phenicol
ARGH_001669	LABG_009662	Rep99	yes	Lactobacillus	Lactobacillus amylovorus	other	poxtA	multidrug
ARGH_001670	LABG_009662	Rep99	yes	Lactobacillus	Lactobacillus amylovorus	other	tet(W)	tetracycline
ARGH_001671	LABG_009715	MQ	no	Latilactobacillus	Latilactobacillus sakei	other	tet(M)	tetracycline
ARGH_001672	LABG_009749	Rep99	yes	Ligilactobacillus	Ligilactobacillus aviarius	animal	tet(W)	tetracycline
ARGH_001673	LABG_009772	Rep99	yes	Limosilactobacillus	Limosilactobacillus oris_A	food	tet(M)	tetracycline
ARGH_001674	LABG_009772	Rep99	yes	Limosilactobacillus	Limosilactobacillus oris_A	food	tet(W)	tetracycline
ARGH_001675	LABG_009779	MQ	no	Ligilactobacillus	Ligilactobacillus animalis	animal	aad(6)	aminoglycoside
ARGH_001676	LABG_009779	MQ	no	Ligilactobacillus	Ligilactobacillus animalis	animal	APH(3')-IIIa	aminoglycoside
ARGH_001677	LABG_009779	MQ	no	Ligilactobacillus	Ligilactobacillus animalis	animal	ErmT	MLS
ARGH_001678	LABG_009779	MQ	no	Ligilactobacillus	Ligilactobacillus animalis	animal	fexA	phenicol
ARGH_001679	LABG_009779	MQ	no	Ligilactobacillus	Ligilactobacillus animalis	animal	SAT-4	aminoglycoside
ARGH_001680	LABG_009779	MQ	no	Ligilactobacillus	Ligilactobacillus animalis	animal	tet(L)	tetracycline
ARGH_001681	LABG_009779	MQ	no	Ligilactobacillus	Ligilactobacillus animalis	animal	tet(M)	tetracycline
ARGH_001682	LABG_009779	MQ	no	Ligilactobacillus	Ligilactobacillus animalis	animal	vatE	MLS
ARGH_001683	LABG_009780	MQ	no	Ligilactobacillus	Ligilactobacillus salivarius	other	ErmB	MLS
ARGH_001684	LABG_009780	MQ	no	Ligilactobacillus	Ligilactobacillus salivarius	other	vatE	MLS
ARGH_001685	LABG_009782	Rep99	yes	Ligilactobacillus	Ligilactobacillus salivarius	other	ErmB	MLS
ARGH_001686	LABG_009782	Rep99	yes	Ligilactobacillus	Ligilactobacillus salivarius	other	vatE	MLS
ARGH_001687	LABG_009786	MQ	no	Ligilactobacillus	Ligilactobacillus salivarius	other	ErmB	MLS
ARGH_001688	LABG_009786	MQ	no	Ligilactobacillus	Ligilactobacillus salivarius	other	vatE	MLS
ARGH_001689	LABG_009787	MQ	no	Ligilactobacillus	Ligilactobacillus salivarius	other	ErmB	MLS
ARGH_001690	LABG_009787	MQ	no	Ligilactobacillus	Ligilactobacillus salivarius	other	vatE	MLS
ARGH_001691	LABG_009804	MQ	no	Dellaglioa	Dellaglioa algida	food	tet(M)	tetracycline
ARGH_001692	LABG_009814	Rep99	yes	Ligilactobacillus	Ligilactobacillus salivarius	animal	ANT(9)-Ia	aminoglycoside
ARGH_001693	LABG_009814	Rep99	yes	Ligilactobacillus	Ligilactobacillus salivarius	animal	ErmA	MLS
ARGH_001694	LABG_009815	Rep99	yes	Lactobacillus	Lactobacillus iners	human	ErmB	MLS
ARGH_001695	LABG_009815	Rep99	yes	Lactobacillus	Lactobacillus iners	human	tet(M)	tetracycline
ARGH_001696	LABG_009817	MQ	no	Lactobacillus	Lactobacillus mulieris	human	tet(M)	tetracycline
ARGH_001697	LABG_009838	Rep99	yes	Lactobacillus	Lactobacillus iners	human	ErmB	MLS
ARGH_001698	LABG_009838	Rep99	yes	Lactobacillus	Lactobacillus iners	human	tet(M)	tetracycline
ARGH_001699	LABG_009869	MQ	no	Lactobacillus	Lactobacillus iners	human	ErmB	MLS
ARGH_001700	LABG_009869	MQ	no	Lactobacillus	Lactobacillus iners	human	tet(M)	tetracycline
ARGH_001701	LABG_009878	Rep99	yes	Lactobacillus	Lactobacillus iners	human	tet(M)	tetracycline
ARGH_001702	LABG_009883	MQ	no	Lactobacillus	Lactobacillus iners	human	qacB	disinfecting agents and antiseptics
ARGH_001703	LABG_009883	MQ	no	Lactobacillus	Lactobacillus iners	human	Staphylococcus aureus mupA conferring resistance to mupirocin	mupirocin
ARGH_001704	LABG_009888	MQ	no	Lactobacillus	Lactobacillus delbrueckii	human	ErmC	MLS
ARGH_001705	LABG_009898	MQ	no	Lactobacillus	Lactobacillus johnsonii	food	ErmB	MLS
ARGH_001706	LABG_009898	MQ	no	Lactobacillus	Lactobacillus johnsonii	food	lnuC	MLS
ARGH_001707	LABG_009898	MQ	no	Lactobacillus	Lactobacillus johnsonii	food	tet(W)	tetracycline
ARGH_001708	LABG_009901	MQ	no	Lactiplantibacillus	Lactiplantibacillus plantarum	food	AAC(6')-Ie-APH(2'')-Ia bifunctional protein	aminoglycoside
ARGH_001709	LABG_009901	MQ	no	Lactiplantibacillus	Lactiplantibacillus plantarum	food	ANT(6)-Ia	aminoglycoside
ARGH_001710	LABG_009901	MQ	no	Lactiplantibacillus	Lactiplantibacillus plantarum	food	lnuA	MLS
ARGH_001711	LABG_010081	Rep99	yes	Lactobacillus	Lactobacillus gallinarum	animal	tet(W)	tetracycline
ARGH_001712	LABG_010108	Rep99	yes	Latilactobacillus	Latilactobacillus sakei	food	lnuA	MLS
ARGH_001713	LABG_010108	Rep99	yes	Latilactobacillus	Latilactobacillus sakei	food	tet(M)	tetracycline
ARGH_001714	LABG_010112	MQ	no	Pediococcus	Pediococcus pentosaceus	food	tet(M)	tetracycline
ARGH_001715	LABG_010113	Rep99	yes	Ligilactobacillus	Ligilactobacillus salivarius	animal	ErmB	MLS
ARGH_001716	LABG_010113	Rep99	yes	Ligilactobacillus	Ligilactobacillus salivarius	animal	lnuA	MLS
ARGH_001717	LABG_010113	Rep99	yes	Ligilactobacillus	Ligilactobacillus salivarius	animal	tet(L)	tetracycline
ARGH_001718	LABG_010114	Rep99	yes	Ligilactobacillus	Ligilactobacillus salivarius	animal	lnuC	MLS
ARGH_001719	LABG_010115	MQ	no	Ligilactobacillus	Ligilactobacillus animalis	food	lnuG	MLS
ARGH_001720	LABG_010117	Rep99	yes	Ligilactobacillus	Ligilactobacillus ruminis	food	aad(6)	aminoglycoside
ARGH_001721	LABG_010117	Rep99	yes	Ligilactobacillus	Ligilactobacillus ruminis	food	ErmT	MLS
ARGH_001722	LABG_010117	Rep99	yes	Ligilactobacillus	Ligilactobacillus ruminis	food	fexB	phenicol
ARGH_001723	LABG_010117	Rep99	yes	Ligilactobacillus	Ligilactobacillus ruminis	food	poxtA	multidrug
ARGH_001724	LABG_010117	Rep99	yes	Ligilactobacillus	Ligilactobacillus ruminis	food	SAT-4	aminoglycoside
ARGH_001725	LABG_010117	Rep99	yes	Ligilactobacillus	Ligilactobacillus ruminis	food	tet(W)	tetracycline
ARGH_001726	LABG_010206	Rep99	yes	Limosilactobacillus		human	AAC(6')-Ie-APH(2'')-Ia bifunctional protein	aminoglycoside
ARGH_001727	LABG_010222	MQ	no	Ligilactobacillus	Ligilactobacillus animalis	human	lnuG	MLS
ARGH_001728	LABG_010222	MQ	no	Ligilactobacillus	Ligilactobacillus animalis	human	tet(M)	tetracycline
ARGH_001729	LABG_010236	MQ	no	Limosilactobacillus	Limosilactobacillus reuteri_E	human	lnuA	MLS
ARGH_001730	LABG_010269	MQ	no	Ligilactobacillus	Ligilactobacillus animalis	food	tet(M)	tetracycline
ARGH_001731	LABG_010273	MQ	no	Lactobacillus	Lactobacillus crispatus	human	aadA	aminoglycoside
ARGH_001732	LABG_010333	MQ	no	Ligilactobacillus	Ligilactobacillus salivarius	other	ErmB	MLS
ARGH_001733	LABG_010333	MQ	no	Ligilactobacillus	Ligilactobacillus salivarius	other	vatE	MLS
ARGH_001734	LABG_010388	MQ	no	Lactobacillus	Lactobacillus crispatus	human	tet(W)	tetracycline
ARGH_001735	LABG_010404	Rep99	yes	Lactobacillus	Lactobacillus sp945980025	animal	ErmB	MLS
ARGH_001736	LABG_010404	Rep99	yes	Lactobacillus	Lactobacillus sp945980025	animal	tet(O/W/32/O)	tetracycline
ARGH_001737	LABG_010407	MQ	no	Lactobacillus	Lactobacillus sp945980025	animal	ErmB	MLS
ARGH_001738	LABG_010407	MQ	no	Lactobacillus	Lactobacillus sp945980025	animal	tet(O/W/32/O)	tetracycline
ARGH_001739	LABG_010420	MQ	no	Ligilactobacillus	Ligilactobacillus animalis	human	tet(W)	tetracycline
ARGH_001740	LABG_010423	MQ	no	Ligilactobacillus	Ligilactobacillus animalis	human	tet(M)	tetracycline
ARGH_001741	LABG_010432	Rep99	yes	Lactobacillus	Lactobacillus sp910589675	other	tet(W)	tetracycline
ARGH_001742	LABG_010440	MQ	no	Ligilactobacillus	Ligilactobacillus animalis	human	lnuC	MLS
ARGH_001743	LABG_010440	MQ	no	Ligilactobacillus	Ligilactobacillus animalis	human	lnuG	MLS
ARGH_001744	LABG_010440	MQ	no	Ligilactobacillus	Ligilactobacillus animalis	human	tet(M)	tetracycline
ARGH_001745	LABG_010451	MQ	no	Pediococcus	Pediococcus acidilactici	animal	lnuA	MLS
ARGH_001746	LABG_010451	MQ	no	Pediococcus	Pediococcus acidilactici	animal	tet(M)	tetracycline
ARGH_001747	LABG_010453	MQ	no	Pediococcus	Pediococcus acidilactici	animal	ErmB	MLS
ARGH_001748	LABG_010453	MQ	no	Pediococcus	Pediococcus acidilactici	animal	lnuA	MLS
ARGH_001749	LABG_010453	MQ	no	Pediococcus	Pediococcus acidilactici	animal	tet(M)	tetracycline
ARGH_001750	LABG_010489	MQ	no	Limosilactobacillus	Limosilactobacillus reuteri	animal	AAC(6')-Ie-APH(2'')-Ia bifunctional protein	aminoglycoside
ARGH_001751	LABG_010489	MQ	no	Limosilactobacillus	Limosilactobacillus reuteri	animal	lnuA	MLS
ARGH_001752	LABG_010489	MQ	no	Limosilactobacillus	Limosilactobacillus reuteri	animal	tet(W)	tetracycline
ARGH_001753	LABG_010493	Rep99	yes	Ligilactobacillus	Ligilactobacillus salivarius	food	AAC(6')-Ie-APH(2'')-Ia bifunctional protein	aminoglycoside
ARGH_001754	LABG_010493	Rep99	yes	Ligilactobacillus	Ligilactobacillus salivarius	food	ANT(6)-Ia	aminoglycoside
ARGH_001755	LABG_010493	Rep99	yes	Ligilactobacillus	Ligilactobacillus salivarius	food	fexB	phenicol
ARGH_001756	LABG_010493	Rep99	yes	Ligilactobacillus	Ligilactobacillus salivarius	food	poxtA	multidrug
ARGH_001757	LABG_010493	Rep99	yes	Ligilactobacillus	Ligilactobacillus salivarius	food	vatH	MLS
ARGH_001758	LABG_010493	Rep99	yes	Ligilactobacillus	Ligilactobacillus salivarius	food	vgaD	MLS
ARGH_001759	LABG_010494	MQ	no	Ligilactobacillus	Ligilactobacillus salivarius	animal	ErmC	MLS
ARGH_001760	LABG_010494	MQ	no	Ligilactobacillus	Ligilactobacillus salivarius	animal	tet(L)	tetracycline
ARGH_001761	LABG_010494	MQ	no	Ligilactobacillus	Ligilactobacillus salivarius	animal	tet(M)	tetracycline
ARGH_001762	LABG_010505	Rep99	yes	Lactobacillus	Lactobacillus sp945980025	other	ErmB	MLS
ARGH_001763	LABG_010516	MQ	no	Lactobacillus	Lactobacillus crispatus	human	tet(W)	tetracycline
ARGH_001764	LABG_010517	MQ	no	Lactobacillus	Lactobacillus crispatus	human	tet(W)	tetracycline
ARGH_001765	LABG_010525	Rep99	yes	Lactobacillus	Lactobacillus iners	human	ErmB	MLS
ARGH_001766	LABG_010525	Rep99	yes	Lactobacillus	Lactobacillus iners	human	tet(M)	tetracycline
ARGH_001767	LABG_010526	MQ	no	Lactobacillus	Lactobacillus iners	human	ErmB	MLS
ARGH_001768	LABG_010526	MQ	no	Lactobacillus	Lactobacillus iners	human	tet(M)	tetracycline
ARGH_001769	LABG_010527	MQ	no	Lactobacillus	Lactobacillus iners	human	ErmB	MLS
ARGH_001770	LABG_010527	MQ	no	Lactobacillus	Lactobacillus iners	human	tet(M)	tetracycline
ARGH_001771	LABG_010529	Rep99	yes	Lactobacillus	Lactobacillus iners	human	ErmB	MLS
ARGH_001772	LABG_010529	Rep99	yes	Lactobacillus	Lactobacillus iners	human	tet(M)	tetracycline
ARGH_001773	LABG_010531	MQ	no	Lactobacillus	Lactobacillus iners	human	ErmB	MLS
ARGH_001774	LABG_010531	MQ	no	Lactobacillus	Lactobacillus iners	human	tet(M)	tetracycline
ARGH_001775	LABG_010532	MQ	no	Lactobacillus	Lactobacillus crispatus	human	tet(W)	tetracycline
ARGH_001776	LABG_010533	MQ	no	Lactobacillus	Lactobacillus crispatus	human	tet(W)	tetracycline
ARGH_001777	LABG_010535	Rep99	yes	Lactobacillus	Lactobacillus crispatus	human	tet(W)	tetracycline
ARGH_001778	LABG_010566	MQ	no	Lactobacillus	Lactobacillus helveticus	food	TEM-116	beta-lactam
ARGH_001779	LABG_010576	Rep99	yes	Ligilactobacillus	Ligilactobacillus salivarius	other	ANT(6)-Ib	aminoglycoside
ARGH_001780	LABG_010576	Rep99	yes	Ligilactobacillus	Ligilactobacillus salivarius	other	tet(44)	tetracycline
ARGH_001781	LABG_010604	MQ	no	Lactobacillus	Lactobacillus amylovorus	food	ANT(6)-Ia	aminoglycoside
ARGH_001782	LABG_010628	Rep99	yes	Pediococcus	Pediococcus acidilactici	animal	ErmB	MLS
ARGH_001783	LABG_010628	Rep99	yes	Pediococcus	Pediococcus acidilactici	animal	tet(M)	tetracycline
ARGH_001784	LABG_010653	MQ	no	Lactobacillus	Lactobacillus sp945980025	human	tet(W)	tetracycline
ARGH_001785	LABG_010656	Rep99	yes	Limosilactobacillus	Limosilactobacillus reuteri_E	human	lnuA	MLS
ARGH_001786	LABG_010656	Rep99	yes	Limosilactobacillus	Limosilactobacillus reuteri_E	human	lnuA	MLS
ARGH_001787	LABG_010658	Rep99	yes	Ligilactobacillus	Ligilactobacillus salivarius	animal	tet(L)	tetracycline
ARGH_001788	LABG_010658	Rep99	yes	Ligilactobacillus	Ligilactobacillus salivarius	animal	tet(M)	tetracycline
ARGH_001789	LABG_010659	MQ	no	Lactobacillus	Lactobacillus helveticus	food	TEM-116	beta-lactam
ARGH_001790	LABG_010678	Rep99	yes	Limosilactobacillus	Limosilactobacillus portuensis	human	TEM-116	beta-lactam
ARGH_001791	LABG_010690	Rep99	yes	Lactiplantibacillus	Lactiplantibacillus paraxiangfangensis	other	tet(M)	tetracycline
ARGH_001792	LABG_010692	MQ	no	Lactiplantibacillus	Lactiplantibacillus paraxiangfangensis	other	tet(M)	tetracycline
ARGH_001793	LABG_010695	Rep99	yes	Companilactobacillus	Companilactobacillus muriivasis	other	vatE	MLS
ARGH_001794	LABG_010723	MQ	no	Limosilactobacillus	Limosilactobacillus reuteri	animal	lnuC	MLS
ARGH_001795	LABG_010723	MQ	no	Limosilactobacillus	Limosilactobacillus reuteri	animal	lnuC	MLS
ARGH_001796	LABG_010837	MQ	no	Lactobacillus	Lactobacillus paragasseri	other	mdeA	multidrug
ARGH_001797	LABG_010844	MQ	no	Pediococcus	Pediococcus pentosaceus	animal	ErmB	MLS
ARGH_001798	LABG_010844	MQ	no	Pediococcus	Pediococcus pentosaceus	animal	lnuA	MLS
ARGH_001799	LABG_010846	MQ	no	Pediococcus	Pediococcus pentosaceus	animal	lnuA	MLS
ARGH_001800	LABG_010847	MQ	no	Limosilactobacillus	Limosilactobacillus reuteri_I	animal	tet(W)	tetracycline
ARGH_001801	LABG_010848	MQ	no	Limosilactobacillus	Limosilactobacillus reuteri_J	animal	ErmB	MLS
ARGH_001802	LABG_010848	MQ	no	Limosilactobacillus	Limosilactobacillus reuteri_J	animal	tet(W)	tetracycline
ARGH_001803	LABG_010849	MQ	no	Limosilactobacillus	Limosilactobacillus reuteri_I	animal	tet(W)	tetracycline
ARGH_001804	LABG_010857	Rep99	yes	Ligilactobacillus	Ligilactobacillus saerimneri	animal	tet(W)	tetracycline
ARGH_001805	LABG_010896	MQ	no	Limosilactobacillus	Limosilactobacillus reuteri	animal	tet(W)	tetracycline
ARGH_001806	LABG_010896	MQ	no	Limosilactobacillus	Limosilactobacillus reuteri	animal	vatE	MLS
ARGH_001807	LABG_010925	Rep99	yes	Leuconostoc	Leuconostoc pseudomesenteroides	food	TEM-181	beta-lactam
ARGH_001808	LABG_010926	MQ	no	Levilactobacillus	Levilactobacillus brevis	food	tet(M)	tetracycline
ARGH_001809	LABG_010966	Rep99	yes	Lactobacillus	Lactobacillus sp945980025	food	ErmB	MLS
ARGH_001810	LABG_010966	Rep99	yes	Lactobacillus	Lactobacillus sp945980025	food	tet(O/W/32/O)	tetracycline
ARGH_001811	LABG_011136	MQ	no	Lactiplantibacillus	Lactiplantibacillus plantarum	food	TEM-116	beta-lactam
ARGH_001812	LABG_011164	MQ	no	Pediococcus	Pediococcus pentosaceus	food	qacG	disinfecting agents and antiseptics
ARGH_001813	LABG_011170	Rep99	yes	Ligilactobacillus	Ligilactobacillus aviarius	animal	tet(O)	tetracycline
ARGH_001814	LABG_011216	Rep99	yes	Lactobacillus	Lactobacillus sp945980025	human	tet(W)	tetracycline
ARGH_001815	LABG_011285	MQ	no	Ligilactobacillus	Ligilactobacillus ruminis	human	tet(M)	tetracycline
ARGH_001816	LABG_011287	Rep99	yes	Ligilactobacillus	Ligilactobacillus ruminis	human	tet(M)	tetracycline
ARGH_001817	LABG_011324	Rep99	yes	Ligilactobacillus	Ligilactobacillus ruminis	human	ErmB	MLS
ARGH_001818	LABG_011368	Rep99	yes	Lactobacillus	Lactobacillus iners	human	tet(M)	tetracycline
ARGH_001819	LABG_011370	MQ	no	Lactobacillus	Lactobacillus iners	human	tet(M)	tetracycline
ARGH_001820	LABG_011372	Rep99	yes	Lactobacillus	Lactobacillus iners	human	tet(M)	tetracycline
ARGH_001821	LABG_011373	Rep99	yes	Lactobacillus	Lactobacillus iners	human	tet(M)	tetracycline
ARGH_001822	LABG_011374	MQ	no	Lactobacillus	Lactobacillus iners	human	tet(M)	tetracycline
ARGH_001823	LABG_011375	MQ	no	Lactobacillus	Lactobacillus iners	human	tet(M)	tetracycline
ARGH_001824	LABG_011377	Rep99	yes	Lactobacillus	Lactobacillus iners	human	tet(M)	tetracycline
ARGH_001825	LABG_011378	Rep99	yes	Lactobacillus	Lactobacillus iners	human	tet(M)	tetracycline
ARGH_001826	LABG_011379	MQ	no	Lactobacillus	Lactobacillus iners	human	tet(M)	tetracycline
ARGH_001827	LABG_011430	Rep99	yes	Lactobacillus	Lactobacillus iners	human	ErmB	MLS
ARGH_001828	LABG_011430	Rep99	yes	Lactobacillus	Lactobacillus iners	human	tet(M)	tetracycline
ARGH_001829	LABG_011433	MQ	no	Lactobacillus	Lactobacillus iners	human	ErmB	MLS
ARGH_001830	LABG_011433	MQ	no	Lactobacillus	Lactobacillus iners	human	tet(M)	tetracycline
ARGH_001831	LABG_011550	Rep99	yes	Ligilactobacillus	Ligilactobacillus faecis	animal	tet(M)	tetracycline
ARGH_001832	LABG_011569	MQ	no	Lactobacillus	Lactobacillus acidophilus	other	tet(W)	tetracycline
ARGH_001833	LABG_011570	Rep99	yes	Limosilactobacillus	Limosilactobacillus mucosae	human	tet(W)	tetracycline
ARGH_001834	LABG_011657	MQ	no	Lactobacillus	Lactobacillus acidophilus	other	lnuC	MLS
ARGH_001835	LABG_011747	Rep99	yes	Lactiplantibacillus	Lactiplantibacillus nangangensis	other	tet(M)	tetracycline
ARGH_001836	LABG_011760	Rep99	yes	Lapidilactobacillus	Lapidilactobacillus achengensis	other	tet(M)	tetracycline
ARGH_001837	LABG_011778	MQ	no	Lapidilactobacillus	Lapidilactobacillus gannanensis	other	tet(M)	tetracycline
ARGH_001838	LABG_011781	Rep99	yes	Agrilactobacillus	Agrilactobacillus yilanensis	other	lnuA	MLS
ARGH_001839	LABG_011781	Rep99	yes	Agrilactobacillus	Agrilactobacillus yilanensis	other	tet(M)	tetracycline
ARGH_001840	LABG_011790	Rep99	yes	Lactobacillus	Lactobacillus sp945980025	animal	ErmB	MLS
ARGH_001841	LABG_011790	Rep99	yes	Lactobacillus	Lactobacillus sp945980025	animal	lnuC	MLS
ARGH_001842	LABG_011790	Rep99	yes	Lactobacillus	Lactobacillus sp945980025	animal	tet(O/W/32/O)	tetracycline
ARGH_001843	LABG_011791	Rep99	yes	Lactobacillus	Lactobacillus sp945980025	animal	ErmB	MLS
ARGH_001844	LABG_011791	Rep99	yes	Lactobacillus	Lactobacillus sp945980025	animal	tet(O/W/32/O)	tetracycline
ARGH_001845	LABG_011793	Rep99	yes	Ligilactobacillus	Ligilactobacillus salivarius	animal	catA8	phenicol
ARGH_001846	LABG_011793	Rep99	yes	Ligilactobacillus	Ligilactobacillus salivarius	animal	lnuC	MLS
ARGH_001847	LABG_011793	Rep99	yes	Ligilactobacillus	Ligilactobacillus salivarius	animal	tet(M)	tetracycline
ARGH_001848	LABG_011805	Rep99	yes	Lactobacillus	Lactobacillus iners	human	tet(M)	tetracycline
ARGH_001849	LABG_011806	Rep99	yes	Lactobacillus	Lactobacillus iners	human	tet(M)	tetracycline
ARGH_001850	LABG_011807	MQ	no	Lactobacillus	Lactobacillus iners	human	tet(M)	tetracycline
ARGH_001851	LABG_011808	Rep99	yes	Lactobacillus	Lactobacillus iners	human	tet(M)	tetracycline
ARGH_001852	LABG_011825	MQ	no	Lactobacillus	Lactobacillus amylovorus	other	lnuA	MLS
ARGH_001853	LABG_011874	MQ	no	Weissella	Weissella cibaria	animal	tet(M)	tetracycline
ARGH_001854	LABG_011885	MQ	no	Limosilactobacillus	Limosilactobacillus reuteri_E	animal	ErmB	MLS
ARGH_001855	LABG_011885	MQ	no	Limosilactobacillus	Limosilactobacillus reuteri_E	animal	lnuA	MLS
ARGH_001856	LABG_011885	MQ	no	Limosilactobacillus	Limosilactobacillus reuteri_E	animal	tet(W)	tetracycline
ARGH_001857	LABG_011885	MQ	no	Limosilactobacillus	Limosilactobacillus reuteri_E	animal	vatE	MLS
ARGH_001858	LABG_011913	MQ	no	Lactiplantibacillus	Lactiplantibacillus plantarum	other	leuO	disinfecting agents and antiseptics
ARGH_001859	LABG_011915	MQ	no	Lactobacillus	Lactobacillus amylovorus	other	ErmA	MLS
ARGH_001860	LABG_011919	Rep99	yes	Ligilactobacillus	Ligilactobacillus ruminis	other	tet(M)	tetracycline
ARGH_001861	LABG_011922	Rep99	yes	Lactobacillus	Lactobacillus crispatus	other	Enterococcus faecalis chloramphenicol acetyltransferase	phenicol
ARGH_001862	LABG_011922	Rep99	yes	Lactobacillus	Lactobacillus crispatus	other	ErmB	MLS
ARGH_001863	LABG_011929	Rep99	yes	Ligilactobacillus	Ligilactobacillus ruminis	other	lnuC	MLS
ARGH_001864	LABG_011931	MQ	no	Ligilactobacillus	Ligilactobacillus salivarius	other	ErmB	MLS
ARGH_001865	LABG_011933	Rep99	yes	Ligilactobacillus	Ligilactobacillus animalis	food	AAC(6')-Ie-APH(2'')-Ia bifunctional protein	aminoglycoside
ARGH_001866	LABG_011933	Rep99	yes	Ligilactobacillus	Ligilactobacillus animalis	food	ANT(6)-Ia	aminoglycoside
ARGH_001867	LABG_011933	Rep99	yes	Ligilactobacillus	Ligilactobacillus animalis	food	ErmB	MLS
ARGH_001868	LABG_011933	Rep99	yes	Ligilactobacillus	Ligilactobacillus animalis	food	lnuB	MLS
ARGH_001869	LABG_011933	Rep99	yes	Ligilactobacillus	Ligilactobacillus animalis	food	lsaE	multidrug
ARGH_001870	LABG_011933	Rep99	yes	Ligilactobacillus	Ligilactobacillus animalis	food	tet(M)	tetracycline
ARGH_001871	LABG_011934	MQ	no	Pediococcus	Pediococcus pentosaceus	animal	fexB	phenicol
ARGH_001872	LABG_011934	MQ	no	Pediococcus	Pediococcus pentosaceus	animal	poxtA	multidrug
ARGH_001873	LABG_011934	MQ	no	Pediococcus	Pediococcus pentosaceus	animal	tet(M)	tetracycline
ARGH_001874	LABG_011961	MQ	no	Limosilactobacillus	Limosilactobacillus reuteri	animal	fexA	phenicol
ARGH_001875	LABG_011961	MQ	no	Limosilactobacillus	Limosilactobacillus reuteri	animal	tet(W)	tetracycline
ARGH_001876	LABG_012022	MQ	no	Lactobacillus	Lactobacillus sp945980025	animal	ErmB	MLS
ARGH_001877	LABG_012022	MQ	no	Lactobacillus	Lactobacillus sp945980025	animal	fexB	phenicol
ARGH_001878	LABG_012022	MQ	no	Lactobacillus	Lactobacillus sp945980025	animal	poxtA	multidrug
ARGH_001879	LABG_012022	MQ	no	Lactobacillus	Lactobacillus sp945980025	animal	tet(L)	tetracycline
ARGH_001880	LABG_012022	MQ	no	Lactobacillus	Lactobacillus sp945980025	animal	tet(O)	tetracycline
ARGH_001881	LABG_012022	MQ	no	Lactobacillus	Lactobacillus sp945980025	animal	tet(O/W/32/O)	tetracycline
ARGH_001882	LABG_012022	MQ	no	Lactobacillus	Lactobacillus sp945980025	animal	vatE	MLS
ARGH_001883	LABG_012024	MQ	no	Limosilactobacillus	Limosilactobacillus mucosae	animal	lnuC	MLS
ARGH_001884	LABG_012067	Rep99	yes	Weissella	Weissella fermenti	food	lnuA	MLS
ARGH_001885	LABG_012072	Rep99	yes	Ligilactobacillus	Ligilactobacillus salivarius	animal	tet(M)	tetracycline
ARGH_001886	LABG_012076	MQ	no	Lactobacillus	Lactobacillus acidophilus	other	lnuC	MLS
ARGH_001887	LABG_012077	Rep99	yes	Lactobacillus	Lactobacillus sp910589675	food	ErmB	MLS
ARGH_001888	LABG_012077	Rep99	yes	Lactobacillus	Lactobacillus sp910589675	food	ErmT	MLS
ARGH_001889	LABG_012077	Rep99	yes	Lactobacillus	Lactobacillus sp910589675	food	lnuA	MLS
ARGH_001890	LABG_012092	MQ	no	Lactiplantibacillus	Lactiplantibacillus plantarum	animal	lnuA	MLS
ARGH_001891	LABG_012092	MQ	no	Lactiplantibacillus	Lactiplantibacillus plantarum	animal	tet(M)	tetracycline
ARGH_001892	LABG_012099	Rep99	yes	Limosilactobacillus	Limosilactobacillus reuteri_E	animal	ErmB	MLS
ARGH_001893	LABG_012099	Rep99	yes	Limosilactobacillus	Limosilactobacillus reuteri_E	animal	ErmB	MLS
ARGH_001894	LABG_012099	Rep99	yes	Limosilactobacillus	Limosilactobacillus reuteri_E	animal	tet(W)	tetracycline
ARGH_001895	LABG_012100	Rep99	yes	Limosilactobacillus	Limosilactobacillus reuteri_E	animal	lnuA	MLS
ARGH_001896	LABG_012100	Rep99	yes	Limosilactobacillus	Limosilactobacillus reuteri_E	animal	lnuA	MLS
ARGH_001897	LABG_012100	Rep99	yes	Limosilactobacillus	Limosilactobacillus reuteri_E	animal	tet(W)	tetracycline
ARGH_001898	LABG_012101	MQ	no	Limosilactobacillus	Limosilactobacillus reuteri_I	animal	tet(W)	tetracycline
ARGH_001899	LABG_012102	MQ	no	Limosilactobacillus	Limosilactobacillus reuteri_I	animal	ErmB	MLS
ARGH_001900	LABG_012102	MQ	no	Limosilactobacillus	Limosilactobacillus reuteri_I	animal	tet(L)	tetracycline
ARGH_001901	LABG_012102	MQ	no	Limosilactobacillus	Limosilactobacillus reuteri_I	animal	tet(W)	tetracycline
ARGH_001902	LABG_012103	MQ	no	Limosilactobacillus	Limosilactobacillus reuteri_I	animal	ErmB	MLS
ARGH_001903	LABG_012103	MQ	no	Limosilactobacillus	Limosilactobacillus reuteri_I	animal	tet(L)	tetracycline
ARGH_001904	LABG_012103	MQ	no	Limosilactobacillus	Limosilactobacillus reuteri_I	animal	tet(W)	tetracycline
ARGH_001905	LABG_012104	MQ	no	Limosilactobacillus	Limosilactobacillus reuteri	animal	tet(W)	tetracycline
ARGH_001906	LABG_012110	MQ	no	Limosilactobacillus	Limosilactobacillus reuteri_I	animal	tet(W)	tetracycline
ARGH_001907	LABG_012111	MQ	no	Limosilactobacillus	Limosilactobacillus reuteri	animal	tet(W)	tetracycline
ARGH_001908	LABG_012113	MQ	no	Limosilactobacillus	Limosilactobacillus rodentium	animal	ErmB	MLS
ARGH_001909	LABG_012113	MQ	no	Limosilactobacillus	Limosilactobacillus rodentium	animal	tet(L)	tetracycline
ARGH_001910	LABG_012113	MQ	no	Limosilactobacillus	Limosilactobacillus rodentium	animal	tet(W)	tetracycline
ARGH_001911	LABG_012116	MQ	no	Limosilactobacillus	Limosilactobacillus reuteri	animal	tet(W)	tetracycline
ARGH_001912	LABG_012118	MQ	no	Limosilactobacillus	Limosilactobacillus reuteri_I	animal	tet(L)	tetracycline
ARGH_001913	LABG_012118	MQ	no	Limosilactobacillus	Limosilactobacillus reuteri_I	animal	tet(W)	tetracycline
ARGH_001914	LABG_012120	MQ	no	Limosilactobacillus	Limosilactobacillus reuteri_I	animal	tet(L)	tetracycline
ARGH_001915	LABG_012120	MQ	no	Limosilactobacillus	Limosilactobacillus reuteri_I	animal	tet(W)	tetracycline
ARGH_001916	LABG_012122	MQ	no	Limosilactobacillus	Limosilactobacillus reuteri_I	animal	tet(L)	tetracycline
ARGH_001917	LABG_012122	MQ	no	Limosilactobacillus	Limosilactobacillus reuteri_I	animal	tet(W)	tetracycline
ARGH_001918	LABG_012126	MQ	no	Limosilactobacillus	Limosilactobacillus reuteri_I	animal	tet(W)	tetracycline
ARGH_001919	LABG_012129	Rep99	yes	Ligilactobacillus	Ligilactobacillus salivarius	animal	tet(M)	tetracycline
ARGH_001920	LABG_012134	Rep99	yes	Loigolactobacillus	Loigolactobacillus coryniformis	animal	tet(M)	tetracycline
ARGH_001921	LABG_012169	Rep99	yes	Ligilactobacillus	Ligilactobacillus salivarius	other	ErmF	MLS
ARGH_001922	LABG_012174	MQ	no	Lactobacillus	Lactobacillus paragasseri	other	ErmB	MLS
ARGH_001923	LABG_012187	MQ	no	Lactobacillus	Lactobacillus acidophilus	other	aad(6)	aminoglycoside
ARGH_001924	LABG_012187	MQ	no	Lactobacillus	Lactobacillus acidophilus	other	APH(2'')-IIIa	aminoglycoside
ARGH_001925	LABG_012187	MQ	no	Lactobacillus	Lactobacillus acidophilus	other	APH(3')-IIIa	aminoglycoside
ARGH_001926	LABG_012187	MQ	no	Lactobacillus	Lactobacillus acidophilus	other	ErmB	MLS
ARGH_001927	LABG_012187	MQ	no	Lactobacillus	Lactobacillus acidophilus	other	SAT-4	aminoglycoside
ARGH_001928	LABG_012187	MQ	no	Lactobacillus	Lactobacillus acidophilus	other	tet(S)	tetracycline
ARGH_001929	LABG_012222	MQ	no	Oenococcus	Oenococcus oeni	other	APH(3')-Ia	aminoglycoside
ARGH_001930	LABG_012222	MQ	no	Oenococcus	Oenococcus oeni	other	ErmB	MLS
ARGH_001931	LABG_012235	MQ	no	Oenococcus	Oenococcus oeni	other	TEM-116	beta-lactam
ARGH_001932	LABG_012247	MQ	no	Oenococcus	Oenococcus oeni	other	TEM-116	beta-lactam
ARGH_001933	LABG_012318	Rep99	yes	Limosilactobacillus	Limosilactobacillus reuteri_J	animal	AAC(6')-Ie-APH(2'')-Ia bifunctional protein	aminoglycoside
ARGH_001934	LABG_012318	Rep99	yes	Limosilactobacillus	Limosilactobacillus reuteri_J	animal	tet(W)	tetracycline
ARGH_001935	LABG_012589	Rep99	yes	Lactobacillus	Lactobacillus crispatus	animal	ErmB	MLS
ARGH_001936	LABG_012589	Rep99	yes	Lactobacillus	Lactobacillus crispatus	animal	lnuC	MLS
ARGH_001937	LABG_012589	Rep99	yes	Lactobacillus	Lactobacillus crispatus	animal	tet(W)	tetracycline
ARGH_001938	LABG_012676	MQ	no	Lacticaseibacillus	Lacticaseibacillus rhamnosus	other	tet(W)	tetracycline
ARGH_001939	LABG_012688	Rep99	yes	Lactobacillus	Lactobacillus amylovorus	other	tet(W)	tetracycline
ARGH_001940	LABG_012712	MQ	no	Ligilactobacillus	Ligilactobacillus animalis	human	lnuC	MLS
ARGH_001941	LABG_012715	MQ	no	Ligilactobacillus	Ligilactobacillus animalis	human	CfxA6	beta-lactam
ARGH_001942	LABG_012716	MQ	no	Ligilactobacillus	Ligilactobacillus ruminis	other	tet(M)	tetracycline
ARGH_001943	LABG_012723	Rep99	yes	Lactobacillus	Lactobacillus johnsonii	other	ErmG	MLS
ARGH_001944	LABG_012735	Rep99	yes	Limosilactobacillus	Limosilactobacillus reuteri	other	lnuC	MLS
ARGH_001945	LABG_012737	MQ	no	Ligilactobacillus	Ligilactobacillus animalis	human	lnuC	MLS
ARGH_001946	LABG_012759	Rep99	yes	Ligilactobacillus	Ligilactobacillus salivarius	animal	ErmB	MLS
ARGH_001947	LABG_012759	Rep99	yes	Ligilactobacillus	Ligilactobacillus salivarius	animal	lnuC	MLS
ARGH_001948	LABG_012759	Rep99	yes	Ligilactobacillus	Ligilactobacillus salivarius	animal	tet(L)	tetracycline
ARGH_001949	LABG_012811	Rep99	yes	Ligilactobacillus	Ligilactobacillus ruminis	human	tet(M)	tetracycline
ARGH_001950	LABG_012817	Rep99	yes	Limosilactobacillus	Limosilactobacillus mucosae	human	lnuC	MLS
ARGH_001951	LABG_012940	MQ	no	Lactiplantibacillus	Lactiplantibacillus plantarum	animal	dfrG	trimethoprim
ARGH_001952	LABG_012940	MQ	no	Lactiplantibacillus	Lactiplantibacillus plantarum	animal	dfrG	trimethoprim
ARGH_001953	LABG_012959	MQ	no	Limosilactobacillus	Limosilactobacillus reuteri	animal	lnuA	MLS
ARGH_001954	LABG_012960	MQ	no	Limosilactobacillus	Limosilactobacillus reuteri	animal	lnuA	MLS
ARGH_001955	LABG_012960	MQ	no	Limosilactobacillus	Limosilactobacillus reuteri	animal	tet(W)	tetracycline
ARGH_001956	LABG_012961	Rep99	yes	Ligilactobacillus	Ligilactobacillus salivarius	animal	lnuC	MLS
ARGH_001957	LABG_012961	Rep99	yes	Ligilactobacillus	Ligilactobacillus salivarius	animal	tet(O)	tetracycline
ARGH_001958	LABG_012962	MQ	no	Limosilactobacillus	Limosilactobacillus reuteri	animal	lnuA	MLS
ARGH_001959	LABG_012962	MQ	no	Limosilactobacillus	Limosilactobacillus reuteri	animal	tet(W)	tetracycline
ARGH_001960	LABG_012963	Rep99	yes	Lactobacillus	Lactobacillus amylovorus	animal	lnuC	MLS
ARGH_001961	LABG_012964	MQ	no	Limosilactobacillus	Limosilactobacillus reuteri_I	animal	ErmB	MLS
ARGH_001962	LABG_012964	MQ	no	Limosilactobacillus	Limosilactobacillus reuteri_I	animal	lnuA	MLS
ARGH_001963	LABG_012964	MQ	no	Limosilactobacillus	Limosilactobacillus reuteri_I	animal	tet(W)	tetracycline
ARGH_001964	LABG_012965	Rep99	yes	Lactobacillus	Lactobacillus sp945980025	animal	lnuC	MLS
ARGH_001965	LABG_012965	Rep99	yes	Lactobacillus	Lactobacillus sp945980025	animal	tet(L)	tetracycline
ARGH_001966	LABG_012966	MQ	no	Limosilactobacillus		animal	lnuA	MLS
ARGH_001967	LABG_012966	MQ	no	Limosilactobacillus		animal	tet(W)	tetracycline
ARGH_001968	LABG_012967	MQ	no	Limosilactobacillus	Limosilactobacillus reuteri_I	animal	lnuA	MLS
ARGH_001969	LABG_012967	MQ	no	Limosilactobacillus	Limosilactobacillus reuteri_I	animal	tet(W)	tetracycline
ARGH_001970	LABG_012968	MQ	no	Lactobacillus	Lactobacillus sp945980025	animal	lnuC	MLS
ARGH_001971	LABG_012968	MQ	no	Lactobacillus	Lactobacillus sp945980025	animal	tet(O/W/32/O)	tetracycline
ARGH_001972	LABG_012968	MQ	no	Lactobacillus	Lactobacillus sp945980025	animal	vatE	MLS
ARGH_001973	LABG_012969	Rep99	yes	Lactobacillus	Lactobacillus sp945980025	animal	lnuC	MLS
ARGH_001974	LABG_012969	Rep99	yes	Lactobacillus	Lactobacillus sp945980025	animal	tet(O/W/32/O)	tetracycline
ARGH_001975	LABG_012969	Rep99	yes	Lactobacillus	Lactobacillus sp945980025	animal	vatE	MLS
ARGH_001976	LABG_012970	MQ	no	Limosilactobacillus	Limosilactobacillus reuteri	animal	lnuA	MLS
ARGH_001977	LABG_012971	MQ	no	Lactobacillus	Lactobacillus sp945980025	animal	lnuC	MLS
ARGH_001978	LABG_012971	MQ	no	Lactobacillus	Lactobacillus sp945980025	animal	tet(O/W/32/O)	tetracycline
ARGH_001979	LABG_012971	MQ	no	Lactobacillus	Lactobacillus sp945980025	animal	vatE	MLS
ARGH_001980	LABG_012972	Rep99	yes	Limosilactobacillus	Limosilactobacillus mucosae	animal	lnuC	MLS
ARGH_001981	LABG_012972	Rep99	yes	Limosilactobacillus	Limosilactobacillus mucosae	animal	tet(W)	tetracycline
ARGH_001982	LABG_012973	MQ	no	Lactobacillus	Lactobacillus sp945980025	animal	lnuC	MLS
ARGH_001983	LABG_012974	MQ	no	Lactobacillus	Lactobacillus sp945980025	animal	lnuC	MLS
ARGH_001984	LABG_012974	MQ	no	Lactobacillus	Lactobacillus sp945980025	animal	tet(O/W/32/O)	tetracycline
ARGH_001985	LABG_012974	MQ	no	Lactobacillus	Lactobacillus sp945980025	animal	vatE	MLS
ARGH_001986	LABG_012975	MQ	no	Lactobacillus	Lactobacillus sp945980025	animal	ErmB	MLS
ARGH_001987	LABG_012975	MQ	no	Lactobacillus	Lactobacillus sp945980025	animal	lnuC	MLS
ARGH_001988	LABG_012975	MQ	no	Lactobacillus	Lactobacillus sp945980025	animal	tet(O/W/32/O)	tetracycline
ARGH_001989	LABG_012976	MQ	no	Lactobacillus	Lactobacillus sp945980025	animal	lnuC	MLS
ARGH_001990	LABG_012976	MQ	no	Lactobacillus	Lactobacillus sp945980025	animal	tet(O/W/32/O)	tetracycline
ARGH_001991	LABG_012976	MQ	no	Lactobacillus	Lactobacillus sp945980025	animal	vatE	MLS
ARGH_001992	LABG_012977	Rep99	yes	Limosilactobacillus		animal	lnuA	MLS
ARGH_001993	LABG_012979	MQ	no	Limosilactobacillus	Limosilactobacillus reuteri_I	animal	ErmB	MLS
ARGH_001994	LABG_012980	MQ	no	Limosilactobacillus	Limosilactobacillus reuteri_I	animal	tet(W)	tetracycline
ARGH_001995	LABG_012982	MQ	no	Lactobacillus	Lactobacillus sp945980025	animal	lnuC	MLS
ARGH_001996	LABG_012982	MQ	no	Lactobacillus	Lactobacillus sp945980025	animal	lnuC	MLS
ARGH_001997	LABG_012983	Rep99	yes	Lactobacillus	Lactobacillus sp945980025	animal	lnuC	MLS
ARGH_001998	LABG_012984	Rep99	yes	Lactobacillus	Lactobacillus sp945980025	animal	ErmB	MLS
ARGH_001999	LABG_012984	Rep99	yes	Lactobacillus	Lactobacillus sp945980025	animal	lnuC	MLS
ARGH_002000	LABG_012985	Rep99	yes	Limosilactobacillus	Limosilactobacillus reuteri_I	animal	lnuA	MLS
ARGH_002001	LABG_012986	MQ	no	Limosilactobacillus	Limosilactobacillus reuteri	animal	lnuA	MLS
ARGH_002002	LABG_012986	MQ	no	Limosilactobacillus	Limosilactobacillus reuteri	animal	tet(W)	tetracycline
ARGH_002003	LABG_012988	MQ	no	Lactobacillus	Lactobacillus sp945980025	animal	ErmB	MLS
ARGH_002004	LABG_012988	MQ	no	Lactobacillus	Lactobacillus sp945980025	animal	lnuC	MLS
ARGH_002005	LABG_012989	MQ	no	Lactobacillus	Lactobacillus sp910589675	animal	ErmB	MLS
ARGH_002006	LABG_012990	MQ	no	Lactobacillus	Lactobacillus sp945980025	animal	ErmB	MLS
ARGH_002007	LABG_012990	MQ	no	Lactobacillus	Lactobacillus sp945980025	animal	lnuC	MLS
ARGH_002008	LABG_012991	MQ	no	Limosilactobacillus	Limosilactobacillus reuteri_I	animal	lnuA	MLS
ARGH_002009	LABG_012991	MQ	no	Limosilactobacillus	Limosilactobacillus reuteri_I	animal	tet(W)	tetracycline
ARGH_002010	LABG_012992	MQ	no	Lactobacillus	Lactobacillus sp910589675	animal	ErmB	MLS
ARGH_002011	LABG_012993	MQ	no	Limosilactobacillus	Limosilactobacillus reuteri_I	animal	lnuA	MLS
ARGH_002012	LABG_012994	MQ	no	Ligilactobacillus	Ligilactobacillus ruminis	animal	lnuC	MLS
ARGH_002013	LABG_013024	MQ	no	Limosilactobacillus	Limosilactobacillus fermentum	other	catA1	phenicol
ARGH_002014	LABG_013024	MQ	no	Limosilactobacillus	Limosilactobacillus fermentum	other	lnuC	MLS
ARGH_002015	LABG_013031	MQ	no	Weissella	Weissella paramesenteroides	animal	fexB	phenicol
ARGH_002016	LABG_013031	MQ	no	Weissella	Weissella paramesenteroides	animal	poxtA	multidrug
ARGH_002017	LABG_013043	MQ	no	Pediococcus	Pediococcus acidilactici	human	TEM-116	beta-lactam
ARGH_002018	LABG_013047	Rep99	yes	Ligilactobacillus	Ligilactobacillus salivarius	food	tet(L)	tetracycline
ARGH_002019	LABG_013047	Rep99	yes	Ligilactobacillus	Ligilactobacillus salivarius	food	tet(M)	tetracycline
ARGH_002020	LABG_013053	Rep99	yes	Lactiplantibacillus	Lactiplantibacillus pentosus	food	tet(M)	tetracycline
ARGH_002021	LABG_013062	MQ	no	Limosilactobacillus	Limosilactobacillus reuteri_E	animal	lnuA	MLS
ARGH_002022	LABG_013063	Rep99	yes	Limosilactobacillus	Limosilactobacillus reuteri_E	animal	lnuA	MLS
ARGH_002023	LABG_013067	Rep99	yes	Limosilactobacillus	Limosilactobacillus reuteri_E	animal	tet(W)	tetracycline
ARGH_002024	LABG_013088	Rep99	yes	Pediococcus	Pediococcus acidilactici	animal	ErmB	MLS
ARGH_002025	LABG_013088	Rep99	yes	Pediococcus	Pediococcus acidilactici	animal	lnuA	MLS
ARGH_002026	LABG_013088	Rep99	yes	Pediococcus	Pediococcus acidilactici	animal	tet(M)	tetracycline
ARGH_002027	LABG_013091	Rep99	yes	Lactobacillus	Lactobacillus iners	human	tet(M)	tetracycline
ARGH_002028	LABG_013092	MQ	no	Lactobacillus	Lactobacillus iners	human	ErmB	MLS
ARGH_002029	LABG_013092	MQ	no	Lactobacillus	Lactobacillus iners	human	tet(M)	tetracycline
ARGH_002030	LABG_013093	MQ	no	Lactobacillus	Lactobacillus iners	human	tet(M)	tetracycline
ARGH_002031	LABG_013095	Rep99	yes	Lactobacillus	Lactobacillus iners	human	ErmB	MLS
ARGH_002032	LABG_013095	Rep99	yes	Lactobacillus	Lactobacillus iners	human	tet(M)	tetracycline
ARGH_002033	LABG_013111	MQ	no	Lactiplantibacillus	Lactiplantibacillus plantarum	food	vatE	MLS
ARGH_002034	LABG_013111	MQ	no	Lactiplantibacillus	Lactiplantibacillus plantarum	food	vgbA	MLS
ARGH_002035	LABG_013124	MQ	no	Limosilactobacillus	Limosilactobacillus mucosae	food	vatE	MLS
ARGH_002036	LABG_013125	Rep99	yes	Limosilactobacillus	Limosilactobacillus mucosae	food	vatE	MLS
ARGH_002037	LABG_013126	MQ	no	Limosilactobacillus	Limosilactobacillus mucosae	food	vatE	MLS
ARGH_002038	LABG_013131	MQ	no	Lactiplantibacillus	Lactiplantibacillus plantarum	food	vatE	MLS
ARGH_002039	LABG_013132	MQ	no	Lactiplantibacillus	Lactiplantibacillus plantarum	food	vatE	MLS
ARGH_002040	LABG_013133	MQ	no	Lactiplantibacillus	Lactiplantibacillus plantarum	food	vatE	MLS
ARGH_002041	LABG_013134	MQ	no	Lactiplantibacillus	Lactiplantibacillus plantarum	food	vatE	MLS
ARGH_002042	LABG_013134	MQ	no	Lactiplantibacillus	Lactiplantibacillus plantarum	food	vgbA	MLS
ARGH_002043	LABG_013135	MQ	no	Lactiplantibacillus	Lactiplantibacillus plantarum	food	vatE	MLS
ARGH_002044	LABG_013135	MQ	no	Lactiplantibacillus	Lactiplantibacillus plantarum	food	vgbA	MLS
ARGH_002045	LABG_013149	MQ	no	Levilactobacillus	Levilactobacillus brevis	food	vatE	MLS
ARGH_002046	LABG_013149	MQ	no	Levilactobacillus	Levilactobacillus brevis	food	vgbA	MLS
ARGH_002047	LABG_013156	MQ	no	Levilactobacillus	Levilactobacillus brevis	food	vatE	MLS
ARGH_002048	LABG_013156	MQ	no	Levilactobacillus	Levilactobacillus brevis	food	vgbA	MLS
ARGH_002049	LABG_013158	MQ	no	Lactiplantibacillus	Lactiplantibacillus plantarum	food	vatE	MLS
ARGH_002050	LABG_013158	MQ	no	Lactiplantibacillus	Lactiplantibacillus plantarum	food	vgbA	MLS
ARGH_002051	LABG_013159	MQ	no	Lactiplantibacillus	Lactiplantibacillus plantarum	food	vatE	MLS
ARGH_002052	LABG_013159	MQ	no	Lactiplantibacillus	Lactiplantibacillus plantarum	food	vgbA	MLS
ARGH_002053	LABG_013160	MQ	no	Lactiplantibacillus	Lactiplantibacillus plantarum	food	vatE	MLS
ARGH_002054	LABG_013160	MQ	no	Lactiplantibacillus	Lactiplantibacillus plantarum	food	vgbA	MLS
ARGH_002055	LABG_013161	MQ	no	Lactiplantibacillus	Lactiplantibacillus plantarum	food	vatE	MLS
ARGH_002056	LABG_013161	MQ	no	Lactiplantibacillus	Lactiplantibacillus plantarum	food	vgbA	MLS
ARGH_002057	LABG_013162	MQ	no	Lactiplantibacillus	Lactiplantibacillus plantarum	food	vatE	MLS
ARGH_002058	LABG_013162	MQ	no	Lactiplantibacillus	Lactiplantibacillus plantarum	food	vgbA	MLS
ARGH_002059	LABG_013167	MQ	no	Limosilactobacillus	Limosilactobacillus fermentum	food	vatE	MLS
ARGH_002060	LABG_013168	MQ	no	Lactiplantibacillus	Lactiplantibacillus plantarum	food	vatE	MLS
ARGH_002061	LABG_013168	MQ	no	Lactiplantibacillus	Lactiplantibacillus plantarum	food	vgbA	MLS
ARGH_002062	LABG_013171	MQ	no	Lactiplantibacillus	Lactiplantibacillus plantarum	food	vatE	MLS
ARGH_002063	LABG_013171	MQ	no	Lactiplantibacillus	Lactiplantibacillus plantarum	food	vgbA	MLS
ARGH_002064	LABG_013172	MQ	no	Levilactobacillus	Levilactobacillus brevis	food	vatE	MLS
ARGH_002065	LABG_013172	MQ	no	Levilactobacillus	Levilactobacillus brevis	food	vgbA	MLS
ARGH_002066	LABG_013173	MQ	no	Levilactobacillus	Levilactobacillus brevis	food	vatE	MLS
ARGH_002067	LABG_013173	MQ	no	Levilactobacillus	Levilactobacillus brevis	food	vgbA	MLS
ARGH_002068	LABG_013179	MQ	no	Lactiplantibacillus	Lactiplantibacillus plantarum	food	vatE	MLS
ARGH_002069	LABG_013179	MQ	no	Lactiplantibacillus	Lactiplantibacillus plantarum	food	vgbA	MLS
ARGH_002070	LABG_013186	MQ	no	Limosilactobacillus	Limosilactobacillus mucosae	food	vatE	MLS
ARGH_002071	LABG_013188	MQ	no	Limosilactobacillus	Limosilactobacillus mucosae	food	vatE	MLS
ARGH_002072	LABG_013189	MQ	no	Limosilactobacillus	Limosilactobacillus mucosae	food	vatE	MLS
ARGH_002073	LABG_013190	MQ	no	Limosilactobacillus	Limosilactobacillus mucosae	food	vatE	MLS
ARGH_002074	LABG_013191	MQ	no	Limosilactobacillus	Limosilactobacillus mucosae	food	vatE	MLS
ARGH_002075	LABG_013195	MQ	no	Limosilactobacillus	Limosilactobacillus fermentum	food	vatE	MLS
ARGH_002076	LABG_013195	MQ	no	Limosilactobacillus	Limosilactobacillus fermentum	food	vgbA	MLS
ARGH_002077	LABG_013199	MQ	no	Limosilactobacillus	Limosilactobacillus fermentum	food	vatE	MLS
ARGH_002078	LABG_013199	MQ	no	Limosilactobacillus	Limosilactobacillus fermentum	food	vgbA	MLS
ARGH_002079	LABG_013206	MQ	no	Limosilactobacillus	Limosilactobacillus mucosae	food	vatE	MLS
ARGH_002080	LABG_013207	MQ	no	Limosilactobacillus	Limosilactobacillus fermentum	food	vatE	MLS
ARGH_002081	LABG_013207	MQ	no	Limosilactobacillus	Limosilactobacillus fermentum	food	vgbA	MLS
ARGH_002082	LABG_013212	MQ	no	Limosilactobacillus	Limosilactobacillus fermentum	food	vatE	MLS
ARGH_002083	LABG_013212	MQ	no	Limosilactobacillus	Limosilactobacillus fermentum	food	vgbA	MLS
ARGH_002084	LABG_013215	MQ	no	Limosilactobacillus	Limosilactobacillus mucosae	food	vatE	MLS
ARGH_002085	LABG_013229	Rep99	yes	Limosilactobacillus	Limosilactobacillus mucosae	food	vatE	MLS
ARGH_002086	LABG_013231	MQ	no	Levilactobacillus	Levilactobacillus brevis	food	vatE	MLS
ARGH_002087	LABG_013233	MQ	no	Levilactobacillus	Levilactobacillus brevis	food	vatE	MLS
ARGH_002088	LABG_013235	MQ	no	Levilactobacillus	Levilactobacillus brevis	food	vatE	MLS
ARGH_002089	LABG_013243	MQ	no	Levilactobacillus	Levilactobacillus brevis	food	vatE	MLS
ARGH_002090	LABG_013248	Rep99	yes	Limosilactobacillus	Limosilactobacillus mucosae	food	vatE	MLS
ARGH_002091	LABG_013258	Rep99	yes	Lactobacillus	Lactobacillus iners	human	tet(M)	tetracycline
ARGH_002092	LABG_013271	Rep99	yes	Lactobacillus	Lactobacillus crispatus	animal	APH(3')-IIIa	aminoglycoside
ARGH_002093	LABG_013271	Rep99	yes	Lactobacillus	Lactobacillus crispatus	animal	ErmT	MLS
ARGH_002094	LABG_013271	Rep99	yes	Lactobacillus	Lactobacillus crispatus	animal	fexB	phenicol
ARGH_002095	LABG_013271	Rep99	yes	Lactobacillus	Lactobacillus crispatus	animal	poxtA	multidrug
ARGH_002096	LABG_013271	Rep99	yes	Lactobacillus	Lactobacillus crispatus	animal	tet(W)	tetracycline
ARGH_002097	LABG_013271	Rep99	yes	Lactobacillus	Lactobacillus crispatus	animal	vatE	MLS
ARGH_002098	LABG_013272	Rep99	yes	Weissella	Weissella paramesenteroides	animal	ANT(6)-Ia	aminoglycoside
ARGH_002099	LABG_013272	Rep99	yes	Weissella	Weissella paramesenteroides	animal	fexB	phenicol
ARGH_002100	LABG_013272	Rep99	yes	Weissella	Weissella paramesenteroides	animal	tet(M)	tetracycline
ARGH_002101	LABG_013273	Rep99	yes	Weissella	Weissella paramesenteroides	animal	ANT(6)-Ia	aminoglycoside
ARGH_002102	LABG_013273	Rep99	yes	Weissella	Weissella paramesenteroides	animal	APH(3')-IIIa	aminoglycoside
ARGH_002103	LABG_013273	Rep99	yes	Weissella	Weissella paramesenteroides	animal	ErmB	MLS
ARGH_002104	LABG_013273	Rep99	yes	Weissella	Weissella paramesenteroides	animal	fexA	phenicol
ARGH_002105	LABG_013273	Rep99	yes	Weissella	Weissella paramesenteroides	animal	fexB	phenicol
ARGH_002106	LABG_013273	Rep99	yes	Weissella	Weissella paramesenteroides	animal	poxtA	multidrug
ARGH_002107	LABG_013273	Rep99	yes	Weissella	Weissella paramesenteroides	animal	tet(M)	tetracycline
ARGH_002108	LABG_013274	Rep99	yes	Lactobacillus	Lactobacillus sp946579245	animal	AAC(6')-Ie-APH(2'')-Ia bifunctional protein	aminoglycoside
ARGH_002109	LABG_013274	Rep99	yes	Lactobacillus	Lactobacillus sp946579245	animal	ErmB	MLS
ARGH_002110	LABG_013274	Rep99	yes	Lactobacillus	Lactobacillus sp946579245	animal	ErmT	MLS
ARGH_002111	LABG_013274	Rep99	yes	Lactobacillus	Lactobacillus sp946579245	animal	lnuA	MLS
ARGH_002112	LABG_013274	Rep99	yes	Lactobacillus	Lactobacillus sp946579245	animal	tet(W)	tetracycline
ARGH_002113	LABG_013275	Rep99	yes	Loigolactobacillus	Loigolactobacillus coryniformis	animal	dfrG	trimethoprim
ARGH_002114	LABG_013275	Rep99	yes	Loigolactobacillus	Loigolactobacillus coryniformis	animal	tet(M)	tetracycline
ARGH_002115	LABG_013276	Rep99	yes	Limosilactobacillus	Limosilactobacillus reuteri_E	animal	ErmB	MLS
ARGH_002116	LABG_013276	Rep99	yes	Limosilactobacillus	Limosilactobacillus reuteri_E	animal	tet(W)	tetracycline
ARGH_002117	LABG_013277	Rep99	yes	Ligilactobacillus	Ligilactobacillus salivarius	animal	AAC(6')-Ie-APH(2'')-Ia bifunctional protein	aminoglycoside
ARGH_002118	LABG_013277	Rep99	yes	Ligilactobacillus	Ligilactobacillus salivarius	animal	ANT(4')-Ia	aminoglycoside
ARGH_002119	LABG_013277	Rep99	yes	Ligilactobacillus	Ligilactobacillus salivarius	animal	ErmT	MLS
ARGH_002120	LABG_013277	Rep99	yes	Ligilactobacillus	Ligilactobacillus salivarius	animal	fexB	phenicol
ARGH_002121	LABG_013277	Rep99	yes	Ligilactobacillus	Ligilactobacillus salivarius	animal	poxtA	multidrug
ARGH_002122	LABG_013277	Rep99	yes	Ligilactobacillus	Ligilactobacillus salivarius	animal	tet(L)	tetracycline
ARGH_002123	LABG_013277	Rep99	yes	Ligilactobacillus	Ligilactobacillus salivarius	animal	tet(M)	tetracycline
ARGH_002124	LABG_013278	Rep99	yes	Ligilactobacillus	Ligilactobacillus salivarius	animal	AAC(6')-Ie-APH(2'')-Ia bifunctional protein	aminoglycoside
ARGH_002125	LABG_013278	Rep99	yes	Ligilactobacillus	Ligilactobacillus salivarius	animal	ANT(4')-Ia	aminoglycoside
ARGH_002126	LABG_013278	Rep99	yes	Ligilactobacillus	Ligilactobacillus salivarius	animal	ErmT	MLS
ARGH_002127	LABG_013278	Rep99	yes	Ligilactobacillus	Ligilactobacillus salivarius	animal	fexB	phenicol
ARGH_002128	LABG_013278	Rep99	yes	Ligilactobacillus	Ligilactobacillus salivarius	animal	poxtA	multidrug
ARGH_002129	LABG_013278	Rep99	yes	Ligilactobacillus	Ligilactobacillus salivarius	animal	tet(L)	tetracycline
ARGH_002130	LABG_013278	Rep99	yes	Ligilactobacillus	Ligilactobacillus salivarius	animal	tet(M)	tetracycline
ARGH_002131	LABG_013279	Rep99	yes	Ligilactobacillus	Ligilactobacillus salivarius	animal	AAC(6')-Ie-APH(2'')-Ia bifunctional protein	aminoglycoside
ARGH_002132	LABG_013279	Rep99	yes	Ligilactobacillus	Ligilactobacillus salivarius	animal	ANT(4')-Ia	aminoglycoside
ARGH_002133	LABG_013279	Rep99	yes	Ligilactobacillus	Ligilactobacillus salivarius	animal	ANT(6)-Ia	aminoglycoside
ARGH_002134	LABG_013279	Rep99	yes	Ligilactobacillus	Ligilactobacillus salivarius	animal	ErmT	MLS
ARGH_002135	LABG_013279	Rep99	yes	Ligilactobacillus	Ligilactobacillus salivarius	animal	fexB	phenicol
ARGH_002136	LABG_013279	Rep99	yes	Ligilactobacillus	Ligilactobacillus salivarius	animal	poxtA	multidrug
ARGH_002137	LABG_013279	Rep99	yes	Ligilactobacillus	Ligilactobacillus salivarius	animal	tet(L)	tetracycline
ARGH_002138	LABG_013279	Rep99	yes	Ligilactobacillus	Ligilactobacillus salivarius	animal	tet(M)	tetracycline
ARGH_002139	LABG_013280	MQ	no	Pediococcus	Pediococcus acidilactici	animal	APH(3')-IIIa	aminoglycoside
ARGH_002140	LABG_013280	MQ	no	Pediococcus	Pediococcus acidilactici	animal	ErmB	MLS
ARGH_002141	LABG_013280	MQ	no	Pediococcus	Pediococcus acidilactici	animal	tet(M)	tetracycline
ARGH_002142	LABG_013281	Rep99	yes	Lactobacillus	Lactobacillus crispatus	animal	APH(3')-IIIa	aminoglycoside
ARGH_002143	LABG_013281	Rep99	yes	Lactobacillus	Lactobacillus crispatus	animal	ErmT	MLS
ARGH_002144	LABG_013281	Rep99	yes	Lactobacillus	Lactobacillus crispatus	animal	tet(L)	tetracycline
ARGH_002145	LABG_013281	Rep99	yes	Lactobacillus	Lactobacillus crispatus	animal	tet(M)	tetracycline
ARGH_002146	LABG_013281	Rep99	yes	Lactobacillus	Lactobacillus crispatus	animal	tet(W)	tetracycline
ARGH_002147	LABG_013283	Rep99	yes	Limosilactobacillus	Limosilactobacillus vaginalis	animal	ErmB	MLS
ARGH_002148	LABG_013283	Rep99	yes	Limosilactobacillus	Limosilactobacillus vaginalis	animal	fexB	phenicol
ARGH_002149	LABG_013283	Rep99	yes	Limosilactobacillus	Limosilactobacillus vaginalis	animal	poxtA	multidrug
ARGH_002150	LABG_013283	Rep99	yes	Limosilactobacillus	Limosilactobacillus vaginalis	animal	tet(W)	tetracycline
ARGH_002151	LABG_013283	Rep99	yes	Limosilactobacillus	Limosilactobacillus vaginalis	animal	vatE	MLS
ARGH_002152	LABG_013284	Rep99	yes	Ligilactobacillus	Ligilactobacillus salivarius	animal	AAC(6')-Ie-APH(2'')-Ia bifunctional protein	aminoglycoside
ARGH_002153	LABG_013284	Rep99	yes	Ligilactobacillus	Ligilactobacillus salivarius	animal	ANT(4')-Ia	aminoglycoside
ARGH_002154	LABG_013284	Rep99	yes	Ligilactobacillus	Ligilactobacillus salivarius	animal	ANT(6)-Ia	aminoglycoside
ARGH_002155	LABG_013284	Rep99	yes	Ligilactobacillus	Ligilactobacillus salivarius	animal	ErmT	MLS
ARGH_002156	LABG_013284	Rep99	yes	Ligilactobacillus	Ligilactobacillus salivarius	animal	fexB	phenicol
ARGH_002157	LABG_013284	Rep99	yes	Ligilactobacillus	Ligilactobacillus salivarius	animal	poxtA	multidrug
ARGH_002158	LABG_013284	Rep99	yes	Ligilactobacillus	Ligilactobacillus salivarius	animal	tet(L)	tetracycline
ARGH_002159	LABG_013284	Rep99	yes	Ligilactobacillus	Ligilactobacillus salivarius	animal	tet(M)	tetracycline
ARGH_002160	LABG_013285	MQ	no	Pediococcus	Pediococcus pentosaceus	animal	APH(3')-IIIa	aminoglycoside
ARGH_002161	LABG_013285	MQ	no	Pediococcus	Pediococcus pentosaceus	animal	emtA	orthosomycin
ARGH_002162	LABG_013285	MQ	no	Pediococcus	Pediococcus pentosaceus	animal	ErmB	MLS
ARGH_002163	LABG_013285	MQ	no	Pediococcus	Pediococcus pentosaceus	animal	fexB	phenicol
ARGH_002164	LABG_013285	MQ	no	Pediococcus	Pediococcus pentosaceus	animal	lnuA	MLS
ARGH_002165	LABG_013285	MQ	no	Pediococcus	Pediococcus pentosaceus	animal	mef(F)	MLS
ARGH_002166	LABG_013285	MQ	no	Pediococcus	Pediococcus pentosaceus	animal	msr(G)	MLS
ARGH_002167	LABG_013285	MQ	no	Pediococcus	Pediococcus pentosaceus	animal	poxtA	multidrug
ARGH_002168	LABG_013285	MQ	no	Pediococcus	Pediococcus pentosaceus	animal	tet(M)	tetracycline
ARGH_002169	LABG_013286	Rep99	yes	Limosilactobacillus	Limosilactobacillus vaginalis	animal	ErmB	MLS
ARGH_002170	LABG_013286	Rep99	yes	Limosilactobacillus	Limosilactobacillus vaginalis	animal	fexB	phenicol
ARGH_002171	LABG_013286	Rep99	yes	Limosilactobacillus	Limosilactobacillus vaginalis	animal	tet(W)	tetracycline
ARGH_002172	LABG_013287	Rep99	yes	Weissella	Weissella paramesenteroides	animal	ANT(6)-Ia	aminoglycoside
ARGH_002173	LABG_013287	Rep99	yes	Weissella	Weissella paramesenteroides	animal	APH(3')-IIIa	aminoglycoside
ARGH_002174	LABG_013287	Rep99	yes	Weissella	Weissella paramesenteroides	animal	fexA	phenicol
ARGH_002175	LABG_013287	Rep99	yes	Weissella	Weissella paramesenteroides	animal	fexB	phenicol
ARGH_002176	LABG_013287	Rep99	yes	Weissella	Weissella paramesenteroides	animal	tet(M)	tetracycline
ARGH_002177	LABG_013288	MQ	no	Ligilactobacillus	Ligilactobacillus salivarius	animal	AAC(6')-Ie-APH(2'')-Ia bifunctional protein	aminoglycoside
ARGH_002178	LABG_013288	MQ	no	Ligilactobacillus	Ligilactobacillus salivarius	animal	ANT(4')-Ia	aminoglycoside
ARGH_002179	LABG_013288	MQ	no	Ligilactobacillus	Ligilactobacillus salivarius	animal	ANT(6)-Ia	aminoglycoside
ARGH_002180	LABG_013288	MQ	no	Ligilactobacillus	Ligilactobacillus salivarius	animal	ErmT	MLS
ARGH_002181	LABG_013288	MQ	no	Ligilactobacillus	Ligilactobacillus salivarius	animal	fexB	phenicol
ARGH_002182	LABG_013288	MQ	no	Ligilactobacillus	Ligilactobacillus salivarius	animal	poxtA	multidrug
ARGH_002183	LABG_013288	MQ	no	Ligilactobacillus	Ligilactobacillus salivarius	animal	tet(L)	tetracycline
ARGH_002184	LABG_013288	MQ	no	Ligilactobacillus	Ligilactobacillus salivarius	animal	tet(M)	tetracycline
ARGH_002185	LABG_013289	Rep99	yes	Ligilactobacillus	Ligilactobacillus saerimneri	animal	catA8	phenicol
ARGH_002186	LABG_013289	Rep99	yes	Ligilactobacillus	Ligilactobacillus saerimneri	animal	ErmB	MLS
ARGH_002187	LABG_013289	Rep99	yes	Ligilactobacillus	Ligilactobacillus saerimneri	animal	Streptococcus suis chloramphenicol acetyltransferase	phenicol
ARGH_002188	LABG_013289	Rep99	yes	Ligilactobacillus	Ligilactobacillus saerimneri	animal	tet(L)	tetracycline
ARGH_002189	LABG_013289	Rep99	yes	Ligilactobacillus	Ligilactobacillus saerimneri	animal	tet(W)	tetracycline
ARGH_002190	LABG_013290	Rep99	yes	Limosilactobacillus	Limosilactobacillus reuteri_E	animal	AAC(6')-Ie-APH(2'')-Ia bifunctional protein	aminoglycoside
ARGH_002191	LABG_013290	Rep99	yes	Limosilactobacillus	Limosilactobacillus reuteri_E	animal	fexA	phenicol
ARGH_002192	LABG_013290	Rep99	yes	Limosilactobacillus	Limosilactobacillus reuteri_E	animal	tet(W)	tetracycline
ARGH_002193	LABG_013290	Rep99	yes	Limosilactobacillus	Limosilactobacillus reuteri_E	animal	vatE	MLS
ARGH_002194	LABG_013291	Rep99	yes	Ligilactobacillus	Ligilactobacillus salivarius	animal	ANT(4')-Ia	aminoglycoside
ARGH_002195	LABG_013291	Rep99	yes	Ligilactobacillus	Ligilactobacillus salivarius	animal	ErmT	MLS
ARGH_002196	LABG_013291	Rep99	yes	Ligilactobacillus	Ligilactobacillus salivarius	animal	poxtA	multidrug
ARGH_002197	LABG_013291	Rep99	yes	Ligilactobacillus	Ligilactobacillus salivarius	animal	tet(L)	tetracycline
ARGH_002198	LABG_013291	Rep99	yes	Ligilactobacillus	Ligilactobacillus salivarius	animal	tet(M)	tetracycline
ARGH_002199	LABG_013291	Rep99	yes	Ligilactobacillus	Ligilactobacillus salivarius	animal	vatH	MLS
ARGH_002200	LABG_013291	Rep99	yes	Ligilactobacillus	Ligilactobacillus salivarius	animal	vgaD	MLS
ARGH_002201	LABG_013292	MQ	no	Ligilactobacillus	Ligilactobacillus salivarius	animal	AAC(6')-Ie-APH(2'')-Ia bifunctional protein	aminoglycoside
ARGH_002202	LABG_013292	MQ	no	Ligilactobacillus	Ligilactobacillus salivarius	animal	ANT(4')-Ia	aminoglycoside
ARGH_002203	LABG_013292	MQ	no	Ligilactobacillus	Ligilactobacillus salivarius	animal	ANT(6)-Ia	aminoglycoside
ARGH_002204	LABG_013292	MQ	no	Ligilactobacillus	Ligilactobacillus salivarius	animal	ErmT	MLS
ARGH_002205	LABG_013292	MQ	no	Ligilactobacillus	Ligilactobacillus salivarius	animal	fexB	phenicol
ARGH_002206	LABG_013292	MQ	no	Ligilactobacillus	Ligilactobacillus salivarius	animal	poxtA	multidrug
ARGH_002207	LABG_013292	MQ	no	Ligilactobacillus	Ligilactobacillus salivarius	animal	tet(L)	tetracycline
ARGH_002208	LABG_013292	MQ	no	Ligilactobacillus	Ligilactobacillus salivarius	animal	tet(M)	tetracycline
ARGH_002209	LABG_013293	MQ	no	Pediococcus	Pediococcus pentosaceus	animal	ANT(6)-Ia	aminoglycoside
ARGH_002210	LABG_013293	MQ	no	Pediococcus	Pediococcus pentosaceus	animal	APH(3')-IIIa	aminoglycoside
ARGH_002211	LABG_013293	MQ	no	Pediococcus	Pediococcus pentosaceus	animal	ErmB	MLS
ARGH_002212	LABG_013293	MQ	no	Pediococcus	Pediococcus pentosaceus	animal	fexB	phenicol
ARGH_002213	LABG_013293	MQ	no	Pediococcus	Pediococcus pentosaceus	animal	mef(F)	MLS
ARGH_002214	LABG_013293	MQ	no	Pediococcus	Pediococcus pentosaceus	animal	msr(G)	MLS
ARGH_002215	LABG_013293	MQ	no	Pediococcus	Pediococcus pentosaceus	animal	poxtA	multidrug
ARGH_002216	LABG_013293	MQ	no	Pediococcus	Pediococcus pentosaceus	animal	tet(M)	tetracycline
ARGH_002217	LABG_013294	Rep99	yes	Lapidilactobacillus	Lapidilactobacillus dextrinicus	animal	ANT(6)-Ia	aminoglycoside
ARGH_002218	LABG_013294	Rep99	yes	Lapidilactobacillus	Lapidilactobacillus dextrinicus	animal	APH(3')-IIIa	aminoglycoside
ARGH_002219	LABG_013294	Rep99	yes	Lapidilactobacillus	Lapidilactobacillus dextrinicus	animal	ErmB	MLS
ARGH_002220	LABG_013294	Rep99	yes	Lapidilactobacillus	Lapidilactobacillus dextrinicus	animal	poxtA	multidrug
ARGH_002221	LABG_013294	Rep99	yes	Lapidilactobacillus	Lapidilactobacillus dextrinicus	animal	tet(M)	tetracycline
ARGH_002222	LABG_013295	Rep99	yes	Limosilactobacillus	Limosilactobacillus reuteri_E	animal	AAC(6')-Ie-APH(2'')-Ia bifunctional protein	aminoglycoside
ARGH_002223	LABG_013295	Rep99	yes	Limosilactobacillus	Limosilactobacillus reuteri_E	animal	ANT(4')-Ia	aminoglycoside
ARGH_002224	LABG_013295	Rep99	yes	Limosilactobacillus	Limosilactobacillus reuteri_E	animal	ErmB	MLS
ARGH_002225	LABG_013295	Rep99	yes	Limosilactobacillus	Limosilactobacillus reuteri_E	animal	fexB	phenicol
ARGH_002226	LABG_013295	Rep99	yes	Limosilactobacillus	Limosilactobacillus reuteri_E	animal	poxtA	multidrug
ARGH_002227	LABG_013295	Rep99	yes	Limosilactobacillus	Limosilactobacillus reuteri_E	animal	tet(W)	tetracycline
ARGH_002228	LABG_013300	MQ	no	Lactobacillus	Lactobacillus acidophilus	food	ErmB	MLS
ARGH_002229	LABG_013306	MQ	no	Latilactobacillus	Latilactobacillus sakei	food	tet(M)	tetracycline
ARGH_002230	LABG_013319	Rep99	yes	Latilactobacillus	Latilactobacillus sakei	other	tet(M)	tetracycline
ARGH_002231	LABG_013322	Rep99	yes	Latilactobacillus	Latilactobacillus sakei	food	tet(M)	tetracycline
ARGH_002232	LABG_013326	MQ	no	Latilactobacillus	Latilactobacillus sakei	other	catA8	phenicol
ARGH_002233	LABG_013326	MQ	no	Latilactobacillus	Latilactobacillus sakei	other	tet(L)	tetracycline
ARGH_002234	LABG_013326	MQ	no	Latilactobacillus	Latilactobacillus sakei	other	tet(M)	tetracycline
ARGH_002235	LABG_013327	MQ	no	Lactobacillus	Lactobacillus acidophilus	food	tet(W)	tetracycline
ARGH_002236	LABG_013329	MQ	no	Lactobacillus	Lactobacillus acidophilus	other	ErmB	MLS
ARGH_002237	LABG_013329	MQ	no	Lactobacillus	Lactobacillus acidophilus	other	tet(W)	tetracycline
ARGH_002238	LABG_013338	MQ	no	Lactobacillus	Lactobacillus acidophilus	other	tet(W)	tetracycline
ARGH_002239	LABG_013351	MQ	no	Lactiplantibacillus	Lactiplantibacillus plantarum	food	tet(M)	tetracycline
ARGH_002240	LABG_013355	MQ	no	Lactiplantibacillus	Lactiplantibacillus plantarum	food	tet(M)	tetracycline
ARGH_002241	LABG_013360	MQ	no	Lactiplantibacillus	Lactiplantibacillus plantarum	food	tet(M)	tetracycline
ARGH_002242	LABG_013372	MQ	no	Lactiplantibacillus	Lactiplantibacillus plantarum	food	fexB	phenicol
ARGH_002243	LABG_013372	MQ	no	Lactiplantibacillus	Lactiplantibacillus plantarum	food	poxtA	multidrug
ARGH_002244	LABG_013372	MQ	no	Lactiplantibacillus	Lactiplantibacillus plantarum	food	tet(M)	tetracycline
ARGH_002245	LABG_013374	MQ	no	Lactiplantibacillus	Lactiplantibacillus plantarum	food	tet(M)	tetracycline
ARGH_002246	LABG_013378	MQ	no	Lactiplantibacillus	Lactiplantibacillus plantarum	food	ANT(6)-Ia	aminoglycoside
ARGH_002247	LABG_013378	MQ	no	Lactiplantibacillus	Lactiplantibacillus plantarum	food	catA8	phenicol
ARGH_002248	LABG_013378	MQ	no	Lactiplantibacillus	Lactiplantibacillus plantarum	food	ErmB	MLS
ARGH_002249	LABG_013378	MQ	no	Lactiplantibacillus	Lactiplantibacillus plantarum	food	tet(S)	tetracycline
ARGH_002250	LABG_013443	Rep99	yes	Lactobacillus	Lactobacillus kitasatonis	food	tet(O/W)	tetracycline
ARGH_002251	LABG_013459	Rep99	yes	Limosilactobacillus	Limosilactobacillus reuteri	animal	ErmB	MLS
ARGH_002252	LABG_013459	Rep99	yes	Limosilactobacillus	Limosilactobacillus reuteri	animal	ErmB	MLS
ARGH_002253	LABG_013459	Rep99	yes	Limosilactobacillus	Limosilactobacillus reuteri	animal	ErmB	MLS
ARGH_002254	LABG_013459	Rep99	yes	Limosilactobacillus	Limosilactobacillus reuteri	animal	tet(W)	tetracycline
ARGH_002255	LABG_013491	MQ	no	Ligilactobacillus	Ligilactobacillus ruminis	other	ErmB	MLS
ARGH_002256	LABG_013505	MQ	no	Lactobacillus	Lactobacillus amylovorus	animal	ErmB	MLS
ARGH_002257	LABG_013505	MQ	no	Lactobacillus	Lactobacillus amylovorus	animal	tet(W)	tetracycline
ARGH_002258	LABG_013505	MQ	no	Lactobacillus	Lactobacillus amylovorus	animal	vatE	MLS
ARGH_002259	LABG_013506	MQ	no	Lactobacillus	Lactobacillus amylovorus	animal	ErmB	MLS
ARGH_002260	LABG_013506	MQ	no	Lactobacillus	Lactobacillus amylovorus	animal	tet(W)	tetracycline
ARGH_002261	LABG_013507	MQ	no	Lactobacillus	Lactobacillus amylovorus	animal	ErmA	MLS
ARGH_002262	LABG_013507	MQ	no	Lactobacillus	Lactobacillus amylovorus	animal	tet(W)	tetracycline
ARGH_002263	LABG_013508	MQ	no	Lactobacillus	Lactobacillus amylovorus	animal	ErmB	MLS
ARGH_002264	LABG_013508	MQ	no	Lactobacillus	Lactobacillus amylovorus	animal	tet(W)	tetracycline
ARGH_002265	LABG_013509	MQ	no	Lactobacillus	Lactobacillus amylovorus	animal	ErmB	MLS
ARGH_002266	LABG_013509	MQ	no	Lactobacillus	Lactobacillus amylovorus	animal	tet(W)	tetracycline
ARGH_002267	LABG_013510	MQ	no	Lactobacillus	Lactobacillus amylovorus	animal	ErmB	MLS
ARGH_002268	LABG_013510	MQ	no	Lactobacillus	Lactobacillus amylovorus	animal	tet(W)	tetracycline
ARGH_002269	LABG_013514	MQ	no	Lactobacillus	Lactobacillus amylovorus	animal	ErmB	MLS
ARGH_002270	LABG_013514	MQ	no	Lactobacillus	Lactobacillus amylovorus	animal	tet(W)	tetracycline
ARGH_002271	LABG_013515	Rep99	yes	Lactobacillus	Lactobacillus amylovorus	animal	ErmB	MLS
ARGH_002272	LABG_013515	Rep99	yes	Lactobacillus	Lactobacillus amylovorus	animal	tet(W)	tetracycline
ARGH_002273	LABG_013515	Rep99	yes	Lactobacillus	Lactobacillus amylovorus	animal	vatE	MLS
ARGH_002274	LABG_013516	MQ	no	Ligilactobacillus	Ligilactobacillus salivarius	animal	catA8	phenicol
ARGH_002275	LABG_013516	MQ	no	Ligilactobacillus	Ligilactobacillus salivarius	animal	tet(L)	tetracycline
ARGH_002276	LABG_013516	MQ	no	Ligilactobacillus	Ligilactobacillus salivarius	animal	tet(M)	tetracycline
ARGH_002277	LABG_013517	MQ	no	Ligilactobacillus	Ligilactobacillus salivarius	animal	catA8	phenicol
ARGH_002278	LABG_013517	MQ	no	Ligilactobacillus	Ligilactobacillus salivarius	animal	tet(L)	tetracycline
ARGH_002279	LABG_013517	MQ	no	Ligilactobacillus	Ligilactobacillus salivarius	animal	tet(M)	tetracycline
ARGH_002280	LABG_013518	MQ	no	Ligilactobacillus	Ligilactobacillus salivarius	animal	catA8	phenicol
ARGH_002281	LABG_013518	MQ	no	Ligilactobacillus	Ligilactobacillus salivarius	animal	tet(L)	tetracycline
ARGH_002282	LABG_013518	MQ	no	Ligilactobacillus	Ligilactobacillus salivarius	animal	tet(M)	tetracycline
ARGH_002283	LABG_013519	MQ	no	Ligilactobacillus	Ligilactobacillus salivarius	animal	catA8	phenicol
ARGH_002284	LABG_013519	MQ	no	Ligilactobacillus	Ligilactobacillus salivarius	animal	tet(L)	tetracycline
ARGH_002285	LABG_013519	MQ	no	Ligilactobacillus	Ligilactobacillus salivarius	animal	tet(M)	tetracycline
ARGH_002286	LABG_013520	MQ	no	Ligilactobacillus	Ligilactobacillus salivarius	animal	catA8	phenicol
ARGH_002287	LABG_013520	MQ	no	Ligilactobacillus	Ligilactobacillus salivarius	animal	tet(L)	tetracycline
ARGH_002288	LABG_013520	MQ	no	Ligilactobacillus	Ligilactobacillus salivarius	animal	tet(M)	tetracycline
ARGH_002289	LABG_013521	MQ	no	Lactobacillus	Lactobacillus amylovorus	animal	ErmA	MLS
ARGH_002290	LABG_013521	MQ	no	Lactobacillus	Lactobacillus amylovorus	animal	tet(W)	tetracycline
ARGH_002291	LABG_013522	MQ	no	Ligilactobacillus	Ligilactobacillus salivarius	animal	catA8	phenicol
ARGH_002292	LABG_013522	MQ	no	Ligilactobacillus	Ligilactobacillus salivarius	animal	tet(L)	tetracycline
ARGH_002293	LABG_013522	MQ	no	Ligilactobacillus	Ligilactobacillus salivarius	animal	tet(M)	tetracycline
ARGH_002294	LABG_013523	MQ	no	Ligilactobacillus	Ligilactobacillus salivarius	animal	catA8	phenicol
ARGH_002295	LABG_013523	MQ	no	Ligilactobacillus	Ligilactobacillus salivarius	animal	tet(L)	tetracycline
ARGH_002296	LABG_013523	MQ	no	Ligilactobacillus	Ligilactobacillus salivarius	animal	tet(M)	tetracycline
ARGH_002297	LABG_013524	MQ	no	Ligilactobacillus	Ligilactobacillus salivarius	animal	catA8	phenicol
ARGH_002298	LABG_013524	MQ	no	Ligilactobacillus	Ligilactobacillus salivarius	animal	tet(L)	tetracycline
ARGH_002299	LABG_013524	MQ	no	Ligilactobacillus	Ligilactobacillus salivarius	animal	tet(M)	tetracycline
ARGH_002300	LABG_013525	MQ	no	Ligilactobacillus	Ligilactobacillus salivarius	animal	catA8	phenicol
ARGH_002301	LABG_013525	MQ	no	Ligilactobacillus	Ligilactobacillus salivarius	animal	tet(L)	tetracycline
ARGH_002302	LABG_013525	MQ	no	Ligilactobacillus	Ligilactobacillus salivarius	animal	tet(M)	tetracycline
ARGH_002303	LABG_013526	MQ	no	Ligilactobacillus	Ligilactobacillus salivarius	animal	catA8	phenicol
ARGH_002304	LABG_013526	MQ	no	Ligilactobacillus	Ligilactobacillus salivarius	animal	tet(L)	tetracycline
ARGH_002305	LABG_013526	MQ	no	Ligilactobacillus	Ligilactobacillus salivarius	animal	tet(M)	tetracycline
ARGH_002306	LABG_013527	MQ	no	Ligilactobacillus	Ligilactobacillus salivarius	animal	catA8	phenicol
ARGH_002307	LABG_013527	MQ	no	Ligilactobacillus	Ligilactobacillus salivarius	animal	tet(L)	tetracycline
ARGH_002308	LABG_013527	MQ	no	Ligilactobacillus	Ligilactobacillus salivarius	animal	tet(M)	tetracycline
ARGH_002309	LABG_013528	MQ	no	Lactobacillus	Lactobacillus amylovorus	animal	ErmB	MLS
ARGH_002310	LABG_013528	MQ	no	Lactobacillus	Lactobacillus amylovorus	animal	vatE	MLS
ARGH_002311	LABG_013529	Rep99	yes	Lactobacillus	Lactobacillus amylovorus	animal	ErmB	MLS
ARGH_002312	LABG_013529	Rep99	yes	Lactobacillus	Lactobacillus amylovorus	animal	tet(W)	tetracycline
ARGH_002313	LABG_013530	MQ	no	Ligilactobacillus	Ligilactobacillus salivarius	animal	catA8	phenicol
ARGH_002314	LABG_013530	MQ	no	Ligilactobacillus	Ligilactobacillus salivarius	animal	tet(L)	tetracycline
ARGH_002315	LABG_013530	MQ	no	Ligilactobacillus	Ligilactobacillus salivarius	animal	tet(M)	tetracycline
ARGH_002316	LABG_013531	Rep99	yes	Ligilactobacillus	Ligilactobacillus agilis	animal	ErmB	MLS
ARGH_002317	LABG_013531	Rep99	yes	Ligilactobacillus	Ligilactobacillus agilis	animal	tet(M)	tetracycline
ARGH_002318	LABG_013641	MQ	no	Limosilactobacillus	Limosilactobacillus reuteri_I	animal	lnuA	MLS
ARGH_002319	LABG_013641	MQ	no	Limosilactobacillus	Limosilactobacillus reuteri_I	animal	tet(W)	tetracycline
ARGH_002320	LABG_013642	MQ	no	Limosilactobacillus	Limosilactobacillus reuteri_I	animal	lnuA	MLS
ARGH_002321	LABG_013642	MQ	no	Limosilactobacillus	Limosilactobacillus reuteri_I	animal	tet(W)	tetracycline
ARGH_002322	LABG_013643	MQ	no	Ligilactobacillus	Ligilactobacillus ruminis	animal	tet(W)	tetracycline
ARGH_002323	LABG_013644	Rep99	yes	Ligilactobacillus	Ligilactobacillus ruminis	animal	tet(W)	tetracycline
ARGH_002324	LABG_013645	Rep99	yes	Ligilactobacillus	Ligilactobacillus ruminis	animal	tet(W)	tetracycline
ARGH_002325	LABG_013646	Rep99	yes	Ligilactobacillus	Ligilactobacillus ruminis	animal	tet(L)	tetracycline
ARGH_002326	LABG_013646	Rep99	yes	Ligilactobacillus	Ligilactobacillus ruminis	animal	tet(W)	tetracycline
ARGH_002327	LABG_013647	MQ	no	Lactobacillus	Lactobacillus amylovorus	animal	tet(W)	tetracycline
ARGH_002328	LABG_013648	Rep99	yes	Lactobacillus	Lactobacillus amylovorus	animal	tet(W)	tetracycline
ARGH_002329	LABG_013649	MQ	no	Lactobacillus	Lactobacillus amylovorus	animal	ErmA	MLS
ARGH_002330	LABG_013649	MQ	no	Lactobacillus	Lactobacillus amylovorus	animal	tet(W)	tetracycline
ARGH_002331	LABG_013650	MQ	no	Ligilactobacillus	Ligilactobacillus ruminis	animal	ErmB	MLS
ARGH_002332	LABG_013650	MQ	no	Ligilactobacillus	Ligilactobacillus ruminis	animal	tet(W)	tetracycline
ARGH_002333	LABG_013651	Rep99	yes	Lactobacillus	Lactobacillus amylovorus	animal	ErmA	MLS
ARGH_002334	LABG_013651	Rep99	yes	Lactobacillus	Lactobacillus amylovorus	animal	tet(W)	tetracycline
ARGH_002335	LABG_013652	MQ	no	Lactobacillus	Lactobacillus amylovorus	animal	tet(W)	tetracycline
ARGH_002336	LABG_013653	MQ	no	Lactobacillus	Lactobacillus amylovorus	animal	tet(W)	tetracycline
ARGH_002337	LABG_013654	MQ	no	Lactobacillus	Lactobacillus amylovorus	animal	ErmB	MLS
ARGH_002338	LABG_013654	MQ	no	Lactobacillus	Lactobacillus amylovorus	animal	tet(W)	tetracycline
ARGH_002339	LABG_013655	MQ	no	Lactobacillus	Lactobacillus amylovorus	animal	tet(W)	tetracycline
ARGH_002340	LABG_013656	MQ	no	Lactobacillus	Lactobacillus amylovorus	animal	ErmB	MLS
ARGH_002341	LABG_013656	MQ	no	Lactobacillus	Lactobacillus amylovorus	animal	tet(W)	tetracycline
ARGH_002342	LABG_013657	Rep99	yes	Lactobacillus	Lactobacillus amylovorus	animal	tet(W)	tetracycline
ARGH_002343	LABG_013658	MQ	no	Lactobacillus	Lactobacillus amylovorus	animal	ErmB	MLS
ARGH_002344	LABG_013658	MQ	no	Lactobacillus	Lactobacillus amylovorus	animal	tet(W)	tetracycline
ARGH_002345	LABG_013659	MQ	no	Ligilactobacillus	Ligilactobacillus salivarius	other	catA8	phenicol
ARGH_002346	LABG_013659	MQ	no	Ligilactobacillus	Ligilactobacillus salivarius	other	tet(L)	tetracycline
ARGH_002347	LABG_013659	MQ	no	Ligilactobacillus	Ligilactobacillus salivarius	other	tet(M)	tetracycline
ARGH_002348	LABG_013660	MQ	no	Lactobacillus	Lactobacillus amylovorus	animal	tet(W)	tetracycline
ARGH_002349	LABG_013661	MQ	no	Lactobacillus	Lactobacillus amylovorus	animal	tet(W)	tetracycline
ARGH_002350	LABG_013663	MQ	no	Lactobacillus	Lactobacillus amylovorus	animal	ErmB	MLS
ARGH_002351	LABG_013663	MQ	no	Lactobacillus	Lactobacillus amylovorus	animal	tet(W)	tetracycline
ARGH_002352	LABG_013664	Rep99	yes	Lactobacillus	Lactobacillus amylovorus	animal	tet(W)	tetracycline
ARGH_002353	LABG_013666	Rep99	yes	Limosilactobacillus	Limosilactobacillus reuteri_E	animal	lnuA	MLS
ARGH_002354	LABG_013666	Rep99	yes	Limosilactobacillus	Limosilactobacillus reuteri_E	animal	tet(W)	tetracycline
ARGH_002355	LABG_013779	MQ	no	Lactiplantibacillus	Lactiplantibacillus plantarum	animal	lnuA	MLS
ARGH_002356	LABG_013780	Rep99	yes	Weissella	Weissella paramesenteroides	animal	tet(M)	tetracycline
ARGH_002357	LABG_013781	MQ	no	Latilactobacillus	Latilactobacillus curvatus	animal	fexB	phenicol
ARGH_002358	LABG_013781	MQ	no	Latilactobacillus	Latilactobacillus curvatus	animal	poxtA	multidrug
ARGH_002359	LABG_013781	MQ	no	Latilactobacillus	Latilactobacillus curvatus	animal	tet(M)	tetracycline
ARGH_002360	LABG_013782	MQ	no	Limosilactobacillus	Limosilactobacillus reuteri	animal	lnuA	MLS
ARGH_002361	LABG_013782	MQ	no	Limosilactobacillus	Limosilactobacillus reuteri	animal	tet(W)	tetracycline
ARGH_002362	LABG_013783	MQ	no	Lactobacillus	Lactobacillus amylovorus	animal	tet(W)	tetracycline
ARGH_002363	LABG_013784	Rep99	yes	Lactobacillus	Lactobacillus amylovorus	animal	tet(W)	tetracycline
ARGH_002364	LABG_013785	MQ	no	Lactobacillus	Lactobacillus amylovorus	animal	tet(W)	tetracycline
ARGH_002365	LABG_013786	MQ	no	Limosilactobacillus	Limosilactobacillus reuteri	animal	lnuA	MLS
ARGH_002366	LABG_013786	MQ	no	Limosilactobacillus	Limosilactobacillus reuteri	animal	tet(W)	tetracycline
ARGH_002367	LABG_013787	MQ	no	Limosilactobacillus	Limosilactobacillus reuteri_I	animal	tet(W)	tetracycline
ARGH_002368	LABG_013788	MQ	no	Latilactobacillus	Latilactobacillus curvatus	animal	lnuA	MLS
ARGH_002369	LABG_013788	MQ	no	Latilactobacillus	Latilactobacillus curvatus	animal	tet(M)	tetracycline
ARGH_002370	LABG_013800	Rep99	yes	Limosilactobacillus	Limosilactobacillus reuteri_E	animal	lnuA	MLS
ARGH_002371	LABG_013800	Rep99	yes	Limosilactobacillus	Limosilactobacillus reuteri_E	animal	tet(W)	tetracycline
ARGH_002372	LABG_013800	Rep99	yes	Limosilactobacillus	Limosilactobacillus reuteri_E	animal	vatE	MLS
ARGH_002373	LABG_013870	MQ	no	Levilactobacillus	Levilactobacillus brevis	human	TEM-116	beta-lactam
ARGH_002374	LABG_013886	MQ	no	Lactobacillus	Lactobacillus johnsonii	human	tet(W)	tetracycline
ARGH_002375	LABG_013908	MQ	no	Lactobacillus	Lactobacillus iners	human	tet(M)	tetracycline
ARGH_002376	LABG_013918	Rep99	yes	Limosilactobacillus	Limosilactobacillus mucosae	other	TEM-116	beta-lactam
ARGH_002377	LABG_013926	Rep99	yes	Ligilactobacillus	Ligilactobacillus salivarius	animal	ErmC	MLS
ARGH_002378	LABG_013926	Rep99	yes	Ligilactobacillus	Ligilactobacillus salivarius	animal	tet(L)	tetracycline
ARGH_002379	LABG_013926	Rep99	yes	Ligilactobacillus	Ligilactobacillus salivarius	animal	tet(M)	tetracycline
ARGH_002380	LABG_013927	MQ	no	Lactiplantibacillus	Lactiplantibacillus plantarum	animal	lnuA	MLS
ARGH_002381	LABG_013928	Rep99	yes	Lactiplantibacillus	Lactiplantibacillus plantarum	animal	lnuA	MLS
ARGH_002382	LABG_013935	Rep99	yes	Ligilactobacillus	Ligilactobacillus salivarius	animal	ErmC	MLS
ARGH_002383	LABG_013935	Rep99	yes	Ligilactobacillus	Ligilactobacillus salivarius	animal	tet(L)	tetracycline
ARGH_002384	LABG_013935	Rep99	yes	Ligilactobacillus	Ligilactobacillus salivarius	animal	tet(M)	tetracycline
ARGH_002385	LABG_013937	Rep99	yes	Lactobacillus	Lactobacillus sp945980025	human	ErmB	MLS
ARGH_002386	LABG_013937	Rep99	yes	Lactobacillus	Lactobacillus sp945980025	human	tet(L)	tetracycline
ARGH_002387	LABG_013937	Rep99	yes	Lactobacillus	Lactobacillus sp945980025	human	tet(M)	tetracycline
ARGH_002388	LABG_013937	Rep99	yes	Lactobacillus	Lactobacillus sp945980025	human	tet(W)	tetracycline
ARGH_002389	LABG_014119	Rep99	yes	Lactobacillus	Lactobacillus crispatus	animal	lnuC	MLS
ARGH_002390	LABG_014119	Rep99	yes	Lactobacillus	Lactobacillus crispatus	animal	tet(W)	tetracycline
ARGH_002391	LABG_014120	Rep99	yes	Ligilactobacillus	Ligilactobacillus salivarius	animal	lnuC	MLS
ARGH_002392	LABG_014121	Rep99	yes	Ligilactobacillus	Ligilactobacillus salivarius	animal	ErmB	MLS
ARGH_002393	LABG_014121	Rep99	yes	Ligilactobacillus	Ligilactobacillus salivarius	animal	tet(L)	tetracycline
ARGH_002394	LABG_014121	Rep99	yes	Ligilactobacillus	Ligilactobacillus salivarius	animal	tet(L)	tetracycline
ARGH_002395	LABG_014121	Rep99	yes	Ligilactobacillus	Ligilactobacillus salivarius	animal	tet(M)	tetracycline
ARGH_002396	LABG_014123	Rep99	yes	Ligilactobacillus	Ligilactobacillus salivarius	animal	ErmB	MLS
ARGH_002397	LABG_014123	Rep99	yes	Ligilactobacillus	Ligilactobacillus salivarius	animal	lnuC	MLS
ARGH_002398	LABG_014123	Rep99	yes	Ligilactobacillus	Ligilactobacillus salivarius	animal	tet(L)	tetracycline
ARGH_002399	LABG_014123	Rep99	yes	Ligilactobacillus	Ligilactobacillus salivarius	animal	tet(L)	tetracycline
ARGH_002400	LABG_014123	Rep99	yes	Ligilactobacillus	Ligilactobacillus salivarius	animal	tet(M)	tetracycline
ARGH_002401	LABG_014128	Rep99	yes	Limosilactobacillus	Limosilactobacillus reuteri	animal	lnuC	MLS
ARGH_002402	LABG_014229	Rep99	yes	Lactobacillus	Lactobacillus absianus	other	lnuC	MLS
ARGH_002403	LABG_014229	Rep99	yes	Lactobacillus	Lactobacillus absianus	other	tet(W)	tetracycline
ARGH_002404	LABG_014287	MQ	no	Lactiplantibacillus	Lactiplantibacillus plantarum	other	aadA	aminoglycoside
ARGH_002405	LABG_014288	MQ	no	Leuconostoc	Leuconostoc suionicum	other	aadA	aminoglycoside
ARGH_002406	LABG_014289	MQ	no	Leuconostoc	Leuconostoc suionicum	other	aadA	aminoglycoside
ARGH_002407	LABG_014292	MQ	no	Lactiplantibacillus	Lactiplantibacillus plantarum	other	aadA	aminoglycoside
ARGH_002408	LABG_014293	MQ	no	Lactiplantibacillus	Lactiplantibacillus plantarum	other	aadA	aminoglycoside
ARGH_002409	LABG_014294	MQ	no	Leuconostoc	Leuconostoc suionicum	other	aadA	aminoglycoside
ARGH_002410	LABG_014295	MQ	no	Leuconostoc	Leuconostoc mesenteroides	other	aadA	aminoglycoside
ARGH_002411	LABG_014296	MQ	no	Latilactobacillus	Latilactobacillus sakei	other	aadA	aminoglycoside
ARGH_002412	LABG_014298	MQ	no	Leuconostoc	Leuconostoc mesenteroides	other	aadA	aminoglycoside
ARGH_002413	LABG_014299	MQ	no	Leuconostoc	Leuconostoc mesenteroides	other	aadA	aminoglycoside
ARGH_002414	LABG_014303	Rep99	yes	Latilactobacillus	Latilactobacillus sakei	other	aadA	aminoglycoside
ARGH_002415	LABG_014346	MQ	no	Ligilactobacillus	Ligilactobacillus sp900765635	human	ANT(6)-Ia	aminoglycoside
ARGH_002416	LABG_014346	MQ	no	Ligilactobacillus	Ligilactobacillus sp900765635	human	lnuB	MLS
ARGH_002417	LABG_014346	MQ	no	Ligilactobacillus	Ligilactobacillus sp900765635	human	lsaE	multidrug
ARGH_002418	LABG_014346	MQ	no	Ligilactobacillus	Ligilactobacillus sp900765635	human	tet(L)	tetracycline
ARGH_002419	LABG_014352	MQ	no	Lacticaseibacillus	Lacticaseibacillus rhamnosus	human	tet(M)	tetracycline
ARGH_002420	LABG_014356	MQ	no	Lacticaseibacillus	Lacticaseibacillus rhamnosus	human	tet(M)	tetracycline
ARGH_002421	LABG_014357	MQ	no	Leuconostoc	Leuconostoc falkenbergense	human	Escherichia coli soxS with mutation conferring antibiotic resistance	multidrug
ARGH_002422	LABG_014358	MQ	no	Lacticaseibacillus	Lacticaseibacillus rhamnosus	human	tet(M)	tetracycline
ARGH_002423	LABG_014363	MQ	no	Limosilactobacillus	Limosilactobacillus reuteri_I	animal	tet(W)	tetracycline
ARGH_002424	LABG_014374	MQ	no	Ligilactobacillus	Ligilactobacillus animalis	human	lnuG	MLS
ARGH_002425	LABG_014374	MQ	no	Ligilactobacillus	Ligilactobacillus animalis	human	tet(M)	tetracycline
ARGH_002426	LABG_014376	MQ	no	Lactobacillus	Lactobacillus amylovorus	human	tet(W)	tetracycline
ARGH_002427	LABG_014382	MQ	no	Limosilactobacillus	Limosilactobacillus reuteri_E	human	lnuA	MLS
ARGH_002428	LABG_014382	MQ	no	Limosilactobacillus	Limosilactobacillus reuteri_E	human	tet(W)	tetracycline
ARGH_002429	LABG_014420	Rep99	yes	Ligilactobacillus	Ligilactobacillus sp900765635	human	ANT(6)-Ia	aminoglycoside
ARGH_002430	LABG_014420	Rep99	yes	Ligilactobacillus	Ligilactobacillus sp900765635	human	dfrG	trimethoprim
ARGH_002431	LABG_014420	Rep99	yes	Ligilactobacillus	Ligilactobacillus sp900765635	human	lnuB	MLS
ARGH_002432	LABG_014420	Rep99	yes	Ligilactobacillus	Ligilactobacillus sp900765635	human	lsaE	multidrug
ARGH_002433	LABG_014426	MQ	no	Lactobacillus	Lactobacillus gallinarum	human	lnuA	MLS
ARGH_002434	LABG_014474	Rep99	yes	Lactobacillus	Lactobacillus gallinarum	human	lnuA	MLS
ARGH_002435	LABG_014479	MQ	no	Ligilactobacillus	Ligilactobacillus animalis	human	lnuC	MLS
ARGH_002436	LABG_014482	MQ	no	Lactobacillus	Lactobacillus johnsonii	human	ErmB	MLS
ARGH_002437	LABG_014482	MQ	no	Lactobacillus	Lactobacillus johnsonii	human	ErmT	MLS
ARGH_002438	LABG_014482	MQ	no	Lactobacillus	Lactobacillus johnsonii	human	lnuA	MLS
ARGH_002439	LABG_014483	MQ	no	Ligilactobacillus	Ligilactobacillus sp900765635	human	ANT(6)-Ia	aminoglycoside
ARGH_002440	LABG_014483	MQ	no	Ligilactobacillus	Ligilactobacillus sp900765635	human	lnuB	MLS
ARGH_002441	LABG_014483	MQ	no	Ligilactobacillus	Ligilactobacillus sp900765635	human	lsaE	multidrug
ARGH_002442	LABG_014483	MQ	no	Ligilactobacillus	Ligilactobacillus sp900765635	human	tet(L)	tetracycline
ARGH_002443	LABG_014484	MQ	no	Levilactobacillus	Levilactobacillus namurensis_A	human	AAC(3)-IId	aminoglycoside
ARGH_002444	LABG_014558	MQ	no	Limosilactobacillus	Limosilactobacillus reuteri_E	other	lnuA	MLS
ARGH_002445	LABG_014558	MQ	no	Limosilactobacillus	Limosilactobacillus reuteri_E	other	tet(W)	tetracycline
ARGH_002446	LABG_014602	Rep99	yes	Limosilactobacillus	Limosilactobacillus antri	other	tet(W)	tetracycline
ARGH_002447	LABG_014616	MQ	no	Limosilactobacillus	Limosilactobacillus mucosae	human	dfrG	trimethoprim
ARGH_002448	LABG_014629	Rep99	yes	Lactobacillus	Lactobacillus kitasatonis	human	lnuA	MLS
ARGH_002449	LABG_014685	Rep99	yes	Lactobacillus	Lactobacillus iners	other	ErmB	MLS
ARGH_002450	LABG_014685	Rep99	yes	Lactobacillus	Lactobacillus iners	other	tet(M)	tetracycline
ARGH_002451	LABG_014691	MQ	no	Ligilactobacillus	Ligilactobacillus animalis	human	lnuC	MLS
ARGH_002452	LABG_014699	Rep99	yes	Ligilactobacillus	Ligilactobacillus ruminis	human	ErmB	MLS
ARGH_002453	LABG_014705	Rep99	yes	Lactobacillus	Lactobacillus gallinarum	human	Streptococcus suis chloramphenicol acetyltransferase	phenicol
ARGH_002454	LABG_014713	MQ	no	Lactobacillus	Lactobacillus johnsonii	human	ErmB	MLS
ARGH_002455	LABG_014716	MQ	no	Lactobacillus	Lactobacillus paragasseri	human	ErmB	MLS
ARGH_002456	LABG_014772	Rep99	yes	Lactobacillus	Lactobacillus sp945980025	animal	mphE	MLS
ARGH_002457	LABG_014772	Rep99	yes	Lactobacillus	Lactobacillus sp945980025	animal	msrE	MLS
ARGH_002458	LABG_014775	MQ	no	Limosilactobacillus	Limosilactobacillus reuteri	animal	AAC(6')-Ib10	aminoglycoside
ARGH_002459	LABG_014775	MQ	no	Limosilactobacillus	Limosilactobacillus reuteri	animal	arr-3	rifamycin
ARGH_002460	LABG_014775	MQ	no	Limosilactobacillus	Limosilactobacillus reuteri	animal	catB3	phenicol
ARGH_002461	LABG_014775	MQ	no	Limosilactobacillus	Limosilactobacillus reuteri	animal	OXA-1	beta-lactam
ARGH_002462	LABG_014775	MQ	no	Limosilactobacillus	Limosilactobacillus reuteri	animal	QnrS2	fluoroquinolone
ARGH_002463	LABG_014775	MQ	no	Limosilactobacillus	Limosilactobacillus reuteri	animal	tet(B)	tetracycline
ARGH_002464	LABG_014775	MQ	no	Limosilactobacillus	Limosilactobacillus reuteri	animal	tetR	tetracycline
ARGH_002465	LABG_014795	Rep99	yes	Limosilactobacillus	Limosilactobacillus reuteri_I	animal	fexA	phenicol
ARGH_002466	LABG_014798	Rep99	yes	Limosilactobacillus	Limosilactobacillus mucosae	animal	lnuC	MLS
ARGH_002467	LABG_014799	Rep99	yes	Lactobacillus	Lactobacillus sp910589675	animal	ErmB	MLS
ARGH_002468	LABG_014799	Rep99	yes	Lactobacillus	Lactobacillus sp910589675	animal	fexB	phenicol
ARGH_002469	LABG_014799	Rep99	yes	Lactobacillus	Lactobacillus sp910589675	animal	tet(L)	tetracycline
ARGH_002470	LABG_014804	Rep99	yes	Lactobacillus	Lactobacillus amylovorus	animal	ErmA	MLS
ARGH_002471	LABG_014817	Rep99	yes	Lactobacillus	Lactobacillus amylovorus	animal	Streptococcus suis chloramphenicol acetyltransferase	phenicol
ARGH_002472	LABG_014817	Rep99	yes	Lactobacillus	Lactobacillus amylovorus	animal	tet(M)	tetracycline
ARGH_002473	LABG_014818	MQ	no	Ligilactobacillus	Ligilactobacillus salivarius	animal	fexB	phenicol
ARGH_002474	LABG_014818	MQ	no	Ligilactobacillus	Ligilactobacillus salivarius	animal	tet(L)	tetracycline
ARGH_002475	LABG_014823	Rep99	yes	Lactobacillus	Lactobacillus sp945980025	animal	tet(L)	tetracycline
ARGH_002476	LABG_014825	Rep99	yes	Lactobacillus	Lactobacillus sp910589675	animal	fexA	phenicol
ARGH_002477	LABG_014825	Rep99	yes	Lactobacillus	Lactobacillus sp910589675	animal	fexB	phenicol
ARGH_002478	LABG_014826	MQ	no	Lactobacillus	Lactobacillus amylovorus	animal	fexA	phenicol
ARGH_002479	LABG_014830	Rep99	yes	Lactobacillus	Lactobacillus absianus	animal	lnuC	MLS
ARGH_002480	LABG_014894	Rep99	yes	Lactobacillus	Lactobacillus melliventris	animal	ErmT	MLS
ARGH_002481	LABG_014906	Rep99	yes	Bombilactobacillus	Bombilactobacillus mellis	animal	sul2	sulfonamide
ARGH_002482	LABG_014911	Rep99	yes	Lactobacillus	Lactobacillus apis_A	animal	lnuC	MLS
ARGH_002483	LABG_014917	MQ	no	Lactobacillus	Lactobacillus juensis	animal	ErmT	MLS
ARGH_002484	LABG_014919	Rep99	yes	Lactobacillus	Lactobacillus apis_A	animal	tet(M)	tetracycline
ARGH_002485	LABG_014924	Rep99	yes	Ligilactobacillus	Ligilactobacillus salivarius	animal	tet(L)	tetracycline
ARGH_002486	LABG_014924	Rep99	yes	Ligilactobacillus	Ligilactobacillus salivarius	animal	tet(M)	tetracycline
ARGH_002487	LABG_014924	Rep99	yes	Ligilactobacillus	Ligilactobacillus salivarius	animal	vatE	MLS
ARGH_002488	LABG_014929	Rep99	yes	Lactobacillus	Lactobacillus gallinarum	animal	Limosilactobacillus reuteri cat-TC	phenicol
ARGH_002489	LABG_014934	MQ	no	Lactobacillus	Lactobacillus crispatus	animal	lnuC	MLS
ARGH_002490	LABG_014939	MQ	no	Limosilactobacillus	Limosilactobacillus pulli	animal	ErmB	MLS
ARGH_002491	LABG_014941	Rep99	yes	Lactobacillus	Lactobacillus sp946579245	animal	ErmB	MLS
ARGH_002492	LABG_014942	Rep99	yes	Lactobacillus	Lactobacillus crispatus	animal	tet(W)	tetracycline
ARGH_002493	LABG_014944	Rep99	yes	Ligilactobacillus	Ligilactobacillus salivarius	animal	lnuC	MLS
ARGH_002494	LABG_014944	Rep99	yes	Ligilactobacillus	Ligilactobacillus salivarius	animal	vatE	MLS
ARGH_002495	LABG_014950	MQ	no	Limosilactobacillus	Limosilactobacillus oris_A	animal	tet(W)	tetracycline
ARGH_002496	LABG_015065	Rep99	yes	Lactobacillus	Lactobacillus iners	human	AAC(6')-Ie-APH(2'')-Ia bifunctional protein	aminoglycoside
ARGH_002497	LABG_015065	Rep99	yes	Lactobacillus	Lactobacillus iners	human	ErmB	MLS
ARGH_002498	LABG_015065	Rep99	yes	Lactobacillus	Lactobacillus iners	human	lnuC	MLS
ARGH_002499	LABG_015065	Rep99	yes	Lactobacillus	Lactobacillus iners	human	tet(M)	tetracycline
ARGH_002500	LABG_015106	MQ	no	Lactobacillus	Lactobacillus gasseri	human	23S rRNA (adenine(2058)-N(6))-methyltransferase Erm(A)	MLS
ARGH_002501	LABG_015107	Rep99	yes	Lactobacillus	Lactobacillus iners	human	ErmB	MLS
ARGH_002502	LABG_015107	Rep99	yes	Lactobacillus	Lactobacillus iners	human	tet(M)	tetracycline
ARGH_002503	LABG_015109	MQ	no	Lactobacillus	Lactobacillus johnsonii	human	ErmB	MLS
ARGH_002504	LABG_015109	MQ	no	Lactobacillus	Lactobacillus johnsonii	human	tet(W)	tetracycline
ARGH_002505	LABG_015158	Rep99	yes	Ligilactobacillus	Ligilactobacillus murinus	animal	tet(O)	tetracycline
ARGH_002506	LABG_015164	MQ	no	Ligilactobacillus	Ligilactobacillus saerimneri	other	ErmB	MLS
ARGH_002507	LABG_015169	Rep99	yes	Lactobacillus	Lactobacillus gallinarum	other	tet(W)	tetracycline
ARGH_002508	LABG_015172	Rep99	yes	Limosilactobacillus	Limosilactobacillus ingluviei	other	vatE	MLS
ARGH_002509	LABG_015175	Rep99	yes	Limosilactobacillus	Limosilactobacillus ingluviei	other	tet(W)	tetracycline
ARGH_002510	LABG_015184	Rep99	yes	Lactobacillus	Lactobacillus gallinarum	other	catA1	phenicol
ARGH_002511	LABG_015184	Rep99	yes	Lactobacillus	Lactobacillus gallinarum	other	TEM-171	beta-lactam
ARGH_002512	LABG_015263	MQ	no	Ligilactobacillus	Ligilactobacillus murinus	other	tet(O)	tetracycline
ARGH_002513	LABG_015275	MQ	no	Lactobacillus	Lactobacillus sp910589675	other	tet(K)	tetracycline
ARGH_002514	LABG_015360	MQ	no	Lactobacillus	Lactobacillus sp910589675	other	tet(K)	tetracycline
ARGH_002515	LABG_015367	Rep99	yes	Ligilactobacillus	Ligilactobacillus murinus	other	tet(O)	tetracycline
ARGH_002516	LABG_015404	MQ	no	Ligilactobacillus	Ligilactobacillus murinus	other	tet(O)	tetracycline
ARGH_002517	LABG_015973	MQ	no	Lactobacillus	Lactobacillus johnsonii_B	other	ErmB	MLS
ARGH_002518	LABG_015996	MQ	no	Limosilactobacillus	Limosilactobacillus sp011958095	other	ANT(6)-Ia	aminoglycoside
ARGH_002519	LABG_016140	MQ	no	Lactobacillus	Lactobacillus sp945980025	other	ErmB	MLS
ARGH_002520	LABG_016140	MQ	no	Lactobacillus	Lactobacillus sp945980025	other	tet(44)	tetracycline
ARGH_002521	LABG_016499	MQ	no	Ligilactobacillus	Ligilactobacillus murinus	other	tet(W)	tetracycline
ARGH_002522	LABG_016570	MQ	no	Lactobacillus	Lactobacillus sp910589675	other	ANT(6)-Ia	aminoglycoside
ARGH_002523	LABG_016570	MQ	no	Lactobacillus	Lactobacillus sp910589675	other	tet(S)	tetracycline
ARGH_002524	LABG_016589	Rep99	yes	Lactobacillus	Lactobacillus sp948948975	food	tet(W)	tetracycline
ARGH_002525	LABG_016630	MQ	no	Lactobacillus	Lactobacillus sp948948975	food	tet(W)	tetracycline
ARGH_002526	LABG_016748	MQ	no	Lactobacillus	Lactobacillus sp910589675	other	tet(44)	tetracycline
ARGH_002527	LABG_016877	MQ	no	Ligilactobacillus	Ligilactobacillus murinus	other	Escherichia coli EF-Tu mutants conferring resistance to Pulvomycin	pulvomycin
ARGH_002528	LABG_016936	MQ	no	Ligilactobacillus	Ligilactobacillus murinus	other	tet(L)	tetracycline
ARGH_002529	LABG_016955	Rep99	yes	Ligilactobacillus	Ligilactobacillus murinus	other	Escherichia coli EF-Tu mutants conferring resistance to Pulvomycin	pulvomycin
ARGH_002530	LABG_016956	MQ	no	Ligilactobacillus	Ligilactobacillus murinus	other	tet(L)	tetracycline
ARGH_002531	LABG_017056	Rep99	yes	Ligilactobacillus	Ligilactobacillus sp900765635	food	dfrG	trimethoprim
ARGH_002532	LABG_017056	Rep99	yes	Ligilactobacillus	Ligilactobacillus sp900765635	food	ErmB	MLS
ARGH_002533	LABG_017056	Rep99	yes	Ligilactobacillus	Ligilactobacillus sp900765635	food	lnuC	MLS
ARGH_002534	LABG_017056	Rep99	yes	Ligilactobacillus	Ligilactobacillus sp900765635	food	lnuC	MLS
ARGH_002535	LABG_017056	Rep99	yes	Ligilactobacillus	Ligilactobacillus sp900765635	food	tet(L)	tetracycline
ARGH_002536	LABG_017056	Rep99	yes	Ligilactobacillus	Ligilactobacillus sp900765635	food	tet(L)	tetracycline
ARGH_002537	LABG_017056	Rep99	yes	Ligilactobacillus	Ligilactobacillus sp900765635	food	tet(M)	tetracycline
ARGH_002538	LABG_017069	Rep99	yes	Lactobacillus	Lactobacillus johnsonii	other	catA8	phenicol
ARGH_002539	LABG_017069	Rep99	yes	Lactobacillus	Lactobacillus johnsonii	other	tet(L)	tetracycline
ARGH_002540	LABG_017069	Rep99	yes	Lactobacillus	Lactobacillus johnsonii	other	tet(M)	tetracycline
ARGH_002541	LABG_017193	MQ	no	Ligilactobacillus	Ligilactobacillus murinus	animal	tet(O)	tetracycline
ARGH_002542	LABG_017214	MQ	no	Ligilactobacillus	Ligilactobacillus murinus	animal	tet(O)	tetracycline
ARGH_002543	LABG_017306	MQ	no	Ligilactobacillus	Ligilactobacillus murinus	animal	tet(O)	tetracycline
ARGH_002544	LABG_017574	Rep99	yes	Lactobacillus	Lactobacillus iners	human	tet(M)	tetracycline
ARGH_002545	LABG_017579	Rep99	yes	Lactobacillus	Lactobacillus iners	human	tet(M)	tetracycline
ARGH_002546	LABG_017581	MQ	no	Lactobacillus	Lactobacillus crispatus	human	ANT(4')-Ia	aminoglycoside
ARGH_002547	LABG_017581	MQ	no	Lactobacillus	Lactobacillus crispatus	human	tet(L)	tetracycline
ARGH_002548	LABG_017590	MQ	no	Lactobacillus	Lactobacillus iners	human	tet(M)	tetracycline
ARGH_002549	LABG_017592	MQ	no	Lactobacillus	Lactobacillus iners	human	ErmB	MLS
ARGH_002550	LABG_017592	MQ	no	Lactobacillus	Lactobacillus iners	human	tet(M)	tetracycline
ARGH_002551	LABG_017623	Rep99	yes	Ligilactobacillus	Ligilactobacillus saerimneri	food	fexB	phenicol
ARGH_002552	LABG_017628	MQ	no	Ligilactobacillus	Ligilactobacillus animalis	food	AAC(6')-Ie-APH(2'')-Ia bifunctional protein	aminoglycoside
ARGH_002553	LABG_017628	MQ	no	Ligilactobacillus	Ligilactobacillus animalis	food	ErmB	MLS
ARGH_002554	LABG_017628	MQ	no	Ligilactobacillus	Ligilactobacillus animalis	food	tet(M)	tetracycline
ARGH_002555	LABG_017675	Rep99	yes	Ligilactobacillus	Ligilactobacillus salivarius	animal	tet(L)	tetracycline
ARGH_002556	LABG_017677	MQ	no	Lactobacillus	Lactobacillus crispatus	animal	tet(W)	tetracycline
ARGH_002557	LABG_017760	Rep99	yes	Ligilactobacillus	Ligilactobacillus ruminis	other	ErmB	MLS
ARGH_002558	LABG_017770	Rep99	yes	Ligilactobacillus	Ligilactobacillus salivarius	animal	tet(L)	tetracycline
ARGH_002559	LABG_017770	Rep99	yes	Ligilactobacillus	Ligilactobacillus salivarius	animal	tet(M)	tetracycline
ARGH_002560	LABG_017771	MQ	no	Limosilactobacillus	Limosilactobacillus reuteri_E	animal	evgA	multidrug
ARGH_002561	LABG_017776	Rep99	yes	Lactobacillus	Lactobacillus crispatus	animal	tet(W)	tetracycline
ARGH_002562	LABG_017779	MQ	no	Lactobacillus	Lactobacillus crispatus	animal	tet(W)	tetracycline
ARGH_002563	LABG_017780	Rep99	yes	Lactobacillus	Lactobacillus gallinarum	animal	lnuA	MLS
ARGH_002564	LABG_017780	Rep99	yes	Lactobacillus	Lactobacillus gallinarum	animal	tet(W)	tetracycline
ARGH_002565	LABG_017800	Rep99	yes	Lactobacillus	Lactobacillus crispatus	other	tet(W)	tetracycline
ARGH_002566	LABG_017849	MQ	no	Limosilactobacillus		food	ErmB	MLS
ARGH_002567	LABG_017849	MQ	no	Limosilactobacillus		food	vatE	MLS
ARGH_002568	LABG_017868	Rep99	yes	Ligilactobacillus	Ligilactobacillus salivarius	animal	tet(M)	tetracycline
ARGH_002569	LABG_017896	MQ	no	Ligilactobacillus	Ligilactobacillus animalis	human	lnuG	MLS
ARGH_002570	LABG_017911	MQ	no	Ligilactobacillus	Ligilactobacillus ruminis	human	tet(M)	tetracycline
ARGH_002571	LABG_017912	Rep99	yes	Ligilactobacillus	Ligilactobacillus ruminis	human	tet(M)	tetracycline
ARGH_002572	LABG_017914	MQ	no	Ligilactobacillus	Ligilactobacillus ruminis	human	ErmB	MLS
ARGH_002573	LABG_017914	MQ	no	Ligilactobacillus	Ligilactobacillus ruminis	human	tet(M)	tetracycline
ARGH_002574	LABG_017916	Rep99	yes	Ligilactobacillus	Ligilactobacillus ruminis	human	tet(M)	tetracycline
ARGH_002575	LABG_017917	Rep99	yes	Ligilactobacillus	Ligilactobacillus ruminis	human	aadS	aminoglycoside
ARGH_002576	LABG_017939	Rep99	yes	Ligilactobacillus	Ligilactobacillus ruminis	human	tet(M)	tetracycline
ARGH_002577	LABG_017955	Rep99	yes	Ligilactobacillus	Ligilactobacillus ruminis	human	tet(M)	tetracycline
ARGH_002578	LABG_017972	MQ	no	Lacticaseibacillus	Lacticaseibacillus paracasei	human	ErmB	MLS
ARGH_002579	LABG_018007	MQ	no	Ligilactobacillus	Ligilactobacillus ruminis	human	tet(M)	tetracycline
ARGH_002580	LABG_018022	MQ	no	Lactobacillus	Lactobacillus acidophilus	human	PC1	beta-lactam
ARGH_002581	LABG_018193	MQ	no	Ligilactobacillus	Ligilactobacillus ruminis	human	tet(M)	tetracycline
ARGH_002582	LABG_018204	MQ	no	Ligilactobacillus	Ligilactobacillus ruminis	human	tet(M)	tetracycline
ARGH_002583	LABG_018212	Rep99	yes	Ligilactobacillus	Ligilactobacillus ruminis	human	ErmT	MLS
ARGH_002584	LABG_018225	MQ	no	Lactobacillus	Lactobacillus amylovorus	human	vatE	MLS
ARGH_002585	LABG_018228	Rep99	yes	Lactobacillus	Lactobacillus crispatus	human	tet(M)	tetracycline
ARGH_002586	LABG_018230	Rep99	yes	Ligilactobacillus	Ligilactobacillus ruminis	human	tet(M)	tetracycline
ARGH_002587	LABG_018235	MQ	no	Limosilactobacillus	Limosilactobacillus fermentum	human	ErmX	MLS
ARGH_002588	LABG_018247	MQ	no	Ligilactobacillus	Ligilactobacillus ruminis	human	tet(M)	tetracycline
ARGH_002589	LABG_018288	MQ	no	Ligilactobacillus	Ligilactobacillus ruminis	human	dfrF	trimethoprim
ARGH_002590	LABG_018294	MQ	no	Ligilactobacillus	Ligilactobacillus ruminis	human	aadS	aminoglycoside
ARGH_002591	LABG_018300	MQ	no	Lacticaseibacillus	Lacticaseibacillus paracasei	human	QnrB10	fluoroquinolone
ARGH_002592	LABG_018356	MQ	no	Ligilactobacillus	Ligilactobacillus ruminis	human	tet(M)	tetracycline
ARGH_002593	LABG_018402	MQ	no	Lactobacillus	Lactobacillus amylovorus	human	ErmB	MLS
ARGH_002594	LABG_018408	MQ	no	Ligilactobacillus	Ligilactobacillus ruminis	human	tet(M)	tetracycline
ARGH_002595	LABG_018454	MQ	no	Ligilactobacillus	Ligilactobacillus animalis	human	lnuG	MLS
ARGH_002596	LABG_018454	MQ	no	Ligilactobacillus	Ligilactobacillus animalis	human	tet(M)	tetracycline
ARGH_002597	LABG_018472	MQ	no	Lactobacillus	Lactobacillus amylovorus	human	tet(W)	tetracycline
ARGH_002598	LABG_018524	MQ	no	Ligilactobacillus	Ligilactobacillus ruminis	human	dfrF	trimethoprim
ARGH_002599	LABG_018524	MQ	no	Ligilactobacillus	Ligilactobacillus ruminis	human	tet(M)	tetracycline
ARGH_002600	LABG_018538	MQ	no	Ligilactobacillus	Ligilactobacillus ruminis	human	tet(M)	tetracycline
ARGH_002601	LABG_018540	MQ	no	Lactobacillus	Lactobacillus crispatus	human	tet(32)	tetracycline
ARGH_002602	LABG_018575	MQ	no	Lactobacillus	Lactobacillus amylovorus	human	APH(3')-IIIa	aminoglycoside
ARGH_002603	LABG_018575	MQ	no	Lactobacillus	Lactobacillus amylovorus	human	ErmA	MLS
ARGH_002604	LABG_018628	Rep99	yes	Lactobacillus	Lactobacillus amylovorus	human	ErmA	MLS
ARGH_002605	LABG_018628	Rep99	yes	Lactobacillus	Lactobacillus amylovorus	human	lnuA	MLS
ARGH_002606	LABG_018628	Rep99	yes	Lactobacillus	Lactobacillus amylovorus	human	tet(W)	tetracycline
ARGH_002607	LABG_018628	Rep99	yes	Lactobacillus	Lactobacillus amylovorus	human	vatE	MLS
ARGH_002608	LABG_018730	MQ	no	Limosilactobacillus	Limosilactobacillus reuteri_E	human	lnuA	MLS
ARGH_002609	LABG_018730	MQ	no	Limosilactobacillus	Limosilactobacillus reuteri_E	human	tet(W)	tetracycline
ARGH_002610	LABG_018733	MQ	no	Limosilactobacillus	Limosilactobacillus reuteri_E	human	lnuA	MLS
ARGH_002611	LABG_018733	MQ	no	Limosilactobacillus	Limosilactobacillus reuteri_E	human	tet(W)	tetracycline
ARGH_002612	LABG_018759	Rep99	yes	Lactobacillus	Lactobacillus amylovorus	human	APH(3')-IIIa	aminoglycoside
ARGH_002613	LABG_018759	Rep99	yes	Lactobacillus	Lactobacillus amylovorus	human	ErmA	MLS
ARGH_002614	LABG_018760	MQ	no	Limosilactobacillus	Limosilactobacillus reuteri_E	human	lnuA	MLS
ARGH_002615	LABG_018760	MQ	no	Limosilactobacillus	Limosilactobacillus reuteri_E	human	tet(W)	tetracycline
ARGH_002616	LABG_018768	Rep99	yes	Lactobacillus	Lactobacillus amylovorus	human	vatE	MLS
ARGH_002617	LABG_018867	MQ	no	Lacticaseibacillus	Lacticaseibacillus paracasei	human	dfrA27	trimethoprim
ARGH_002618	LABG_018890	MQ	no	Lacticaseibacillus	Lacticaseibacillus paracasei	human	tet(C)	tetracycline
ARGH_002619	LABG_018895	MQ	no	Ligilactobacillus	Ligilactobacillus ruminis	human	tet(M)	tetracycline
ARGH_002620	LABG_018899	Rep99	yes	Lactobacillus	Lactobacillus johnsonii	human	ErmT	MLS
ARGH_002621	LABG_018899	Rep99	yes	Lactobacillus	Lactobacillus johnsonii	human	lnuA	MLS
ARGH_002622	LABG_018902	MQ	no	Ligilactobacillus	Ligilactobacillus sp900765635	human	ANT(6)-Ia	aminoglycoside
ARGH_002623	LABG_018902	MQ	no	Ligilactobacillus	Ligilactobacillus sp900765635	human	dfrG	trimethoprim
ARGH_002624	LABG_018902	MQ	no	Ligilactobacillus	Ligilactobacillus sp900765635	human	lnuB	MLS
ARGH_002625	LABG_018902	MQ	no	Ligilactobacillus	Ligilactobacillus sp900765635	human	lsaE	multidrug
ARGH_002626	LABG_018921	MQ	no	Ligilactobacillus	Ligilactobacillus salivarius	human	AAC(6')-Ie-APH(2'')-Ia bifunctional protein	aminoglycoside
ARGH_002627	LABG_018957	MQ	no	Ligilactobacillus	Ligilactobacillus ruminis	human	tet(M)	tetracycline
ARGH_002628	LABG_018969	MQ	no	Ligilactobacillus	Ligilactobacillus salivarius	human	tet(L)	tetracycline
ARGH_002629	LABG_018969	MQ	no	Ligilactobacillus	Ligilactobacillus salivarius	human	tet(M)	tetracycline
ARGH_002630	LABG_018973	MQ	no	Ligilactobacillus	Ligilactobacillus salivarius	human	tet(L)	tetracycline
ARGH_002631	LABG_018973	MQ	no	Ligilactobacillus	Ligilactobacillus salivarius	human	tet(M)	tetracycline
ARGH_002632	LABG_018973	MQ	no	Ligilactobacillus	Ligilactobacillus salivarius	human	vatE	MLS
ARGH_002633	LABG_018974	MQ	no	Ligilactobacillus	Ligilactobacillus salivarius	human	tet(L)	tetracycline
ARGH_002634	LABG_018975	Rep99	yes	Ligilactobacillus	Ligilactobacillus salivarius	human	tet(L)	tetracycline
ARGH_002635	LABG_018975	Rep99	yes	Ligilactobacillus	Ligilactobacillus salivarius	human	tet(M)	tetracycline
ARGH_002636	LABG_018982	MQ	no	Ligilactobacillus	Ligilactobacillus salivarius	human	tet(L)	tetracycline
ARGH_002637	LABG_018982	MQ	no	Ligilactobacillus	Ligilactobacillus salivarius	human	tet(M)	tetracycline
ARGH_002638	LABG_018992	MQ	no	Ligilactobacillus	Ligilactobacillus salivarius	human	tet(L)	tetracycline
ARGH_002639	LABG_018992	MQ	no	Ligilactobacillus	Ligilactobacillus salivarius	human	tet(M)	tetracycline
ARGH_002640	LABG_019011	MQ	no	Ligilactobacillus	Ligilactobacillus ruminis	human	tet(M)	tetracycline
ARGH_002641	LABG_019012	MQ	no	Ligilactobacillus	Ligilactobacillus salivarius	human	tet(L)	tetracycline
ARGH_002642	LABG_019012	MQ	no	Ligilactobacillus	Ligilactobacillus salivarius	human	tet(M)	tetracycline
ARGH_002643	LABG_019020	MQ	no	Ligilactobacillus	Ligilactobacillus ruminis	human	tet(M)	tetracycline
ARGH_002644	LABG_019031	MQ	no	Ligilactobacillus	Ligilactobacillus ruminis	human	vanA	glycopeptide
ARGH_002645	LABG_019031	MQ	no	Ligilactobacillus	Ligilactobacillus ruminis	human	vanX gene in vanA cluster	glycopeptide
ARGH_002646	LABG_019033	MQ	no	Ligilactobacillus	Ligilactobacillus ruminis	human	tet(M)	tetracycline
ARGH_002647	LABG_019040	MQ	no	Ligilactobacillus	Ligilactobacillus ruminis	human	tet(M)	tetracycline
ARGH_002648	LABG_019069	MQ	no	Ligilactobacillus	Ligilactobacillus salivarius	human	vanY gene in vanA cluster	glycopeptide
ARGH_002649	LABG_019082	MQ	no	Ligilactobacillus	Ligilactobacillus salivarius	human	tet(L)	tetracycline
ARGH_002650	LABG_019084	MQ	no	Ligilactobacillus	Ligilactobacillus salivarius	human	tet(L)	tetracycline
ARGH_002651	LABG_019090	Rep99	yes	Ligilactobacillus	Ligilactobacillus ruminis	human	tet(M)	tetracycline
ARGH_002652	LABG_019090	Rep99	yes	Ligilactobacillus	Ligilactobacillus ruminis	human	vanA	glycopeptide
ARGH_002653	LABG_019090	Rep99	yes	Ligilactobacillus	Ligilactobacillus ruminis	human	vanH gene in vanA cluster	glycopeptide
ARGH_002654	LABG_019090	Rep99	yes	Ligilactobacillus	Ligilactobacillus ruminis	human	vanX gene in vanA cluster	glycopeptide
ARGH_002655	LABG_019090	Rep99	yes	Ligilactobacillus	Ligilactobacillus ruminis	human	vanY gene in vanA cluster	glycopeptide
ARGH_002656	LABG_019101	MQ	no	Ligilactobacillus	Ligilactobacillus ruminis	human	ErmB	MLS
ARGH_002657	LABG_019103	MQ	no	Ligilactobacillus	Ligilactobacillus salivarius	human	tet(L)	tetracycline
ARGH_002658	LABG_019103	MQ	no	Ligilactobacillus	Ligilactobacillus salivarius	human	tet(M)	tetracycline
ARGH_002659	LABG_019119	MQ	no	Ligilactobacillus	Ligilactobacillus ruminis	human	tet(M)	tetracycline
ARGH_002660	LABG_019171	Rep99	yes	Lactobacillus	Lactobacillus crispatus	human	tet(L)	tetracycline
ARGH_002661	LABG_019171	Rep99	yes	Lactobacillus	Lactobacillus crispatus	human	tet(M)	tetracycline
ARGH_002662	LABG_019193	MQ	no	Ligilactobacillus	Ligilactobacillus salivarius	human	dfrF	trimethoprim
ARGH_002663	LABG_019201	MQ	no	Lactobacillus	Lactobacillus sp910589675	human	tet(W)	tetracycline
ARGH_002664	LABG_019202	MQ	no	Lactobacillus	Lactobacillus sp910589675	human	tet(W)	tetracycline
ARGH_002665	LABG_019204	MQ	no	Ligilactobacillus	Ligilactobacillus animalis	human	tet(W)	tetracycline
ARGH_002666	LABG_019205	MQ	no	Ligilactobacillus	Ligilactobacillus animalis	human	tet(W)	tetracycline
ARGH_002667	LABG_019207	MQ	no	Limosilactobacillus	Limosilactobacillus reuteri	human	ErmB	MLS
ARGH_002668	LABG_019207	MQ	no	Limosilactobacillus	Limosilactobacillus reuteri	human	evgA	multidrug
ARGH_002669	LABG_019230	Rep99	yes	Ligilactobacillus	Ligilactobacillus ruminis	human	tet(M)	tetracycline
ARGH_002670	LABG_019242	Rep99	yes	Ligilactobacillus	Ligilactobacillus ruminis	human	tet(M)	tetracycline
ARGH_002671	LABG_019260	MQ	no	Lactobacillus	Lactobacillus johnsonii	human	ErmT	MLS
ARGH_002672	LABG_019260	MQ	no	Lactobacillus	Lactobacillus johnsonii	human	lnuA	MLS
ARGH_002673	LABG_019261	MQ	no	Limosilactobacillus	Limosilactobacillus mucosae	human	dfrG	trimethoprim
ARGH_002674	LABG_019266	MQ	no	Lactobacillus	Lactobacillus gallinarum	human	lnuA	MLS
ARGH_002675	LABG_019268	Rep99	yes	Lactobacillus	Lactobacillus amylovorus	human	ErmA	MLS
ARGH_002676	LABG_019268	Rep99	yes	Lactobacillus	Lactobacillus amylovorus	human	tet(W)	tetracycline
ARGH_002677	LABG_019285	MQ	no	Lactobacillus	Lactobacillus amylovorus	human	vatE	MLS
ARGH_002678	LABG_019286	MQ	no	Ligilactobacillus	Ligilactobacillus animalis	human	lnuC	MLS
ARGH_002679	LABG_019288	MQ	no	Leuconostoc	Leuconostoc citreum	human	aad(6)	aminoglycoside
ARGH_002680	LABG_019288	MQ	no	Leuconostoc	Leuconostoc citreum	human	APH(3')-IIIa	aminoglycoside
ARGH_002681	LABG_019288	MQ	no	Leuconostoc	Leuconostoc citreum	human	SAT-4	aminoglycoside
ARGH_002682	LABG_019316	MQ	no	Leuconostoc	Leuconostoc citreum	human	ErmC	MLS
ARGH_002683	LABG_019327	Rep99	yes	Ligilactobacillus	Ligilactobacillus ruminis	human	tet(M)	tetracycline
ARGH_002684	LABG_019358	MQ	no	Ligilactobacillus	Ligilactobacillus ruminis	human	tet(M)	tetracycline
ARGH_002685	LABG_019379	MQ	no	Leuconostoc	Leuconostoc citreum	human	dfrC	trimethoprim
ARGH_002686	LABG_019395	MQ	no	Ligilactobacillus	Ligilactobacillus ruminis	human	tet(M)	tetracycline
ARGH_002687	LABG_019405	MQ	no	Ligilactobacillus	Ligilactobacillus ruminis	human	tet(M)	tetracycline
ARGH_002688	LABG_019431	MQ	no	Ligilactobacillus	Ligilactobacillus ruminis	human	tet(M)	tetracycline
ARGH_002689	LABG_019446	MQ	no	Ligilactobacillus	Ligilactobacillus ruminis	human	tet(M)	tetracycline
ARGH_002690	LABG_019453	MQ	no	Limosilactobacillus	Limosilactobacillus fermentum	human	ErmX	MLS
ARGH_002691	LABG_019467	MQ	no	Limosilactobacillus	Limosilactobacillus reuteri	human	lnuC	MLS
ARGH_002692	LABG_019498	MQ	no	Ligilactobacillus	Ligilactobacillus ruminis	human	tet(M)	tetracycline
ARGH_002693	LABG_019504	MQ	no	Ligilactobacillus	Ligilactobacillus ruminis	human	ErmB	MLS
ARGH_002694	LABG_019550	Rep99	yes	Ligilactobacillus	Ligilactobacillus ruminis	human	tet(M)	tetracycline
ARGH_002695	LABG_019551	MQ	no	Ligilactobacillus	Ligilactobacillus ruminis	human	tet(M)	tetracycline
ARGH_002696	LABG_019591	MQ	no	Ligilactobacillus	Ligilactobacillus ruminis	human	tet(M)	tetracycline
ARGH_002697	LABG_019592	Rep99	yes	Ligilactobacillus	Ligilactobacillus ruminis	human	tet(M)	tetracycline
ARGH_002698	LABG_019600	MQ	no	Ligilactobacillus	Ligilactobacillus ruminis	human	tet(M)	tetracycline
ARGH_002699	LABG_019601	MQ	no	Ligilactobacillus	Ligilactobacillus ruminis	human	tet(M)	tetracycline
ARGH_002700	LABG_019605	MQ	no	Ligilactobacillus	Ligilactobacillus ruminis	human	tet(M)	tetracycline
ARGH_002701	LABG_019629	MQ	no	Ligilactobacillus	Ligilactobacillus ruminis	human	tet(M)	tetracycline
ARGH_002702	LABG_019671	Rep99	yes	Ligilactobacillus	Ligilactobacillus ruminis	human	tet(Q)	tetracycline
ARGH_002703	LABG_019680	Rep99	yes	Ligilactobacillus	Ligilactobacillus ruminis	human	tet(M)	tetracycline
ARGH_002704	LABG_019727	MQ	no	Lactobacillus	Lactobacillus amylovorus	human	APH(3')-IIIa	aminoglycoside
ARGH_002705	LABG_019727	MQ	no	Lactobacillus	Lactobacillus amylovorus	human	ErmA	MLS
ARGH_002706	LABG_019737	Rep99	yes	Lactobacillus	Lactobacillus iners	human	ErmB	MLS
ARGH_002707	LABG_019741	Rep99	yes	Lactobacillus	Lactobacillus iners	human	ErmB	MLS
ARGH_002708	LABG_019754	Rep99	yes	Ligilactobacillus	Ligilactobacillus murinus	animal	tet(M)	tetracycline
ARGH_002709	LABG_019754	Rep99	yes	Ligilactobacillus	Ligilactobacillus murinus	animal	tet(O)	tetracycline
ARGH_002710	LABG_019765	MQ	no	Lactobacillus	Lactobacillus amylovorus	human	vatE	MLS
ARGH_002711	LABG_019861	Rep99	yes	Lactobacillus	Lactobacillus sp910589675	food	ErmB	MLS
ARGH_002712	LABG_020038	MQ	no	Lactobacillus	Lactobacillus sp910589675	animal	catA8	phenicol
ARGH_002713	LABG_020042	Rep99	yes	Lactobacillus	Lactobacillus apis	animal	tet(M)	tetracycline
ARGH_002714	LABG_020098	Rep99	yes	Bombilactobacillus	Bombilactobacillus mellis	animal	tet(M)	tetracycline
ARGH_002715	LABG_020129	MQ	no	Lactobacillus	Lactobacillus helsingborgensis	animal	tet(M)	tetracycline
ARGH_002716	LABG_020142	Rep99	yes	Pediococcus	Pediococcus pentosaceus	food	emrK	tetracycline
ARGH_002717	LABG_020142	Rep99	yes	Pediococcus	Pediococcus pentosaceus	food	tet(M)	tetracycline
ARGH_002718	LABG_020161	MQ	no	Pediococcus	Pediococcus pentosaceus	food	tet(S)	tetracycline
ARGH_002719	LABG_020166	MQ	no	Companilactobacillus	Companilactobacillus paralimentarius	food	tet(M)	tetracycline
ARGH_002720	LABG_020199	MQ	no	Limosilactobacillus	Limosilactobacillus fermentum	food	tmrB	tunicamycin
ARGH_002721	LABG_020247	MQ	no	Limosilactobacillus	Limosilactobacillus reuteri_E	animal	ErmB	MLS
ARGH_002722	LABG_020247	MQ	no	Limosilactobacillus	Limosilactobacillus reuteri_E	animal	fexA	phenicol
ARGH_002723	LABG_020247	MQ	no	Limosilactobacillus	Limosilactobacillus reuteri_E	animal	Streptococcus suis chloramphenicol acetyltransferase	phenicol
ARGH_002724	LABG_020247	MQ	no	Limosilactobacillus	Limosilactobacillus reuteri_E	animal	vatE	MLS
ARGH_002725	LABG_020253	Rep99	yes	Ligilactobacillus	Ligilactobacillus aviarius_C	animal	Mef(En2)	MLS
ARGH_002726	LABG_020267	Rep99	yes	Ligilactobacillus	Ligilactobacillus salivarius	animal	AAC(6')-Ie-APH(2'')-Ia bifunctional protein	aminoglycoside
ARGH_002727	LABG_020267	Rep99	yes	Ligilactobacillus	Ligilactobacillus salivarius	animal	ANT(4')-Ia	aminoglycoside
ARGH_002728	LABG_020267	Rep99	yes	Ligilactobacillus	Ligilactobacillus salivarius	animal	ANT(6)-Ia	aminoglycoside
ARGH_002729	LABG_020267	Rep99	yes	Ligilactobacillus	Ligilactobacillus salivarius	animal	catA8	phenicol
ARGH_002730	LABG_020267	Rep99	yes	Ligilactobacillus	Ligilactobacillus salivarius	animal	lnuA	MLS
ARGH_002731	LABG_020268	Rep99	yes	Lactobacillus	Lactobacillus johnsonii	animal	lnuA	MLS
ARGH_002732	LABG_020271	Rep99	yes	Ligilactobacillus	Ligilactobacillus hohenheimensis	animal	ErmC	MLS
ARGH_002733	LABG_020271	Rep99	yes	Ligilactobacillus	Ligilactobacillus hohenheimensis	animal	ErmX	MLS
ARGH_002734	LABG_020281	MQ	no	Ligilactobacillus	Ligilactobacillus salivarius	animal	lnuA	MLS
ARGH_002735	LABG_020283	Rep99	yes	Lactobacillus	Lactobacillus johnsonii	animal	dfrF	trimethoprim
ARGH_002736	LABG_020285	Rep99	yes	Ligilactobacillus	Ligilactobacillus salivarius	animal	Enterococcus faecium chloramphenicol acetyltransferase	phenicol
ARGH_002737	LABG_020285	Rep99	yes	Ligilactobacillus	Ligilactobacillus salivarius	animal	tet(44)	tetracycline
ARGH_002738	LABG_020297	Rep99	yes	Ligilactobacillus	Ligilactobacillus salivarius	animal	fexB	phenicol
ARGH_002739	LABG_020297	Rep99	yes	Ligilactobacillus	Ligilactobacillus salivarius	animal	lnuC	MLS
ARGH_002740	LABG_020300	Rep99	yes	Ligilactobacillus	Ligilactobacillus salivarius	animal	AAC(6')-Ie-APH(2'')-Ia bifunctional protein	aminoglycoside
ARGH_002741	LABG_020317	Rep99	yes	Ligilactobacillus	Ligilactobacillus salivarius	animal	AAC(6')-Ie-APH(2'')-Ia bifunctional protein	aminoglycoside
ARGH_002742	LABG_020328	Rep99	yes	Limosilactobacillus	Limosilactobacillus reuteri_E	animal	AAC(6')-Ie-APH(2'')-Ia bifunctional protein	aminoglycoside
ARGH_002743	LABG_020328	Rep99	yes	Limosilactobacillus	Limosilactobacillus reuteri_E	animal	dfrG	trimethoprim
ARGH_002744	LABG_020328	Rep99	yes	Limosilactobacillus	Limosilactobacillus reuteri_E	animal	vatH	MLS
ARGH_002745	LABG_020328	Rep99	yes	Limosilactobacillus	Limosilactobacillus reuteri_E	animal	vgaD	MLS
ARGH_002746	LABG_020352	Rep99	yes	Ligilactobacillus	Ligilactobacillus salivarius	animal	fexA	phenicol
ARGH_002747	LABG_020360	MQ	no	Limosilactobacillus	Limosilactobacillus oris_A	animal	dfrG	trimethoprim
ARGH_002748	LABG_020368	Rep99	yes	Ligilactobacillus	Ligilactobacillus salivarius	animal	catA8	phenicol
ARGH_002749	LABG_020368	Rep99	yes	Ligilactobacillus	Ligilactobacillus salivarius	animal	fexB	phenicol
ARGH_002750	LABG_020368	Rep99	yes	Ligilactobacillus	Ligilactobacillus salivarius	animal	lnuA	MLS
ARGH_002751	LABG_020371	MQ	no	Ligilactobacillus	Ligilactobacillus salivarius	animal	tet(44)	tetracycline
ARGH_002752	LABG_020379	MQ	no	Ligilactobacillus	Ligilactobacillus salivarius	animal	catA8	phenicol
ARGH_002753	LABG_020383	Rep99	yes	Limosilactobacillus	Limosilactobacillus oris_A	animal	tet(40)	tetracycline
ARGH_002754	LABG_020386	MQ	no	Lactobacillus	Lactobacillus crispatus	animal	ANT(9)-Ia	aminoglycoside
ARGH_002755	LABG_020388	MQ	no	Ligilactobacillus	Ligilactobacillus salivarius	animal	tet(L)	tetracycline
ARGH_002756	LABG_020392	Rep99	yes	Lactobacillus	Lactobacillus johnsonii	animal	tet(K)	tetracycline
ARGH_002757	LABG_020399	MQ	no	Lactobacillus	Lactobacillus crispatus	animal	Streptococcus suis chloramphenicol acetyltransferase	phenicol
ARGH_002758	LABG_020399	MQ	no	Lactobacillus	Lactobacillus crispatus	animal	vatE	MLS
ARGH_002759	LABG_020400	Rep99	yes	Weissella	Weissella thailandensis	animal	tet(B)	tetracycline
ARGH_002760	LABG_020400	Rep99	yes	Weissella	Weissella thailandensis	animal	tetR	tetracycline
ARGH_002761	LABG_020403	Rep99	yes	Ligilactobacillus	Ligilactobacillus salivarius	animal	mphC	MLS
ARGH_002762	LABG_020403	Rep99	yes	Ligilactobacillus	Ligilactobacillus salivarius	animal	msrA	MLS
ARGH_002763	LABG_020405	Rep99	yes	Limosilactobacillus	Limosilactobacillus reuteri_E	animal	vatE	MLS
ARGH_002764	LABG_020411	MQ	no	Lactobacillus	Lactobacillus johnsonii	animal	mphG	MLS
ARGH_002765	LABG_020412	Rep99	yes	Limosilactobacillus	Limosilactobacillus reuteri_E	animal	vatE	MLS
ARGH_002766	LABG_020416	Rep99	yes	Lactobacillus	Lactobacillus johnsonii	animal	lnuB	MLS
ARGH_002767	LABG_020416	Rep99	yes	Lactobacillus	Lactobacillus johnsonii	animal	lsaE	multidrug
ARGH_002768	LABG_020422	Rep99	yes	Ligilactobacillus	Ligilactobacillus salivarius	animal	tet(L)	tetracycline
ARGH_002769	LABG_020422	Rep99	yes	Ligilactobacillus	Ligilactobacillus salivarius	animal	tet(M)	tetracycline
ARGH_002770	LABG_020435	Rep99	yes	Ligilactobacillus	Ligilactobacillus salivarius	animal	dfrG	trimethoprim
ARGH_002771	LABG_020437	Rep99	yes	Lactobacillus	Lactobacillus gigeriorum	animal	fexA	phenicol
ARGH_002772	LABG_020438	Rep99	yes	Ligilactobacillus	Ligilactobacillus salivarius	animal	ErmC	MLS
ARGH_002773	LABG_020438	Rep99	yes	Ligilactobacillus	Ligilactobacillus salivarius	animal	Streptococcus suis chloramphenicol acetyltransferase	phenicol
ARGH_002774	LABG_020439	MQ	no	Ligilactobacillus	Ligilactobacillus salivarius	animal	ErmC	MLS
ARGH_002775	LABG_020444	MQ	no	Ligilactobacillus	Ligilactobacillus salivarius	animal	tet(L)	tetracycline
ARGH_002776	LABG_020471	Rep99	yes	Ligilactobacillus	Ligilactobacillus salivarius	animal	ANT(6)-Ia	aminoglycoside
ARGH_002777	LABG_020471	Rep99	yes	Ligilactobacillus	Ligilactobacillus salivarius	animal	catA8	phenicol
ARGH_002778	LABG_020471	Rep99	yes	Ligilactobacillus	Ligilactobacillus salivarius	animal	tet(M)	tetracycline
ARGH_002779	LABG_020475	MQ	no	Ligilactobacillus	Ligilactobacillus salivarius	animal	tet(44)	tetracycline
ARGH_002780	LABG_020482	MQ	no	Limosilactobacillus	Limosilactobacillus reuteri_E	animal	vatE	MLS
ARGH_002781	LABG_020510	MQ	no	Lactobacillus	Lactobacillus crispatus	animal	QnrB19	fluoroquinolone
ARGH_002782	LABG_020510	MQ	no	Lactobacillus	Lactobacillus crispatus	animal	spd	aminoglycoside
ARGH_002783	LABG_020510	MQ	no	Lactobacillus	Lactobacillus crispatus	animal	TEM-1	beta-lactam
ARGH_002784	LABG_020526	MQ	no	Gallilactobacillus	Gallilactobacillus intestinavium	animal	AAC(6')-Ie-APH(2'')-Ia bifunctional protein	aminoglycoside
ARGH_002785	LABG_020526	MQ	no	Gallilactobacillus	Gallilactobacillus intestinavium	animal	aadS	aminoglycoside
ARGH_002786	LABG_020526	MQ	no	Gallilactobacillus	Gallilactobacillus intestinavium	animal	catA8	phenicol
ARGH_002787	LABG_020526	MQ	no	Gallilactobacillus	Gallilactobacillus intestinavium	animal	OXA-347	beta-lactam
ARGH_002788	LABG_020535	Rep99	yes	Ligilactobacillus	Ligilactobacillus salivarius	animal	AAC(6')-Ie-APH(2'')-Ia bifunctional protein	aminoglycoside
ARGH_002789	LABG_020535	Rep99	yes	Ligilactobacillus	Ligilactobacillus salivarius	animal	ANT(6)-Ia	aminoglycoside
ARGH_002790	LABG_020535	Rep99	yes	Ligilactobacillus	Ligilactobacillus salivarius	animal	catA8	phenicol
ARGH_002791	LABG_020535	Rep99	yes	Ligilactobacillus	Ligilactobacillus salivarius	animal	ErmB	MLS
ARGH_002792	LABG_020535	Rep99	yes	Ligilactobacillus	Ligilactobacillus salivarius	animal	ErmC	MLS
ARGH_002793	LABG_020535	Rep99	yes	Ligilactobacillus	Ligilactobacillus salivarius	animal	fexA	phenicol
ARGH_002794	LABG_020536	Rep99	yes	Lactobacillus	Lactobacillus johnsonii	animal	lnuC	MLS
ARGH_002795	LABG_020541	Rep99	yes	Ligilactobacillus	Ligilactobacillus aviarius	animal	ErmB	MLS
ARGH_002796	LABG_020541	Rep99	yes	Ligilactobacillus	Ligilactobacillus aviarius	animal	fexB	phenicol
ARGH_002797	LABG_020541	Rep99	yes	Ligilactobacillus	Ligilactobacillus aviarius	animal	tet(W)	tetracycline
ARGH_002798	LABG_020542	Rep99	yes	Lactobacillus	Lactobacillus sp946579245	animal	ErmT	MLS
ARGH_002799	LABG_020542	Rep99	yes	Lactobacillus	Lactobacillus sp946579245	animal	fexA	phenicol
ARGH_002800	LABG_020542	Rep99	yes	Lactobacillus	Lactobacillus sp946579245	animal	lnuA	MLS
ARGH_002801	LABG_020542	Rep99	yes	Lactobacillus	Lactobacillus sp946579245	animal	vatH	MLS
ARGH_002802	LABG_020546	Rep99	yes	Ligilactobacillus	Ligilactobacillus salivarius	animal	lnuA	MLS
ARGH_002803	LABG_020546	Rep99	yes	Ligilactobacillus	Ligilactobacillus salivarius	animal	lnuB	MLS
ARGH_002804	LABG_020546	Rep99	yes	Ligilactobacillus	Ligilactobacillus salivarius	animal	lsaE	multidrug
ARGH_002805	LABG_020546	Rep99	yes	Ligilactobacillus	Ligilactobacillus salivarius	animal	Streptococcus suis chloramphenicol acetyltransferase	phenicol
ARGH_002806	LABG_020546	Rep99	yes	Ligilactobacillus	Ligilactobacillus salivarius	animal	tet(L)	tetracycline
ARGH_002807	LABG_020558	Rep99	yes	Ligilactobacillus	Ligilactobacillus salivarius	animal	AAC(6')-Ie-APH(2'')-Ia bifunctional protein	aminoglycoside
ARGH_002808	LABG_020558	Rep99	yes	Ligilactobacillus	Ligilactobacillus salivarius	animal	dfrG	trimethoprim
ARGH_002809	LABG_020567	Rep99	yes	Ligilactobacillus	Ligilactobacillus agilis	animal	vatH	MLS
ARGH_002810	LABG_020567	Rep99	yes	Ligilactobacillus	Ligilactobacillus agilis	animal	vgaD	MLS
ARGH_002811	LABG_020580	Rep99	yes	Lactobacillus	Lactobacillus gallinarum	animal	ErmB	MLS
ARGH_002812	LABG_020580	Rep99	yes	Lactobacillus	Lactobacillus gallinarum	animal	fexB	phenicol
ARGH_002813	LABG_020580	Rep99	yes	Lactobacillus	Lactobacillus gallinarum	animal	lnuA	MLS
ARGH_002814	LABG_020580	Rep99	yes	Lactobacillus	Lactobacillus gallinarum	animal	Streptococcus suis chloramphenicol acetyltransferase	phenicol
ARGH_002815	LABG_020588	Rep99	yes	Limosilactobacillus	Limosilactobacillus ingluviei	animal	lnuC	MLS
ARGH_002816	LABG_020590	Rep99	yes	Ligilactobacillus	Ligilactobacillus salivarius	animal	ANT(9)-Ia	aminoglycoside
ARGH_002817	LABG_020590	Rep99	yes	Ligilactobacillus	Ligilactobacillus salivarius	animal	dfrK	trimethoprim
ARGH_002818	LABG_020590	Rep99	yes	Ligilactobacillus	Ligilactobacillus salivarius	animal	ErmA	MLS
ARGH_002819	LABG_020595	Rep99	yes	Ligilactobacillus	Ligilactobacillus salivarius	animal	lnuB	MLS
ARGH_002820	LABG_020595	Rep99	yes	Ligilactobacillus	Ligilactobacillus salivarius	animal	lsaE	multidrug
ARGH_002821	LABG_020597	Rep99	yes	Limosilactobacillus	Limosilactobacillus reuteri_E	animal	emrK	tetracycline
ARGH_002822	LABG_020597	Rep99	yes	Limosilactobacillus	Limosilactobacillus reuteri_E	animal	emrY	tetracycline
ARGH_002823	LABG_020597	Rep99	yes	Limosilactobacillus	Limosilactobacillus reuteri_E	animal	evgA	multidrug
ARGH_002824	LABG_020600	Rep99	yes	Limosilactobacillus	Limosilactobacillus reuteri_E	animal	apmA	aminoglycoside
ARGH_002825	LABG_020606	Rep99	yes	Limosilactobacillus	Limosilactobacillus ingluviei	animal	lnuC	MLS
ARGH_002826	LABG_020621	Rep99	yes	Lactobacillus	Lactobacillus crispatus	animal	ANT(6)-Ia	aminoglycoside
ARGH_002827	LABG_020621	Rep99	yes	Lactobacillus	Lactobacillus crispatus	animal	APH(3')-IIIa	aminoglycoside
ARGH_002828	LABG_020621	Rep99	yes	Lactobacillus	Lactobacillus crispatus	animal	fexB	phenicol
ARGH_002829	LABG_020621	Rep99	yes	Lactobacillus	Lactobacillus crispatus	animal	lnuB	MLS
ARGH_002830	LABG_020621	Rep99	yes	Lactobacillus	Lactobacillus crispatus	animal	lsaE	multidrug
ARGH_002831	LABG_020622	MQ	no	Limosilactobacillus	Limosilactobacillus reuteri_E	animal	fexA	phenicol
ARGH_002832	LABG_020652	MQ	no	Ligilactobacillus	Ligilactobacillus salivarius	animal	tet(44)	tetracycline
ARGH_002833	LABG_020655	Rep99	yes	Ligilactobacillus	Ligilactobacillus salivarius	animal	ANT(6)-Ia	aminoglycoside
ARGH_002834	LABG_020655	Rep99	yes	Ligilactobacillus	Ligilactobacillus salivarius	animal	ErmC	MLS
ARGH_002835	LABG_020655	Rep99	yes	Ligilactobacillus	Ligilactobacillus salivarius	animal	vatH	MLS
ARGH_002836	LABG_020655	Rep99	yes	Ligilactobacillus	Ligilactobacillus salivarius	animal	vgaD	MLS
ARGH_002837	LABG_020672	MQ	no	Lactobacillus	Lactobacillus sp027681045	animal	ErmB	MLS
ARGH_002838	LABG_020679	Rep99	yes	Companilactobacillus	Companilactobacillus farciminis	animal	ANT(9)-Ia	aminoglycoside
ARGH_002839	LABG_020686	MQ	no	Ligilactobacillus	Ligilactobacillus salivarius	animal	fexB	phenicol
ARGH_002840	LABG_020698	Rep99	yes	Ligilactobacillus	Ligilactobacillus salivarius	animal	Limosilactobacillus reuteri cat-TC	phenicol
ARGH_002841	LABG_020698	Rep99	yes	Ligilactobacillus	Ligilactobacillus salivarius	animal	tet(K)	tetracycline
ARGH_002842	LABG_020701	Rep99	yes	Limosilactobacillus	Limosilactobacillus reuteri_E	animal	Streptococcus suis chloramphenicol acetyltransferase	phenicol
ARGH_002843	LABG_020701	Rep99	yes	Limosilactobacillus	Limosilactobacillus reuteri_E	animal	tet(L)	tetracycline
ARGH_002844	LABG_020701	Rep99	yes	Limosilactobacillus	Limosilactobacillus reuteri_E	animal	tet(M)	tetracycline
ARGH_002845	LABG_020721	MQ	no	Ligilactobacillus	Ligilactobacillus salivarius	animal	lnuC	MLS
ARGH_002846	LABG_020725	Rep99	yes	Ligilactobacillus	Ligilactobacillus salivarius	animal	Streptococcus suis chloramphenicol acetyltransferase	phenicol
ARGH_002847	LABG_020730	MQ	no	Ligilactobacillus	Ligilactobacillus salivarius	animal	AAC(6')-Ie-APH(2'')-Ia bifunctional protein	aminoglycoside
ARGH_002848	LABG_020730	MQ	no	Ligilactobacillus	Ligilactobacillus salivarius	animal	ErmC	MLS
ARGH_002849	LABG_020748	Rep99	yes	Ligilactobacillus	Ligilactobacillus salivarius	animal	ANT(4')-Ia	aminoglycoside
ARGH_002850	LABG_020748	Rep99	yes	Ligilactobacillus	Ligilactobacillus salivarius	animal	ErmT	MLS
ARGH_002851	LABG_020753	MQ	no	Limosilactobacillus	Limosilactobacillus reuteri_E	animal	vatE	MLS
ARGH_002852	LABG_020757	Rep99	yes	Ligilactobacillus	Ligilactobacillus salivarius	animal	catA8	phenicol
ARGH_002853	LABG_020757	Rep99	yes	Ligilactobacillus	Ligilactobacillus salivarius	animal	fexB	phenicol
ARGH_002854	LABG_020757	Rep99	yes	Ligilactobacillus	Ligilactobacillus salivarius	animal	lnuA	MLS
ARGH_002855	LABG_020757	Rep99	yes	Ligilactobacillus	Ligilactobacillus salivarius	animal	tet(L)	tetracycline
ARGH_002856	LABG_020757	Rep99	yes	Ligilactobacillus	Ligilactobacillus salivarius	animal	tet(M)	tetracycline
ARGH_002857	LABG_020758	Rep99	yes	Lactobacillus	Lactobacillus sp946579245	animal	APH(3')-IIIa	aminoglycoside
ARGH_002858	LABG_020758	Rep99	yes	Lactobacillus	Lactobacillus sp946579245	animal	ErmB	MLS
ARGH_002859	LABG_020758	Rep99	yes	Lactobacillus	Lactobacillus sp946579245	animal	ErmT	MLS
ARGH_002860	LABG_020758	Rep99	yes	Lactobacillus	Lactobacillus sp946579245	animal	fexA	phenicol
ARGH_002861	LABG_020758	Rep99	yes	Lactobacillus	Lactobacillus sp946579245	animal	fexB	phenicol
ARGH_002862	LABG_020758	Rep99	yes	Lactobacillus	Lactobacillus sp946579245	animal	lnuA	MLS
ARGH_002863	LABG_020758	Rep99	yes	Lactobacillus	Lactobacillus sp946579245	animal	poxtA	multidrug
ARGH_002864	LABG_020758	Rep99	yes	Lactobacillus	Lactobacillus sp946579245	animal	tet(W)	tetracycline
ARGH_002865	LABG_020765	Rep99	yes	Ligilactobacillus	Ligilactobacillus hohenheimensis	animal	ErmC	MLS
ARGH_002866	LABG_020767	MQ	no	Ligilactobacillus		animal	lnuA	MLS
ARGH_002867	LABG_020767	MQ	no	Ligilactobacillus		animal	tet(44)	tetracycline
ARGH_002868	LABG_020771	MQ	no	Ligilactobacillus	Ligilactobacillus salivarius	animal	Streptococcus suis chloramphenicol acetyltransferase	phenicol
ARGH_002869	LABG_020785	Rep99	yes	Ligilactobacillus	Ligilactobacillus salivarius	animal	aad(6)	aminoglycoside
ARGH_002870	LABG_020786	Rep99	yes	Weissella	Weissella thailandensis	animal	sul3	sulfonamide
ARGH_002871	LABG_020793	Rep99	yes	Ligilactobacillus	Ligilactobacillus salivarius	animal	ANT(4')-Ia	aminoglycoside
ARGH_002872	LABG_020803	MQ	no	Lactobacillus	Lactobacillus crispatus	animal	FosXCC	fosfomycin
ARGH_002873	LABG_020803	MQ	no	Lactobacillus	Lactobacillus crispatus	animal	Streptococcus suis chloramphenicol acetyltransferase	phenicol
ARGH_002874	LABG_020819	Rep99	yes	Limosilactobacillus	Limosilactobacillus ingluviei	animal	lnuC	MLS
ARGH_002875	LABG_020820	MQ	no	Lactobacillus	Lactobacillus johnsonii	animal	dfrD	trimethoprim
ARGH_002876	LABG_020822	Rep99	yes	Ligilactobacillus	Ligilactobacillus aviarius	animal	lnuA	MLS
ARGH_002877	LABG_020830	MQ	no	Lactobacillus	Lactobacillus johnsonii	animal	tet(L)	tetracycline
ARGH_002878	LABG_020848	Rep99	yes	Ligilactobacillus	Ligilactobacillus salivarius	animal	ANT(6)-Ib	aminoglycoside
ARGH_002879	LABG_020857	Rep99	yes	Ligilactobacillus	Ligilactobacillus aviarius	animal	Streptococcus suis chloramphenicol acetyltransferase	phenicol
ARGH_002880	LABG_020857	Rep99	yes	Ligilactobacillus	Ligilactobacillus aviarius	animal	tet(W)	tetracycline
ARGH_002881	LABG_020857	Rep99	yes	Ligilactobacillus	Ligilactobacillus aviarius	animal	vatE	MLS
ARGH_002882	LABG_020865	Rep99	yes	Ligilactobacillus		animal	fexB	phenicol
ARGH_002883	LABG_020875	Rep99	yes	Lactobacillus	Lactobacillus crispatus	animal	ErmT	MLS
ARGH_002884	LABG_020875	Rep99	yes	Lactobacillus	Lactobacillus crispatus	animal	tet(M)	tetracycline
ARGH_002885	LABG_020880	Rep99	yes	Lactobacillus	Lactobacillus crispatus	animal	ErmB	MLS
ARGH_002886	LABG_020880	Rep99	yes	Lactobacillus	Lactobacillus crispatus	animal	ErmT	MLS
ARGH_002887	LABG_020880	Rep99	yes	Lactobacillus	Lactobacillus crispatus	animal	lnuA	MLS
ARGH_002888	LABG_020880	Rep99	yes	Lactobacillus	Lactobacillus crispatus	animal	Streptococcus suis chloramphenicol acetyltransferase	phenicol
ARGH_002889	LABG_020880	Rep99	yes	Lactobacillus	Lactobacillus crispatus	animal	vatE	MLS
ARGH_002890	LABG_020887	Rep99	yes	Ligilactobacillus	Ligilactobacillus salivarius	animal	catA8	phenicol
ARGH_002891	LABG_020897	Rep99	yes	Ligilactobacillus	Ligilactobacillus salivarius	animal	ANT(6)-Ia	aminoglycoside
ARGH_002892	LABG_020899	MQ	no	Ligilactobacillus	Ligilactobacillus agilis	animal	ErmB	MLS
ARGH_002893	LABG_020902	Rep99	yes	Limosilactobacillus	Limosilactobacillus reuteri_E	animal	tet(B)	tetracycline
ARGH_002894	LABG_020902	Rep99	yes	Limosilactobacillus	Limosilactobacillus reuteri_E	animal	tetR	tetracycline
ARGH_002895	LABG_020904	Rep99	yes	Limosilactobacillus	Limosilactobacillus oris_A	animal	aadA2	aminoglycoside
ARGH_002896	LABG_020904	Rep99	yes	Limosilactobacillus	Limosilactobacillus oris_A	animal	dfrA15	trimethoprim
ARGH_002897	LABG_020913	Rep99	yes	Ligilactobacillus	Ligilactobacillus salivarius	animal	ErmF	MLS
ARGH_002898	LABG_020913	Rep99	yes	Ligilactobacillus	Ligilactobacillus salivarius	animal	OXA-347	beta-lactam
ARGH_002899	LABG_020913	Rep99	yes	Ligilactobacillus	Ligilactobacillus salivarius	animal	tet(44)	tetracycline
ARGH_002900	LABG_020913	Rep99	yes	Ligilactobacillus	Ligilactobacillus salivarius	animal	vatE	MLS
ARGH_002901	LABG_020916	Rep99	yes	Ligilactobacillus	Ligilactobacillus salivarius	animal	lnuC	MLS
ARGH_002902	LABG_020919	Rep99	yes	Limosilactobacillus	Limosilactobacillus reuteri_E	animal	APH(3')-Ia	aminoglycoside
ARGH_002903	LABG_020919	Rep99	yes	Limosilactobacillus	Limosilactobacillus reuteri_E	animal	tet(B)	tetracycline
ARGH_002904	LABG_020919	Rep99	yes	Limosilactobacillus	Limosilactobacillus reuteri_E	animal	tetR	tetracycline
ARGH_002905	LABG_020919	Rep99	yes	Limosilactobacillus	Limosilactobacillus reuteri_E	animal	ugd	peptide
ARGH_002906	LABG_020926	Rep99	yes	Lactobacillus	Lactobacillus gallinarum	animal	Streptococcus suis chloramphenicol acetyltransferase	phenicol
ARGH_002907	LABG_020927	Rep99	yes	Ligilactobacillus	Ligilactobacillus salivarius	animal	AAC(6')-Ie-APH(2'')-Ia bifunctional protein	aminoglycoside
ARGH_002908	LABG_020927	Rep99	yes	Ligilactobacillus	Ligilactobacillus salivarius	animal	ErmT	MLS
ARGH_002909	LABG_020927	Rep99	yes	Ligilactobacillus	Ligilactobacillus salivarius	animal	vatH	MLS
ARGH_002910	LABG_020927	Rep99	yes	Ligilactobacillus	Ligilactobacillus salivarius	animal	vgaD	MLS
ARGH_002911	LABG_020930	Rep99	yes	Ligilactobacillus	Ligilactobacillus excrementigallinarum	animal	lnuB	MLS
ARGH_002912	LABG_020930	Rep99	yes	Ligilactobacillus	Ligilactobacillus excrementigallinarum	animal	lsaE	multidrug
ARGH_002913	LABG_020938	MQ	no	Ligilactobacillus	Ligilactobacillus salivarius	animal	fexA	phenicol
ARGH_002914	LABG_020947	MQ	no	Limosilactobacillus	Limosilactobacillus vaginalis	animal	ErmB	MLS
ARGH_002915	LABG_020948	Rep99	yes	Lactobacillus	Lactobacillus gallinarum	animal	lnuC	MLS
ARGH_002916	LABG_020949	Rep99	yes	Ligilactobacillus	Ligilactobacillus salivarius	animal	ANT(9)-Ia	aminoglycoside
ARGH_002917	LABG_020952	Rep99	yes	Lactobacillus	Lactobacillus johnsonii	animal	vatE	MLS
ARGH_002918	LABG_020963	Rep99	yes	Limosilactobacillus	Limosilactobacillus ingluviei	animal	lnuC	MLS
ARGH_002919	LABG_020975	Rep99	yes	Lactobacillus	Lactobacillus crispatus	animal	Limosilactobacillus reuteri cat-TC	phenicol
ARGH_002920	LABG_020978	MQ	no	Lactobacillus	Lactobacillus crispatus	animal	Streptococcus suis chloramphenicol acetyltransferase	phenicol
ARGH_002921	LABG_020981	Rep99	yes	Ligilactobacillus	Ligilactobacillus salivarius	animal	AAC(6')-Ie-APH(2'')-Ia bifunctional protein	aminoglycoside
ARGH_002922	LABG_020981	Rep99	yes	Ligilactobacillus	Ligilactobacillus salivarius	animal	Erm(52)	MLS
ARGH_002923	LABG_020981	Rep99	yes	Ligilactobacillus	Ligilactobacillus salivarius	animal	ErmB	MLS
ARGH_002924	LABG_020981	Rep99	yes	Ligilactobacillus	Ligilactobacillus salivarius	animal	ErmC	MLS
ARGH_002925	LABG_020981	Rep99	yes	Ligilactobacillus	Ligilactobacillus salivarius	animal	Streptococcus suis chloramphenicol acetyltransferase	phenicol
ARGH_002926	LABG_020981	Rep99	yes	Ligilactobacillus	Ligilactobacillus salivarius	animal	tet(K)	tetracycline
ARGH_002927	LABG_020981	Rep99	yes	Ligilactobacillus	Ligilactobacillus salivarius	animal	tet(M)	tetracycline
ARGH_002928	LABG_020986	Rep99	yes	Lactobacillus	Lactobacillus crispatus	animal	dfrG	trimethoprim
ARGH_002929	LABG_020986	Rep99	yes	Lactobacillus	Lactobacillus crispatus	animal	vatE	MLS
ARGH_002930	LABG_020998	Rep99	yes	Lactobacillus	Lactobacillus crispatus	animal	catA8	phenicol
ARGH_002931	LABG_020998	Rep99	yes	Lactobacillus	Lactobacillus crispatus	animal	Streptococcus suis chloramphenicol acetyltransferase	phenicol
ARGH_002932	LABG_020998	Rep99	yes	Lactobacillus	Lactobacillus crispatus	animal	tet(L)	tetracycline
ARGH_002933	LABG_020998	Rep99	yes	Lactobacillus	Lactobacillus crispatus	animal	tet(M)	tetracycline
ARGH_002934	LABG_020998	Rep99	yes	Lactobacillus	Lactobacillus crispatus	animal	vatE	MLS
ARGH_002935	LABG_021002	Rep99	yes	Lactobacillus	Lactobacillus johnsonii	animal	ANT(9)-Ia	aminoglycoside
ARGH_002936	LABG_021014	MQ	no	Limosilactobacillus	Limosilactobacillus vaginalis	animal	APH(3')-IIIa	aminoglycoside
ARGH_002937	LABG_021014	MQ	no	Limosilactobacillus	Limosilactobacillus vaginalis	animal	qacL	disinfecting agents and antiseptics
ARGH_002938	LABG_021014	MQ	no	Limosilactobacillus	Limosilactobacillus vaginalis	animal	sul3	sulfonamide
ARGH_002939	LABG_021062	Rep99	yes	Ligilactobacillus	Ligilactobacillus salivarius	animal	ANT(6)-Ia	aminoglycoside
ARGH_002940	LABG_021062	Rep99	yes	Ligilactobacillus	Ligilactobacillus salivarius	animal	catA8	phenicol
ARGH_002941	LABG_021062	Rep99	yes	Ligilactobacillus	Ligilactobacillus salivarius	animal	dfrG	trimethoprim
ARGH_002942	LABG_021062	Rep99	yes	Ligilactobacillus	Ligilactobacillus salivarius	animal	ErmB	MLS
ARGH_002943	LABG_021062	Rep99	yes	Ligilactobacillus	Ligilactobacillus salivarius	animal	ErmT	MLS
ARGH_002944	LABG_021062	Rep99	yes	Ligilactobacillus	Ligilactobacillus salivarius	animal	lnuA	MLS
ARGH_002945	LABG_021062	Rep99	yes	Ligilactobacillus	Ligilactobacillus salivarius	animal	Streptococcus suis chloramphenicol acetyltransferase	phenicol
ARGH_002946	LABG_021062	Rep99	yes	Ligilactobacillus	Ligilactobacillus salivarius	animal	tet(M)	tetracycline
ARGH_002947	LABG_021062	Rep99	yes	Ligilactobacillus	Ligilactobacillus salivarius	animal	vatE	MLS
ARGH_002948	LABG_021062	Rep99	yes	Ligilactobacillus	Ligilactobacillus salivarius	animal	vatE	MLS
ARGH_002949	LABG_021063	Rep99	yes	Ligilactobacillus	Ligilactobacillus salivarius	animal	AAC(6')-Ie-APH(2'')-Ia bifunctional protein	aminoglycoside
ARGH_002950	LABG_021063	Rep99	yes	Ligilactobacillus	Ligilactobacillus salivarius	animal	catA8	phenicol
ARGH_002951	LABG_021063	Rep99	yes	Ligilactobacillus	Ligilactobacillus salivarius	animal	ErmC	MLS
ARGH_002952	LABG_021063	Rep99	yes	Ligilactobacillus	Ligilactobacillus salivarius	animal	fexA	phenicol
ARGH_002953	LABG_021063	Rep99	yes	Ligilactobacillus	Ligilactobacillus salivarius	animal	fexB	phenicol
ARGH_002954	LABG_021063	Rep99	yes	Ligilactobacillus	Ligilactobacillus salivarius	animal	lnuA	MLS
ARGH_002955	LABG_021063	Rep99	yes	Ligilactobacillus	Ligilactobacillus salivarius	animal	tet(L)	tetracycline
ARGH_002956	LABG_021063	Rep99	yes	Ligilactobacillus	Ligilactobacillus salivarius	animal	tet(M)	tetracycline
ARGH_002957	LABG_021064	Rep99	yes	Ligilactobacillus	Ligilactobacillus agilis	animal	lnuA	MLS
ARGH_002958	LABG_021067	Rep99	yes	Limosilactobacillus	Limosilactobacillus sp011958095	animal	Campylobacter coli chloramphenicol acetyltransferase	phenicol
ARGH_002959	LABG_021067	Rep99	yes	Limosilactobacillus	Limosilactobacillus sp011958095	animal	FosXCC	fosfomycin
ARGH_002960	LABG_021070	MQ	no	Lactobacillus	Lactobacillus crispatus	animal	tet(K)	tetracycline
ARGH_002961	LABG_021070	MQ	no	Lactobacillus	Lactobacillus crispatus	animal	tet(L)	tetracycline
ARGH_002962	LABG_021070	MQ	no	Lactobacillus	Lactobacillus crispatus	animal	vatE	MLS
ARGH_002963	LABG_021097	MQ	no	Limosilactobacillus	Limosilactobacillus faecipullorum	animal	dfrG	trimethoprim
ARGH_002964	LABG_021100	Rep99	yes	Limosilactobacillus	Limosilactobacillus ingluviei	animal	lnuC	MLS
ARGH_002965	LABG_021113	MQ	no	Ligilactobacillus	Ligilactobacillus aviarius_C	animal	Streptococcus suis chloramphenicol acetyltransferase	phenicol
ARGH_002966	LABG_021135	Rep99	yes	Ligilactobacillus	Ligilactobacillus salivarius	animal	cfrA	multidrug
ARGH_002967	LABG_021135	Rep99	yes	Ligilactobacillus	Ligilactobacillus salivarius	animal	tet(K)	tetracycline
ARGH_002968	LABG_021158	Rep99	yes	Ligilactobacillus	Ligilactobacillus salivarius	animal	vatH	MLS
ARGH_002969	LABG_021158	Rep99	yes	Ligilactobacillus	Ligilactobacillus salivarius	animal	vgaD	MLS
ARGH_002970	LABG_021167	Rep99	yes	Lactobacillus	Lactobacillus crispatus	animal	tet(L)	tetracycline
ARGH_002971	LABG_021167	Rep99	yes	Lactobacillus	Lactobacillus crispatus	animal	tet(M)	tetracycline
ARGH_002972	LABG_021167	Rep99	yes	Lactobacillus	Lactobacillus crispatus	animal	vatE	MLS
ARGH_002973	LABG_021171	MQ	no	Ligilactobacillus	Ligilactobacillus salivarius	animal	tet(L)	tetracycline
ARGH_002974	LABG_021171	MQ	no	Ligilactobacillus	Ligilactobacillus salivarius	animal	tet(M)	tetracycline
ARGH_002975	LABG_021189	MQ	no	Ligilactobacillus	Ligilactobacillus aviarius	animal	ErmT	MLS
ARGH_002976	LABG_021189	MQ	no	Ligilactobacillus	Ligilactobacillus aviarius	animal	tet(O/W)	tetracycline
ARGH_002977	LABG_021195	Rep99	yes	Lactobacillus	Lactobacillus johnsonii	animal	lnuB	MLS
ARGH_002978	LABG_021195	Rep99	yes	Lactobacillus	Lactobacillus johnsonii	animal	lsaE	multidrug
ARGH_002979	LABG_021195	Rep99	yes	Lactobacillus	Lactobacillus johnsonii	animal	qacG	disinfecting agents and antiseptics
ARGH_002980	LABG_021218	Rep99	yes	Ligilactobacillus	Ligilactobacillus salivarius	animal	tet(L)	tetracycline
ARGH_002981	LABG_021218	Rep99	yes	Ligilactobacillus	Ligilactobacillus salivarius	animal	tet(M)	tetracycline
ARGH_002982	LABG_021222	MQ	no	Ligilactobacillus	Ligilactobacillus salivarius	animal	tet(K)	tetracycline
ARGH_002983	LABG_021237	MQ	no	Lactobacillus	Lactobacillus johnsonii	animal	ErmT	MLS
ARGH_002984	LABG_021237	MQ	no	Lactobacillus	Lactobacillus johnsonii	animal	Streptococcus suis chloramphenicol acetyltransferase	phenicol
ARGH_002985	LABG_021237	MQ	no	Lactobacillus	Lactobacillus johnsonii	animal	Streptococcus suis chloramphenicol acetyltransferase	phenicol
ARGH_002986	LABG_021241	Rep99	yes	Gallilactobacillus	Gallilactobacillus intestinavium	animal	ANT(6)-Ib	aminoglycoside
ARGH_002987	LABG_021241	Rep99	yes	Gallilactobacillus	Gallilactobacillus intestinavium	animal	tet(44)	tetracycline
ARGH_002988	LABG_021243	Rep99	yes	Ligilactobacillus	Ligilactobacillus salivarius	animal	ErmT	MLS
ARGH_002989	LABG_021243	Rep99	yes	Ligilactobacillus	Ligilactobacillus salivarius	animal	lnuB	MLS
ARGH_002990	LABG_021243	Rep99	yes	Ligilactobacillus	Ligilactobacillus salivarius	animal	lsaE	multidrug
ARGH_002991	LABG_021244	Rep99	yes	Ligilactobacillus	Ligilactobacillus salivarius	animal	ErmC	MLS
ARGH_002992	LABG_021249	MQ	no	Limosilactobacillus	Limosilactobacillus oris_A	animal	AAC(6')-Ie-APH(2'')-Ia bifunctional protein	aminoglycoside
ARGH_002993	LABG_021249	MQ	no	Limosilactobacillus	Limosilactobacillus oris_A	animal	aadA	aminoglycoside
ARGH_002994	LABG_021249	MQ	no	Limosilactobacillus	Limosilactobacillus oris_A	animal	dfrA1	trimethoprim
ARGH_002995	LABG_021249	MQ	no	Limosilactobacillus	Limosilactobacillus oris_A	animal	qacEdelta1	disinfecting agents and antiseptics
ARGH_002996	LABG_021249	MQ	no	Limosilactobacillus	Limosilactobacillus oris_A	animal	sul1	sulfonamide
ARGH_002997	LABG_021249	MQ	no	Limosilactobacillus	Limosilactobacillus oris_A	animal	tet(40)	tetracycline
ARGH_002998	LABG_021252	Rep99	yes	Lactobacillus	Lactobacillus crispatus	animal	Streptococcus suis chloramphenicol acetyltransferase	phenicol
ARGH_002999	LABG_021267	Rep99	yes	Ligilactobacillus	Ligilactobacillus agilis	animal	Limosilactobacillus reuteri cat-TC	phenicol
ARGH_003000	LABG_021371	MQ	no	Leuconostoc	Leuconostoc mesenteroides	food	ErmB	MLS
ARGH_003001	LABG_021377	MQ	no	Leuconostoc	Leuconostoc mesenteroides	food	ErmB	MLS
ARGH_003002	LABG_021388	MQ	no	Lactobacillus	Lactobacillus helveticus	food	ErmB	MLS
ARGH_003003	LABG_021390	MQ	no	Paucilactobacillus	Paucilactobacillus nenjiangensis	food	ErmB	MLS
ARGH_003004	LABG_021458	MQ	no	Lentilactobacillus	Lentilactobacillus hilgardii	food	tet(X6)	tetracycline
ARGH_003005	LABG_021467	MQ	no	Lentilactobacillus	Lentilactobacillus hilgardii	food	tet(X6)	tetracycline
ARGH_003006	LABG_021756	MQ	no	Lactobacillus	Lactobacillus helveticus	food	lnuA	MLS
ARGH_003007	LABG_021756	MQ	no	Lactobacillus	Lactobacillus helveticus	food	qacJ	disinfecting agents and antiseptics
ARGH_003008	LABG_021756	MQ	no	Lactobacillus	Lactobacillus helveticus	food	tet(S)	tetracycline
ARGH_003009	LABG_021833	MQ	no	Lactobacillus	Lactobacillus gasseri	food	adeS	tetracycline
ARGH_003010	LABG_022056	MQ	no	Ligilactobacillus	Ligilactobacillus animalis	human	lnuG	MLS
ARGH_003011	LABG_022056	MQ	no	Ligilactobacillus	Ligilactobacillus animalis	human	tet(M)	tetracycline
ARGH_003012	LABG_022058	MQ	no	Lactobacillus	Lactobacillus amylovorus	human	tet(W)	tetracycline
ARGH_003013	LABG_022072	MQ	no	Limosilactobacillus	Limosilactobacillus reuteri_E	human	lnuA	MLS
ARGH_003014	LABG_022072	MQ	no	Limosilactobacillus	Limosilactobacillus reuteri_E	human	tet(W)	tetracycline
ARGH_003015	LABG_022099	MQ	no	Ligilactobacillus	Ligilactobacillus sp900765635	human	ANT(6)-Ia	aminoglycoside
ARGH_003016	LABG_022099	MQ	no	Ligilactobacillus	Ligilactobacillus sp900765635	human	dfrG	trimethoprim
ARGH_003017	LABG_022099	MQ	no	Ligilactobacillus	Ligilactobacillus sp900765635	human	lnuB	MLS
ARGH_003018	LABG_022099	MQ	no	Ligilactobacillus	Ligilactobacillus sp900765635	human	lsaE	multidrug
ARGH_003019	LABG_022106	MQ	no	Lactobacillus	Lactobacillus gallinarum	human	lnuA	MLS
ARGH_003020	LABG_022122	Rep99	yes	Limosilactobacillus	Limosilactobacillus pulli	human	tet(W)	tetracycline
ARGH_003021	LABG_022140	MQ	no	Lactobacillus	Lactobacillus gallinarum	human	lnuA	MLS
ARGH_003022	LABG_022146	MQ	no	Ligilactobacillus	Ligilactobacillus sp900765635	human	ANT(6)-Ia	aminoglycoside
ARGH_003023	LABG_022146	MQ	no	Ligilactobacillus	Ligilactobacillus sp900765635	human	lnuB	MLS
ARGH_003024	LABG_022146	MQ	no	Ligilactobacillus	Ligilactobacillus sp900765635	human	lsaE	multidrug
ARGH_003025	LABG_022146	MQ	no	Ligilactobacillus	Ligilactobacillus sp900765635	human	tet(L)	tetracycline
ARGH_003026	LABG_022154	MQ	no	Ligilactobacillus	Ligilactobacillus animalis	human	lnuC	MLS
ARGH_003027	LABG_022168	MQ	no	Ligilactobacillus	Ligilactobacillus animalis	human	lnuC	MLS
ARGH_003028	LABG_022174	Rep99	yes	Ligilactobacillus	Ligilactobacillus salivarius	human	cfr(B)	multidrug
ARGH_003029	LABG_022186	MQ	no	Ligilactobacillus	Ligilactobacillus ruminis	human	tet(M)	tetracycline
ARGH_003030	LABG_022186	MQ	no	Ligilactobacillus	Ligilactobacillus ruminis	human	vanA	glycopeptide
ARGH_003031	LABG_022186	MQ	no	Ligilactobacillus	Ligilactobacillus ruminis	human	vanH gene in vanA cluster	glycopeptide
ARGH_003032	LABG_022186	MQ	no	Ligilactobacillus	Ligilactobacillus ruminis	human	vanX gene in vanA cluster	glycopeptide
ARGH_003033	LABG_022186	MQ	no	Ligilactobacillus	Ligilactobacillus ruminis	human	vanY gene in vanA cluster	glycopeptide
ARGH_003034	LABG_022197	MQ	no	Ligilactobacillus	Ligilactobacillus ruminis	human	tet(M)	tetracycline
ARGH_003035	LABG_022219	MQ	no	Ligilactobacillus	Ligilactobacillus salivarius	human	tet(L)	tetracycline
ARGH_003036	LABG_022227	MQ	no	Lacticaseibacillus	Lacticaseibacillus paracasei	human	tet(C)	tetracycline
ARGH_003037	LABG_022228	MQ	no	Ligilactobacillus	Ligilactobacillus ruminis	human	tet(M)	tetracycline
ARGH_003038	LABG_022242	Rep99	yes	Limosilactobacillus	Limosilactobacillus mucosae	human	ErmB	MLS
ARGH_003039	LABG_022242	Rep99	yes	Limosilactobacillus	Limosilactobacillus mucosae	human	tet(W)	tetracycline
ARGH_003040	LABG_022252	MQ	no	Limosilactobacillus	Limosilactobacillus reuteri_E	human	lnuA	MLS
ARGH_003041	LABG_022252	MQ	no	Limosilactobacillus	Limosilactobacillus reuteri_E	human	tet(W)	tetracycline
ARGH_003042	LABG_022283	MQ	no	Ligilactobacillus	Ligilactobacillus salivarius	human	tet(L)	tetracycline
ARGH_003043	LABG_022283	MQ	no	Ligilactobacillus	Ligilactobacillus salivarius	human	tet(M)	tetracycline
ARGH_003044	LABG_022283	MQ	no	Ligilactobacillus	Ligilactobacillus salivarius	human	vatE	MLS
ARGH_003045	LABG_022299	MQ	no	Ligilactobacillus	Ligilactobacillus ruminis	human	tet(M)	tetracycline
ARGH_003046	LABG_022320	MQ	no	Ligilactobacillus	Ligilactobacillus ruminis	human	tet(M)	tetracycline
ARGH_003047	LABG_022322	MQ	no	Limosilactobacillus	Limosilactobacillus reuteri_E	human	lnuA	MLS
ARGH_003048	LABG_022322	MQ	no	Limosilactobacillus	Limosilactobacillus reuteri_E	human	tet(W)	tetracycline
ARGH_003049	LABG_022331	MQ	no	Lactobacillus	Lactobacillus amylovorus	human	APH(3')-IIIa	aminoglycoside
ARGH_003050	LABG_022331	MQ	no	Lactobacillus	Lactobacillus amylovorus	human	ErmA	MLS
ARGH_003051	LABG_022337	MQ	no	Ligilactobacillus	Ligilactobacillus ruminis	human	lnuC	MLS
ARGH_003052	LABG_022360	MQ	no	Lactobacillus	Lactobacillus amylovorus	human	ErmA	MLS
ARGH_003053	LABG_022360	MQ	no	Lactobacillus	Lactobacillus amylovorus	human	lnuA	MLS
ARGH_003054	LABG_022360	MQ	no	Lactobacillus	Lactobacillus amylovorus	human	tet(W)	tetracycline
ARGH_003055	LABG_022360	MQ	no	Lactobacillus	Lactobacillus amylovorus	human	vatE	MLS
ARGH_003056	LABG_022365	MQ	no	Lactobacillus	Lactobacillus crispatus	human	tet(32)	tetracycline
ARGH_003057	LABG_022367	MQ	no	Lactobacillus	Lactobacillus amylovorus	human	APH(3')-IIIa	aminoglycoside
ARGH_003058	LABG_022367	MQ	no	Lactobacillus	Lactobacillus amylovorus	human	ErmA	MLS
ARGH_003059	LABG_022378	MQ	no	Leuconostoc	Leuconostoc citreum	human	ErmB	MLS
ARGH_003060	LABG_022381	MQ	no	Ligilactobacillus	Ligilactobacillus ruminis	human	dfrF	trimethoprim
ARGH_003061	LABG_022387	MQ	no	Lactobacillus	Lactobacillus amylovorus	human	vatE	MLS
ARGH_003062	LABG_022389	MQ	no	Lactobacillus	Lactobacillus paragasseri	human	ANT(9)-Ia	aminoglycoside
ARGH_003063	LABG_022389	MQ	no	Lactobacillus	Lactobacillus paragasseri	human	ErmA	MLS
ARGH_003064	LABG_022399	MQ	no	Ligilactobacillus	Ligilactobacillus salivarius	human	tet(L)	tetracycline
ARGH_003065	LABG_022399	MQ	no	Ligilactobacillus	Ligilactobacillus salivarius	human	tet(M)	tetracycline
ARGH_003066	LABG_022400	MQ	no	Ligilactobacillus	Ligilactobacillus animalis	human	tet(W)	tetracycline
ARGH_003067	LABG_022423	MQ	no	Ligilactobacillus	Ligilactobacillus salivarius	human	AAC(6')-Ie-APH(2'')-Ia bifunctional protein	aminoglycoside
ARGH_003068	LABG_022423	MQ	no	Ligilactobacillus	Ligilactobacillus salivarius	human	tet(M)	tetracycline
ARGH_003069	LABG_022434	MQ	no	Ligilactobacillus	Ligilactobacillus ruminis	human	tet(M)	tetracycline
ARGH_003070	LABG_022455	MQ	no	Ligilactobacillus	Ligilactobacillus salivarius	human	tet(L)	tetracycline
ARGH_003071	LABG_022455	MQ	no	Ligilactobacillus	Ligilactobacillus salivarius	human	tet(M)	tetracycline
ARGH_003072	LABG_022468	MQ	no	Ligilactobacillus	Ligilactobacillus salivarius	human	dfrF	trimethoprim
ARGH_003073	LABG_022475	MQ	no	Lactobacillus	Lactobacillus amylovorus	human	ErmA	MLS
ARGH_003074	LABG_022475	MQ	no	Lactobacillus	Lactobacillus amylovorus	human	tet(W)	tetracycline
ARGH_003075	LABG_022481	MQ	no	Ligilactobacillus	Ligilactobacillus salivarius	human	APH(2'')-If	aminoglycoside
ARGH_003076	LABG_022489	MQ	no	Leuconostoc	Leuconostoc citreum	human	dfrC	trimethoprim
ARGH_003077	LABG_022495	MQ	no	Ligilactobacillus	Ligilactobacillus salivarius	human	tet(L)	tetracycline
ARGH_003078	LABG_022503	MQ	no	Ligilactobacillus	Ligilactobacillus ruminis	human	tet(M)	tetracycline
ARGH_003079	LABG_022557	MQ	no	Limosilactobacillus	Limosilactobacillus reuteri_E	human	lnuA	MLS
ARGH_003080	LABG_022557	MQ	no	Limosilactobacillus	Limosilactobacillus reuteri_E	human	tet(C)	tetracycline
ARGH_003081	LABG_022557	MQ	no	Limosilactobacillus	Limosilactobacillus reuteri_E	human	tet(W)	tetracycline
ARGH_003082	LABG_022580	MQ	no	Ligilactobacillus	Ligilactobacillus ruminis	human	tet(M)	tetracycline
ARGH_003083	LABG_022632	MQ	no	Ligilactobacillus	Ligilactobacillus salivarius	human	tet(L)	tetracycline
ARGH_003084	LABG_022632	MQ	no	Ligilactobacillus	Ligilactobacillus salivarius	human	tet(M)	tetracycline
ARGH_003085	LABG_022637	MQ	no	Ligilactobacillus	Ligilactobacillus ruminis	human	tet(M)	tetracycline
ARGH_003086	LABG_022642	MQ	no	Lactobacillus	Lactobacillus amylovorus	human	vatE	MLS
ARGH_003087	LABG_022643	MQ	no	Ligilactobacillus	Ligilactobacillus salivarius	human	tet(L)	tetracycline
ARGH_003088	LABG_022643	MQ	no	Ligilactobacillus	Ligilactobacillus salivarius	human	tet(M)	tetracycline
ARGH_003089	LABG_022658	MQ	no	Lactobacillus	Lactobacillus crispatus	human	ErmB	MLS
ARGH_003090	LABG_022659	MQ	no	Ligilactobacillus	Ligilactobacillus salivarius	human	tet(L)	tetracycline
ARGH_003091	LABG_022678	MQ	no	Ligilactobacillus	Ligilactobacillus salivarius	human	tet(L)	tetracycline
ARGH_003092	LABG_022678	MQ	no	Ligilactobacillus	Ligilactobacillus salivarius	human	tet(M)	tetracycline
ARGH_003093	LABG_022684	MQ	no	Ligilactobacillus	Ligilactobacillus salivarius	human	dfrF	trimethoprim
ARGH_003094	LABG_022694	MQ	no	Ligilactobacillus	Ligilactobacillus salivarius	human	tet(L)	tetracycline
ARGH_003095	LABG_022694	MQ	no	Ligilactobacillus	Ligilactobacillus salivarius	human	tet(M)	tetracycline
ARGH_003096	LABG_022699	MQ	no	Lactobacillus	Lactobacillus amylovorus	human	tet(W)	tetracycline
ARGH_003097	LABG_022746	Rep99	yes	Ligilactobacillus	Ligilactobacillus ruminis	human	dfrF	trimethoprim
ARGH_003098	LABG_022746	Rep99	yes	Ligilactobacillus	Ligilactobacillus ruminis	human	tet(M)	tetracycline
ARGH_003099	LABG_022753	MQ	no	Lactobacillus	Lactobacillus paragasseri	human	tet(M)	tetracycline
ARGH_003100	LABG_022765	MQ	no	Lactobacillus	Lactobacillus amylovorus	human	vatE	MLS
ARGH_003101	LABG_022793	MQ	no	Ligilactobacillus	Ligilactobacillus salivarius	human	AAC(6')-Ie-APH(2'')-Ia bifunctional protein	aminoglycoside
ARGH_003102	LABG_022811	MQ	no	Ligilactobacillus	Ligilactobacillus ruminis	human	tet(M)	tetracycline
ARGH_003103	LABG_022815	MQ	no	Limosilactobacillus	Limosilactobacillus mucosae	human	dfrG	trimethoprim
ARGH_003104	LABG_022816	MQ	no	Lactobacillus	Lactobacillus sp910589675	human	tet(W)	tetracycline
ARGH_003105	LABG_022839	MQ	no	Ligilactobacillus	Ligilactobacillus ruminis	human	tet(M)	tetracycline
ARGH_003106	LABG_022842	MQ	no	Ligilactobacillus	Ligilactobacillus ruminis	human	tet(M)	tetracycline
ARGH_003107	LABG_022854	MQ	no	Ligilactobacillus	Ligilactobacillus ruminis	human	tet(M)	tetracycline
ARGH_003108	LABG_022901	MQ	no	Ligilactobacillus	Ligilactobacillus salivarius	human	tet(L)	tetracycline
ARGH_003109	LABG_022901	MQ	no	Ligilactobacillus	Ligilactobacillus salivarius	human	tet(M)	tetracycline
ARGH_003110	LABG_022950	MQ	no	Lactobacillus	Lactobacillus crispatus	human	tet(L)	tetracycline
ARGH_003111	LABG_022950	MQ	no	Lactobacillus	Lactobacillus crispatus	human	tet(M)	tetracycline
ARGH_003112	LABG_022984	MQ	no	Ligilactobacillus	Ligilactobacillus ruminis	human	tet(M)	tetracycline
ARGH_003113	LABG_023003	MQ	no	Lactobacillus	Lactobacillus johnsonii	human	ErmT	MLS
ARGH_003114	LABG_023003	MQ	no	Lactobacillus	Lactobacillus johnsonii	human	lnuA	MLS
ARGH_003115	LABG_023028	MQ	no	Ligilactobacillus	Ligilactobacillus animalis	human	lnuC	MLS
ARGH_003116	LABG_023051	MQ	no	Ligilactobacillus	Ligilactobacillus salivarius	human	AAC(6')-Ie-APH(2'')-Ia bifunctional protein	aminoglycoside
ARGH_003117	LABG_023051	MQ	no	Ligilactobacillus	Ligilactobacillus salivarius	human	ErmG	MLS
ARGH_003118	LABG_023059	MQ	no	Ligilactobacillus	Ligilactobacillus ruminis	human	tet(M)	tetracycline
ARGH_003119	LABG_023065	MQ	no	Limosilactobacillus	Limosilactobacillus reuteri	human	ErmB	MLS
ARGH_003120	LABG_023065	MQ	no	Limosilactobacillus	Limosilactobacillus reuteri	human	evgA	multidrug
ARGH_003121	LABG_023081	MQ	no	Leuconostoc	Leuconostoc citreum	human	ErmC	MLS
ARGH_003122	LABG_023094	MQ	no	Leuconostoc	Leuconostoc citreum	human	ErmC	MLS
ARGH_003123	LABG_023106	MQ	no	Ligilactobacillus	Ligilactobacillus ruminis	human	tet(M)	tetracycline
ARGH_003124	LABG_023117	MQ	no	Ligilactobacillus	Ligilactobacillus animalis	human	tet(W)	tetracycline
ARGH_003125	LABG_023119	MQ	no	Lactobacillus	Lactobacillus johnsonii	human	ErmT	MLS
ARGH_003126	LABG_023119	MQ	no	Lactobacillus	Lactobacillus johnsonii	human	lnuA	MLS
ARGH_003127	LABG_023125	MQ	no	Ligilactobacillus	Ligilactobacillus ruminis	human	vanA	glycopeptide
ARGH_003128	LABG_023125	MQ	no	Ligilactobacillus	Ligilactobacillus ruminis	human	vanX gene in vanA cluster	glycopeptide
ARGH_003129	LABG_023181	MQ	no	Ligilactobacillus	Ligilactobacillus ruminis	human	tet(M)	tetracycline
ARGH_003130	LABG_023207	MQ	no	Ligilactobacillus	Ligilactobacillus salivarius	human	vanY gene in vanA cluster	glycopeptide
ARGH_003131	LABG_023215	MQ	no	Ligilactobacillus	Ligilactobacillus ruminis	human	ErmB	MLS
ARGH_003132	LABG_023221	MQ	no	Lacticaseibacillus	Lacticaseibacillus paracasei	human	dfrA27	trimethoprim
ARGH_003133	LABG_023230	Rep99	yes	Ligilactobacillus	Ligilactobacillus ruminis	human	tet(M)	tetracycline
ARGH_003134	LABG_023240	MQ	no	Leuconostoc	Leuconostoc citreum	human	aad(6)	aminoglycoside
ARGH_003135	LABG_023240	MQ	no	Leuconostoc	Leuconostoc citreum	human	APH(3')-IIIa	aminoglycoside
ARGH_003136	LABG_023240	MQ	no	Leuconostoc	Leuconostoc citreum	human	SAT-4	aminoglycoside
ARGH_003137	LABG_023245	MQ	no	Ligilactobacillus	Ligilactobacillus ruminis	human	tet(M)	tetracycline
ARGH_003138	LABG_023273	MQ	no	Lactobacillus	Lactobacillus sp910589675	human	tet(W)	tetracycline
ARGH_003139	LABG_023298	MQ	no	Ligilactobacillus	Ligilactobacillus salivarius	human	ErmB	MLS
ARGH_003140	LABG_023320	MQ	no	Ligilactobacillus	Ligilactobacillus salivarius	human	tet(L)	tetracycline
ARGH_003141	LABG_023320	MQ	no	Ligilactobacillus	Ligilactobacillus salivarius	human	tet(M)	tetracycline
ARGH_003142	LABG_024243	Rep99	yes	Limosilactobacillus	Limosilactobacillus reuteri_I	food	lnuA	MLS
ARGH_003143	LABG_024264	MQ	no	Limosilactobacillus	Limosilactobacillus mucosae	human	ErmB	MLS
ARGH_003144	LABG_024264	MQ	no	Limosilactobacillus	Limosilactobacillus mucosae	human	tet(W)	tetracycline
ARGH_003145	LABG_024265	MQ	no	Ligilactobacillus	Ligilactobacillus ruminis	human	tet(M)	tetracycline
ARGH_003146	LABG_024267	MQ	no	Lactobacillus	Lactobacillus johnsonii	human	ErmT	MLS
ARGH_003147	LABG_024267	MQ	no	Lactobacillus	Lactobacillus johnsonii	human	lnuA	MLS
ARGH_003148	LABG_024271	MQ	no	Ligilactobacillus	Ligilactobacillus sp900765635	human	ANT(6)-Ia	aminoglycoside
ARGH_003149	LABG_024271	MQ	no	Ligilactobacillus	Ligilactobacillus sp900765635	human	dfrG	trimethoprim
ARGH_003150	LABG_024271	MQ	no	Ligilactobacillus	Ligilactobacillus sp900765635	human	lnuB	MLS
ARGH_003151	LABG_024271	MQ	no	Ligilactobacillus	Ligilactobacillus sp900765635	human	lsaE	multidrug
ARGH_003152	LABG_024283	MQ	no	Ligilactobacillus	Ligilactobacillus salivarius	human	AAC(6')-Ie-APH(2'')-Ia bifunctional protein	aminoglycoside
ARGH_003153	LABG_024283	MQ	no	Ligilactobacillus	Ligilactobacillus salivarius	human	ErmG	MLS
ARGH_003154	LABG_024284	MQ	no	Ligilactobacillus	Ligilactobacillus salivarius	human	dfrF	trimethoprim
ARGH_003155	LABG_024296	MQ	no	Ligilactobacillus	Ligilactobacillus salivarius	human	cfr(B)	multidrug
ARGH_003156	LABG_024304	MQ	no	Ligilactobacillus	Ligilactobacillus salivarius	human	AAC(6')-Ie-APH(2'')-Ia bifunctional protein	aminoglycoside
ARGH_003157	LABG_024309	MQ	no	Ligilactobacillus	Ligilactobacillus salivarius	human	ErmB	MLS
ARGH_003158	LABG_024315	MQ	no	Lactobacillus	Lactobacillus sp910589675	human	tet(W)	tetracycline
ARGH_003159	LABG_024316	MQ	no	Lactobacillus	Lactobacillus sp910589675	human	tet(W)	tetracycline
ARGH_003160	LABG_024317	MQ	no	Lactobacillus	Lactobacillus sp910589675	human	tet(W)	tetracycline
ARGH_003161	LABG_024318	MQ	no	Lactobacillus	Lactobacillus sp910589675	human	tet(W)	tetracycline
ARGH_003162	LABG_024319	MQ	no	Lactobacillus	Lactobacillus crispatus	human	ErmB	MLS
ARGH_003163	LABG_024321	MQ	no	Ligilactobacillus	Ligilactobacillus animalis	human	tet(W)	tetracycline
ARGH_003164	LABG_024322	MQ	no	Ligilactobacillus	Ligilactobacillus animalis	human	tet(W)	tetracycline
ARGH_003165	LABG_024327	MQ	no	Ligilactobacillus	Ligilactobacillus animalis	human	lnuC	MLS
ARGH_003166	LABG_024327	MQ	no	Ligilactobacillus	Ligilactobacillus animalis	human	tet(M)	tetracycline
ARGH_003167	LABG_024328	MQ	no	Ligilactobacillus	Ligilactobacillus animalis	human	tet(M)	tetracycline
ARGH_003168	LABG_024330	MQ	no	Lactobacillus	Lactobacillus sp910589675	human	tet(W)	tetracycline
ARGH_003169	LABG_024331	MQ	no	Ligilactobacillus	Ligilactobacillus animalis	human	lnuC	MLS
ARGH_003170	LABG_024331	MQ	no	Ligilactobacillus	Ligilactobacillus animalis	human	tet(M)	tetracycline
ARGH_003171	LABG_024332	MQ	no	Ligilactobacillus	Ligilactobacillus animalis	human	tet(W)	tetracycline
ARGH_003172	LABG_024342	Rep99	yes	Ligilactobacillus	Ligilactobacillus faecis	animal	lnuC	MLS
ARGH_003173	LABG_024345	Rep99	yes	Lactobacillus	Lactobacillus sp945980025	animal	ErmB	MLS
ARGH_003174	LABG_024346	MQ	no	Ligilactobacillus	Ligilactobacillus ruminis	human	tet(M)	tetracycline
ARGH_003175	LABG_024366	MQ	no	Limosilactobacillus	Limosilactobacillus mucosae	human	tet(W)	tetracycline
ARGH_003176	LABG_024465	Rep99	yes	Limosilactobacillus	Limosilactobacillus mucosae	human	dfrG	trimethoprim
ARGH_003177	LABG_024466	MQ	no	Limosilactobacillus	Limosilactobacillus mucosae	human	dfrG	trimethoprim
ARGH_003178	LABG_024467	MQ	no	Limosilactobacillus	Limosilactobacillus mucosae	human	dfrG	trimethoprim
ARGH_003179	LABG_024638	MQ	no	Limosilactobacillus	Limosilactobacillus reuteri	human	lnuC	MLS
ARGH_003180	LABG_024713	MQ	no	Limosilactobacillus	Limosilactobacillus mucosae	human	vatE	MLS
ARGH_003181	LABG_024737	MQ	no	Lactiplantibacillus	Lactiplantibacillus plantarum	human	evgA	multidrug
ARGH_003182	LABG_024781	Rep99	yes	Ligilactobacillus	Ligilactobacillus ruminis	human	tet(M)	tetracycline
ARGH_003183	LABG_024795	MQ	no	Lactobacillus	Lactobacillus amylovorus	animal	CfxA6	beta-lactam
ARGH_003184	LABG_024796	MQ	no	Lactobacillus	Lactobacillus amylovorus	animal	CfxA6	beta-lactam
ARGH_003185	LABG_024797	Rep99	yes	Lactobacillus	Lactobacillus sp910589675	animal	tet(O)	tetracycline
ARGH_003186	LABG_024798	MQ	no	Lactobacillus	Lactobacillus sp910589675	animal	CfxA6	beta-lactam
ARGH_003187	LABG_024799	Rep99	yes	Lactobacillus	Lactobacillus gallinarum	animal	catA8	phenicol
ARGH_003188	LABG_024799	Rep99	yes	Lactobacillus	Lactobacillus gallinarum	animal	catP	phenicol
ARGH_003189	LABG_024799	Rep99	yes	Lactobacillus	Lactobacillus gallinarum	animal	Erm(52)	MLS
ARGH_003190	LABG_024799	Rep99	yes	Lactobacillus	Lactobacillus gallinarum	animal	fexB	phenicol
ARGH_003191	LABG_024799	Rep99	yes	Lactobacillus	Lactobacillus gallinarum	animal	mef(B)	MLS
ARGH_003192	LABG_024799	Rep99	yes	Lactobacillus	Lactobacillus gallinarum	animal	poxtA	multidrug
ARGH_003193	LABG_024799	Rep99	yes	Lactobacillus	Lactobacillus gallinarum	animal	qacL	disinfecting agents and antiseptics
ARGH_003194	LABG_024799	Rep99	yes	Lactobacillus	Lactobacillus gallinarum	animal	sul3	sulfonamide
ARGH_003195	LABG_024799	Rep99	yes	Lactobacillus	Lactobacillus gallinarum	animal	tet(L)	tetracycline
ARGH_003196	LABG_024799	Rep99	yes	Lactobacillus	Lactobacillus gallinarum	animal	tet(O)	tetracycline
ARGH_003197	LABG_024799	Rep99	yes	Lactobacillus	Lactobacillus gallinarum	animal	vatE	MLS
ARGH_003198	LABG_024800	MQ	no	Lactobacillus	Lactobacillus gallinarum	animal	catA8	phenicol
ARGH_003199	LABG_024800	MQ	no	Lactobacillus	Lactobacillus gallinarum	animal	tet(L)	tetracycline
ARGH_003200	LABG_024800	MQ	no	Lactobacillus	Lactobacillus gallinarum	animal	vatE	MLS
ARGH_003201	LABG_024801	MQ	no	Lactobacillus	Lactobacillus gallinarum	animal	catA8	phenicol
ARGH_003202	LABG_024801	MQ	no	Lactobacillus	Lactobacillus gallinarum	animal	fexA	phenicol
ARGH_003203	LABG_024801	MQ	no	Lactobacillus	Lactobacillus gallinarum	animal	tet(W)	tetracycline
ARGH_003204	LABG_024802	MQ	no	Lactobacillus	Lactobacillus gallinarum	animal	catA8	phenicol
ARGH_003205	LABG_024802	MQ	no	Lactobacillus	Lactobacillus gallinarum	animal	CTX-M-65	beta-lactam
ARGH_003206	LABG_024802	MQ	no	Lactobacillus	Lactobacillus gallinarum	animal	Erm(52)	MLS
ARGH_003207	LABG_024802	MQ	no	Lactobacillus	Lactobacillus gallinarum	animal	fexB	phenicol
ARGH_003208	LABG_024802	MQ	no	Lactobacillus	Lactobacillus gallinarum	animal	poxtA	multidrug
ARGH_003209	LABG_024802	MQ	no	Lactobacillus	Lactobacillus gallinarum	animal	tet(L)	tetracycline
ARGH_003210	LABG_024802	MQ	no	Lactobacillus	Lactobacillus gallinarum	animal	ugd	peptide
ARGH_003211	LABG_024803	MQ	no	Lactobacillus	Lactobacillus gallinarum	animal	APH(2'')-If	aminoglycoside
ARGH_003212	LABG_024803	MQ	no	Lactobacillus	Lactobacillus gallinarum	animal	catA8	phenicol
ARGH_003213	LABG_024803	MQ	no	Lactobacillus	Lactobacillus gallinarum	animal	Erm(52)	MLS
ARGH_003214	LABG_024803	MQ	no	Lactobacillus	Lactobacillus gallinarum	animal	fexB	phenicol
ARGH_003215	LABG_024803	MQ	no	Lactobacillus	Lactobacillus gallinarum	animal	FosXCC	fosfomycin
ARGH_003216	LABG_024803	MQ	no	Lactobacillus	Lactobacillus gallinarum	animal	tet(L)	tetracycline
ARGH_003217	LABG_024805	MQ	no	Lactobacillus	Lactobacillus gallinarum	animal	catA8	phenicol
ARGH_003218	LABG_024805	MQ	no	Lactobacillus	Lactobacillus gallinarum	animal	fexB	phenicol
ARGH_003219	LABG_024805	MQ	no	Lactobacillus	Lactobacillus gallinarum	animal	lnuB	MLS
ARGH_003220	LABG_024805	MQ	no	Lactobacillus	Lactobacillus gallinarum	animal	lsaE	multidrug
ARGH_003221	LABG_024806	MQ	no	Lactobacillus	Lactobacillus gallinarum	animal	ANT(4')-Ia	aminoglycoside
ARGH_003222	LABG_024806	MQ	no	Lactobacillus	Lactobacillus gallinarum	animal	catA8	phenicol
ARGH_003223	LABG_024808	MQ	no	Lactobacillus	Lactobacillus gallinarum	animal	catA8	phenicol
ARGH_003224	LABG_024808	MQ	no	Lactobacillus	Lactobacillus gallinarum	animal	fexB	phenicol
ARGH_003225	LABG_024809	MQ	no	Lactobacillus	Lactobacillus sp946579245	animal	ErmT	MLS
ARGH_003226	LABG_024809	MQ	no	Lactobacillus	Lactobacillus sp946579245	animal	fexB	phenicol
ARGH_003227	LABG_024809	MQ	no	Lactobacillus	Lactobacillus sp946579245	animal	tet(L)	tetracycline
ARGH_003228	LABG_024810	MQ	no	Lactobacillus	Lactobacillus gallinarum	animal	catA8	phenicol
ARGH_003229	LABG_024811	MQ	no	Limosilactobacillus	Limosilactobacillus vaginalis	animal	Escherichia coli emrE	MLS
ARGH_003230	LABG_024812	MQ	no	Lactobacillus	Lactobacillus sp946579245	animal	ErmG	MLS
ARGH_003231	LABG_024812	MQ	no	Lactobacillus	Lactobacillus sp946579245	animal	ErmT	MLS
ARGH_003232	LABG_024813	MQ	no	Lactobacillus	Lactobacillus sp946579245	animal	Erm(52)	MLS
ARGH_003233	LABG_024813	MQ	no	Lactobacillus	Lactobacillus sp946579245	animal	ErmB	MLS
ARGH_003234	LABG_024813	MQ	no	Lactobacillus	Lactobacillus sp946579245	animal	ErmG	MLS
ARGH_003235	LABG_024813	MQ	no	Lactobacillus	Lactobacillus sp946579245	animal	ErmT	MLS
ARGH_003236	LABG_024813	MQ	no	Lactobacillus	Lactobacillus sp946579245	animal	vatE	MLS
ARGH_003237	LABG_024814	MQ	no	Lactobacillus	Lactobacillus sp946579245	animal	ErmT	MLS
ARGH_003238	LABG_024814	MQ	no	Lactobacillus	Lactobacillus sp946579245	animal	Escherichia coli emrE	MLS
ARGH_003239	LABG_024815	MQ	no	Lactobacillus	Lactobacillus gallinarum	animal	catA8	phenicol
ARGH_003240	LABG_024815	MQ	no	Lactobacillus	Lactobacillus gallinarum	animal	tet(39)	tetracycline
ARGH_003241	LABG_024816	MQ	no	Lactobacillus	Lactobacillus gallinarum	animal	AAC(6')-Ie-APH(2'')-Ia bifunctional protein	aminoglycoside
ARGH_003242	LABG_024816	MQ	no	Lactobacillus	Lactobacillus gallinarum	animal	catA8	phenicol
ARGH_003243	LABG_024816	MQ	no	Lactobacillus	Lactobacillus gallinarum	animal	cfrE	multidrug
ARGH_003244	LABG_024816	MQ	no	Lactobacillus	Lactobacillus gallinarum	animal	Erm(52)	MLS
ARGH_003245	LABG_024816	MQ	no	Lactobacillus	Lactobacillus gallinarum	animal	fexB	phenicol
ARGH_003246	LABG_024816	MQ	no	Lactobacillus	Lactobacillus gallinarum	animal	poxtA	multidrug
ARGH_003247	LABG_024816	MQ	no	Lactobacillus	Lactobacillus gallinarum	animal	tet(L)	tetracycline
ARGH_003248	LABG_024816	MQ	no	Lactobacillus	Lactobacillus gallinarum	animal	tet(W)	tetracycline
ARGH_003249	LABG_024816	MQ	no	Lactobacillus	Lactobacillus gallinarum	animal	ugd	peptide
ARGH_003250	LABG_024817	MQ	no	Lactobacillus	Lactobacillus gallinarum	animal	AAC(6')-Ie-APH(2'')-Ia bifunctional protein	aminoglycoside
ARGH_003251	LABG_024817	MQ	no	Lactobacillus	Lactobacillus gallinarum	animal	APH(2'')-If	aminoglycoside
ARGH_003252	LABG_024817	MQ	no	Lactobacillus	Lactobacillus gallinarum	animal	catA8	phenicol
ARGH_003253	LABG_024817	MQ	no	Lactobacillus	Lactobacillus gallinarum	animal	cfrE	multidrug
ARGH_003254	LABG_024817	MQ	no	Lactobacillus	Lactobacillus gallinarum	animal	Erm(52)	MLS
ARGH_003255	LABG_024817	MQ	no	Lactobacillus	Lactobacillus gallinarum	animal	Escherichia coli emrE	MLS
ARGH_003256	LABG_024817	MQ	no	Lactobacillus	Lactobacillus gallinarum	animal	fexB	phenicol
ARGH_003257	LABG_024817	MQ	no	Lactobacillus	Lactobacillus gallinarum	animal	lnuC	MLS
ARGH_003258	LABG_024817	MQ	no	Lactobacillus	Lactobacillus gallinarum	animal	poxtA	multidrug
ARGH_003259	LABG_024817	MQ	no	Lactobacillus	Lactobacillus gallinarum	animal	tet(L)	tetracycline
ARGH_003260	LABG_024817	MQ	no	Lactobacillus	Lactobacillus gallinarum	animal	tet(W)	tetracycline
ARGH_003261	LABG_024818	Rep99	yes	Limosilactobacillus	Limosilactobacillus reuteri_I	animal	lnuA	MLS
ARGH_003262	LABG_024819	MQ	no	Lactobacillus	Lactobacillus gallinarum	animal	AAC(6')-Ie-APH(2'')-Ia bifunctional protein	aminoglycoside
ARGH_003263	LABG_024819	MQ	no	Lactobacillus	Lactobacillus gallinarum	animal	ANT(4')-Ia	aminoglycoside
ARGH_003264	LABG_024819	MQ	no	Lactobacillus	Lactobacillus gallinarum	animal	APH(2'')-If	aminoglycoside
ARGH_003265	LABG_024819	MQ	no	Lactobacillus	Lactobacillus gallinarum	animal	catA8	phenicol
ARGH_003266	LABG_024819	MQ	no	Lactobacillus	Lactobacillus gallinarum	animal	cfrE	multidrug
ARGH_003267	LABG_024819	MQ	no	Lactobacillus	Lactobacillus gallinarum	animal	Erm(52)	MLS
ARGH_003268	LABG_024819	MQ	no	Lactobacillus	Lactobacillus gallinarum	animal	fexB	phenicol
ARGH_003269	LABG_024819	MQ	no	Lactobacillus	Lactobacillus gallinarum	animal	FosXCC	fosfomycin
ARGH_003270	LABG_024819	MQ	no	Lactobacillus	Lactobacillus gallinarum	animal	lnuC	MLS
ARGH_003271	LABG_024819	MQ	no	Lactobacillus	Lactobacillus gallinarum	animal	poxtA	multidrug
ARGH_003272	LABG_024819	MQ	no	Lactobacillus	Lactobacillus gallinarum	animal	tet(L)	tetracycline
ARGH_003273	LABG_024819	MQ	no	Lactobacillus	Lactobacillus gallinarum	animal	tet(O)	tetracycline
ARGH_003274	LABG_024820	MQ	no	Lactobacillus	Lactobacillus crispatus	animal	ANT(6)-Ia	aminoglycoside
ARGH_003275	LABG_024820	MQ	no	Lactobacillus	Lactobacillus crispatus	animal	APH(2'')-If	aminoglycoside
ARGH_003276	LABG_024820	MQ	no	Lactobacillus	Lactobacillus crispatus	animal	Erm(52)	MLS
ARGH_003277	LABG_024820	MQ	no	Lactobacillus	Lactobacillus crispatus	animal	ErmB	MLS
ARGH_003278	LABG_024820	MQ	no	Lactobacillus	Lactobacillus crispatus	animal	lnuB	MLS
ARGH_003279	LABG_024820	MQ	no	Lactobacillus	Lactobacillus crispatus	animal	lsaE	multidrug
ARGH_003280	LABG_024821	MQ	no	Lactobacillus	Lactobacillus sp946579245	animal	APH(2'')-If	aminoglycoside
ARGH_003281	LABG_024821	MQ	no	Lactobacillus	Lactobacillus sp946579245	animal	Erm(52)	MLS
ARGH_003282	LABG_024821	MQ	no	Lactobacillus	Lactobacillus sp946579245	animal	ErmB	MLS
ARGH_003283	LABG_024821	MQ	no	Lactobacillus	Lactobacillus sp946579245	animal	ErmG	MLS
ARGH_003284	LABG_024821	MQ	no	Lactobacillus	Lactobacillus sp946579245	animal	ErmT	MLS
ARGH_003285	LABG_024821	MQ	no	Lactobacillus	Lactobacillus sp946579245	animal	lnuC	MLS
ARGH_003286	LABG_024821	MQ	no	Lactobacillus	Lactobacillus sp946579245	animal	vatE	MLS
ARGH_003287	LABG_024822	Rep99	yes	Lactobacillus	Lactobacillus sp946579245	animal	ErmT	MLS
ARGH_003288	LABG_024823	MQ	no	Lactobacillus	Lactobacillus sp946579245	animal	APH(2'')-If	aminoglycoside
ARGH_003289	LABG_024823	MQ	no	Lactobacillus	Lactobacillus sp946579245	animal	Erm(52)	MLS
ARGH_003290	LABG_024823	MQ	no	Lactobacillus	Lactobacillus sp946579245	animal	ErmB	MLS
ARGH_003291	LABG_024823	MQ	no	Lactobacillus	Lactobacillus sp946579245	animal	ErmT	MLS
ARGH_003292	LABG_024823	MQ	no	Lactobacillus	Lactobacillus sp946579245	animal	tet(M)	tetracycline
ARGH_003293	LABG_024823	MQ	no	Lactobacillus	Lactobacillus sp946579245	animal	vatE	MLS
ARGH_003294	LABG_024824	MQ	no	Lactobacillus	Lactobacillus johnsonii	animal	ErmT	MLS
ARGH_003295	LABG_024825	MQ	no	Lactobacillus	Lactobacillus gallinarum	animal	AAC(6')-Ie-APH(2'')-Ia bifunctional protein	aminoglycoside
ARGH_003296	LABG_024825	MQ	no	Lactobacillus	Lactobacillus gallinarum	animal	APH(2'')-If	aminoglycoside
ARGH_003297	LABG_024825	MQ	no	Lactobacillus	Lactobacillus gallinarum	animal	catA8	phenicol
ARGH_003298	LABG_024825	MQ	no	Lactobacillus	Lactobacillus gallinarum	animal	CTX-M-14	beta-lactam
ARGH_003299	LABG_024825	MQ	no	Lactobacillus	Lactobacillus gallinarum	animal	dfrG	trimethoprim
ARGH_003300	LABG_024825	MQ	no	Lactobacillus	Lactobacillus gallinarum	animal	Erm(52)	MLS
ARGH_003301	LABG_024825	MQ	no	Lactobacillus	Lactobacillus gallinarum	animal	ErmG	MLS
ARGH_003302	LABG_024825	MQ	no	Lactobacillus	Lactobacillus gallinarum	animal	Escherichia coli emrE	MLS
ARGH_003303	LABG_024825	MQ	no	Lactobacillus	Lactobacillus gallinarum	animal	fexB	phenicol
ARGH_003304	LABG_024825	MQ	no	Lactobacillus	Lactobacillus gallinarum	animal	gadW	multidrug
ARGH_003305	LABG_024825	MQ	no	Lactobacillus	Lactobacillus gallinarum	animal	poxtA	multidrug
ARGH_003306	LABG_024825	MQ	no	Lactobacillus	Lactobacillus gallinarum	animal	tet(L)	tetracycline
ARGH_003307	LABG_024826	MQ	no	Lactobacillus	Lactobacillus sp946579245	animal	ErmT	MLS
ARGH_003308	LABG_024827	MQ	no	Lactobacillus	Lactobacillus gallinarum	animal	APH(2'')-If	aminoglycoside
ARGH_003309	LABG_024827	MQ	no	Lactobacillus	Lactobacillus gallinarum	animal	catA8	phenicol
ARGH_003310	LABG_024827	MQ	no	Lactobacillus	Lactobacillus gallinarum	animal	CTX-M-90	beta-lactam
ARGH_003311	LABG_024827	MQ	no	Lactobacillus	Lactobacillus gallinarum	animal	Erm(52)	MLS
ARGH_003312	LABG_024827	MQ	no	Lactobacillus	Lactobacillus gallinarum	animal	Escherichia coli emrE	MLS
ARGH_003313	LABG_024827	MQ	no	Lactobacillus	Lactobacillus gallinarum	animal	fexB	phenicol
ARGH_003314	LABG_024827	MQ	no	Lactobacillus	Lactobacillus gallinarum	animal	gadX	multidrug
ARGH_003315	LABG_024827	MQ	no	Lactobacillus	Lactobacillus gallinarum	animal	poxtA	multidrug
ARGH_003316	LABG_024827	MQ	no	Lactobacillus	Lactobacillus gallinarum	animal	tet(L)	tetracycline
ARGH_003317	LABG_024827	MQ	no	Lactobacillus	Lactobacillus gallinarum	animal	tet(O)	tetracycline
ARGH_003318	LABG_024828	MQ	no	Lactobacillus	Lactobacillus gallinarum	animal	AAC(6')-Ie-APH(2'')-Ia bifunctional protein	aminoglycoside
ARGH_003319	LABG_024828	MQ	no	Lactobacillus	Lactobacillus gallinarum	animal	APH(2'')-If	aminoglycoside
ARGH_003320	LABG_024828	MQ	no	Lactobacillus	Lactobacillus gallinarum	animal	catA8	phenicol
ARGH_003321	LABG_024828	MQ	no	Lactobacillus	Lactobacillus gallinarum	animal	Erm(52)	MLS
ARGH_003322	LABG_024828	MQ	no	Lactobacillus	Lactobacillus gallinarum	animal	fexB	phenicol
ARGH_003323	LABG_024828	MQ	no	Lactobacillus	Lactobacillus gallinarum	animal	tet(L)	tetracycline
ARGH_003324	LABG_024829	MQ	no	Lactobacillus	Lactobacillus johnsonii	animal	ErmT	MLS
ARGH_003325	LABG_024830	MQ	no	Lactobacillus	Lactobacillus gallinarum	animal	AAC(6')-Ie-APH(2'')-Ia bifunctional protein	aminoglycoside
ARGH_003326	LABG_024830	MQ	no	Lactobacillus	Lactobacillus gallinarum	animal	catA8	phenicol
ARGH_003327	LABG_024830	MQ	no	Lactobacillus	Lactobacillus gallinarum	animal	ErmB	MLS
ARGH_003328	LABG_024830	MQ	no	Lactobacillus	Lactobacillus gallinarum	animal	FosXCC	fosfomycin
ARGH_003329	LABG_024830	MQ	no	Lactobacillus	Lactobacillus gallinarum	animal	npmA	aminoglycoside
ARGH_003330	LABG_024830	MQ	no	Lactobacillus	Lactobacillus gallinarum	animal	poxtA	multidrug
ARGH_003331	LABG_024830	MQ	no	Lactobacillus	Lactobacillus gallinarum	animal	tet(L)	tetracycline
ARGH_003332	LABG_024830	MQ	no	Lactobacillus	Lactobacillus gallinarum	animal	tet(M)	tetracycline
ARGH_003333	LABG_024830	MQ	no	Lactobacillus	Lactobacillus gallinarum	animal	vatE	MLS
ARGH_003334	LABG_024831	MQ	no	Lactobacillus	Lactobacillus gallinarum	animal	AAC(6')-Ie-APH(2'')-Ia bifunctional protein	aminoglycoside
ARGH_003335	LABG_024831	MQ	no	Lactobacillus	Lactobacillus gallinarum	animal	APH(2'')-If	aminoglycoside
ARGH_003336	LABG_024831	MQ	no	Lactobacillus	Lactobacillus gallinarum	animal	catA8	phenicol
ARGH_003337	LABG_024831	MQ	no	Lactobacillus	Lactobacillus gallinarum	animal	Erm(52)	MLS
ARGH_003338	LABG_024831	MQ	no	Lactobacillus	Lactobacillus gallinarum	animal	ErmB	MLS
ARGH_003339	LABG_024831	MQ	no	Lactobacillus	Lactobacillus gallinarum	animal	ErmG	MLS
ARGH_003340	LABG_024831	MQ	no	Lactobacillus	Lactobacillus gallinarum	animal	Escherichia coli emrE	MLS
ARGH_003341	LABG_024831	MQ	no	Lactobacillus	Lactobacillus gallinarum	animal	fexB	phenicol
ARGH_003342	LABG_024831	MQ	no	Lactobacillus	Lactobacillus gallinarum	animal	poxtA	multidrug
ARGH_003343	LABG_024831	MQ	no	Lactobacillus	Lactobacillus gallinarum	animal	tet(32)	tetracycline
ARGH_003344	LABG_024831	MQ	no	Lactobacillus	Lactobacillus gallinarum	animal	tet(W)	tetracycline
ARGH_003345	LABG_024831	MQ	no	Lactobacillus	Lactobacillus gallinarum	animal	vatE	MLS
ARGH_003346	LABG_024832	MQ	no	Lactobacillus	Lactobacillus gallinarum	animal	catA8	phenicol
ARGH_003347	LABG_024832	MQ	no	Lactobacillus	Lactobacillus gallinarum	animal	ErmB	MLS
ARGH_003348	LABG_024832	MQ	no	Lactobacillus	Lactobacillus gallinarum	animal	Escherichia coli emrE	MLS
ARGH_003349	LABG_024832	MQ	no	Lactobacillus	Lactobacillus gallinarum	animal	fexB	phenicol
ARGH_003350	LABG_024832	MQ	no	Lactobacillus	Lactobacillus gallinarum	animal	FosXCC	fosfomycin
ARGH_003351	LABG_024832	MQ	no	Lactobacillus	Lactobacillus gallinarum	animal	poxtA	multidrug
ARGH_003352	LABG_024832	MQ	no	Lactobacillus	Lactobacillus gallinarum	animal	vatE	MLS
ARGH_003353	LABG_024833	MQ	no	Lactobacillus	Lactobacillus gallinarum	animal	AAC(6')-Ie-APH(2'')-Ia bifunctional protein	aminoglycoside
ARGH_003354	LABG_024833	MQ	no	Lactobacillus	Lactobacillus gallinarum	animal	APH(2'')-If	aminoglycoside
ARGH_003355	LABG_024833	MQ	no	Lactobacillus	Lactobacillus gallinarum	animal	catA8	phenicol
ARGH_003356	LABG_024833	MQ	no	Lactobacillus	Lactobacillus gallinarum	animal	cfrE	multidrug
ARGH_003357	LABG_024833	MQ	no	Lactobacillus	Lactobacillus gallinarum	animal	dfrG	trimethoprim
ARGH_003358	LABG_024833	MQ	no	Lactobacillus	Lactobacillus gallinarum	animal	Erm(52)	MLS
ARGH_003359	LABG_024833	MQ	no	Lactobacillus	Lactobacillus gallinarum	animal	ErmB	MLS
ARGH_003360	LABG_024833	MQ	no	Lactobacillus	Lactobacillus gallinarum	animal	fexB	phenicol
ARGH_003361	LABG_024833	MQ	no	Lactobacillus	Lactobacillus gallinarum	animal	poxtA	multidrug
ARGH_003362	LABG_024833	MQ	no	Lactobacillus	Lactobacillus gallinarum	animal	qacL	disinfecting agents and antiseptics
ARGH_003363	LABG_024833	MQ	no	Lactobacillus	Lactobacillus gallinarum	animal	sul3	sulfonamide
ARGH_003364	LABG_024833	MQ	no	Lactobacillus	Lactobacillus gallinarum	animal	tet(L)	tetracycline
ARGH_003365	LABG_024833	MQ	no	Lactobacillus	Lactobacillus gallinarum	animal	tet(M)	tetracycline
ARGH_003366	LABG_024833	MQ	no	Lactobacillus	Lactobacillus gallinarum	animal	tet(W)	tetracycline
ARGH_003367	LABG_024833	MQ	no	Lactobacillus	Lactobacillus gallinarum	animal	ugd	peptide
ARGH_003368	LABG_024833	MQ	no	Lactobacillus	Lactobacillus gallinarum	animal	vatE	MLS
ARGH_003369	LABG_024834	MQ	no	Lactobacillus	Lactobacillus crispatus	animal	AAC(6')-Ie-APH(2'')-Ia bifunctional protein	aminoglycoside
ARGH_003370	LABG_024834	MQ	no	Lactobacillus	Lactobacillus crispatus	animal	APH(2'')-If	aminoglycoside
ARGH_003371	LABG_024834	MQ	no	Lactobacillus	Lactobacillus crispatus	animal	tet(L)	tetracycline
ARGH_003372	LABG_024834	MQ	no	Lactobacillus	Lactobacillus crispatus	animal	tet(M)	tetracycline
ARGH_003373	LABG_024834	MQ	no	Lactobacillus	Lactobacillus crispatus	animal	ugd	peptide
ARGH_003374	LABG_024835	MQ	no	Limosilactobacillus	Limosilactobacillus vaginalis	animal	vatE	MLS
ARGH_003375	LABG_024836	MQ	no	Lactobacillus	Lactobacillus gallinarum	animal	catA8	phenicol
ARGH_003376	LABG_024837	MQ	no	Lactobacillus	Lactobacillus johnsonii	animal	ErmT	MLS
ARGH_003377	LABG_024838	MQ	no	Lactobacillus	Lactobacillus crispatus	animal	tet(L)	tetracycline
ARGH_003378	LABG_024838	MQ	no	Lactobacillus	Lactobacillus crispatus	animal	tet(M)	tetracycline
ARGH_003379	LABG_024839	MQ	no	Lactobacillus	Lactobacillus crispatus	animal	AAC(6')-Ie-APH(2'')-Ia bifunctional protein	aminoglycoside
ARGH_003380	LABG_024840	MQ	no	Lactobacillus	Lactobacillus crispatus	animal	ANT(6)-Ia	aminoglycoside
ARGH_003381	LABG_024840	MQ	no	Lactobacillus	Lactobacillus crispatus	animal	dfrG	trimethoprim
ARGH_003382	LABG_024840	MQ	no	Lactobacillus	Lactobacillus crispatus	animal	ErmB	MLS
ARGH_003383	LABG_024840	MQ	no	Lactobacillus	Lactobacillus crispatus	animal	lnuB	MLS
ARGH_003384	LABG_024840	MQ	no	Lactobacillus	Lactobacillus crispatus	animal	lsaE	multidrug
ARGH_003385	LABG_024841	MQ	no	Lactobacillus	Lactobacillus crispatus	animal	AAC(6')-Ie-APH(2'')-Ia bifunctional protein	aminoglycoside
ARGH_003386	LABG_024841	MQ	no	Lactobacillus	Lactobacillus crispatus	animal	APH(2'')-If	aminoglycoside
ARGH_003387	LABG_024841	MQ	no	Lactobacillus	Lactobacillus crispatus	animal	tet(L)	tetracycline
ARGH_003388	LABG_024842	Rep99	yes	Lactobacillus	Lactobacillus crispatus	animal	AAC(6')-Ie-APH(2'')-Ia bifunctional protein	aminoglycoside
ARGH_003389	LABG_024842	Rep99	yes	Lactobacillus	Lactobacillus crispatus	animal	APH(2'')-If	aminoglycoside
ARGH_003390	LABG_024842	Rep99	yes	Lactobacillus	Lactobacillus crispatus	animal	tet(L)	tetracycline
ARGH_003391	LABG_024842	Rep99	yes	Lactobacillus	Lactobacillus crispatus	animal	tet(M)	tetracycline
ARGH_003392	LABG_024843	MQ	no	Limosilactobacillus	Limosilactobacillus reuteri_I	animal	tet(M)	tetracycline
ARGH_003393	LABG_024844	MQ	no	Lactobacillus	Lactobacillus sp945980025	animal	fexB	phenicol
ARGH_003394	LABG_024844	MQ	no	Lactobacillus	Lactobacillus sp945980025	animal	poxtA	multidrug
ARGH_003395	LABG_024845	MQ	no	Limosilactobacillus	Limosilactobacillus reuteri_I	animal	tet(39)	tetracycline
ARGH_003396	LABG_024846	MQ	no	Limosilactobacillus	Limosilactobacillus reuteri	animal	fexB	phenicol
ARGH_003397	LABG_024846	MQ	no	Limosilactobacillus	Limosilactobacillus reuteri	animal	poxtA	multidrug
ARGH_003398	LABG_024847	MQ	no	Limosilactobacillus	Limosilactobacillus reuteri	animal	ErmG	MLS
ARGH_003399	LABG_024847	MQ	no	Limosilactobacillus	Limosilactobacillus reuteri	animal	fexA	phenicol
ARGH_003400	LABG_024847	MQ	no	Limosilactobacillus	Limosilactobacillus reuteri	animal	SAT-4	aminoglycoside
ARGH_003401	LABG_024847	MQ	no	Limosilactobacillus	Limosilactobacillus reuteri	animal	vatE	MLS
ARGH_003402	LABG_024850	Rep99	yes	Lactobacillus	Lactobacillus amylovorus	animal	lnuA	MLS
ARGH_003403	LABG_024852	MQ	no	Lactobacillus	Lactobacillus amylovorus	animal	ErmB	MLS
ARGH_003404	LABG_024852	MQ	no	Lactobacillus	Lactobacillus amylovorus	animal	ErmF	MLS
ARGH_003405	LABG_024852	MQ	no	Lactobacillus	Lactobacillus amylovorus	animal	tet(X)	tetracycline
ARGH_003406	LABG_024853	MQ	no	Lactobacillus	Lactobacillus amylovorus	animal	tet(L)	tetracycline
ARGH_003407	LABG_024854	MQ	no	Limosilactobacillus	Limosilactobacillus reuteri	animal	tet(39)	tetracycline
ARGH_003408	LABG_024859	MQ	no	Limosilactobacillus	Limosilactobacillus reuteri_I	animal	fexA	phenicol
ARGH_003409	LABG_024859	MQ	no	Limosilactobacillus	Limosilactobacillus reuteri_I	animal	vatE	MLS
ARGH_003410	LABG_024860	MQ	no	Lactobacillus	Lactobacillus amylovorus	animal	CfxA2	beta-lactam
ARGH_003411	LABG_024860	MQ	no	Lactobacillus	Lactobacillus amylovorus	animal	ErmA	MLS
ARGH_003412	LABG_024861	Rep99	yes	Lactobacillus	Lactobacillus crispatus	animal	ErmT	MLS
ARGH_003413	LABG_024861	Rep99	yes	Lactobacillus	Lactobacillus crispatus	animal	fexA	phenicol
ARGH_003414	LABG_024861	Rep99	yes	Lactobacillus	Lactobacillus crispatus	animal	Streptococcus suis chloramphenicol acetyltransferase	phenicol
ARGH_003415	LABG_024862	Rep99	yes	Ligilactobacillus	Ligilactobacillus salivarius	animal	APH(3')-IIIa	aminoglycoside
ARGH_003416	LABG_024863	MQ	no	Limosilactobacillus	Limosilactobacillus vaginalis	animal	fexA	phenicol
ARGH_003417	LABG_024864	Rep99	yes	Lactobacillus	Lactobacillus crispatus	animal	ErmT	MLS
ARGH_003418	LABG_024864	Rep99	yes	Lactobacillus	Lactobacillus crispatus	animal	lnuA	MLS
ARGH_003419	LABG_024864	Rep99	yes	Lactobacillus	Lactobacillus crispatus	animal	vatE	MLS
ARGH_003420	LABG_024865	MQ	no	Lactobacillus	Lactobacillus crispatus	animal	vatE	MLS
ARGH_003421	LABG_024866	MQ	no	Lactobacillus	Lactobacillus crispatus	animal	Erm(52)	MLS
ARGH_003422	LABG_024866	MQ	no	Lactobacillus	Lactobacillus crispatus	animal	ErmT	MLS
ARGH_003423	LABG_024866	MQ	no	Lactobacillus	Lactobacillus crispatus	animal	lnuA	MLS
ARGH_003424	LABG_024866	MQ	no	Lactobacillus	Lactobacillus crispatus	animal	tet(B)	tetracycline
ARGH_003425	LABG_024866	MQ	no	Lactobacillus	Lactobacillus crispatus	animal	tetR	tetracycline
ARGH_003426	LABG_024867	MQ	no	Lactobacillus	Lactobacillus crispatus	animal	ErmT	MLS
ARGH_003427	LABG_024867	MQ	no	Lactobacillus	Lactobacillus crispatus	animal	vatE	MLS
ARGH_003428	LABG_024868	Rep99	yes	Lactobacillus	Lactobacillus crispatus	animal	Erm(52)	MLS
ARGH_003429	LABG_024868	Rep99	yes	Lactobacillus	Lactobacillus crispatus	animal	lnuA	MLS
ARGH_003430	LABG_024869	Rep99	yes	Limosilactobacillus	Limosilactobacillus reuteri_E	animal	tet(32)	tetracycline
ARGH_003431	LABG_024869	Rep99	yes	Limosilactobacillus	Limosilactobacillus reuteri_E	animal	tet(M)	tetracycline
ARGH_003432	LABG_024870	MQ	no	Lactobacillus	Lactobacillus crispatus	animal	APH(3')-IIIa	aminoglycoside
ARGH_003433	LABG_024870	MQ	no	Lactobacillus	Lactobacillus crispatus	animal	ErmT	MLS
ARGH_003434	LABG_024870	MQ	no	Lactobacillus	Lactobacillus crispatus	animal	lnuA	MLS
ARGH_003435	LABG_024871	MQ	no	Lactobacillus	Lactobacillus johnsonii	animal	Erm(52)	MLS
ARGH_003436	LABG_024873	MQ	no	Lactobacillus	Lactobacillus crispatus	animal	aad(6)	aminoglycoside
ARGH_003437	LABG_024873	MQ	no	Lactobacillus	Lactobacillus crispatus	animal	ErmB	MLS
ARGH_003438	LABG_024873	MQ	no	Lactobacillus	Lactobacillus crispatus	animal	tet(44)	tetracycline
ARGH_003439	LABG_024874	MQ	no	Lactobacillus	Lactobacillus crispatus	animal	lnuA	MLS
ARGH_003440	LABG_024875	MQ	no	Lactobacillus	Lactobacillus crispatus	animal	Erm(52)	MLS
ARGH_003441	LABG_024875	MQ	no	Lactobacillus	Lactobacillus crispatus	animal	ErmT	MLS
ARGH_003442	LABG_024875	MQ	no	Lactobacillus	Lactobacillus crispatus	animal	vatE	MLS
ARGH_003443	LABG_024877	Rep99	yes	Lactobacillus	Lactobacillus sp946579245	animal	lnuA	MLS
ARGH_003444	LABG_024878	MQ	no	Lactobacillus	Lactobacillus crispatus	animal	aad(6)	aminoglycoside
ARGH_003445	LABG_024878	MQ	no	Lactobacillus	Lactobacillus crispatus	animal	APH(3')-IIIa	aminoglycoside
ARGH_003446	LABG_024878	MQ	no	Lactobacillus	Lactobacillus crispatus	animal	ErmB	MLS
ARGH_003447	LABG_024878	MQ	no	Lactobacillus	Lactobacillus crispatus	animal	ErmG	MLS
ARGH_003448	LABG_024878	MQ	no	Lactobacillus	Lactobacillus crispatus	animal	ErmT	MLS
ARGH_003449	LABG_024878	MQ	no	Lactobacillus	Lactobacillus crispatus	animal	SAT-4	aminoglycoside
ARGH_003450	LABG_024879	MQ	no	Lactobacillus	Lactobacillus crispatus	animal	aad(6)	aminoglycoside
ARGH_003451	LABG_024879	MQ	no	Lactobacillus	Lactobacillus crispatus	animal	Erm(52)	MLS
ARGH_003452	LABG_024879	MQ	no	Lactobacillus	Lactobacillus crispatus	animal	SAT-4	aminoglycoside
ARGH_003453	LABG_024880	MQ	no	Lactobacillus	Lactobacillus crispatus	animal	lnuA	MLS
ARGH_003454	LABG_024880	MQ	no	Lactobacillus	Lactobacillus crispatus	animal	lnuC	MLS
ARGH_003455	LABG_024880	MQ	no	Lactobacillus	Lactobacillus crispatus	animal	vatE	MLS
ARGH_003456	LABG_024881	MQ	no	Lactobacillus	Lactobacillus crispatus	animal	ErmG	MLS
ARGH_003457	LABG_024881	MQ	no	Lactobacillus	Lactobacillus crispatus	animal	ErmT	MLS
ARGH_003458	LABG_024881	MQ	no	Lactobacillus	Lactobacillus crispatus	animal	vatE	MLS
ARGH_003459	LABG_024882	MQ	no	Lactobacillus	Lactobacillus crispatus	animal	ErmT	MLS
ARGH_003460	LABG_024883	MQ	no	Lactobacillus	Lactobacillus amylovorus	animal	tet(O)	tetracycline
ARGH_003461	LABG_024885	MQ	no	Lactobacillus	Lactobacillus sp945980025	animal	ErmG	MLS
ARGH_003462	LABG_024885	MQ	no	Lactobacillus	Lactobacillus sp945980025	animal	poxtA	multidrug
ARGH_003463	LABG_024886	MQ	no	Lactobacillus	Lactobacillus amylovorus	animal	lnuA	MLS
ARGH_003464	LABG_024887	MQ	no	Lactobacillus	Lactobacillus sp945980025	animal	lnuA	MLS
ARGH_003465	LABG_024888	MQ	no	Lactobacillus	Lactobacillus amylovorus	animal	ErmB	MLS
ARGH_003466	LABG_024888	MQ	no	Lactobacillus	Lactobacillus amylovorus	animal	lnuA	MLS
ARGH_003467	LABG_024889	MQ	no	Lactobacillus	Lactobacillus amylovorus	animal	tet(B)	tetracycline
ARGH_003468	LABG_024889	MQ	no	Lactobacillus	Lactobacillus amylovorus	animal	tetR	tetracycline
ARGH_003469	LABG_024891	MQ	no	Lactobacillus	Lactobacillus amylovorus	animal	ErmF	MLS
ARGH_003470	LABG_024891	MQ	no	Lactobacillus	Lactobacillus amylovorus	animal	lnuA	MLS
ARGH_003471	LABG_024891	MQ	no	Lactobacillus	Lactobacillus amylovorus	animal	tet(X1)	tetracycline
ARGH_003472	LABG_024893	MQ	no	Lactobacillus	Lactobacillus sp910589675	animal	ErmA	MLS
ARGH_003473	LABG_024893	MQ	no	Lactobacillus	Lactobacillus sp910589675	animal	lnuA	MLS
ARGH_003474	LABG_024895	Rep99	yes	Ligilactobacillus	Ligilactobacillus salivarius	animal	tetB(P)	tetracycline
ARGH_003475	LABG_024897	MQ	no	Lactobacillus	Lactobacillus amylovorus	animal	lnuA	MLS
ARGH_003476	LABG_024897	MQ	no	Lactobacillus	Lactobacillus amylovorus	animal	lnuC	MLS
ARGH_003477	LABG_024897	MQ	no	Lactobacillus	Lactobacillus amylovorus	animal	tet(Q)	tetracycline
ARGH_003478	LABG_024898	MQ	no	Lactobacillus	Lactobacillus sp945980025	animal	aadS	aminoglycoside
ARGH_003479	LABG_024898	MQ	no	Lactobacillus	Lactobacillus sp945980025	animal	lnuA	MLS
ARGH_003480	LABG_024900	MQ	no	Ligilactobacillus	Ligilactobacillus salivarius	animal	lnuC	MLS
ARGH_003481	LABG_024901	MQ	no	Limosilactobacillus	Limosilactobacillus vaginalis	animal	cfrE	multidrug
ARGH_003482	LABG_024901	MQ	no	Limosilactobacillus	Limosilactobacillus vaginalis	animal	Mef(En2)	MLS
ARGH_003483	LABG_024903	MQ	no	Lactobacillus	Lactobacillus amylovorus	animal	ErmF	MLS
ARGH_003484	LABG_024903	MQ	no	Lactobacillus	Lactobacillus amylovorus	animal	lnuA	MLS
ARGH_003485	LABG_024905	Rep99	yes	Lactobacillus	Lactobacillus sp945980025	animal	ErmB	MLS
ARGH_003486	LABG_024905	Rep99	yes	Lactobacillus	Lactobacillus sp945980025	animal	tet(L)	tetracycline
ARGH_003487	LABG_024906	MQ	no	Lactobacillus	Lactobacillus amylovorus	animal	aad(6)	aminoglycoside
ARGH_003488	LABG_024906	MQ	no	Lactobacillus	Lactobacillus amylovorus	animal	SAT-4	aminoglycoside
ARGH_003489	LABG_024911	MQ	no	Lactobacillus	Lactobacillus sp945980025	animal	ErmF	MLS
ARGH_003490	LABG_024911	MQ	no	Lactobacillus	Lactobacillus sp945980025	animal	lnuC	MLS
ARGH_003491	LABG_024912	MQ	no	Lactobacillus	Lactobacillus amylovorus	animal	lnuA	MLS
ARGH_003492	LABG_024912	MQ	no	Lactobacillus	Lactobacillus amylovorus	animal	tet(Q)	tetracycline
ARGH_003493	LABG_024913	Rep99	yes	Lactobacillus	Lactobacillus sp910589675	animal	ErmB	MLS
ARGH_003494	LABG_024913	Rep99	yes	Lactobacillus	Lactobacillus sp910589675	animal	tet(L)	tetracycline
ARGH_003495	LABG_024914	MQ	no	Lactobacillus	Lactobacillus amylovorus	animal	lnuC	MLS
ARGH_003496	LABG_024914	MQ	no	Lactobacillus	Lactobacillus amylovorus	animal	tet(W)	tetracycline
ARGH_003497	LABG_024915	MQ	no	Limosilactobacillus	Limosilactobacillus vaginalis	animal	tet(B)	tetracycline
ARGH_003498	LABG_024915	MQ	no	Limosilactobacillus	Limosilactobacillus vaginalis	animal	tetR	tetracycline
ARGH_003499	LABG_024916	MQ	no	Lactobacillus	Lactobacillus sp910589675	animal	ErmG	MLS
ARGH_003500	LABG_024916	MQ	no	Lactobacillus	Lactobacillus sp910589675	animal	lnuA	MLS
ARGH_003501	LABG_024917	MQ	no	Lactobacillus	Lactobacillus amylovorus	animal	aad(6)	aminoglycoside
ARGH_003502	LABG_024917	MQ	no	Lactobacillus	Lactobacillus amylovorus	animal	cfr(B)	multidrug
ARGH_003503	LABG_024917	MQ	no	Lactobacillus	Lactobacillus amylovorus	animal	ErmB	MLS
ARGH_003504	LABG_024917	MQ	no	Lactobacillus	Lactobacillus amylovorus	animal	lnuA	MLS
ARGH_003505	LABG_024917	MQ	no	Lactobacillus	Lactobacillus amylovorus	animal	SAT-4	aminoglycoside
ARGH_003506	LABG_024918	MQ	no	Lactobacillus	Lactobacillus sp910589675	animal	lnuA	MLS
ARGH_003507	LABG_024919	MQ	no	Lactobacillus	Lactobacillus amylovorus	animal	SAT-4	aminoglycoside
ARGH_003508	LABG_024920	MQ	no	Lactobacillus	Lactobacillus sp945980025	animal	ErmG	MLS
ARGH_003509	LABG_024921	MQ	no	Lactobacillus	Lactobacillus sp945980025	animal	ANT(6)-Ia	aminoglycoside
ARGH_003510	LABG_024922	MQ	no	Limosilactobacillus	Limosilactobacillus reuteri_I	animal	aad(6)	aminoglycoside
ARGH_003511	LABG_024922	MQ	no	Limosilactobacillus	Limosilactobacillus reuteri_I	animal	APH(3')-IIIa	aminoglycoside
ARGH_003512	LABG_024922	MQ	no	Limosilactobacillus	Limosilactobacillus reuteri_I	animal	lnuC	MLS
ARGH_003513	LABG_024922	MQ	no	Limosilactobacillus	Limosilactobacillus reuteri_I	animal	lnuC	MLS
ARGH_003514	LABG_024922	MQ	no	Limosilactobacillus	Limosilactobacillus reuteri_I	animal	SAT-4	aminoglycoside
ARGH_003515	LABG_024924	MQ	no	Lactobacillus	Lactobacillus sp945980025	animal	ErmB	MLS
ARGH_003516	LABG_024925	MQ	no	Lactobacillus	Lactobacillus amylovorus	animal	AAC(6')-Im	aminoglycoside
ARGH_003517	LABG_024925	MQ	no	Lactobacillus	Lactobacillus amylovorus	animal	APH(2'')-IIa	aminoglycoside
ARGH_003518	LABG_024926	Rep99	yes	Lactobacillus	Lactobacillus sp910589675	animal	ErmB	MLS
ARGH_003519	LABG_024927	MQ	no	Lactobacillus	Lactobacillus sp945980025	animal	ErmB	MLS
ARGH_003520	LABG_024927	MQ	no	Lactobacillus	Lactobacillus sp945980025	animal	ErmG	MLS
ARGH_003521	LABG_024928	MQ	no	Lactobacillus	Lactobacillus amylovorus	animal	Escherichia coli emrE	MLS
ARGH_003522	LABG_024928	MQ	no	Lactobacillus	Lactobacillus amylovorus	animal	lnuA	MLS
ARGH_003523	LABG_024928	MQ	no	Lactobacillus	Lactobacillus amylovorus	animal	qacL	disinfecting agents and antiseptics
ARGH_003524	LABG_024928	MQ	no	Lactobacillus	Lactobacillus amylovorus	animal	sul3	sulfonamide
ARGH_003525	LABG_024928	MQ	no	Lactobacillus	Lactobacillus amylovorus	animal	tet(B)	tetracycline
ARGH_003526	LABG_024928	MQ	no	Lactobacillus	Lactobacillus amylovorus	animal	tetR	tetracycline
ARGH_003527	LABG_024930	MQ	no	Lactobacillus	Lactobacillus sp945980025	animal	lnuA	MLS
ARGH_003528	LABG_024930	MQ	no	Lactobacillus	Lactobacillus sp945980025	animal	tet(44)	tetracycline
ARGH_003529	LABG_024930	MQ	no	Lactobacillus	Lactobacillus sp945980025	animal	tet(L)	tetracycline
ARGH_003530	LABG_024932	MQ	no	Lactobacillus	Lactobacillus amylovorus	animal	ErmA	MLS
ARGH_003531	LABG_024933	MQ	no	Limosilactobacillus	Limosilactobacillus sp011958095	animal	tet(B)	tetracycline
ARGH_003532	LABG_024933	MQ	no	Limosilactobacillus	Limosilactobacillus sp011958095	animal	tetR	tetracycline
ARGH_003533	LABG_024935	Rep99	yes	Lactobacillus	Lactobacillus sp945980025	animal	ANT(6)-Ib	aminoglycoside
ARGH_003534	LABG_024935	Rep99	yes	Lactobacillus	Lactobacillus sp945980025	animal	CfxA6	beta-lactam
ARGH_003535	LABG_024935	Rep99	yes	Lactobacillus	Lactobacillus sp945980025	animal	tet(44)	tetracycline
ARGH_003536	LABG_024936	MQ	no	Lactobacillus	Lactobacillus amylovorus	animal	lnuC	MLS
ARGH_003537	LABG_024937	Rep99	yes	Lactobacillus	Lactobacillus sp910589675	animal	ErmB	MLS
ARGH_003538	LABG_024937	Rep99	yes	Lactobacillus	Lactobacillus sp910589675	animal	ErmG	MLS
ARGH_003539	LABG_024937	Rep99	yes	Lactobacillus	Lactobacillus sp910589675	animal	tet(44)	tetracycline
ARGH_003540	LABG_024939	MQ	no	Lactobacillus	Lactobacillus sp945980025	animal	ROB-1	beta-lactam
ARGH_003541	LABG_024940	Rep99	yes	Limosilactobacillus	Limosilactobacillus reuteri_I	animal	tet(B)	tetracycline
ARGH_003542	LABG_024940	Rep99	yes	Limosilactobacillus	Limosilactobacillus reuteri_I	animal	tetR	tetracycline
ARGH_003543	LABG_024941	MQ	no	Lactobacillus	Lactobacillus amylovorus	animal	lnuA	MLS
ARGH_003544	LABG_024941	MQ	no	Lactobacillus	Lactobacillus amylovorus	animal	lnuA	MLS
ARGH_003545	LABG_024943	MQ	no	Lactobacillus	Lactobacillus sp910589675	animal	ErmB	MLS
ARGH_003546	LABG_024948	MQ	no	Lactobacillus	Lactobacillus sp910589675	animal	ErmF	MLS
ARGH_003547	LABG_024948	MQ	no	Lactobacillus	Lactobacillus sp910589675	animal	tet(X)	tetracycline
ARGH_003548	LABG_024948	MQ	no	Lactobacillus	Lactobacillus sp910589675	animal	tet(X1)	tetracycline
ARGH_003549	LABG_024949	MQ	no	Lactobacillus	Lactobacillus amylovorus	animal	lnuC	MLS
ARGH_003550	LABG_024950	MQ	no	Lactobacillus	Lactobacillus amylovorus	animal	aad(6)	aminoglycoside
ARGH_003551	LABG_024950	MQ	no	Lactobacillus	Lactobacillus amylovorus	animal	APH(3')-IIIa	aminoglycoside
ARGH_003552	LABG_024950	MQ	no	Lactobacillus	Lactobacillus amylovorus	animal	CfxA6	beta-lactam
ARGH_003553	LABG_024950	MQ	no	Lactobacillus	Lactobacillus amylovorus	animal	lnuC	MLS
ARGH_003554	LABG_024950	MQ	no	Lactobacillus	Lactobacillus amylovorus	animal	SAT-4	aminoglycoside
ARGH_003555	LABG_024951	MQ	no	Lactobacillus	Lactobacillus amylovorus	animal	ANT(6)-Ia	aminoglycoside
ARGH_003556	LABG_024951	MQ	no	Lactobacillus	Lactobacillus amylovorus	animal	lnuA	MLS
ARGH_003557	LABG_024951	MQ	no	Lactobacillus	Lactobacillus amylovorus	animal	lnuB	MLS
ARGH_003558	LABG_024951	MQ	no	Lactobacillus	Lactobacillus amylovorus	animal	lsaE	multidrug
ARGH_003559	LABG_024952	MQ	no	Lactobacillus	Lactobacillus amylovorus	animal	ErmF	MLS
ARGH_003560	LABG_024952	MQ	no	Lactobacillus	Lactobacillus amylovorus	animal	lnuC	MLS
ARGH_003561	LABG_024953	MQ	no	Limosilactobacillus	Limosilactobacillus mucosae	animal	ACI-1	beta-lactam
ARGH_003562	LABG_024954	MQ	no	Lactobacillus	Lactobacillus sp945980025	animal	ErmB	MLS
ARGH_003563	LABG_024954	MQ	no	Lactobacillus	Lactobacillus sp945980025	animal	lnuA	MLS
ARGH_003564	LABG_024954	MQ	no	Lactobacillus	Lactobacillus sp945980025	animal	tet(Q)	tetracycline
ARGH_003565	LABG_024955	MQ	no	Lactobacillus	Lactobacillus amylovorus	animal	CfxA6	beta-lactam
ARGH_003566	LABG_024956	MQ	no	Lactobacillus	Lactobacillus amylovorus	animal	ANT(6)-Ib	aminoglycoside
ARGH_003567	LABG_024956	MQ	no	Lactobacillus	Lactobacillus amylovorus	animal	CfxA6	beta-lactam
ARGH_003568	LABG_024956	MQ	no	Lactobacillus	Lactobacillus amylovorus	animal	tet(44)	tetracycline
ARGH_003569	LABG_024958	MQ	no	Limosilactobacillus	Limosilactobacillus reuteri	animal	lnuC	MLS
ARGH_003570	LABG_024958	MQ	no	Limosilactobacillus	Limosilactobacillus reuteri	animal	poxtA	multidrug
ARGH_003571	LABG_024959	MQ	no	Ligilactobacillus	Ligilactobacillus ruminis	animal	ErmT	MLS
ARGH_003572	LABG_024961	MQ	no	Ligilactobacillus	Ligilactobacillus ruminis	animal	cfrE	multidrug
ARGH_003573	LABG_024962	MQ	no	Limosilactobacillus	Limosilactobacillus reuteri	animal	ErmA	MLS
ARGH_003574	LABG_024962	MQ	no	Limosilactobacillus	Limosilactobacillus reuteri	animal	ErmF	MLS
ARGH_003575	LABG_024962	MQ	no	Limosilactobacillus	Limosilactobacillus reuteri	animal	fexA	phenicol
ARGH_003576	LABG_024969	Rep99	yes	Lactobacillus	Lactobacillus sp910589675	animal	Enterococcus faecium chloramphenicol acetyltransferase	phenicol
ARGH_003577	LABG_024969	Rep99	yes	Lactobacillus	Lactobacillus sp910589675	animal	fexB	phenicol
ARGH_003578	LABG_024973	MQ	no	Ligilactobacillus	Ligilactobacillus ruminis	animal	ErmT	MLS
ARGH_003579	LABG_024975	Rep99	yes	Lactobacillus	Lactobacillus amylovorus	animal	lnuA	MLS
ARGH_003580	LABG_024975	Rep99	yes	Lactobacillus	Lactobacillus amylovorus	animal	tet(W/N/W)	tetracycline
ARGH_003581	LABG_024976	Rep99	yes	Lactobacillus	Lactobacillus sp945980025	animal	lnuC	MLS
ARGH_003582	LABG_024977	Rep99	yes	Limosilactobacillus	Limosilactobacillus mucosae	animal	Mef(En2)	MLS
ARGH_003583	LABG_024978	MQ	no	Lactobacillus	Lactobacillus amylovorus	animal	aadS	aminoglycoside
ARGH_003584	LABG_024978	MQ	no	Lactobacillus	Lactobacillus amylovorus	animal	ANT(9)-Ia	aminoglycoside
ARGH_003585	LABG_024978	MQ	no	Lactobacillus	Lactobacillus amylovorus	animal	lnuC	MLS
ARGH_003586	LABG_024978	MQ	no	Lactobacillus	Lactobacillus amylovorus	animal	LnuH	MLS
ARGH_003587	LABG_024978	MQ	no	Lactobacillus	Lactobacillus amylovorus	animal	tet(36)	tetracycline
ARGH_003588	LABG_024978	MQ	no	Lactobacillus	Lactobacillus amylovorus	animal	tet(H)	tetracycline
ARGH_003589	LABG_024978	MQ	no	Lactobacillus	Lactobacillus amylovorus	animal	tet(Q)	tetracycline
ARGH_003590	LABG_024978	MQ	no	Lactobacillus	Lactobacillus amylovorus	animal	tet(T)	tetracycline
ARGH_003591	LABG_024979	MQ	no	Lactobacillus	Lactobacillus amylovorus	animal	tet(W/N/W)	tetracycline
ARGH_003592	LABG_024980	MQ	no	Lactobacillus	Lactobacillus amylovorus	animal	tet(H)	tetracycline
ARGH_003593	LABG_024981	MQ	no	Lactobacillus	Lactobacillus amylovorus	animal	lnuC	MLS
ARGH_003594	LABG_024981	MQ	no	Lactobacillus	Lactobacillus amylovorus	animal	tet(36)	tetracycline
ARGH_003595	LABG_024981	MQ	no	Lactobacillus	Lactobacillus amylovorus	animal	tet(O)	tetracycline
ARGH_003596	LABG_024982	MQ	no	Lactobacillus	Lactobacillus amylovorus	animal	ANT(6)-Ib	aminoglycoside
ARGH_003597	LABG_024982	MQ	no	Lactobacillus	Lactobacillus amylovorus	animal	ErmB	MLS
ARGH_003598	LABG_024982	MQ	no	Lactobacillus	Lactobacillus amylovorus	animal	lnuA	MLS
ARGH_003599	LABG_024982	MQ	no	Lactobacillus	Lactobacillus amylovorus	animal	lnuC	MLS
ARGH_003600	LABG_024982	MQ	no	Lactobacillus	Lactobacillus amylovorus	animal	tet(Q)	tetracycline
ARGH_003601	LABG_024983	MQ	no	Lactobacillus	Lactobacillus amylovorus	animal	ErmB	MLS
ARGH_003602	LABG_024983	MQ	no	Lactobacillus	Lactobacillus amylovorus	animal	lnuC	MLS
ARGH_003603	LABG_024983	MQ	no	Lactobacillus	Lactobacillus amylovorus	animal	tet(36)	tetracycline
ARGH_003604	LABG_024984	MQ	no	Lactobacillus	Lactobacillus amylovorus	animal	tet(H)	tetracycline
ARGH_003605	LABG_024985	MQ	no	Lactobacillus	Lactobacillus amylovorus	animal	ErmB	MLS
ARGH_003606	LABG_024985	MQ	no	Lactobacillus	Lactobacillus amylovorus	animal	lnuB	MLS
ARGH_003607	LABG_024985	MQ	no	Lactobacillus	Lactobacillus amylovorus	animal	lnuC	MLS
ARGH_003608	LABG_024985	MQ	no	Lactobacillus	Lactobacillus amylovorus	animal	lsaE	multidrug
ARGH_003609	LABG_024985	MQ	no	Lactobacillus	Lactobacillus amylovorus	animal	tet(O)	tetracycline
ARGH_003610	LABG_024986	MQ	no	Lactobacillus	Lactobacillus sp945980025	animal	ErmB	MLS
ARGH_003611	LABG_024986	MQ	no	Lactobacillus	Lactobacillus sp945980025	animal	lnuA	MLS
ARGH_003612	LABG_024987	MQ	no	Lactobacillus	Lactobacillus amylovorus	animal	CfxA6	beta-lactam
ARGH_003613	LABG_024987	MQ	no	Lactobacillus	Lactobacillus amylovorus	animal	ErmB	MLS
ARGH_003614	LABG_024987	MQ	no	Lactobacillus	Lactobacillus amylovorus	animal	lnuC	MLS
ARGH_003615	LABG_024988	MQ	no	Lactobacillus	Lactobacillus amylovorus	animal	aadS	aminoglycoside
ARGH_003616	LABG_024988	MQ	no	Lactobacillus	Lactobacillus amylovorus	animal	ANT(6)-Ia	aminoglycoside
ARGH_003617	LABG_024988	MQ	no	Lactobacillus	Lactobacillus amylovorus	animal	CfxA6	beta-lactam
ARGH_003618	LABG_024988	MQ	no	Lactobacillus	Lactobacillus amylovorus	animal	lnuB	MLS
ARGH_003619	LABG_024988	MQ	no	Lactobacillus	Lactobacillus amylovorus	animal	tet(Q)	tetracycline
ARGH_003620	LABG_024990	Rep99	yes	Lactobacillus	Lactobacillus sp910589675	animal	APH(3')-IIIa	aminoglycoside
ARGH_003621	LABG_024990	Rep99	yes	Lactobacillus	Lactobacillus sp910589675	animal	lnuC	MLS
ARGH_003622	LABG_024990	Rep99	yes	Lactobacillus	Lactobacillus sp910589675	animal	SAT-4	aminoglycoside
ARGH_003623	LABG_024990	Rep99	yes	Lactobacillus	Lactobacillus sp910589675	animal	tet(44)	tetracycline
ARGH_003624	LABG_024990	Rep99	yes	Lactobacillus	Lactobacillus sp910589675	animal	tet(Q)	tetracycline
ARGH_003625	LABG_024991	MQ	no	Limosilactobacillus	Limosilactobacillus reuteri_I	animal	lnuA	MLS
ARGH_003626	LABG_024991	MQ	no	Limosilactobacillus	Limosilactobacillus reuteri_I	animal	lnuC	MLS
ARGH_003627	LABG_024993	MQ	no	Limosilactobacillus	Limosilactobacillus reuteri_I	animal	tet(44)	tetracycline
ARGH_003628	LABG_024995	MQ	no	Limosilactobacillus	Limosilactobacillus reuteri_I	animal	ErmF	MLS
ARGH_003629	LABG_024995	MQ	no	Limosilactobacillus	Limosilactobacillus reuteri_I	animal	tet(X1)	tetracycline
ARGH_003630	LABG_024997	MQ	no	Limosilactobacillus	Limosilactobacillus reuteri_I	animal	dfrG	trimethoprim
ARGH_003631	LABG_024998	Rep99	yes	Lactobacillus	Lactobacillus amylovorus	animal	dfrG	trimethoprim
ARGH_003632	LABG_025000	Rep99	yes	Lactobacillus	Lactobacillus amylovorus	animal	ErmG	MLS
ARGH_003633	LABG_025000	Rep99	yes	Lactobacillus	Lactobacillus amylovorus	animal	vatE	MLS
ARGH_003634	LABG_025002	MQ	no	Limosilactobacillus	Limosilactobacillus reuteri_I	animal	APH(2'')-If	aminoglycoside
ARGH_003635	LABG_025003	Rep99	yes	Limosilactobacillus	Limosilactobacillus mucosae	animal	mdtM	multidrug
ARGH_003636	LABG_025003	Rep99	yes	Limosilactobacillus	Limosilactobacillus mucosae	animal	msbA	multidrug
ARGH_003637	LABG_025003	Rep99	yes	Limosilactobacillus	Limosilactobacillus mucosae	animal	QnrS1	fluoroquinolone
ARGH_003638	LABG_025003	Rep99	yes	Limosilactobacillus	Limosilactobacillus mucosae	animal	tet(40)	tetracycline
ARGH_003639	LABG_025003	Rep99	yes	Limosilactobacillus	Limosilactobacillus mucosae	animal	ugd	peptide
ARGH_003640	LABG_025003	Rep99	yes	Limosilactobacillus	Limosilactobacillus mucosae	animal	ugd	peptide
ARGH_003641	LABG_025005	Rep99	yes	Ligilactobacillus	Ligilactobacillus salivarius	animal	tet(S)	tetracycline
ARGH_003642	LABG_025007	MQ	no	Lactobacillus	Lactobacillus gallinarum	animal	tet(Q)	tetracycline
ARGH_003643	LABG_025009	Rep99	yes	Ligilactobacillus	Ligilactobacillus salivarius	animal	tet(S)	tetracycline
ARGH_003644	LABG_025010	MQ	no	Limosilactobacillus	Limosilactobacillus galli	animal	tet(W)	tetracycline
ARGH_003645	LABG_025018	MQ	no	Limosilactobacillus	Limosilactobacillus vaginalis	animal	tet(L)	tetracycline
ARGH_003646	LABG_025018	MQ	no	Limosilactobacillus	Limosilactobacillus vaginalis	animal	tet(M)	tetracycline
ARGH_003647	LABG_025023	Rep99	yes	Ligilactobacillus	Ligilactobacillus agilis	animal	tet(L)	tetracycline
ARGH_003648	LABG_025023	Rep99	yes	Ligilactobacillus	Ligilactobacillus agilis	animal	tet(M)	tetracycline
ARGH_003649	LABG_025027	Rep99	yes	Lactobacillus	Lactobacillus johnsonii	animal	ErmB	MLS
ARGH_003650	LABG_025035	MQ	no	Lactobacillus	Lactobacillus sp910589675	animal	lnuB	MLS
ARGH_003651	LABG_025035	MQ	no	Lactobacillus	Lactobacillus sp910589675	animal	lsaE	multidrug
ARGH_003652	LABG_025035	MQ	no	Lactobacillus	Lactobacillus sp910589675	animal	tet(44)	tetracycline
ARGH_003653	LABG_025036	MQ	no	Limosilactobacillus	Limosilactobacillus reuteri	animal	tet(B)	tetracycline
ARGH_003654	LABG_025036	MQ	no	Limosilactobacillus	Limosilactobacillus reuteri	animal	tetR	tetracycline
ARGH_003655	LABG_025037	MQ	no	Lactobacillus	Lactobacillus sp945980025	animal	ANT(6)-Ib	aminoglycoside
ARGH_003656	LABG_025037	MQ	no	Lactobacillus	Lactobacillus sp945980025	animal	ErmB	MLS
ARGH_003657	LABG_025038	MQ	no	Ligilactobacillus	Ligilactobacillus salivarius	animal	catA8	phenicol
ARGH_003658	LABG_025038	MQ	no	Ligilactobacillus	Ligilactobacillus salivarius	animal	ErmY	MLS
ARGH_003659	LABG_025039	MQ	no	Ligilactobacillus	Ligilactobacillus salivarius	animal	ErmC	MLS
ARGH_003660	LABG_025043	Rep99	yes	Lactobacillus	Lactobacillus gallinarum	animal	AAC(6')-Ie-APH(2'')-Ia bifunctional protein	aminoglycoside
ARGH_003661	LABG_025043	Rep99	yes	Lactobacillus	Lactobacillus gallinarum	animal	ErmF	MLS
ARGH_003662	LABG_025043	Rep99	yes	Lactobacillus	Lactobacillus gallinarum	animal	OXA-347	beta-lactam
ARGH_003663	LABG_025044	MQ	no	Lactobacillus	Lactobacillus crispatus	animal	ErmC	MLS
ARGH_003664	LABG_025044	MQ	no	Lactobacillus	Lactobacillus crispatus	animal	QnrVC1	fluoroquinolone
ARGH_003665	LABG_025046	Rep99	yes	Limosilactobacillus	Limosilactobacillus ingluviei	animal	catB3	phenicol
ARGH_003666	LABG_025048	Rep99	yes	Lactobacillus	Lactobacillus crispatus	animal	vatE	MLS
ARGH_003667	LABG_025053	MQ	no	Lactobacillus	Lactobacillus amylovorus	animal	lnuC	MLS
ARGH_003668	LABG_025054	MQ	no	Limosilactobacillus	Limosilactobacillus reuteri_I	animal	vatE	MLS
ARGH_003669	LABG_025055	MQ	no	Lactobacillus	Lactobacillus amylovorus	animal	CfxA6	beta-lactam
ARGH_003670	LABG_025055	MQ	no	Lactobacillus	Lactobacillus amylovorus	animal	tet(W)	tetracycline
ARGH_003671	LABG_025057	MQ	no	Ligilactobacillus	Ligilactobacillus aviarius	animal	ErmB	MLS
ARGH_003672	LABG_025058	MQ	no	Ligilactobacillus	Ligilactobacillus agilis	animal	ErmB	MLS
ARGH_003673	LABG_025058	MQ	no	Ligilactobacillus	Ligilactobacillus agilis	animal	tet(L)	tetracycline
ARGH_003674	LABG_025059	Rep99	yes	Lactobacillus	Lactobacillus crispatus	animal	Erm(52)	MLS
ARGH_003675	LABG_025059	Rep99	yes	Lactobacillus	Lactobacillus crispatus	animal	ErmG	MLS
ARGH_003676	LABG_025059	Rep99	yes	Lactobacillus	Lactobacillus crispatus	animal	Mef(En2)	MLS
ARGH_003677	LABG_025059	Rep99	yes	Lactobacillus	Lactobacillus crispatus	animal	tet(L)	tetracycline
ARGH_003678	LABG_025059	Rep99	yes	Lactobacillus	Lactobacillus crispatus	animal	tet(M)	tetracycline
ARGH_003679	LABG_025059	Rep99	yes	Lactobacillus	Lactobacillus crispatus	animal	tet(Q)	tetracycline
ARGH_003680	LABG_025059	Rep99	yes	Lactobacillus	Lactobacillus crispatus	animal	vatE	MLS
ARGH_003681	LABG_025060	Rep99	yes	Ligilactobacillus	Ligilactobacillus salivarius	animal	Streptococcus suis chloramphenicol acetyltransferase	phenicol
ARGH_003682	LABG_025060	Rep99	yes	Ligilactobacillus	Ligilactobacillus salivarius	animal	tet(44)	tetracycline
ARGH_003683	LABG_025061	MQ	no	Ligilactobacillus	Ligilactobacillus salivarius	animal	AAC(6')-Ie-APH(2'')-Ia bifunctional protein	aminoglycoside
ARGH_003684	LABG_025061	MQ	no	Ligilactobacillus	Ligilactobacillus salivarius	animal	catA8	phenicol
ARGH_003685	LABG_025061	MQ	no	Ligilactobacillus	Ligilactobacillus salivarius	animal	Erm(52)	MLS
ARGH_003686	LABG_025061	MQ	no	Ligilactobacillus	Ligilactobacillus salivarius	animal	fexA	phenicol
ARGH_003687	LABG_025061	MQ	no	Ligilactobacillus	Ligilactobacillus salivarius	animal	fexB	phenicol
ARGH_003688	LABG_025061	MQ	no	Ligilactobacillus	Ligilactobacillus salivarius	animal	lnuA	MLS
ARGH_003689	LABG_025061	MQ	no	Ligilactobacillus	Ligilactobacillus salivarius	animal	Streptococcus suis chloramphenicol acetyltransferase	phenicol
ARGH_003690	LABG_025061	MQ	no	Ligilactobacillus	Ligilactobacillus salivarius	animal	tet(L)	tetracycline
ARGH_003691	LABG_025061	MQ	no	Ligilactobacillus	Ligilactobacillus salivarius	animal	tet(M)	tetracycline
ARGH_003692	LABG_025061	MQ	no	Ligilactobacillus	Ligilactobacillus salivarius	animal	vatE	MLS
ARGH_003693	LABG_025062	Rep99	yes	Ligilactobacillus	Ligilactobacillus aviarius	animal	catA8	phenicol
ARGH_003694	LABG_025063	MQ	no	Ligilactobacillus	Ligilactobacillus faecavium	animal	APH(3')-IIIa	aminoglycoside
ARGH_003695	LABG_025063	MQ	no	Ligilactobacillus	Ligilactobacillus faecavium	animal	tet(W)	tetracycline
ARGH_003696	LABG_025065	MQ	no	Limosilactobacillus	Limosilactobacillus reuteri_E	animal	fexB	phenicol
ARGH_003697	LABG_025066	Rep99	yes	Limosilactobacillus	Limosilactobacillus oris_A	animal	ErmX	MLS
ARGH_003698	LABG_025067	MQ	no	Limosilactobacillus	Limosilactobacillus faecipullorum	animal	dfrG	trimethoprim
ARGH_003699	LABG_025068	MQ	no	Lactobacillus	Lactobacillus gallinarum	animal	fexA	phenicol
ARGH_003700	LABG_025068	MQ	no	Lactobacillus	Lactobacillus gallinarum	animal	lnuA	MLS
ARGH_003701	LABG_025068	MQ	no	Lactobacillus	Lactobacillus gallinarum	animal	vatE	MLS
ARGH_003702	LABG_025069	MQ	no	Ligilactobacillus	Ligilactobacillus aviarius	animal	Erm(52)	MLS
ARGH_003703	LABG_025069	MQ	no	Ligilactobacillus	Ligilactobacillus aviarius	animal	npmA	aminoglycoside
ARGH_003704	LABG_025070	MQ	no	Ligilactobacillus	Ligilactobacillus hohenheimensis	animal	fexB	phenicol
ARGH_003705	LABG_025070	MQ	no	Ligilactobacillus	Ligilactobacillus hohenheimensis	animal	poxtA	multidrug
ARGH_003706	LABG_025070	MQ	no	Ligilactobacillus	Ligilactobacillus hohenheimensis	animal	tet(W)	tetracycline
ARGH_003707	LABG_025071	Rep99	yes	Limosilactobacillus	Limosilactobacillus reuteri_E	animal	fexA	phenicol
ARGH_003708	LABG_025071	Rep99	yes	Limosilactobacillus	Limosilactobacillus reuteri_E	animal	vatE	MLS
ARGH_003709	LABG_025072	Rep99	yes	Ligilactobacillus	Ligilactobacillus aviarius	animal	ErmB	MLS
ARGH_003710	LABG_025072	Rep99	yes	Ligilactobacillus	Ligilactobacillus aviarius	animal	ErmF	MLS
ARGH_003711	LABG_025072	Rep99	yes	Ligilactobacillus	Ligilactobacillus aviarius	animal	lnuA	MLS
ARGH_003712	LABG_025072	Rep99	yes	Ligilactobacillus	Ligilactobacillus aviarius	animal	Mef(En2)	MLS
ARGH_003713	LABG_025072	Rep99	yes	Ligilactobacillus	Ligilactobacillus aviarius	animal	OXA-347	beta-lactam
ARGH_003714	LABG_025073	MQ	no	Ligilactobacillus	Ligilactobacillus salivarius	animal	APH(2'')-If	aminoglycoside
ARGH_003715	LABG_025073	MQ	no	Ligilactobacillus	Ligilactobacillus salivarius	animal	ErmC	MLS
ARGH_003716	LABG_025074	Rep99	yes	Ligilactobacillus	Ligilactobacillus hohenheimensis	animal	cfrE	multidrug
ARGH_003717	LABG_025075	MQ	no	Ligilactobacillus	Ligilactobacillus aviarius	animal	Erm(52)	MLS
ARGH_003718	LABG_025075	MQ	no	Ligilactobacillus	Ligilactobacillus aviarius	animal	Streptococcus suis chloramphenicol acetyltransferase	phenicol
ARGH_003719	LABG_025076	MQ	no	Ligilactobacillus	Ligilactobacillus salivarius	animal	ErmC	MLS
ARGH_003720	LABG_025076	MQ	no	Ligilactobacillus	Ligilactobacillus salivarius	animal	Streptococcus suis chloramphenicol acetyltransferase	phenicol
ARGH_003721	LABG_025077	MQ	no	Limosilactobacillus	Limosilactobacillus faecipullorum	animal	dfrG	trimethoprim
ARGH_003722	LABG_025079	MQ	no	Ligilactobacillus	Ligilactobacillus agilis	animal	Mef(En2)	MLS
ARGH_003723	LABG_025079	MQ	no	Ligilactobacillus	Ligilactobacillus agilis	animal	tet(Q)	tetracycline
ARGH_003724	LABG_025081	Rep99	yes	Lactobacillus	Lactobacillus crispatus	animal	fexB	phenicol
ARGH_003725	LABG_025082	Rep99	yes	Lactobacillus	Lactobacillus johnsonii	animal	APH(2'')-If	aminoglycoside
ARGH_003726	LABG_025082	Rep99	yes	Lactobacillus	Lactobacillus johnsonii	animal	lnuA	MLS
ARGH_003727	LABG_025082	Rep99	yes	Lactobacillus	Lactobacillus johnsonii	animal	mphE	MLS
ARGH_003728	LABG_025082	Rep99	yes	Lactobacillus	Lactobacillus johnsonii	animal	msrE	MLS
ARGH_003729	LABG_025082	Rep99	yes	Lactobacillus	Lactobacillus johnsonii	animal	vatH	MLS
ARGH_003730	LABG_025082	Rep99	yes	Lactobacillus	Lactobacillus johnsonii	animal	vgaD	MLS
ARGH_003731	LABG_025084	Rep99	yes	Gallilactobacillus	Gallilactobacillus intestinavium	animal	AAC(6')-Ie-APH(2'')-Ia bifunctional protein	aminoglycoside
ARGH_003732	LABG_025084	Rep99	yes	Gallilactobacillus	Gallilactobacillus intestinavium	animal	ANT(6)-Ia	aminoglycoside
ARGH_003733	LABG_025084	Rep99	yes	Gallilactobacillus	Gallilactobacillus intestinavium	animal	ErmC	MLS
ARGH_003734	LABG_025084	Rep99	yes	Gallilactobacillus	Gallilactobacillus intestinavium	animal	ErmT	MLS
ARGH_003735	LABG_025084	Rep99	yes	Gallilactobacillus	Gallilactobacillus intestinavium	animal	Streptococcus suis chloramphenicol acetyltransferase	phenicol
ARGH_003736	LABG_025086	MQ	no	Lactobacillus	Lactobacillus crispatus	animal	Limosilactobacillus reuteri cat-TC	phenicol
ARGH_003737	LABG_025088	MQ	no	Lactobacillus	Lactobacillus johnsonii	animal	lnuA	MLS
ARGH_003738	LABG_025089	MQ	no	Lactobacillus	Lactobacillus johnsonii	animal	Streptococcus suis chloramphenicol acetyltransferase	phenicol
ARGH_003739	LABG_025092	MQ	no	Limosilactobacillus	Limosilactobacillus galli	animal	ErmX	MLS
ARGH_003740	LABG_025092	MQ	no	Limosilactobacillus	Limosilactobacillus galli	animal	tet(40)	tetracycline
ARGH_003741	LABG_025094	Rep99	yes	Lactobacillus	Lactobacillus crispatus	animal	ErmT	MLS
ARGH_003742	LABG_025094	Rep99	yes	Lactobacillus	Lactobacillus crispatus	animal	fexA	phenicol
ARGH_003743	LABG_025095	Rep99	yes	Lactobacillus	Lactobacillus johnsonii	animal	lnuA	MLS
ARGH_003744	LABG_025096	Rep99	yes	Lactobacillus	Lactobacillus sp027681045	animal	ErmB	MLS
ARGH_003745	LABG_025097	Rep99	yes	Ligilactobacillus	Ligilactobacillus salivarius	animal	tet(W)	tetracycline
ARGH_003746	LABG_025098	MQ	no	Ligilactobacillus	Ligilactobacillus salivarius	animal	AAC(6')-Ie-APH(2'')-Ia bifunctional protein	aminoglycoside
ARGH_003747	LABG_025098	MQ	no	Ligilactobacillus	Ligilactobacillus salivarius	animal	aadS	aminoglycoside
ARGH_003748	LABG_025098	MQ	no	Ligilactobacillus	Ligilactobacillus salivarius	animal	EreD	MLS
ARGH_003749	LABG_025098	MQ	no	Ligilactobacillus	Ligilactobacillus salivarius	animal	OXA-347	beta-lactam
ARGH_003750	LABG_025098	MQ	no	Ligilactobacillus	Ligilactobacillus salivarius	animal	Streptococcus suis chloramphenicol acetyltransferase	phenicol
ARGH_003751	LABG_025099	Rep99	yes	Lactobacillus	Lactobacillus johnsonii	animal	ErmT	MLS
ARGH_003752	LABG_025099	Rep99	yes	Lactobacillus	Lactobacillus johnsonii	animal	lnuA	MLS
ARGH_003753	LABG_025100	MQ	no	Lactobacillus	Lactobacillus johnsonii	animal	fexB	phenicol
ARGH_003754	LABG_025101	MQ	no	Ligilactobacillus	Ligilactobacillus aviarius	animal	APH(3')-Ia	aminoglycoside
ARGH_003755	LABG_025101	MQ	no	Ligilactobacillus	Ligilactobacillus aviarius	animal	MCR-1.1	peptide
ARGH_003756	LABG_025102	Rep99	yes	Limosilactobacillus	Limosilactobacillus reuteri_E	animal	tet(B)	tetracycline
ARGH_003757	LABG_025102	Rep99	yes	Limosilactobacillus	Limosilactobacillus reuteri_E	animal	tetR	tetracycline
ARGH_003758	LABG_025103	MQ	no	Ligilactobacillus	Ligilactobacillus salivarius	animal	ANT(6)-Ib	aminoglycoside
ARGH_003759	LABG_025106	Rep99	yes	Limosilactobacillus	Limosilactobacillus oris_A	animal	aadA	aminoglycoside
ARGH_003760	LABG_025107	MQ	no	Lactobacillus	Lactobacillus johnsonii	animal	AAC(6')-Ie-APH(2'')-Ia bifunctional protein	aminoglycoside
ARGH_003761	LABG_025107	MQ	no	Lactobacillus	Lactobacillus johnsonii	animal	ErmT	MLS
ARGH_003762	LABG_025107	MQ	no	Lactobacillus	Lactobacillus johnsonii	animal	fexB	phenicol
ARGH_003763	LABG_025107	MQ	no	Lactobacillus	Lactobacillus johnsonii	animal	FosXCC	fosfomycin
ARGH_003764	LABG_025107	MQ	no	Lactobacillus	Lactobacillus johnsonii	animal	lnuA	MLS
ARGH_003765	LABG_025108	MQ	no	Lactobacillus	Lactobacillus gallinarum	animal	ErmB	MLS
ARGH_003766	LABG_025108	MQ	no	Lactobacillus	Lactobacillus gallinarum	animal	ErmT	MLS
ARGH_003767	LABG_025108	MQ	no	Lactobacillus	Lactobacillus gallinarum	animal	fexB	phenicol
ARGH_003768	LABG_025108	MQ	no	Lactobacillus	Lactobacillus gallinarum	animal	lnuA	MLS
ARGH_003769	LABG_025108	MQ	no	Lactobacillus	Lactobacillus gallinarum	animal	poxtA	multidrug
ARGH_003770	LABG_025108	MQ	no	Lactobacillus	Lactobacillus gallinarum	animal	qacEdelta1	disinfecting agents and antiseptics
ARGH_003771	LABG_025108	MQ	no	Lactobacillus	Lactobacillus gallinarum	animal	Streptococcus suis chloramphenicol acetyltransferase	phenicol
ARGH_003772	LABG_025108	MQ	no	Lactobacillus	Lactobacillus gallinarum	animal	sul1	sulfonamide
ARGH_003773	LABG_025109	MQ	no	Limosilactobacillus	Limosilactobacillus ingluviei	animal	aadA2	aminoglycoside
ARGH_003774	LABG_025109	MQ	no	Limosilactobacillus	Limosilactobacillus ingluviei	animal	aadA5	aminoglycoside
ARGH_003775	LABG_025109	MQ	no	Limosilactobacillus	Limosilactobacillus ingluviei	animal	cmlA5	phenicol
ARGH_003776	LABG_025109	MQ	no	Limosilactobacillus	Limosilactobacillus ingluviei	animal	dfrA17	trimethoprim
ARGH_003777	LABG_025109	MQ	no	Limosilactobacillus	Limosilactobacillus ingluviei	animal	floR	phenicol
ARGH_003778	LABG_025109	MQ	no	Limosilactobacillus	Limosilactobacillus ingluviei	animal	lnuC	MLS
ARGH_003779	LABG_025109	MQ	no	Limosilactobacillus	Limosilactobacillus ingluviei	animal	OXA-10	beta-lactam
ARGH_003780	LABG_025110	Rep99	yes	Ligilactobacillus	Ligilactobacillus salivarius	animal	ANT(4')-Ia	aminoglycoside
ARGH_003781	LABG_025110	Rep99	yes	Ligilactobacillus	Ligilactobacillus salivarius	animal	lnuC	MLS
ARGH_003782	LABG_025111	MQ	no	Lactobacillus	Lactobacillus johnsonii	animal	AAC(6')-Ie-APH(2'')-Ia bifunctional protein	aminoglycoside
ARGH_003783	LABG_025111	MQ	no	Lactobacillus	Lactobacillus johnsonii	animal	ErmT	MLS
ARGH_003784	LABG_025111	MQ	no	Lactobacillus	Lactobacillus johnsonii	animal	vatE	MLS
ARGH_003785	LABG_025112	MQ	no	Ligilactobacillus	Ligilactobacillus salivarius	animal	ANT(9)-Ia	aminoglycoside
ARGH_003786	LABG_025112	MQ	no	Ligilactobacillus	Ligilactobacillus salivarius	animal	ErmC	MLS
ARGH_003787	LABG_025112	MQ	no	Ligilactobacillus	Ligilactobacillus salivarius	animal	ErmG	MLS
ARGH_003788	LABG_025112	MQ	no	Ligilactobacillus	Ligilactobacillus salivarius	animal	fexB	phenicol
ARGH_003789	LABG_025112	MQ	no	Ligilactobacillus	Ligilactobacillus salivarius	animal	tet(S)	tetracycline
ARGH_003790	LABG_025113	Rep99	yes	Lactobacillus	Lactobacillus crispatus	animal	vatH	MLS
ARGH_003791	LABG_025113	Rep99	yes	Lactobacillus	Lactobacillus crispatus	animal	vgaD	MLS
ARGH_003792	LABG_025114	MQ	no	Ligilactobacillus	Ligilactobacillus hohenheimensis	animal	AAC(6')-IIa	aminoglycoside
ARGH_003793	LABG_025114	MQ	no	Ligilactobacillus	Ligilactobacillus hohenheimensis	animal	CARB-58	beta-lactam
ARGH_003794	LABG_025114	MQ	no	Ligilactobacillus	Ligilactobacillus hohenheimensis	animal	catB11	phenicol
ARGH_003795	LABG_025114	MQ	no	Ligilactobacillus	Ligilactobacillus hohenheimensis	animal	Escherichia coli AcrAB-TolC with MarR mutations conferring resistance to ciprofloxacin and tetracycline	multidrug
ARGH_003796	LABG_025114	MQ	no	Ligilactobacillus	Ligilactobacillus hohenheimensis	animal	marA	multidrug
ARGH_003797	LABG_025115	MQ	no	Ligilactobacillus	Ligilactobacillus salivarius	animal	ErmA	MLS
ARGH_003798	LABG_025117	MQ	no	Ligilactobacillus	Ligilactobacillus aviarius_C	animal	APH(3')-Ia	aminoglycoside
ARGH_003799	LABG_025117	MQ	no	Ligilactobacillus	Ligilactobacillus aviarius_C	animal	Streptococcus suis chloramphenicol acetyltransferase	phenicol
ARGH_003800	LABG_025118	MQ	no	Lactobacillus	Lactobacillus johnsonii	animal	ErmF	MLS
ARGH_003801	LABG_025118	MQ	no	Lactobacillus	Lactobacillus johnsonii	animal	ErmT	MLS
ARGH_003802	LABG_025118	MQ	no	Lactobacillus	Lactobacillus johnsonii	animal	lnuA	MLS
ARGH_003803	LABG_025120	Rep99	yes	Ligilactobacillus	Ligilactobacillus salivarius	animal	catA8	phenicol
ARGH_003804	LABG_025120	Rep99	yes	Ligilactobacillus	Ligilactobacillus salivarius	animal	ErmA	MLS
ARGH_003805	LABG_025120	Rep99	yes	Ligilactobacillus	Ligilactobacillus salivarius	animal	lnuA	MLS
ARGH_003806	LABG_025121	MQ	no	Limosilactobacillus	Limosilactobacillus intestinipullorum	animal	tet(40)	tetracycline
ARGH_003807	LABG_025122	MQ	no	Limosilactobacillus	Limosilactobacillus reuteri_E	animal	fexA	phenicol
ARGH_003808	LABG_025123	MQ	no	Lactobacillus	Lactobacillus gallinarum	animal	aad(6)	aminoglycoside
ARGH_003809	LABG_025123	MQ	no	Lactobacillus	Lactobacillus gallinarum	animal	APH(3'')-Ib	aminoglycoside
ARGH_003810	LABG_025123	MQ	no	Lactobacillus	Lactobacillus gallinarum	animal	APH(3')-IIIa	aminoglycoside
ARGH_003811	LABG_025123	MQ	no	Lactobacillus	Lactobacillus gallinarum	animal	APH(6)-Id	aminoglycoside
ARGH_003812	LABG_025123	MQ	no	Lactobacillus	Lactobacillus gallinarum	animal	dfrG	trimethoprim
ARGH_003813	LABG_025123	MQ	no	Lactobacillus	Lactobacillus gallinarum	animal	ErmT	MLS
ARGH_003814	LABG_025123	MQ	no	Lactobacillus	Lactobacillus gallinarum	animal	fexB	phenicol
ARGH_003815	LABG_025123	MQ	no	Lactobacillus	Lactobacillus gallinarum	animal	SAT-4	aminoglycoside
ARGH_003816	LABG_025123	MQ	no	Lactobacillus	Lactobacillus gallinarum	animal	Streptococcus suis chloramphenicol acetyltransferase	phenicol
ARGH_003817	LABG_025123	MQ	no	Lactobacillus	Lactobacillus gallinarum	animal	sul2	sulfonamide
ARGH_003818	LABG_025123	MQ	no	Lactobacillus	Lactobacillus gallinarum	animal	tet(O)	tetracycline
ARGH_003819	LABG_025123	MQ	no	Lactobacillus	Lactobacillus gallinarum	animal	tet(X4)	tetracycline
ARGH_003820	LABG_025124	MQ	no	Lactobacillus	Lactobacillus gallinarum	animal	dfrG	trimethoprim
ARGH_003821	LABG_025124	MQ	no	Lactobacillus	Lactobacillus gallinarum	animal	ErmT	MLS
ARGH_003822	LABG_025124	MQ	no	Lactobacillus	Lactobacillus gallinarum	animal	fexB	phenicol
ARGH_003823	LABG_025124	MQ	no	Lactobacillus	Lactobacillus gallinarum	animal	poxtA	multidrug
ARGH_003824	LABG_025124	MQ	no	Lactobacillus	Lactobacillus gallinarum	animal	tet(L)	tetracycline
ARGH_003825	LABG_025124	MQ	no	Lactobacillus	Lactobacillus gallinarum	animal	tet(M)	tetracycline
ARGH_003826	LABG_025124	MQ	no	Lactobacillus	Lactobacillus gallinarum	animal	vatE	MLS
ARGH_003827	LABG_025125	MQ	no	Lactobacillus	Lactobacillus johnsonii	animal	ErmT	MLS
ARGH_003828	LABG_025125	MQ	no	Lactobacillus	Lactobacillus johnsonii	animal	fexB	phenicol
ARGH_003829	LABG_025125	MQ	no	Lactobacillus	Lactobacillus johnsonii	animal	lnuA	MLS
ARGH_003830	LABG_025126	MQ	no	Lactobacillus	Lactobacillus johnsonii	animal	Erm(52)	MLS
ARGH_003831	LABG_025126	MQ	no	Lactobacillus	Lactobacillus johnsonii	animal	tet(X)	tetracycline
ARGH_003832	LABG_025127	MQ	no	Lactobacillus	Lactobacillus johnsonii	animal	lnuA	MLS
ARGH_003833	LABG_025128	MQ	no	Lactobacillus	Lactobacillus johnsonii	animal	ErmA	MLS
ARGH_003834	LABG_025129	MQ	no	Limosilactobacillus	Limosilactobacillus sp002299975	animal	tet(40)	tetracycline
ARGH_003835	LABG_025131	Rep99	yes	Lactobacillus	Lactobacillus johnsonii	animal	ErmT	MLS
ARGH_003836	LABG_025133	MQ	no	Lactobacillus	Lactobacillus johnsonii	animal	ErmA	MLS
ARGH_003837	LABG_025135	MQ	no	Lactobacillus	Lactobacillus johnsonii	animal	ErmA	MLS
ARGH_003838	LABG_025135	MQ	no	Lactobacillus	Lactobacillus johnsonii	animal	tet(L)	tetracycline
ARGH_003839	LABG_025136	MQ	no	Lactobacillus	Lactobacillus johnsonii	animal	ErmT	MLS
ARGH_003840	LABG_025138	MQ	no	Lactobacillus	Lactobacillus amylovorus	animal	ErmB	MLS
ARGH_003841	LABG_025138	MQ	no	Lactobacillus	Lactobacillus amylovorus	animal	Mef(En2)	MLS
ARGH_003842	LABG_025139	Rep99	yes	Ligilactobacillus	Ligilactobacillus salivarius	animal	ErmT	MLS
ARGH_003843	LABG_025142	MQ	no	Ligilactobacillus	Ligilactobacillus salivarius	animal	ErmT	MLS
ARGH_003844	LABG_025144	MQ	no	Lactobacillus	Lactobacillus amylovorus	animal	CfxA6	beta-lactam
ARGH_003845	LABG_025145	MQ	no	Lactobacillus	Lactobacillus amylovorus	animal	lnuC	MLS
ARGH_003846	LABG_025146	MQ	no	Lactobacillus	Lactobacillus sp945980025	animal	APH(3')-IIIa	aminoglycoside
ARGH_003847	LABG_025150	MQ	no	Lactobacillus	Lactobacillus amylovorus	animal	APH(3')-IIIa	aminoglycoside
ARGH_003848	LABG_025150	MQ	no	Lactobacillus	Lactobacillus amylovorus	animal	SAT-4	aminoglycoside
ARGH_003849	LABG_025151	MQ	no	Limosilactobacillus	Limosilactobacillus reuteri	animal	ErmB	MLS
ARGH_003850	LABG_025152	Rep99	yes	Lactobacillus	Lactobacillus sp945980025	animal	ErmG	MLS
ARGH_003851	LABG_025154	MQ	no	Limosilactobacillus	Limosilactobacillus reuteri_I	animal	tet(40)	tetracycline
ARGH_003852	LABG_025155	MQ	no	Limosilactobacillus	Limosilactobacillus reuteri	animal	CfxA6	beta-lactam
ARGH_003853	LABG_025158	MQ	no	Limosilactobacillus	Limosilactobacillus reuteri	animal	ErmQ	MLS
ARGH_003854	LABG_025161	MQ	no	Lactobacillus	Lactobacillus amylovorus	animal	ErmB	MLS
ARGH_003855	LABG_025162	MQ	no	Lactobacillus	Lactobacillus amylovorus	animal	ErmB	MLS
ARGH_003856	LABG_025164	MQ	no	Lactobacillus	Lactobacillus sp910589675	animal	lnuB	MLS
ARGH_003857	LABG_025164	MQ	no	Lactobacillus	Lactobacillus sp910589675	animal	tet(L)	tetracycline
ARGH_003858	LABG_025164	MQ	no	Lactobacillus	Lactobacillus sp910589675	animal	tet(S)	tetracycline
ARGH_003859	LABG_025165	MQ	no	Limosilactobacillus	Limosilactobacillus reuteri	animal	lnuC	MLS
ARGH_003860	LABG_025166	MQ	no	Limosilactobacillus	Limosilactobacillus reuteri	animal	tet(40)	tetracycline
ARGH_003861	LABG_025166	MQ	no	Limosilactobacillus	Limosilactobacillus reuteri	animal	tet(Q)	tetracycline
ARGH_003862	LABG_025167	Rep99	yes	Lactobacillus	Lactobacillus amylovorus	animal	lnuC	MLS
ARGH_003863	LABG_025169	Rep99	yes	Lactobacillus	Lactobacillus sp945980025	animal	ErmB	MLS
ARGH_003864	LABG_025173	MQ	no	Lactobacillus	Lactobacillus amylovorus	animal	ErmB	MLS
ARGH_003865	LABG_025173	MQ	no	Lactobacillus	Lactobacillus amylovorus	animal	lnuC	MLS
ARGH_003866	LABG_025176	MQ	no	Limosilactobacillus	Limosilactobacillus mucosae	animal	lnuC	MLS
ARGH_003867	LABG_025177	MQ	no	Lactobacillus	Lactobacillus amylovorus	animal	ErmB	MLS
ARGH_003868	LABG_025177	MQ	no	Lactobacillus	Lactobacillus amylovorus	animal	lnuC	MLS
ARGH_003869	LABG_025178	MQ	no	Limosilactobacillus	Limosilactobacillus sp002299975	animal	ErmX	MLS
ARGH_003870	LABG_025179	MQ	no	Lactobacillus	Lactobacillus amylovorus	animal	ErmB	MLS
ARGH_003871	LABG_025179	MQ	no	Lactobacillus	Lactobacillus amylovorus	animal	tet(W)	tetracycline
ARGH_003872	LABG_025182	Rep99	yes	Lactobacillus	Lactobacillus absianus	animal	lnuC	MLS
ARGH_003873	LABG_025184	MQ	no	Limosilactobacillus	Limosilactobacillus sp002299975	animal	ErmX	MLS
ARGH_003874	LABG_025185	MQ	no	Limosilactobacillus	Limosilactobacillus reuteri_I	animal	tet(L)	tetracycline
ARGH_003875	LABG_025186	MQ	no	Lactobacillus	Lactobacillus amylovorus	animal	ErmB	MLS
ARGH_003876	LABG_025186	MQ	no	Lactobacillus	Lactobacillus amylovorus	animal	tet(40)	tetracycline
ARGH_003877	LABG_025189	MQ	no	Limosilactobacillus	Limosilactobacillus vaginalis	animal	ErmB	MLS
ARGH_003878	LABG_025189	MQ	no	Limosilactobacillus	Limosilactobacillus vaginalis	animal	lnuC	MLS
ARGH_003879	LABG_025190	MQ	no	Limosilactobacillus	Limosilactobacillus vaginalis	animal	APH(3')-IIIa	aminoglycoside
ARGH_003880	LABG_025190	MQ	no	Limosilactobacillus	Limosilactobacillus vaginalis	animal	SAT-4	aminoglycoside
ARGH_003881	LABG_025191	MQ	no	Limosilactobacillus	Limosilactobacillus vaginalis	animal	tet(A)	tetracycline
ARGH_003882	LABG_025191	MQ	no	Limosilactobacillus	Limosilactobacillus vaginalis	animal	tet(B)	tetracycline
ARGH_003883	LABG_025191	MQ	no	Limosilactobacillus	Limosilactobacillus vaginalis	animal	tetR	tetracycline
ARGH_003884	LABG_025192	MQ	no	Limosilactobacillus	Limosilactobacillus reuteri_I	animal	ErmB	MLS
ARGH_003885	LABG_025192	MQ	no	Limosilactobacillus	Limosilactobacillus reuteri_I	animal	tet(40)	tetracycline
ARGH_003886	LABG_025195	MQ	no	Lactobacillus	Lactobacillus amylovorus	animal	CfxA6	beta-lactam
ARGH_003887	LABG_025196	MQ	no	Limosilactobacillus	Limosilactobacillus reuteri_I	animal	tet(L)	tetracycline
ARGH_003888	LABG_025197	MQ	no	Limosilactobacillus	Limosilactobacillus reuteri_I	animal	lnuC	MLS
ARGH_003889	LABG_025197	MQ	no	Limosilactobacillus	Limosilactobacillus reuteri_I	animal	tet(40)	tetracycline
ARGH_003890	LABG_025199	MQ	no	Lactobacillus	Lactobacillus amylovorus	animal	tet(L)	tetracycline
ARGH_003891	LABG_025201	MQ	no	Lactobacillus	Lactobacillus sp945980025	animal	ErmQ	MLS
ARGH_003892	LABG_025202	MQ	no	Limosilactobacillus	Limosilactobacillus reuteri_I	animal	tet(40)	tetracycline
ARGH_003893	LABG_025203	MQ	no	Lactobacillus	Lactobacillus sp945980025	animal	ANT(6)-Ia	aminoglycoside
ARGH_003894	LABG_025203	MQ	no	Lactobacillus	Lactobacillus sp945980025	animal	tet(44)	tetracycline
ARGH_003895	LABG_025204	MQ	no	Lactobacillus	Lactobacillus amylovorus	animal	tet(40)	tetracycline
ARGH_003896	LABG_025205	MQ	no	Lactobacillus	Lactobacillus sp910589675	animal	ANT(6)-Ia	aminoglycoside
ARGH_003897	LABG_025209	MQ	no	Lactobacillus	Lactobacillus amylovorus	animal	CfxA6	beta-lactam
ARGH_003898	LABG_025209	MQ	no	Lactobacillus	Lactobacillus amylovorus	animal	lnuC	MLS
ARGH_003899	LABG_025212	MQ	no	Lactobacillus	Lactobacillus amylovorus	animal	CfxA6	beta-lactam
ARGH_003900	LABG_025212	MQ	no	Lactobacillus	Lactobacillus amylovorus	animal	tet(40)	tetracycline
ARGH_003901	LABG_025213	MQ	no	Lactobacillus	Lactobacillus amylovorus	animal	tet(W)	tetracycline
ARGH_003902	LABG_025215	MQ	no	Lactobacillus	Lactobacillus sp910589675	animal	tet(L)	tetracycline
ARGH_003903	LABG_025216	MQ	no	Limosilactobacillus	Limosilactobacillus vaginalis	animal	tet(B)	tetracycline
ARGH_003904	LABG_025216	MQ	no	Limosilactobacillus	Limosilactobacillus vaginalis	animal	tetR	tetracycline
ARGH_003905	LABG_025217	MQ	no	Lactobacillus	Lactobacillus gallinarum	animal	tet(O)	tetracycline
ARGH_003906	LABG_025221	MQ	no	Limosilactobacillus	Limosilactobacillus reuteri_E	animal	tet(B)	tetracycline
ARGH_003907	LABG_025221	MQ	no	Limosilactobacillus	Limosilactobacillus reuteri_E	animal	tetR	tetracycline
ARGH_003908	LABG_025222	MQ	no	Lactobacillus	Lactobacillus gallinarum	animal	tet(W)	tetracycline
ARGH_003909	LABG_025223	Rep99	yes	Ligilactobacillus	Ligilactobacillus salivarius	animal	lnuC	MLS
ARGH_003910	LABG_025224	Rep99	yes	Ligilactobacillus	Ligilactobacillus salivarius	animal	lnuC	MLS
ARGH_003911	LABG_025247	MQ	no	Ligilactobacillus	Ligilactobacillus ruminis	human	tet(M)	tetracycline
ARGH_003912	LABG_025280	MQ	no	Ligilactobacillus	Ligilactobacillus ruminis	human	tet(M)	tetracycline
ARGH_003913	LABG_025322	Rep99	yes	Lactobacillus	Lactobacillus amylovorus	animal	fexA	phenicol
ARGH_003914	LABG_025325	Rep99	yes	Limosilactobacillus	Limosilactobacillus reuteri_J	animal	emrK	tetracycline
ARGH_003915	LABG_025325	Rep99	yes	Limosilactobacillus	Limosilactobacillus reuteri_J	animal	evgA	multidrug
ARGH_003916	LABG_025325	Rep99	yes	Limosilactobacillus	Limosilactobacillus reuteri_J	animal	gadX	multidrug
ARGH_003917	LABG_025325	Rep99	yes	Limosilactobacillus	Limosilactobacillus reuteri_J	animal	vatE	MLS
ARGH_003918	LABG_025520	MQ	no	Ligilactobacillus	Ligilactobacillus ruminis	human	tet(M)	tetracycline
ARGH_003919	LABG_025553	MQ	no	Lactobacillus	Lactobacillus gasseri	human	ErmB	MLS
ARGH_003920	LABG_025578	MQ	no	Ligilactobacillus	Ligilactobacillus ruminis	human	tet(M)	tetracycline
