genome_id	genus	species	source_type
LABG_000008	Bombilactobacillus	Bombilactobacillus mellis	animal
LABG_000009	Bombilactobacillus	Bombilactobacillus mellifer	animal
LABG_000021	Lactobacillus		animal
LABG_000022	Bombilactobacillus	Bombilactobacillus mellis_A	animal
LABG_000023	Bombilactobacillus	Bombilactobacillus mellifer	animal
LABG_000025	Bombilactobacillus		animal
LABG_000036	Bombilactobacillus	Bombilactobacillus mellis_A	animal
LABG_000038	Lactobacillus	Lactobacillus panisapium	animal
LABG_000052	Dellaglioa		food
LABG_000053	Levilactobacillus	Levilactobacillus cerevisiae	food
LABG_000054	Latilactobacillus	Latilactobacillus fuchuensis	food
LABG_000055	Latilactobacillus	Latilactobacillus fuchuensis	food
LABG_000056	Latilactobacillus	Latilactobacillus sakei	food
LABG_000062	Latilactobacillus	Latilactobacillus sakei	food
LABG_000080	Loigolactobacillus	Loigolactobacillus coryniformis	food
LABG_000082	Latilactobacillus	Latilactobacillus sakei	food
LABG_000099	Loigolactobacillus	Loigolactobacillus coryniformis	food
LABG_000128	Limosilactobacillus	Limosilactobacillus antri	human
LABG_000202	Leuconostoc	Leuconostoc lactis	human
LABG_000208	Lacticaseibacillus	Lacticaseibacillus rhamnosus	human
LABG_000212	Ligilactobacillus	Ligilactobacillus ruminis	human
LABG_000229	Ligilactobacillus		human
LABG_000244	Lactobacillus	Lactobacillus panisapium	animal
LABG_000256	Lactobacillus	Lactobacillus panisapium	animal
LABG_000261	Lactobacillus	Lactobacillus panisapium	animal
LABG_000263	Lactobacillus	Lactobacillus panisapium	animal
LABG_000265	Xylocopilactobacillus	Xylocopilactobacillus sp945285405	animal
LABG_000266	Xylocopilactobacillus	Xylocopilactobacillus sp945285405	animal
LABG_000269	Lactobacillus	Lactobacillus panisapium	animal
LABG_000272	Lactobacillus	Lactobacillus panisapium	animal
LABG_000273	Xylocopilactobacillus	Xylocopilactobacillus sp945285405	animal
LABG_000274	Lactobacillus	Lactobacillus panisapium	animal
LABG_000277	Bombilactobacillus	Bombilactobacillus mellifer	animal
LABG_000278	Lactobacillus	Lactobacillus panisapium	animal
LABG_000285	Xylocopilactobacillus	Xylocopilactobacillus sp945285405	animal
LABG_000290	Lactobacillus	Lactobacillus panisapium	animal
LABG_000307	Lactobacillus	Lactobacillus panisapium	animal
LABG_000314	Lactobacillus	Lactobacillus panisapium	animal
LABG_000320	Bombilactobacillus	Bombilactobacillus mellifer	animal
LABG_000321	Lactobacillus	Lactobacillus panisapium	animal
LABG_000324	Lactobacillus	Lactobacillus panisapium	animal
LABG_000331	Lactobacillus	Lactobacillus panisapium	animal
LABG_000335	Lactobacillus	Lactobacillus panisapium	animal
LABG_000347	Lactobacillus	Lactobacillus sp948500755	animal
LABG_000348	Limosilactobacillus	Limosilactobacillus reuteri_G	animal
LABG_000376	Ligilactobacillus	Ligilactobacillus ruminis	human
LABG_000377	Ligilactobacillus	Ligilactobacillus ruminis	human
LABG_000400	Lactobacillus	Lactobacillus amylovorus	animal
LABG_000406	Lactobacillus	Lactobacillus sp910589675	animal
LABG_000411	Lactobacillus	Lactobacillus sp910589675	animal
LABG_000417	Lactobacillus	Lactobacillus sp945980025	animal
LABG_000422	Lactobacillus	Lactobacillus sp910589675	animal
LABG_000423	Lactobacillus	Lactobacillus amylovorus	animal
LABG_000437	Lactobacillus	Lactobacillus sp945980025	animal
LABG_000446	Ligilactobacillus	Ligilactobacillus agilis	animal
LABG_000447	Pediococcus	Pediococcus pentosaceus	animal
LABG_000459	Weissella	Weissella thailandensis	animal
LABG_000461	Ligilactobacillus	Ligilactobacillus agilis	animal
LABG_000465	Ligilactobacillus	Ligilactobacillus faecis	animal
LABG_000474	Ligilactobacillus	Ligilactobacillus agilis	animal
LABG_000475	Limosilactobacillus	Limosilactobacillus mucosae	animal
LABG_000478	Lactobacillus	Lactobacillus sp910589675	animal
LABG_000483	Lactobacillus	Lactobacillus sp910589675	animal
LABG_000486	Lactobacillus	Lactobacillus sp910589675	animal
LABG_000488	Lapidilactobacillus	Lapidilactobacillus dextrinicus	animal
LABG_000489	Lactobacillus	Lactobacillus sp945980025	animal
LABG_000491	Lactobacillus	Lactobacillus sp910589675	animal
LABG_000492	Lactobacillus	Lactobacillus sp910589675	animal
LABG_000497	Lactobacillus	Lactobacillus sp945980025	animal
LABG_000498	Lactobacillus	Lactobacillus sp910589675	animal
LABG_000507	Limosilactobacillus	Limosilactobacillus mucosae	animal
LABG_000508	Lactobacillus	Lactobacillus sp910589675	animal
LABG_000510	Lactobacillus	Lactobacillus sp910589675	animal
LABG_000511	Weissella	Weissella paramesenteroides	animal
LABG_000519	Weissella	Weissella paramesenteroides	animal
LABG_000522	Limosilactobacillus	Limosilactobacillus mucosae	animal
LABG_000526	Limosilactobacillus	Limosilactobacillus mucosae	animal
LABG_000529	Ligilactobacillus	Ligilactobacillus ruminis	animal
LABG_000530	Ligilactobacillus	Ligilactobacillus ruminis	animal
LABG_000350	Leuconostoc		food
LABG_000353	Fructilactobacillus		food
LABG_000355	Lentilactobacillus	Lentilactobacillus hilgardii	food
LABG_000357	Limosilactobacillus	Limosilactobacillus reuteri_E	other
LABG_000359	Limosilactobacillus	Limosilactobacillus mucosae	other
LABG_000366	Limosilactobacillus	Limosilactobacillus sp039955095	human
LABG_000367	Lactobacillus	Lactobacillus delbrueckii_B	human
LABG_000368	Lactobacillus	Lactobacillus paragasseri	human
LABG_000549	Ligilactobacillus	Ligilactobacillus ruminis	human
LABG_000550	Ligilactobacillus	Ligilactobacillus ruminis	human
LABG_000554	Ligilactobacillus	Ligilactobacillus ruminis	human
LABG_000555	Ligilactobacillus	Ligilactobacillus ruminis	human
LABG_000556	Ligilactobacillus	Ligilactobacillus ruminis	human
LABG_000546	Lactobacillus	Lactobacillus amylovorus	human
LABG_000558	Lactobacillus		animal
LABG_000564	Lactobacillus		animal
LABG_000565	Apilactobacillus	Apilactobacillus waqarii	animal
LABG_000566	Lactobacillus		animal
LABG_000568	Lactobacillus		animal
LABG_000571	Bombilactobacillus		animal
LABG_000572	Lactobacillus		animal
LABG_000573	Lactobacillus		animal
LABG_000588	Lactobacillus		animal
LABG_000590	Apilactobacillus	Apilactobacillus waqarii	animal
LABG_000596	Apilactobacillus	Apilactobacillus waqarii	animal
LABG_000597	Lactobacillus		animal
LABG_000601	Bombilactobacillus		animal
LABG_000610	Lactobacillus		animal
LABG_000611	Lactobacillus		animal
LABG_000617	Lactobacillus		animal
LABG_000618	Bombilactobacillus		animal
LABG_000624	Bombilactobacillus	Bombilactobacillus mellis_A	animal
LABG_000625	Lactobacillus		animal
LABG_000631	Lactobacillus		animal
LABG_000637	Lactobacillus		animal
LABG_000640	Lactobacillus		animal
LABG_000642	Apilactobacillus	Apilactobacillus waqarii	animal
LABG_000643	Xylocopilactobacillus		animal
LABG_000646	Lactobacillus		animal
LABG_000656	Lactobacillus		animal
LABG_000665	Lactobacillus		animal
LABG_000667	Bombilactobacillus	Bombilactobacillus mellifer	animal
LABG_000674	Lactobacillus		animal
LABG_000678	Apilactobacillus	Apilactobacillus bombintestini	animal
LABG_000944	Limosilactobacillus	Limosilactobacillus mucosae	animal
LABG_000945	Limosilactobacillus	Limosilactobacillus pulli	animal
LABG_000681	Loigolactobacillus	Loigolactobacillus coryniformis	food
LABG_000721	Loigolactobacillus	Loigolactobacillus coryniformis	food
LABG_000724	Loigolactobacillus	Loigolactobacillus coryniformis	food
LABG_000726	Lentilactobacillus	Lentilactobacillus buchneri	food
LABG_000729	Schleiferilactobacillus	Schleiferilactobacillus harbinensis	food
LABG_000731	Lacticaseibacillus	Lacticaseibacillus paracasei	food
LABG_000735	Lacticaseibacillus	Lacticaseibacillus paracasei	food
LABG_000739	Loigolactobacillus	Loigolactobacillus coryniformis	food
LABG_000742	Loigolactobacillus	Loigolactobacillus rennini	food
LABG_000744	Lacticaseibacillus	Lacticaseibacillus paracasei	food
LABG_000749	Ligilactobacillus	Ligilactobacillus excrementavium	food
LABG_000761	Levilactobacillus	Levilactobacillus lindianensis	food
LABG_000763	Loigolactobacillus	Loigolactobacillus rennini	food
LABG_000764	Companilactobacillus		food
LABG_000771	Lentilactobacillus	Lentilactobacillus dabitei	food
LABG_000778	Lacticaseibacillus	Lacticaseibacillus paracasei	food
LABG_000779	Latilactobacillus	Latilactobacillus sakei	food
LABG_000788	Weissella	Weissella halotolerans	food
LABG_000797	Schleiferilactobacillus	Schleiferilactobacillus harbinensis	food
LABG_000784	Loigolactobacillus	Loigolactobacillus coryniformis	food
LABG_000785	Paucilactobacillus	Paucilactobacillus wasatchensis	food
LABG_000806	Lentilactobacillus	Lentilactobacillus parabuchneri	food
LABG_000809	Lacticaseibacillus	Lacticaseibacillus rhamnosus	food
LABG_000803	Latilactobacillus	Latilactobacillus curvatus	food
LABG_000813	Lactobacillus	Lactobacillus helveticus	food
LABG_000816	Lentilactobacillus	Lentilactobacillus dabitei	food
LABG_000822	Lactobacillus	Lactobacillus paragasseri	food
LABG_000826	Schleiferilactobacillus	Schleiferilactobacillus harbinensis	food
LABG_000834	Leuconostoc	Leuconostoc mesenteroides	food
LABG_000849	Latilactobacillus	Latilactobacillus sakei	food
LABG_000830	Ligilactobacillus	Ligilactobacillus acidipiscis	food
LABG_000861	Latilactobacillus	Latilactobacillus sakei	food
LABG_000876	Levilactobacillus	Levilactobacillus brevis	food
LABG_000879	Companilactobacillus	Companilactobacillus tucceti	food
LABG_000881	Latilactobacillus	Latilactobacillus curvatus	food
LABG_000886	Levilactobacillus	Levilactobacillus lindianensis	food
LABG_000892	Loigolactobacillus	Loigolactobacillus coryniformis	food
LABG_000896	Lactiplantibacillus	Lactiplantibacillus paraplantarum	food
LABG_000898	Weissella	Weissella minor	food
LABG_000916	Lacticaseibacillus	Lacticaseibacillus paracasei	food
LABG_000921	Ligilactobacillus	Ligilactobacillus ruminis	human
LABG_000922	Limosilactobacillus	Limosilactobacillus mucosae	human
LABG_000924	Ligilactobacillus	Ligilactobacillus ruminis	human
LABG_000925	Ligilactobacillus	Ligilactobacillus ruminis	human
LABG_000932	Limosilactobacillus	Limosilactobacillus gastricus	human
LABG_000934	Ligilactobacillus	Ligilactobacillus ruminis	human
LABG_000938	Ligilactobacillus	Ligilactobacillus ruminis	human
LABG_000939	Limosilactobacillus	Limosilactobacillus fermentum	human
LABG_000941	Ligilactobacillus	Ligilactobacillus ruminis	human
LABG_000942	Ligilactobacillus	Ligilactobacillus ruminis	human
LABG_000943	Limosilactobacillus	Limosilactobacillus fermentum	human
LABG_000960	Lactobacillus	Lactobacillus sp910589675	animal
LABG_000966	Limosilactobacillus	Limosilactobacillus reuteri	animal
LABG_000970	Lactobacillus	Lactobacillus sp910589675	animal
LABG_000972	Lactobacillus	Lactobacillus sp945980025	animal
LABG_000976	Lactobacillus	Lactobacillus amylovorus	animal
LABG_000986	Limosilactobacillus	Limosilactobacillus mucosae	animal
LABG_000987	Limosilactobacillus	Limosilactobacillus mucosae	animal
LABG_000988	Ligilactobacillus	Ligilactobacillus ruminis	animal
LABG_000990	Lactobacillus		animal
LABG_000991	Weissella	Weissella thailandensis	animal
LABG_000997	Ligilactobacillus	Ligilactobacillus salivarius	animal
LABG_000999	Lactobacillus	Lactobacillus sp910589675	animal
LABG_001000	Lactobacillus	Lactobacillus johnsonii	animal
LABG_001001	Ligilactobacillus	Ligilactobacillus salivarius	animal
LABG_001003	Limosilactobacillus	Limosilactobacillus reuteri_E	animal
LABG_001005	Lactobacillus	Lactobacillus gallinarum	animal
LABG_001006	Lactobacillus	Lactobacillus crispatus	animal
LABG_001007	Ligilactobacillus	Ligilactobacillus salivarius	animal
LABG_001010	Ligilactobacillus	Ligilactobacillus salivarius	animal
LABG_001015	Lactobacillus	Lactobacillus sp945980025	animal
LABG_001016	Paucilactobacillus	Paucilactobacillus hokkaidonensis	animal
LABG_001020	Lactobacillus	Lactobacillus johnsonii	animal
LABG_001021	Ligilactobacillus	Ligilactobacillus salivarius	animal
LABG_001023	Limosilactobacillus	Limosilactobacillus vaginalis	animal
LABG_001026	Lactobacillus	Lactobacillus johnsonii	animal
LABG_001028	Weissella	Weissella thailandensis	animal
LABG_001031	Weissella	Weissella thailandensis	animal
LABG_001032	Weissella	Weissella thailandensis	animal
LABG_001038	Weissella	Weissella thailandensis	animal
LABG_001040	Ligilactobacillus	Ligilactobacillus salivarius	animal
LABG_001043	Limosilactobacillus	Limosilactobacillus oris_A	animal
LABG_001046	Limosilactobacillus	Limosilactobacillus reuteri_E	animal
LABG_001049	Limosilactobacillus	Limosilactobacillus oris_A	animal
LABG_001056	Lactobacillus	Lactobacillus johnsonii	animal
LABG_001062	Weissella	Weissella paramesenteroides	animal
LABG_001068	Lactobacillus	Lactobacillus crispatus	animal
LABG_001073	Lactobacillus	Lactobacillus johnsonii	animal
LABG_001075	Weissella	Weissella thailandensis	animal
LABG_001085	Companilactobacillus	Companilactobacillus farciminis	animal
LABG_001087	Limosilactobacillus	Limosilactobacillus panis	animal
LABG_001089	Ligilactobacillus	Ligilactobacillus agilis	animal
LABG_001091	Lactobacillus	Lactobacillus johnsonii	animal
LABG_001092	Weissella	Weissella thailandensis	animal
LABG_001093	Ligilactobacillus	Ligilactobacillus agilis	animal
LABG_001094	Weissella	Weissella thailandensis	animal
LABG_001095	Ligilactobacillus	Ligilactobacillus faecavium	animal
LABG_001096	Weissella	Weissella thailandensis	animal
LABG_001098	Lactobacillus	Lactobacillus johnsonii	animal
LABG_001099	Weissella	Weissella thailandensis	animal
LABG_001100	Ligilactobacillus	Ligilactobacillus agilis	animal
LABG_001101	Ligilactobacillus	Ligilactobacillus salivarius	animal
LABG_001107	Lactobacillus	Lactobacillus sp945980025	animal
LABG_001109	Lactobacillus	Lactobacillus johnsonii	animal
LABG_001110	Weissella	Weissella thailandensis	animal
LABG_001111	Lactobacillus	Lactobacillus johnsonii	animal
LABG_001112	Ligilactobacillus	Ligilactobacillus agilis	animal
LABG_001114	Weissella	Weissella thailandensis	animal
LABG_001115	Ligilactobacillus	Ligilactobacillus agilis	animal
LABG_001116	Ligilactobacillus	Ligilactobacillus salivarius	animal
LABG_001118	Weissella	Weissella thailandensis	animal
LABG_001119	Ligilactobacillus	Ligilactobacillus salivarius	animal
LABG_001123	Weissella	Weissella thailandensis	animal
LABG_001124	Lactobacillus	Lactobacillus gallinarum	animal
LABG_001125	Weissella	Weissella thailandensis	animal
LABG_001126	Weissella	Weissella thailandensis	animal
LABG_001127	Limosilactobacillus	Limosilactobacillus oris_A	animal
LABG_001132	Ligilactobacillus	Ligilactobacillus aviarius_C	animal
LABG_001134	Limosilactobacillus	Limosilactobacillus reuteri_E	animal
LABG_001135	Lactobacillus	Lactobacillus johnsonii	animal
LABG_001138	Lactobacillus	Lactobacillus johnsonii	animal
LABG_001139	Limosilactobacillus	Limosilactobacillus vaginalis	animal
LABG_001145	Ligilactobacillus	Ligilactobacillus ruminis	animal
LABG_001148	Weissella	Weissella thailandensis	animal
LABG_001150	Ligilactobacillus	Ligilactobacillus aviarius_C	animal
LABG_001152	Ligilactobacillus	Ligilactobacillus agilis	animal
LABG_001153	Ligilactobacillus	Ligilactobacillus agilis	animal
LABG_001154	Ligilactobacillus	Ligilactobacillus salivarius	animal
LABG_001160	Weissella	Weissella thailandensis	animal
LABG_001162	Lactobacillus	Lactobacillus sp910589675	animal
LABG_001167	Lactobacillus	Lactobacillus sp945980025	animal
LABG_001170	Ligilactobacillus	Ligilactobacillus agilis	animal
LABG_001181	Lactobacillus	Lactobacillus sp910589675	animal
LABG_001185	Lactobacillus	Lactobacillus sp945980025	animal
LABG_001192	Lactobacillus	Lactobacillus amylovorus	animal
LABG_001195	Lactobacillus	Lactobacillus sp910589675	animal
LABG_001202	Lactobacillus	Lactobacillus crispatus	animal
LABG_001204	Ligilactobacillus	Ligilactobacillus salivarius	animal
LABG_001205	Ligilactobacillus	Ligilactobacillus agilis	animal
LABG_001208	Lactobacillus	Lactobacillus crispatus	animal
LABG_001209	Ligilactobacillus	Ligilactobacillus salivarius	animal
LABG_001210	Lactobacillus	Lactobacillus johnsonii	animal
LABG_001211	Limosilactobacillus	Limosilactobacillus ingluviei	animal
LABG_001212	Ligilactobacillus	Ligilactobacillus agilis	animal
LABG_001213	Limosilactobacillus	Limosilactobacillus pulli	animal
LABG_001214	Limosilactobacillus	Limosilactobacillus faecipullorum	animal
LABG_001215	Ligilactobacillus	Ligilactobacillus agilis	animal
LABG_001216	Ligilactobacillus	Ligilactobacillus agilis	animal
LABG_001219	Ligilactobacillus	Ligilactobacillus salivarius	animal
LABG_001222	Ligilactobacillus	Ligilactobacillus salivarius	animal
LABG_001227	Ligilactobacillus	Ligilactobacillus agilis	animal
LABG_001228	Limosilactobacillus	Limosilactobacillus vaginalis	animal
LABG_001229	Ligilactobacillus	Ligilactobacillus salivarius	animal
LABG_001230	Ligilactobacillus	Ligilactobacillus agilis	animal
LABG_001231	Ligilactobacillus	Ligilactobacillus salivarius	animal
LABG_001232	Ligilactobacillus	Ligilactobacillus salivarius	animal
LABG_001233	Limosilactobacillus	Limosilactobacillus reuteri_E	animal
LABG_001235	Ligilactobacillus	Ligilactobacillus salivarius	animal
LABG_001238	Ligilactobacillus	Ligilactobacillus salivarius	animal
LABG_001239	Gallilactobacillus	Gallilactobacillus intestinavium	animal
LABG_001240	Ligilactobacillus	Ligilactobacillus agilis	animal
LABG_001242	Ligilactobacillus	Ligilactobacillus salivarius	animal
LABG_001248	Ligilactobacillus	Ligilactobacillus agilis	animal
LABG_001249	Ligilactobacillus	Ligilactobacillus salivarius	animal
LABG_001251	Weissella	Weissella thailandensis	animal
LABG_001252	Lactobacillus	Lactobacillus johnsonii	animal
LABG_001253	Ligilactobacillus	Ligilactobacillus salivarius	animal
LABG_001254	Gallilactobacillus	Gallilactobacillus intestinavium	animal
LABG_001257	Ligilactobacillus	Ligilactobacillus salivarius	animal
LABG_001258	Ligilactobacillus	Ligilactobacillus hohenheimensis	animal
LABG_001259	Ligilactobacillus	Ligilactobacillus salivarius	animal
LABG_001264	Ligilactobacillus	Ligilactobacillus salivarius	animal
LABG_001265	Ligilactobacillus	Ligilactobacillus salivarius	animal
LABG_001266	Ligilactobacillus	Ligilactobacillus aviarius_B	animal
LABG_001267	Ligilactobacillus	Ligilactobacillus hohenheimensis	animal
LABG_001268	Ligilactobacillus	Ligilactobacillus salivarius	animal
LABG_001269	Ligilactobacillus	Ligilactobacillus agilis	animal
LABG_001270	Ligilactobacillus	Ligilactobacillus salivarius	animal
LABG_001272	Ligilactobacillus	Ligilactobacillus hohenheimensis	animal
LABG_001273	Ligilactobacillus	Ligilactobacillus salivarius	animal
LABG_001275	Ligilactobacillus	Ligilactobacillus salivarius	animal
LABG_001276	Weissella	Weissella thailandensis	animal
LABG_001277	Ligilactobacillus	Ligilactobacillus agilis	animal
LABG_001498	Lactobacillus		animal
LABG_001500	Bombilactobacillus	Bombilactobacillus mellis	animal
LABG_001514	Lactobacillus		animal
LABG_001518	Bombilactobacillus	Bombilactobacillus mellis_A	animal
LABG_001529	Lactobacillus	Lactobacillus delbrueckii_B	animal
LABG_001532	Limosilactobacillus	Limosilactobacillus mucosae	animal
LABG_001533	Limosilactobacillus	Limosilactobacillus mucosae	animal
LABG_001543	Lactobacillus		animal
LABG_001546	Lactobacillus	Lactobacillus panisapium	animal
LABG_001536	Limosilactobacillus	Limosilactobacillus sp002299975	animal
LABG_001538	Limosilactobacillus		animal
LABG_001541	Lactobacillus	Lactobacillus delbrueckii_B	animal
LABG_001547	Lactobacillus	Lactobacillus delbrueckii_B	animal
LABG_001548	Limosilactobacillus	Limosilactobacillus mucosae	animal
LABG_001549	Lapidilactobacillus	Lapidilactobacillus dextrinicus	animal
LABG_001550	Lactobacillus	Lactobacillus sp910589675	animal
LABG_001556	Bombilactobacillus	Bombilactobacillus mellis	animal
LABG_001562	Lactobacillus	Lactobacillus panisapium	animal
LABG_001563	Lactobacillus		animal
LABG_001565	Bombilactobacillus	Bombilactobacillus mellifer	animal
LABG_001573	Lactobacillus	Lactobacillus panisapium	animal
LABG_001576	Lactobacillus		animal
LABG_001577	Bombilactobacillus	Bombilactobacillus mellis	animal
LABG_001584	Lactobacillus		animal
LABG_001597	Lactobacillus	Lactobacillus paragasseri	human
LABG_001620	Lactobacillus	Lactobacillus sp910589675	other
LABG_001621	Ligilactobacillus	Ligilactobacillus salivarius	other
LABG_001627	Lactobacillus	Lactobacillus delbrueckii	other
LABG_001631	Pediococcus	Pediococcus pentosaceus	other
LABG_001632	Lacticaseibacillus	Lacticaseibacillus paracasei	other
LABG_001636	Lacticaseibacillus	Lacticaseibacillus paracasei	other
LABG_001641	Lacticaseibacillus	Lacticaseibacillus rhamnosus	other
LABG_001644	Lactobacillus	Lactobacillus johnsonii	other
LABG_001645	Lactobacillus	Lactobacillus crispatus	other
LABG_001646	Leuconostoc	Leuconostoc kimchii	other
LABG_001652	Lactobacillus	Lactobacillus iners	other
LABG_001653	Lactobacillus	Lactobacillus iners	other
LABG_001654	Lactobacillus	Lactobacillus iners	other
LABG_001655	Lactobacillus	Lactobacillus iners	other
LABG_001657	Lacticaseibacillus	Lacticaseibacillus paracasei	human
LABG_001670	Limosilactobacillus	Limosilactobacillus reuteri_E	human
LABG_001677	Weissella	Weissella paramesenteroides	human
LABG_001678	Leuconostoc	Leuconostoc mesenteroides	human
LABG_001685	Limosilactobacillus	Limosilactobacillus coleohominis_A	human
LABG_001694	Lactobacillus	Lactobacillus crispatus	human
LABG_001698	Limosilactobacillus	Limosilactobacillus rodentium	other
LABG_001713	Lactobacillus	Lactobacillus iners	other
LABG_001716	Limosilactobacillus	Limosilactobacillus rodentium	other
LABG_001721	Lactobacillus	Lactobacillus iners	human
LABG_001722	Lactobacillus	Lactobacillus iners	human
LABG_001726	Lactobacillus	Lactobacillus amylovorus	animal
LABG_001729	Companilactobacillus	Companilactobacillus farciminis	food
LABG_001731	Lactobacillus	Lactobacillus iners	human
LABG_001735	Lactobacillus	Lactobacillus amylovorus	other
LABG_001737	Lactobacillus	Lactobacillus iners	other
LABG_001740	Lactobacillus	Lactobacillus amylovorus	animal
LABG_001744	Leuconostoc	Leuconostoc gasicomitatum	other
LABG_001746	Lactobacillus	Lactobacillus iners	other
LABG_001747	Lactobacillus	Lactobacillus sp945980025	other
LABG_001751	Ligilactobacillus	Ligilactobacillus salivarius	other
LABG_001752	Ligilactobacillus	Ligilactobacillus salivarius	other
LABG_001755	Lactobacillus	Lactobacillus sp945980025	other
LABG_001757	Weissella	Weissella koreensis	food
LABG_001758	Limosilactobacillus	Limosilactobacillus oris	other
LABG_001759	Ligilactobacillus	Ligilactobacillus ruminis	other
LABG_001760	Fructilactobacillus	Fructilactobacillus sanfranciscensis	other
LABG_001763	Lactobacillus	Lactobacillus iners	human
LABG_001770	Pediococcus	Pediococcus acidilactici	other
LABG_001775	Lentilactobacillus	Lentilactobacillus parafarraginis	human
LABG_001777	Leuconostoc	Leuconostoc citreum	other
LABG_001780	Oenococcus	Oenococcus kitaharae	other
LABG_001785	Limosilactobacillus	Limosilactobacillus mucosae	other
LABG_001786	Liquorilactobacillus	Liquorilactobacillus vini	other
LABG_001787	Liquorilactobacillus	Liquorilactobacillus vini	other
LABG_001788	Ligilactobacillus	Ligilactobacillus salivarius	animal
LABG_001791	Lacticaseibacillus	Lacticaseibacillus zeae	other
LABG_001795	Lactiplantibacillus	Lactiplantibacillus plantarum_A	human
LABG_001798	Loigolactobacillus	Loigolactobacillus coryniformis	food
LABG_001818	Leuconostoc	Leuconostoc carnosum	food
LABG_001831	Lacticaseibacillus	Lacticaseibacillus paracasei	food
LABG_001832	Lacticaseibacillus	Lacticaseibacillus paracasei	food
LABG_001837	Lacticaseibacillus	Lacticaseibacillus rhamnosus	other
LABG_001838	Limosilactobacillus	Limosilactobacillus ingluviei	other
LABG_001840	Ligilactobacillus	Ligilactobacillus saerimneri	animal
LABG_001849	Lactobacillus	Lactobacillus sp948500755	animal
LABG_001865	Lactobacillus	Lactobacillus delbrueckii	food
LABG_001873	Lacticaseibacillus	Lacticaseibacillus paracasei	food
LABG_001878	Lacticaseibacillus	Lacticaseibacillus paracasei	food
LABG_001879	Lacticaseibacillus	Lacticaseibacillus paracasei	food
LABG_001892	Lacticaseibacillus	Lacticaseibacillus paracasei	food
LABG_001894	Lacticaseibacillus	Lacticaseibacillus paracasei	food
LABG_001896	Lacticaseibacillus	Lacticaseibacillus paracasei	food
LABG_001899	Lacticaseibacillus	Lacticaseibacillus paracasei	food
LABG_001908	Weissella	Weissella halotolerans	other
LABG_001911	Ligilactobacillus	Ligilactobacillus saerimneri	animal
LABG_001913	Lactobacillus	Lactobacillus psittaci	other
LABG_001918	Lactobacillus	Lactobacillus gasseri	human
LABG_001924	Lactiplantibacillus	Lactiplantibacillus plantarum_A	food
LABG_001932	Lactobacillus	Lactobacillus crispatus	human
LABG_001937	Schleiferilactobacillus	Schleiferilactobacillus shenzhenensis	food
LABG_001948	Limosilactobacillus	Limosilactobacillus fermentum	food
LABG_001958	Lactobacillus	Lactobacillus crispatus	human
LABG_001963	Ligilactobacillus	Ligilactobacillus equi	animal
LABG_001965	Lacticaseibacillus	Lacticaseibacillus rhamnosus	human
LABG_001967	Lacticaseibacillus	Lacticaseibacillus paracasei	other
LABG_001968	Levilactobacillus	Levilactobacillus namurensis_A	other
LABG_001974	Ligilactobacillus	Ligilactobacillus salivarius	other
LABG_001975	Lactiplantibacillus	Lactiplantibacillus fabifermentans	food
LABG_002004	Apilactobacillus	Apilactobacillus kunkeei_F	animal
LABG_002006	Weissella	Weissella oryzae	other
LABG_002012	Leuconostoc	Leuconostoc lactis	food
LABG_002017	Limosilactobacillus	Limosilactobacillus rodentium	food
LABG_002019	Limosilactobacillus	Limosilactobacillus rodentium	food
LABG_002024	Limosilactobacillus	Limosilactobacillus rodentium	food
LABG_002033	Secundilactobacillus	Secundilactobacillus oryzae	other
LABG_002034	Apilactobacillus	Apilactobacillus kunkeei_F	animal
LABG_002035	Lacticaseibacillus	Lacticaseibacillus rhamnosus	human
LABG_002046	Leuconostoc	Leuconostoc mesenteroides	food
LABG_002048	Limosilactobacillus	Limosilactobacillus reuteri	food
LABG_002050	Lactobacillus	Lactobacillus huangpiensis	animal
LABG_002051	Lactobacillus	Lactobacillus helsingborgensis	animal
LABG_002086	Lactiplantibacillus	Lactiplantibacillus plantarum	human
LABG_002098	Lentilactobacillus	Lentilactobacillus curieae	food
LABG_002105	Ligilactobacillus	Ligilactobacillus ruminis	animal
LABG_002115	Lacticaseibacillus	Lacticaseibacillus paracasei	other
LABG_002117	Paucilactobacillus	Paucilactobacillus hokkaidonensis	other
LABG_002118	Apilactobacillus	Apilactobacillus waqarii	food
LABG_002122	Companilactobacillus	Companilactobacillus heilongjiangensis	food
LABG_002126	Levilactobacillus	Levilactobacillus brevis	human
LABG_002128	Weissella	Weissella cibaria	other
LABG_002139	Lacticaseibacillus	Lacticaseibacillus paracasei	other
LABG_002141	Lactobacillus	Lactobacillus helveticus	other
LABG_002143	Levilactobacillus	Levilactobacillus spicheri	food
LABG_002148	Bombilactobacillus	Bombilactobacillus mellis	animal
LABG_002149	Lactobacillus	Lactobacillus apis_A	animal
LABG_002150	Lactobacillus	Lactobacillus kimbladii	animal
LABG_002151	Lactobacillus	Lactobacillus melliventris	animal
LABG_002152	Bombilactobacillus	Bombilactobacillus mellifer	animal
LABG_002158	Lactobacillus	Lactobacillus helveticus	other
LABG_002175	Lacticaseibacillus	Lacticaseibacillus zeae	human
LABG_002177	Fructobacillus	Fructobacillus cardui	food
LABG_002178	Lactiplantibacillus	Lactiplantibacillus herbarum	food
LABG_002180	Limosilactobacillus	Limosilactobacillus mucosae	other
LABG_002181	Lactobacillus	Lactobacillus acetotolerans	other
LABG_002183	Lacticaseibacillus	Lacticaseibacillus rhamnosus	food
LABG_002186	Lacticaseibacillus	Lacticaseibacillus rhamnosus	food
LABG_002189	Lacticaseibacillus	Lacticaseibacillus rhamnosus	food
LABG_002199	Fructobacillus	Fructobacillus ficulneus	other
LABG_002204	Fructobacillus	Fructobacillus tropaeoli	other
LABG_002207	Levilactobacillus	Levilactobacillus koreensis	food
LABG_002208	Companilactobacillus	Companilactobacillus ginsenosidimutans	food
LABG_002209	Leuconostoc	Leuconostoc lactis	human
LABG_002221	Lactobacillus	Lactobacillus gasseri	human
LABG_002235	Lacticaseibacillus	Lacticaseibacillus rhamnosus	human
LABG_002238	Lacticaseibacillus	Lacticaseibacillus rhamnosus	human
LABG_002242	Limosilactobacillus	Limosilactobacillus fermentum	human
LABG_002252	Ligilactobacillus	Ligilactobacillus agilis	other
LABG_002263	Apilactobacillus	Apilactobacillus waqarii	animal
LABG_002264	Apilactobacillus	Apilactobacillus waqarii	animal
LABG_002265	Apilactobacillus	Apilactobacillus kunkeei_F	animal
LABG_002267	Apilactobacillus	Apilactobacillus kunkeei_F	animal
LABG_002268	Limosilactobacillus	Limosilactobacillus gorillae	other
LABG_002275	Weissella	Weissella cibaria	food
LABG_002277	Apilactobacillus	Apilactobacillus kunkeei	other
LABG_002278	Apilactobacillus	Apilactobacillus kunkeei_C	other
LABG_002279	Apilactobacillus	Apilactobacillus zhangqiuensis	animal
LABG_002280	Apilactobacillus	Apilactobacillus waqarii	animal
LABG_002287	Secundilactobacillus	Secundilactobacillus paracollinoides	other
LABG_002318	Lactobacillus	Lactobacillus helveticus	food
LABG_002324	Limosilactobacillus	Limosilactobacillus fermentum	other
LABG_002329	Apilactobacillus	Apilactobacillus kunkeei_F	animal
LABG_002330	Apilactobacillus	Apilactobacillus waqarii	animal
LABG_002343	Secundilactobacillus	Secundilactobacillus kimchicus	food
LABG_002349	Lentilactobacillus	Lentilactobacillus kisonensis	food
LABG_002350	Lentilactobacillus	Lentilactobacillus otakiensis	food
LABG_002354	Lentilactobacillus	Lentilactobacillus diolivorans	food
LABG_002355	Companilactobacillus	Companilactobacillus mindensis	food
LABG_002356	Companilactobacillus	Companilactobacillus versmoldensis	food
LABG_002359	Limosilactobacillus	Limosilactobacillus gastricus	human
LABG_002361	Ligilactobacillus	Ligilactobacillus apodemi	animal
LABG_002362	Lactobacillus	Lactobacillus kitasatonis	animal
LABG_002363	Ligilactobacillus	Ligilactobacillus hayakitensis	animal
LABG_002364	Limosilactobacillus	Limosilactobacillus oris	human
LABG_002365	Paucilactobacillus	Paucilactobacillus suebicus	food
LABG_002374	Companilactobacillus	Companilactobacillus tucceti	food
LABG_002375	Dellaglioa	Dellaglioa algida	food
LABG_002376	Lacticaseibacillus	Lacticaseibacillus nasuensis	food
LABG_002381	Lactobacillus	Lactobacillus equicursoris	animal
LABG_002382	Levilactobacillus	Levilactobacillus acidifarinae	food
LABG_002384	Companilactobacillus	Companilactobacillus bobalius	food
LABG_002385	Secundilactobacillus	Secundilactobacillus odoratitofui	food
LABG_002386	Liquorilactobacillus	Liquorilactobacillus capillatus	food
LABG_002387	Liquorilactobacillus	Liquorilactobacillus uvarum	food
LABG_002389	Lactobacillus	Lactobacillus gallinarum	animal
LABG_002393	Limosilactobacillus	Limosilactobacillus coleohominis_A	human
LABG_002394	Latilactobacillus	Latilactobacillus fuchuensis	food
LABG_002395	Levilactobacillus	Levilactobacillus spicheri	food
LABG_002403	Limosilactobacillus	Limosilactobacillus equigenerosi	animal
LABG_002407	Limosilactobacillus	Limosilactobacillus pontis	food
LABG_002408	Ligilactobacillus	Ligilactobacillus araffinosus	animal
LABG_002413	Limosilactobacillus	Limosilactobacillus antri	human
LABG_002417	Companilactobacillus	Companilactobacillus nodensis	food
LABG_002418	Lentilactobacillus	Lentilactobacillus sunkii	food
LABG_002419	Schleiferilactobacillus	Schleiferilactobacillus perolens	food
LABG_002424	Ligilactobacillus	Ligilactobacillus equi	animal
LABG_002426	Limosilactobacillus	Limosilactobacillus ingluviei	animal
LABG_002428	Companilactobacillus	Companilactobacillus nantensis	food
LABG_002429	Lapidilactobacillus	Lapidilactobacillus concavus	food
LABG_002430	Lentilactobacillus	Lentilactobacillus farraginis	food
LABG_002432	Limosilactobacillus	Limosilactobacillus vaginalis	human
LABG_002435	Secundilactobacillus	Secundilactobacillus collinoides	food
LABG_002436	Apilactobacillus	Apilactobacillus ozensis	other
LABG_002440	Limosilactobacillus	Limosilactobacillus frumenti	food
LABG_002442	Lacticaseibacillus	Lacticaseibacillus brantae	food
LABG_002444	Lacticaseibacillus	Lacticaseibacillus thailandensis	food
LABG_002445	Amylolactobacillus	Amylolactobacillus amylophilus	animal
LABG_002446	Ligilactobacillus	Ligilactobacillus agilis	food
LABG_002447	Lacticaseibacillus	Lacticaseibacillus sharpeae	food
LABG_002448	Lentilactobacillus	Lentilactobacillus rapi	food
LABG_002449	Liquorilactobacillus	Liquorilactobacillus oeni	food
LABG_002450	Paucilactobacillus	Paucilactobacillus vaccinostercus	animal
LABG_002454	Agrilactobacillus	Agrilactobacillus composti	food
LABG_002460	Lacticaseibacillus	Lacticaseibacillus paracasei	food
LABG_002461	Loigolactobacillus	Loigolactobacillus rennini	food
LABG_002463	Lentilactobacillus	Lentilactobacillus senioris	human
LABG_002464	Lactobacillus	Lactobacillus gigeriorum	animal
LABG_002466	Holzapfeliella	Holzapfeliella floricola	food
LABG_002467	Lacticaseibacillus	Lacticaseibacillus camelliae	food
LABG_002468	Fructilactobacillus	Fructilactobacillus florum	other
LABG_002469	Levilactobacillus	Levilactobacillus senmaizukei	food
LABG_002471	Liquorilactobacillus	Liquorilactobacillus sucicola	food
LABG_002472	Liquorilactobacillus	Liquorilactobacillus cacaonum	food
LABG_002473	Liquorilactobacillus	Liquorilactobacillus aquaticus	food
LABG_002482	Fructilactobacillus	Fructilactobacillus fructivorans	food
LABG_002485	Limosilactobacillus	Limosilactobacillus secaliphilus	food
LABG_002488	Levilactobacillus	Levilactobacillus paucivorans	food
LABG_002492	Paralactobacillus	Paralactobacillus selangorensis	other
LABG_002493	Limosilactobacillus	Limosilactobacillus ingluviei	animal
LABG_002498	Lactobacillus	Lactobacillus amylovorus	food
LABG_002500	Weissella	Weissella minor	food
LABG_002501	Furfurilactobacillus	Furfurilactobacillus siliginis	other
LABG_002502	Lacticaseibacillus	Lacticaseibacillus saniviri	human
LABG_002505	Levilactobacillus	Levilactobacillus parabrevis	other
LABG_002510	Fructobacillus	Fructobacillus fructosus	food
LABG_002511	Weissella	Weissella kandleri	food
LABG_002513	Ligilactobacillus	Ligilactobacillus ceti	food
LABG_002514	Companilactobacillus	Companilactobacillus kimchiensis	food
LABG_002517	Ligilactobacillus	Ligilactobacillus pobuzihii	other
LABG_002530	Leuconostoc	Leuconostoc gasicomitatum	other
LABG_002548	Lactobacillus	Lactobacillus crispatus	animal
LABG_002551	Lactobacillus	Lactobacillus sp910589675	other
LABG_002560	Lacticaseibacillus	Lacticaseibacillus pantheris	other
LABG_002570	Lactiplantibacillus	Lactiplantibacillus plantarum	human
LABG_002573	Pediococcus	Pediococcus damnosus	food
LABG_002580	Limosilactobacillus	Limosilactobacillus reuteri	animal
LABG_002589	Lactiplantibacillus	Lactiplantibacillus plantarum	animal
LABG_002619	Schleiferilactobacillus	Schleiferilactobacillus harbinensis	food
LABG_002627	Lactiplantibacillus	Lactiplantibacillus plantarum	food
LABG_002635	Lactiplantibacillus	Lactiplantibacillus plantarum	food
LABG_002645	Ligilactobacillus	Ligilactobacillus aviarius_B	animal
LABG_002648	Ligilactobacillus	Ligilactobacillus aviarius_B	animal
LABG_002673	Lacticaseibacillus	Lacticaseibacillus rhamnosus	human
LABG_002702	Loigolactobacillus	Loigolactobacillus backii	food
LABG_002704	Loigolactobacillus	Loigolactobacillus backii	food
LABG_002707	Lactiplantibacillus	Lactiplantibacillus plantarum	food
LABG_002717	Leuconostoc	Leuconostoc lactis	food
LABG_002718	Latilactobacillus	Latilactobacillus curvatus	food
LABG_002720	Lactobacillus	Lactobacillus crispatus	human
LABG_002721	Lactobacillus	Lactobacillus helveticus	human
LABG_002723	Fructilactobacillus	Fructilactobacillus lindneri	food
LABG_002727	Pediococcus	Pediococcus claussenii	food
LABG_002730	Limosilactobacillus	Limosilactobacillus sp011958095	animal
LABG_002743	Lactiplantibacillus	Lactiplantibacillus plantarum	food
LABG_002747	Latilactobacillus	Latilactobacillus curvatus	food
LABG_002753	Pediococcus	Pediococcus pentosaceus	other
LABG_002758	Lactiplantibacillus	Lactiplantibacillus plantarum	food
LABG_002761	Weissella	Weissella soli	food
LABG_002762	Lentilactobacillus	Lentilactobacillus sunkii	food
LABG_002766	Lactobacillus	Lactobacillus delbrueckii	human
LABG_002785	Lacticaseibacillus	Lacticaseibacillus paracasei	human
LABG_002851	Pediococcus	Pediococcus acidilactici	food
LABG_002867	Oenococcus	Oenococcus oeni	food
LABG_002868	Oenococcus	Oenococcus oeni	food
LABG_002876	Oenococcus	Oenococcus oeni	food
LABG_002892	Oenococcus	Oenococcus oeni	food
LABG_002918	Weissella	Weissella confusa	food
LABG_002952	Lactobacillus	Lactobacillus delbrueckii	food
LABG_002953	Lactobacillus	Lactobacillus delbrueckii	other
LABG_002955	Leuconostoc	Leuconostoc suionicum	other
LABG_002958	Lactobacillus	Lactobacillus delbrueckii	food
LABG_002959	Lactiplantibacillus	Lactiplantibacillus plantarum	food
LABG_002961	Lentilactobacillus	Lentilactobacillus parabuchneri	food
LABG_002962	Pediococcus	Pediococcus acidilactici	food
LABG_002965	Weissella	Weissella thailandensis	food
LABG_002980	Apilactobacillus	Apilactobacillus waqarii	other
LABG_002989	Ligilactobacillus	Ligilactobacillus murinus	animal
LABG_002990	Companilactobacillus	Companilactobacillus allii	food
LABG_003001	Latilactobacillus	Latilactobacillus sakei	other
LABG_003019	Lactiplantibacillus	Lactiplantibacillus plantarum	food
LABG_003023	Lactiplantibacillus	Lactiplantibacillus plantarum	food
LABG_003036	Lacticaseibacillus	Lacticaseibacillus rhamnosus	food
LABG_003038	Lacticaseibacillus	Lacticaseibacillus rhamnosus	animal
LABG_003039	Leuconostoc	Leuconostoc lactis	food
LABG_003040	Lactobacillus	Lactobacillus delbrueckii	food
LABG_003045	Limosilactobacillus	Limosilactobacillus reuteri_E	human
LABG_003055	Lacticaseibacillus	Lacticaseibacillus paracasei	food
LABG_003066	Lactobacillus	Lactobacillus amylolyticus	food
LABG_003067	Ligilactobacillus	Ligilactobacillus ruminis	animal
LABG_003072	Ligilactobacillus	Ligilactobacillus salivarius	other
LABG_003075	Ligilactobacillus	Ligilactobacillus salivarius	other
LABG_003076	Ligilactobacillus	Ligilactobacillus salivarius	other
LABG_003077	Ligilactobacillus	Ligilactobacillus salivarius	other
LABG_003079	Ligilactobacillus	Ligilactobacillus salivarius	other
LABG_003091	Ligilactobacillus	Ligilactobacillus salivarius	other
LABG_003100	Ligilactobacillus	Ligilactobacillus salivarius	other
LABG_003164	Latilactobacillus	Latilactobacillus sakei	food
LABG_003165	Lactiplantibacillus	Lactiplantibacillus plantarum	food
LABG_003167	Limosilactobacillus	Limosilactobacillus reuteri_E	animal
LABG_003169	Limosilactobacillus	Limosilactobacillus reuteri_E	animal
LABG_003170	Limosilactobacillus	Limosilactobacillus reuteri_E	animal
LABG_003172	Weissella	Weissella cibaria	animal
LABG_003182	Levilactobacillus	Levilactobacillus brevis	food
LABG_003183	Levilactobacillus	Levilactobacillus brevis	food
LABG_003203	Limosilactobacillus	Limosilactobacillus reuteri_I	animal
LABG_003206	Lactobacillus	Lactobacillus delbrueckii	food
LABG_003207	Leuconostoc	Leuconostoc mesenteroides	food
LABG_003213	Lentilactobacillus	Lentilactobacillus parakefiri	food
LABG_003214	Lactobacillus	Lactobacillus paragasseri	human
LABG_003217	Ligilactobacillus	Ligilactobacillus salivarius	animal
LABG_003218	Lactobacillus	Lactobacillus johnsonii	animal
LABG_003219	Limosilactobacillus	Limosilactobacillus reuteri_E	animal
LABG_003221	Ligilactobacillus	Ligilactobacillus salivarius	animal
LABG_003222	Lactobacillus	Lactobacillus gallinarum	animal
LABG_003224	Lactobacillus	Lactobacillus gallinarum	animal
LABG_003225	Ligilactobacillus	Ligilactobacillus salivarius	animal
LABG_003226	Ligilactobacillus	Ligilactobacillus salivarius	animal
LABG_003229	Lactiplantibacillus	Lactiplantibacillus plantarum	food
LABG_003232	Pediococcus	Pediococcus acidilactici	food
LABG_003239	Lactobacillus	Lactobacillus sp946579245	animal
LABG_003240	Levilactobacillus	Levilactobacillus brevis	food
LABG_003242	Companilactobacillus	Companilactobacillus kimchii	food
LABG_003243	Lacticaseibacillus	Lacticaseibacillus casei	human
LABG_003249	Lactiplantibacillus	Lactiplantibacillus pentosus	food
LABG_003250	Ligilactobacillus	Ligilactobacillus murinus	animal
LABG_003251	Secundilactobacillus	Secundilactobacillus mixtipabuli	food
LABG_003252	Secundilactobacillus	Secundilactobacillus silagei	animal
LABG_003253	Secundilactobacillus	Secundilactobacillus pentosiphilus	animal
LABG_003254	Secundilactobacillus	Secundilactobacillus pentosiphilus	food
LABG_003260	Lactobacillus	Lactobacillus crispatus	animal
LABG_003264	Lactobacillus	Lactobacillus crispatus	animal
LABG_003265	Lactobacillus	Lactobacillus crispatus	animal
LABG_003274	Lactobacillus	Lactobacillus crispatus	animal
LABG_003281	Lactobacillus	Lactobacillus crispatus	animal
LABG_003286	Latilactobacillus	Latilactobacillus curvatus	food
LABG_003287	Latilactobacillus	Latilactobacillus curvatus	food
LABG_003290	Ligilactobacillus	Ligilactobacillus agilis	animal
LABG_003296	Ligilactobacillus	Ligilactobacillus agilis	animal
LABG_003298	Limosilactobacillus	Limosilactobacillus fermentum	human
LABG_003301	Latilactobacillus	Latilactobacillus sakei	other
LABG_003302	Ligilactobacillus	Ligilactobacillus salivarius	food
LABG_003305	Lactobacillus	Lactobacillus taiwanensis	animal
LABG_003308	Lactobacillus	Lactobacillus taiwanensis	animal
LABG_003316	Lactobacillus	Lactobacillus sp910589675	animal
LABG_003319	Lactobacillus	Lactobacillus taiwanensis	animal
LABG_003320	Lactobacillus	Lactobacillus taiwanensis	animal
LABG_003326	Lactobacillus	Lactobacillus taiwanensis	animal
LABG_003336	Limosilactobacillus	Limosilactobacillus rodentium	animal
LABG_003337	Limosilactobacillus	Limosilactobacillus rodentium	animal
LABG_003342	Limosilactobacillus	Limosilactobacillus rodentium	animal
LABG_003346	Limosilactobacillus	Limosilactobacillus rodentium	animal
LABG_003355	Limosilactobacillus	Limosilactobacillus rodentium	animal
LABG_003366	Lactobacillus	Lactobacillus sp946579245	animal
LABG_003377	Lactobacillus	Lactobacillus delbrueckii	food
LABG_003378	Lactobacillus	Lactobacillus delbrueckii	food
LABG_003380	Lacticaseibacillus	Lacticaseibacillus rhamnosus	human
LABG_003382	Leuconostoc	Leuconostoc lactis	food
LABG_003384	Lactobacillus	Lactobacillus gasseri	other
LABG_003387	Ligilactobacillus	Ligilactobacillus salivarius	animal
LABG_003391	Ligilactobacillus	Ligilactobacillus salivarius	animal
LABG_003392	Ligilactobacillus	Ligilactobacillus salivarius	animal
LABG_003394	Ligilactobacillus	Ligilactobacillus salivarius	animal
LABG_003396	Ligilactobacillus	Ligilactobacillus salivarius	animal
LABG_003399	Ligilactobacillus	Ligilactobacillus salivarius	animal
LABG_003402	Ligilactobacillus	Ligilactobacillus salivarius	animal
LABG_003416	Levilactobacillus	Levilactobacillus brevis	food
LABG_003417	Limosilactobacillus	Limosilactobacillus fermentum	other
LABG_003421	Latilactobacillus	Latilactobacillus sakei	other
LABG_003423	Leuconostoc	Leuconostoc mesenteroides	other
LABG_003454	Lentilactobacillus	Lentilactobacillus sp002418005	other
LABG_003480	Leuconostoc	Leuconostoc lactis	food
LABG_003494	Ligilactobacillus	Ligilactobacillus aviarius_B	animal
LABG_003502	Limosilactobacillus	Limosilactobacillus reuteri_E	animal
LABG_003503	Ligilactobacillus	Ligilactobacillus salivarius	animal
LABG_003504	Lactobacillus	Lactobacillus crispatus	animal
LABG_003505	Lactobacillus	Lactobacillus gallinarum	animal
LABG_003508	Limosilactobacillus	Limosilactobacillus reuteri_E	animal
LABG_003509	Limosilactobacillus	Limosilactobacillus reuteri_E	animal
LABG_003510	Ligilactobacillus	Ligilactobacillus salivarius	animal
LABG_003512	Lactobacillus	Lactobacillus gallinarum	animal
LABG_003514	Secundilactobacillus	Secundilactobacillus silagincola	food
LABG_003515	Leuconostoc	Leuconostoc citreum	food
LABG_003517	Weissella	Weissella cibaria	food
LABG_003519	Lactobacillus	Lactobacillus amylovorus	food
LABG_003520	Loigolactobacillus	Loigolactobacillus coryniformis	food
LABG_003521	Loigolactobacillus	Loigolactobacillus coryniformis	animal
LABG_003543	Ligilactobacillus	Ligilactobacillus salivarius	human
LABG_003547	Latilactobacillus	Latilactobacillus sakei	food
LABG_003558	Lacticaseibacillus	Lacticaseibacillus paracasei	food
LABG_003559	Companilactobacillus	Companilactobacillus metriopterae	food
LABG_003563	Loigolactobacillus	Loigolactobacillus backii	food
LABG_003572	Leuconostoc	Leuconostoc citreum	other
LABG_003579	Ligilactobacillus	Ligilactobacillus agilis	animal
LABG_003580	Ligilactobacillus	Ligilactobacillus salivarius	animal
LABG_003583	Companilactobacillus	Companilactobacillus alimentarius	food
LABG_003585	Lactobacillus	Lactobacillus helveticus	food
LABG_003588	Liquorilactobacillus	Liquorilactobacillus hordei	food
LABG_003589	Liquorilactobacillus	Liquorilactobacillus nagelii	food
LABG_003592	Lactobacillus	Lactobacillus crispatus	human
LABG_003594	Lactobacillus	Lactobacillus crispatus	human
LABG_003607	Lactobacillus	Lactobacillus iners	human
LABG_003608	Companilactobacillus	Companilactobacillus nuruki	food
LABG_003610	Lactobacillus	Lactobacillus iners	human
LABG_003611	Lactobacillus	Lactobacillus iners	human
LABG_003614	Limosilactobacillus	Limosilactobacillus reuteri_J	animal
LABG_003615	Lactobacillus	Lactobacillus iners	human
LABG_003653	Lactobacillus	Lactobacillus panisapium	animal
LABG_003656	Limosilactobacillus	Limosilactobacillus pontis_A	human
LABG_003661	Weissella	Weissella koreensis	food
LABG_003662	Lactobacillus	Lactobacillus amylovorus	other
LABG_003663	Latilactobacillus	Latilactobacillus sakei_A	food
LABG_003665	Oenococcus	Oenococcus oeni	food
LABG_003666	Lactiplantibacillus	Lactiplantibacillus sp002970915	food
LABG_003667	Lactiplantibacillus	Lactiplantibacillus sp002970935	other
LABG_003668	Pediococcus	Pediococcus inopinatus	food
LABG_003670	Lactiplantibacillus	Lactiplantibacillus pentosus	food
LABG_003673	Lactiplantibacillus	Lactiplantibacillus pentosus	food
LABG_003678	Apilactobacillus	Apilactobacillus quenuiae	food
LABG_003680	Weissella	Weissella cibaria	food
LABG_003691	Lactiplantibacillus	Lactiplantibacillus plantarum	food
LABG_003694	Levilactobacillus	Levilactobacillus namurensis_A	food
LABG_003706	Limosilactobacillus	Limosilactobacillus rodentium	human
LABG_003711	Limosilactobacillus	Limosilactobacillus fermentum	human
LABG_003755	Limosilactobacillus	Limosilactobacillus suis	food
LABG_003757	Weissella	Weissella cibaria	food
LABG_003760	Apilactobacillus	Apilactobacillus micheneri	other
LABG_003761	Levilactobacillus	Levilactobacillus bambusae	food
LABG_003764	Ligilactobacillus	Ligilactobacillus salivarius	animal
LABG_003767	Limosilactobacillus	Limosilactobacillus mucosae	other
LABG_003768	Lactobacillus	Lactobacillus apis	animal
LABG_003769	Lactobacillus	Lactobacillus kullabergensis	animal
LABG_003770	Lactobacillus	Lactobacillus helsingborgensis	animal
LABG_003772	Limosilactobacillus	Limosilactobacillus reuteri	animal
LABG_003787	Lacticaseibacillus	Lacticaseibacillus paracasei	food
LABG_003788	Levilactobacillus	Levilactobacillus brevis	animal
LABG_003790	Lactobacillus	Lactobacillus melliventris	animal
LABG_003816	Ligilactobacillus	Ligilactobacillus murinus	other
LABG_003818	Latilactobacillus	Latilactobacillus sakei	food
LABG_003827	Lactobacillus	Lactobacillus sp910589675	animal
LABG_003828	Limosilactobacillus	Limosilactobacillus reuteri_G	animal
LABG_003829	Ligilactobacillus	Ligilactobacillus salivarius	animal
LABG_003858	Lactiplantibacillus	Lactiplantibacillus plantarum	food
LABG_003866	Latilactobacillus	Latilactobacillus curvatus	food
LABG_003871	Lactobacillus	Lactobacillus johnsonii	human
LABG_003877	Ligilactobacillus	Ligilactobacillus ruminis	human
LABG_003881	Ligilactobacillus	Ligilactobacillus murinus	animal
LABG_003882	Limosilactobacillus	Limosilactobacillus mucosae	human
LABG_003883	Ligilactobacillus	Ligilactobacillus murinus	animal
LABG_003885	Limosilactobacillus	Limosilactobacillus fermentum	human
LABG_003887	Lactobacillus	Lactobacillus amylovorus	human
LABG_003894	Ligilactobacillus	Ligilactobacillus salivarius	human
LABG_003895	Furfurilactobacillus	Furfurilactobacillus sp003482405	other
LABG_003898	Secundilactobacillus	Secundilactobacillus silagincola	other
LABG_003899	Lactobacillus	Lactobacillus sp910589675	animal
LABG_003901	Bombilactobacillus	Bombilactobacillus bombi	animal
LABG_003902	Bombilactobacillus	Bombilactobacillus bombi	animal
LABG_003903	Lactobacillus	Lactobacillus bombicola	animal
LABG_003905	Lactobacillus	Lactobacillus bombicola	animal
LABG_003907	Bombilactobacillus	Bombilactobacillus bombi	animal
LABG_003922	Companilactobacillus	Companilactobacillus formosensis	food
LABG_003925	Ligilactobacillus	Ligilactobacillus murinus	animal
LABG_003937	Companilactobacillus	Companilactobacillus zhachilii	food
LABG_003939	Lactobacillus	Lactobacillus helveticus	food
LABG_003941	Apilactobacillus	Apilactobacillus bombintestini	animal
LABG_003949	Lactiplantibacillus	Lactiplantibacillus pentosus	human
LABG_003955	Levilactobacillus	Levilactobacillus yiduensis	food
LABG_003961	Lactobacillus	Lactobacillus sp003692965	animal
LABG_003962	Lactobacillus	Lactobacillus apis	animal
LABG_003965	Lactobacillus	Lactobacillus bombicola	animal
LABG_003967	Lactobacillus	Lactobacillus melliventris	animal
LABG_003968	Lactobacillus	Lactobacillus sp003692965	animal
LABG_003970	Lactobacillus	Lactobacillus bombicola	animal
LABG_003971	Lactobacillus	Lactobacillus kullabergensis	animal
LABG_003972	Lactobacillus	Lactobacillus melliventris	animal
LABG_003975	Lactiplantibacillus	Lactiplantibacillus pentosus	food
LABG_003978	Limosilactobacillus	Limosilactobacillus rodentium	animal
LABG_003979	Limosilactobacillus	Limosilactobacillus reuteri_I	animal
LABG_003986	Lacticaseibacillus	Lacticaseibacillus paracasei	food
LABG_003988	Lacticaseibacillus	Lacticaseibacillus paracasei	food
LABG_003990	Lacticaseibacillus	Lacticaseibacillus paracasei	food
LABG_003998	Lacticaseibacillus	Lacticaseibacillus paracasei	food
LABG_004004	Lacticaseibacillus	Lacticaseibacillus paracasei	food
LABG_004013	Lacticaseibacillus	Lacticaseibacillus paracasei	food
LABG_004014	Lacticaseibacillus	Lacticaseibacillus paracasei	food
LABG_004029	Lactobacillus	Lactobacillus helveticus	food
LABG_004032	Limosilactobacillus	Limosilactobacillus fermentum	food
LABG_004034	Limosilactobacillus	Limosilactobacillus mucosae	other
LABG_004038	Paucilactobacillus	Paucilactobacillus vaccinostercus	other
LABG_004039	Weissella	Weissella viridescens_A	other
LABG_004040	Lentilactobacillus	Lentilactobacillus kosonis	other
LABG_004041	Ligilactobacillus	Ligilactobacillus salitolerans	other
LABG_004042	Lactiplantibacillus	Lactiplantibacillus garii	food
LABG_004044	Companilactobacillus	Companilactobacillus insicii	food
LABG_004045	Lacticaseibacillus	Lacticaseibacillus songhuajiangensis	food
LABG_004046	Levilactobacillus	Levilactobacillus mulengensis	food
LABG_004048	Levilactobacillus	Levilactobacillus lindianensis	food
LABG_004049	Lacticaseibacillus	Lacticaseibacillus daqingensis	food
LABG_004050	Levilactobacillus	Levilactobacillus huananensis	food
LABG_004052	Lacticaseibacillus	Lacticaseibacillus suibinensis	food
LABG_004054	Lapidilactobacillus	Lapidilactobacillus mulanensis	food
LABG_004056	Levilactobacillus	Levilactobacillus yonginensis	food
LABG_004058	Lacticaseibacillus	Lacticaseibacillus porcinae	food
LABG_004059	Companilactobacillus	Companilactobacillus furfuricola	food
LABG_004060	Levilactobacillus	Levilactobacillus fujinensis	food
LABG_004069	Companilactobacillus	Companilactobacillus zhongbaensis	food
LABG_004071	Companilactobacillus	Companilactobacillus hulinensis	food
LABG_004072	Companilactobacillus	Companilactobacillus jidongensis	food
LABG_004074	Companilactobacillus	Companilactobacillus kedongensis	food
LABG_004075	Lapidilactobacillus	Lapidilactobacillus wuchangensis	food
LABG_004077	Lapidilactobacillus	Lapidilactobacillus gannanensis	food
LABG_004078	Lapidilactobacillus	Lapidilactobacillus bayanensis	food
LABG_004080	Loigolactobacillus	Loigolactobacillus iwatensis	food
LABG_004081	Lactobacillus	Lactobacillus acidophilus	animal
LABG_004085	Latilactobacillus	Latilactobacillus curvatus	human
LABG_004097	Lactobacillus	Lactobacillus xujianguonis	other
LABG_004099	Lactobacillus	Lactobacillus sp910589675	human
LABG_004100	Lacticaseibacillus	Lacticaseibacillus hulanensis	food
LABG_004102	Oenococcus	Oenococcus sp004010835	food
LABG_004104	Lactobacillus	Lactobacillus sp945980025	animal
LABG_004111	Pediococcus	Pediococcus acidilactici	food
LABG_004121	Lactiplantibacillus	Lactiplantibacillus plantarum	food
LABG_004122	Latilactobacillus	Latilactobacillus curvatus	food
LABG_004126	Limosilactobacillus	Limosilactobacillus mucosae	animal
LABG_004132	Pediococcus	Pediococcus acidilactici	food
LABG_004138	Oenococcus	Oenococcus sicerae	food
LABG_004146	Pediococcus	Pediococcus acidilactici	food
LABG_004147	Weissella	Weissella cibaria	food
LABG_004148	Leuconostoc	Leuconostoc mesenteroides	food
LABG_004152	Companilactobacillus	Companilactobacillus metriopterae	food
LABG_004154	Lacticaseibacillus	Lacticaseibacillus rhamnosus	food
LABG_004159	Lactobacillus	Lactobacillus delbrueckii	food
LABG_004162	Lacticaseibacillus	Lacticaseibacillus chiayiensis	food
LABG_004178	Limosilactobacillus	Limosilactobacillus fermentum	human
LABG_004179	Lactobacillus	Lactobacillus delbrueckii	other
LABG_004180	Lactobacillus	Lactobacillus delbrueckii	other
LABG_004182	Weissella	Weissella paramesenteroides	animal
LABG_004265	Lactiplantibacillus	Lactiplantibacillus plantarum	animal
LABG_004275	Lactiplantibacillus	Lactiplantibacillus plantarum	other
LABG_004276	Lactiplantibacillus	Lactiplantibacillus paraplantarum	food
LABG_004277	Lactobacillus	Lactobacillus crispatus	animal
LABG_004288	Lactobacillus	Lactobacillus delbrueckii	other
LABG_004296	Lactobacillus	Lactobacillus pasteurii	other
LABG_004300	Periweissella	Periweissella cryptocerci	other
LABG_004345	Ligilactobacillus	Ligilactobacillus salivarius	other
LABG_004347	Weissella	Weissella cibaria_A	animal
LABG_004350	Lactobacillus	Lactobacillus sp910589675	other
LABG_004353	Limosilactobacillus	Limosilactobacillus mucosae	other
LABG_004355	Lactobacillus	Lactobacillus delbrueckii_B	other
LABG_004356	Lactobacillus	Lactobacillus sp945980025	other
LABG_004358	Ligilactobacillus	Ligilactobacillus murinus	animal
LABG_004362	Limosilactobacillus	Limosilactobacillus fermentum	food
LABG_004363	Lactobacillus	Lactobacillus sp945980025	animal
LABG_004365	Lactiplantibacillus	Lactiplantibacillus plantarum	food
LABG_004366	Levilactobacillus	Levilactobacillus suantsaiihabitans	food
LABG_004367	Companilactobacillus	Companilactobacillus suantsaicola	food
LABG_004374	Weissella	Weissella confusa	food
LABG_004380	Weissella	Weissella confusa_A	food
LABG_004383	Weissella	Weissella confusa	food
LABG_004385	Weissella	Weissella confusa	food
LABG_004388	Weissella	Weissella confusa	food
LABG_004390	Ligilactobacillus	Ligilactobacillus murinus	animal
LABG_004392	Ligilactobacillus	Ligilactobacillus murinus	animal
LABG_004408	Lactobacillus	Lactobacillus amylovorus	animal
LABG_004412	Ligilactobacillus	Ligilactobacillus animalis	other
LABG_004414	Companilactobacillus	Companilactobacillus huachuanensis	other
LABG_004415	Lactiplantibacillus	Lactiplantibacillus pingfangensis	other
LABG_004421	Loigolactobacillus	Loigolactobacillus binensis	other
LABG_004426	Lactiplantibacillus	Lactiplantibacillus mudanjiangensis	other
LABG_004427	Lactiplantibacillus	Lactiplantibacillus plajomi	other
LABG_004428	Lactiplantibacillus	Lactiplantibacillus modestisalitolerans	other
LABG_004429	Paucilactobacillus	Paucilactobacillus nenjiangensis	other
LABG_004431	Weissella	Weissella bombi	other
LABG_004438	Lacticaseibacillus	Lacticaseibacillus zeae	human
LABG_004445	Lactobacillus	Lactobacillus helveticus	food
LABG_004447	Lentilactobacillus	Lentilactobacillus parafarraginis	other
LABG_004453	Pediococcus	Pediococcus stilesii	food
LABG_004454	Lactobacillus	Lactobacillus paragasseri	human
LABG_004456	Apilactobacillus	Apilactobacillus nanyangensis	animal
LABG_004458	Apilactobacillus	Apilactobacillus kunkeei_E	animal
LABG_004461	Levilactobacillus	Levilactobacillus brevis	food
LABG_004465	Levilactobacillus	Levilactobacillus brevis	other
LABG_004473	Leuconostoc	Leuconostoc citreum	food
LABG_004475	Levilactobacillus	Levilactobacillus brevis	food
LABG_004476	Leuconostoc	Leuconostoc pseudomesenteroides	food
LABG_004478	Lactobacillus	Lactobacillus amylovorus	animal
LABG_004484	Apilactobacillus	Apilactobacillus timberlakei	food
LABG_004487	Apilactobacillus	Apilactobacillus timberlakei	food
LABG_004493	Apilactobacillus	Apilactobacillus micheneri	food
LABG_004496	Apilactobacillus	Apilactobacillus micheneri	food
LABG_004498	Apilactobacillus	Apilactobacillus micheneri	food
LABG_004499	Apilactobacillus	Apilactobacillus kunkeei_F	food
LABG_004500	Apilactobacillus	Apilactobacillus timberlakei	food
LABG_004501	Apilactobacillus	Apilactobacillus timberlakei	food
LABG_004504	Apilactobacillus	Apilactobacillus micheneri	food
LABG_004508	Apilactobacillus	Apilactobacillus micheneri	food
LABG_004509	Apilactobacillus	Apilactobacillus kunkeei	food
LABG_004510	Apilactobacillus	Apilactobacillus micheneri	food
LABG_004521	Levilactobacillus	Levilactobacillus brevis	other
LABG_004531	Lactobacillus	Lactobacillus delbrueckii	other
LABG_004532	Leuconostoc	Leuconostoc gelidum	food
LABG_004538	Limosilactobacillus	Limosilactobacillus reuteri	animal
LABG_004543	Levilactobacillus	Levilactobacillus enshiensis	food
LABG_004546	Lactobacillus	Lactobacillus sp007570935	food
LABG_004547	Limosilactobacillus	Limosilactobacillus reuteri_J	food
LABG_004551	Weissella	Weissella cibaria	food
LABG_004552	Weissella	Weissella cibaria	food
LABG_004553	Weissella	Weissella cibaria	food
LABG_004556	Weissella	Weissella cibaria	food
LABG_004561	Weissella	Weissella cibaria	food
LABG_004575	Lactobacillus	Lactobacillus gasseri	human
LABG_004580	Dellaglioa	Dellaglioa algida	food
LABG_004583	Weissella	Weissella soli	food
LABG_004586	Leuconostoc	Leuconostoc lactis_A	food
LABG_004589	Loigolactobacillus	Loigolactobacillus coryniformis	food
LABG_004592	Leuconostoc	Leuconostoc mesenteroides_B	food
LABG_004607	Schleiferilactobacillus	Schleiferilactobacillus harbinensis	other
LABG_004643	Ligilactobacillus	Ligilactobacillus salivarius	food
LABG_004644	Ligilactobacillus	Ligilactobacillus salivarius	food
LABG_004647	Secundilactobacillus	Secundilactobacillus malefermentans	food
LABG_004650	Lactobacillus	Lactobacillus crispatus	human
LABG_004653	Levilactobacillus	Levilactobacillus brevis	food
LABG_004654	Weissella	Weissella muntiaci	food
LABG_004655	Leuconostoc	Leuconostoc litchii	food
LABG_004656	Leuconostoc	Leuconostoc citreum	other
LABG_004661	Paucilactobacillus	Paucilactobacillus nenjiangensis	food
LABG_004671	Weissella	Weissella paramesenteroides	animal
LABG_004675	Weissella	Weissella paramesenteroides	animal
LABG_004698	Lentilactobacillus	Lentilactobacillus hilgardii	food
LABG_004699	Schleiferilactobacillus	Schleiferilactobacillus harbinensis	food
LABG_004704	Lactobacillus	Lactobacillus crispatus	animal
LABG_004709	Lactobacillus	Lactobacillus crispatus	animal
LABG_004710	Lactobacillus	Lactobacillus crispatus	animal
LABG_004721	Lacticaseibacillus	Lacticaseibacillus rhamnosus	human
LABG_004726	Lapidilactobacillus	Lapidilactobacillus dextrinicus	food
LABG_004728	Lactobacillus	Lactobacillus acetotolerans	food
LABG_004735	Lactobacillus	Lactobacillus crispatus	human
LABG_004740	Latilactobacillus	Latilactobacillus graminis	food
LABG_004744	Lacticaseibacillus	Lacticaseibacillus manihotivorans	food
LABG_004745	Schleiferilactobacillus	Schleiferilactobacillus harbinensis	food
LABG_004747	Limosilactobacillus	Limosilactobacillus fermentum	food
LABG_004749	Levilactobacillus	Levilactobacillus zymae	food
LABG_004750	Schleiferilactobacillus	Schleiferilactobacillus harbinensis	food
LABG_004751	Furfurilactobacillus	Furfurilactobacillus rossiae	food
LABG_004756	Lactobacillus	Lactobacillus helveticus	food
LABG_004760	Limosilactobacillus	Limosilactobacillus reuteri_E	animal
LABG_004766	Limosilactobacillus	Limosilactobacillus reuteri_E	animal
LABG_004767	Limosilactobacillus	Limosilactobacillus reuteri_E	animal
LABG_004768	Limosilactobacillus	Limosilactobacillus reuteri_E	animal
LABG_004769	Limosilactobacillus	Limosilactobacillus reuteri_E	animal
LABG_004770	Limosilactobacillus	Limosilactobacillus reuteri_E	animal
LABG_004771	Limosilactobacillus	Limosilactobacillus reuteri_E	animal
LABG_004772	Limosilactobacillus	Limosilactobacillus reuteri_E	animal
LABG_004773	Limosilactobacillus	Limosilactobacillus reuteri_E	animal
LABG_004774	Limosilactobacillus	Limosilactobacillus reuteri_E	animal
LABG_004775	Limosilactobacillus	Limosilactobacillus reuteri_E	animal
LABG_004779	Limosilactobacillus	Limosilactobacillus reuteri_E	animal
LABG_004781	Lacticaseibacillus	Lacticaseibacillus rhamnosus	food
LABG_004796	Companilactobacillus	Companilactobacillus mishanensis	other
LABG_004797	Companilactobacillus	Companilactobacillus mishanensis	other
LABG_004800	Companilactobacillus	Companilactobacillus halodurans	other
LABG_004801	Lactiplantibacillus	Lactiplantibacillus plantarum	other
LABG_004803	Limosilactobacillus	Limosilactobacillus reuteri_G	animal
LABG_004805	Limosilactobacillus	Limosilactobacillus reuteri_G	animal
LABG_004806	Limosilactobacillus	Limosilactobacillus rodentium	animal
LABG_004808	Limosilactobacillus	Limosilactobacillus reuteri_I	animal
LABG_004810	Limosilactobacillus	Limosilactobacillus sp011958095	animal
LABG_004811	Limosilactobacillus	Limosilactobacillus rodentium	animal
LABG_004812	Limosilactobacillus	Limosilactobacillus rodentium	animal
LABG_004813	Limosilactobacillus	Limosilactobacillus rodentium	animal
LABG_004815	Loigolactobacillus	Loigolactobacillus bifermentans	food
LABG_004817	Limosilactobacillus	Limosilactobacillus walteri	animal
LABG_004824	Ligilactobacillus	Ligilactobacillus ruminis	human
LABG_004833	Leuconostoc	Leuconostoc lactis	human
LABG_004845	Ligilactobacillus	Ligilactobacillus ruminis	human
LABG_004865	Ligilactobacillus	Ligilactobacillus salivarius	other
LABG_004867	Ligilactobacillus	Ligilactobacillus salivarius	other
LABG_004868	Latilactobacillus	Latilactobacillus fragifolii	food
LABG_004869	Lacticaseibacillus	Lacticaseibacillus zhaodongensis	other
LABG_004871	Lactobacillus	Lactobacillus equicursoris	animal
LABG_004872	Lactobacillus	Lactobacillus absianus	animal
LABG_004875	Lactobacillus	Lactobacillus sp910589675	animal
LABG_004878	Secundilactobacillus	Secundilactobacillus folii	food
LABG_004886	Lactobacillus	Lactobacillus delbrueckii	food
LABG_004888	Lactobacillus	Lactobacillus acetotolerans	food
LABG_004889	Lacticaseibacillus	Lacticaseibacillus paracasei	other
LABG_004905	Lactobacillus	Lactobacillus sp946579245	animal
LABG_004906	Lactobacillus	Lactobacillus crispatus	animal
LABG_004909	Lactobacillus	Lactobacillus taiwanensis	animal
LABG_004910	Pediococcus	Pediococcus acidilactici	food
LABG_004911	Pediococcus	Pediococcus pentosaceus	other
LABG_004924	Pediococcus	Pediococcus acidilactici	food
LABG_004926	Pediococcus	Pediococcus acidilactici	food
LABG_004944	Pediococcus	Pediococcus acidilactici	food
LABG_005030	Lactiplantibacillus	Lactiplantibacillus pentosus	food
LABG_005031	Lacticaseibacillus	Lacticaseibacillus paracasei	human
LABG_005032	Lentilactobacillus	Lentilactobacillus hilgardii	food
LABG_005039	Lactobacillus	Lactobacillus iners	human
LABG_005041	Lactobacillus	Lactobacillus crispatus	human
LABG_005048	Ligilactobacillus	Ligilactobacillus salivarius	human
LABG_005064	Ligilactobacillus	Ligilactobacillus salivarius	human
LABG_005065	Ligilactobacillus	Ligilactobacillus salivarius	human
LABG_005075	Furfurilactobacillus	Furfurilactobacillus milii_A	food
LABG_005076	Furfurilactobacillus	Furfurilactobacillus rossiae_B	food
LABG_005078	Weissella	Weissella cibaria	food
LABG_005079	Ligilactobacillus	Ligilactobacillus salivarius	human
LABG_005080	Ligilactobacillus	Ligilactobacillus salivarius	human
LABG_005085	Ligilactobacillus	Ligilactobacillus salivarius	human
LABG_005094	Ligilactobacillus	Ligilactobacillus salivarius	human
LABG_005138	Apilactobacillus	Apilactobacillus kunkeei_F	animal
LABG_005147	Lactiplantibacillus	Lactiplantibacillus plantarum	food
LABG_005162	Lacticaseibacillus	Lacticaseibacillus paracasei	food
LABG_005163	Lactobacillus	Lactobacillus crispatus	animal
LABG_005164	Ligilactobacillus	Ligilactobacillus animalis	animal
LABG_005168	Pediococcus	Pediococcus acidilactici	food
LABG_005172	Limosilactobacillus	Limosilactobacillus rodentium	animal
LABG_005212	Lactobacillus	Lactobacillus sp910589675	other
LABG_005215	Lactobacillus	Lactobacillus iners	human
LABG_005216	Weissella	Weissella paramesenteroides	food
LABG_005220	Weissella	Weissella cibaria	food
LABG_005236	Weissella	Weissella confusa	food
LABG_005237	Ligilactobacillus	Ligilactobacillus salivarius	other
LABG_005238	Lactobacillus	Lactobacillus iners	human
LABG_005239	Lactobacillus	Lactobacillus iners	human
LABG_005240	Lactobacillus	Lactobacillus iners	human
LABG_005241	Lactobacillus	Lactobacillus iners	human
LABG_005242	Lactobacillus	Lactobacillus iners	human
LABG_005248	Weissella	Weissella coleopterorum	other
LABG_005253	Lactobacillus	Lactobacillus helveticus	other
LABG_005265	Lentilactobacillus	Lentilactobacillus hilgardii	food
LABG_005270	Ligilactobacillus	Ligilactobacillus agilis	animal
LABG_005283	Limosilactobacillus	Limosilactobacillus reuteri_E	animal
LABG_005288	Weissella	Weissella thailandensis	food
LABG_005296	Ligilactobacillus	Ligilactobacillus agilis	other
LABG_005297	Ligilactobacillus	Ligilactobacillus agilis	other
LABG_005298	Ligilactobacillus	Ligilactobacillus agilis	other
LABG_005299	Ligilactobacillus	Ligilactobacillus agilis	other
LABG_005300	Ligilactobacillus	Ligilactobacillus agilis	other
LABG_005301	Ligilactobacillus	Ligilactobacillus agilis	other
LABG_005302	Ligilactobacillus	Ligilactobacillus agilis	other
LABG_005306	Levilactobacillus	Levilactobacillus tujiorum	food
LABG_005307	Levilactobacillus	Levilactobacillus tujiorum	food
LABG_005309	Fructobacillus	Fructobacillus tropaeoli	food
LABG_005312	Lactobacillus	Lactobacillus gallinarum	animal
LABG_005313	Lactobacillus	Lactobacillus johnsonii	animal
LABG_005314	Lactobacillus	Lactobacillus amylovorus	animal
LABG_005316	Ligilactobacillus	Ligilactobacillus ruminis	animal
LABG_005317	Ligilactobacillus	Ligilactobacillus salivarius	animal
LABG_005318	Limosilactobacillus		animal
LABG_005319	Ligilactobacillus	Ligilactobacillus agilis	animal
LABG_005320	Limosilactobacillus	Limosilactobacillus pulli	animal
LABG_005321	Lactobacillus	Lactobacillus acetotolerans	other
LABG_005330	Limosilactobacillus	Limosilactobacillus reuteri_G	food
LABG_005331	Limosilactobacillus	Limosilactobacillus reuteri_G	food
LABG_005344	Lacticaseibacillus	Lacticaseibacillus rhamnosus	human
LABG_005347	Lentilactobacillus	Lentilactobacillus kribbianus	animal
LABG_005349	Pediococcus	Pediococcus acidilactici	food
LABG_005394	Lactobacillus	Lactobacillus helveticus	other
LABG_005419	Bombilactobacillus	Bombilactobacillus mellis	animal
LABG_005420	Bombilactobacillus	Bombilactobacillus mellis_A	animal
LABG_005421	Bombilactobacillus	Bombilactobacillus mellis	animal
LABG_005422	Lactobacillus	Lactobacillus melliventris	animal
LABG_005423	Bombilactobacillus	Bombilactobacillus mellis	animal
LABG_005424	Limosilactobacillus	Limosilactobacillus reuteri	animal
LABG_005429	Lacticaseibacillus	Lacticaseibacillus rhamnosus	animal
LABG_005431	Bombilactobacillus	Bombilactobacillus apium	animal
LABG_005433	Ligilactobacillus	Ligilactobacillus salivarius	animal
LABG_005434	Furfurilactobacillus	Furfurilactobacillus rossiae	animal
LABG_005446	Ligilactobacillus	Ligilactobacillus salivarius	animal
LABG_005450	Lacticaseibacillus	Lacticaseibacillus absianus	animal
LABG_005453	Limosilactobacillus	Limosilactobacillus mucosae	human
LABG_005466	Lactobacillus	Lactobacillus crispatus	human
LABG_005469	Limosilactobacillus	Limosilactobacillus alvi	animal
LABG_005470	Lactobacillus	Lactobacillus johnsonii_A	animal
LABG_005471	Ligilactobacillus	Ligilactobacillus salivarius	animal
LABG_005472	Lactobacillus	Lactobacillus crispatus	animal
LABG_005473	Limosilactobacillus	Limosilactobacillus reuteri_E	animal
LABG_005474	Ligilactobacillus	Ligilactobacillus saerimneri	animal
LABG_005475	Bombilactobacillus	Bombilactobacillus bombi_A	food
LABG_005477	Limosilactobacillus	Limosilactobacillus reuteri_E	animal
LABG_005480	Lactobacillus	Lactobacillus crispatus	food
LABG_005488	Leuconostoc	Leuconostoc lactis	food
LABG_005490	Lactobacillus	Lactobacillus sp910589675	food
LABG_005495	Levilactobacillus	Levilactobacillus suantsaii	other
LABG_005496	Latilactobacillus	Latilactobacillus sakei	other
LABG_005509	Limosilactobacillus	Limosilactobacillus agrestis	food
LABG_005510	Limosilactobacillus	Limosilactobacillus balticus	food
LABG_005511	Limosilactobacillus	Limosilactobacillus balticus	animal
LABG_005518	Lactobacillus	Lactobacillus kimbladii_B	animal
LABG_005519	Apilactobacillus	Apilactobacillus nanyangensis	animal
LABG_005520	Lactobacillus	Lactobacillus apis	animal
LABG_005521	Lactobacillus	Lactobacillus helsingborgensis	animal
LABG_005523	Lactobacillus	Lactobacillus melliventris	animal
LABG_005524	Lactobacillus	Lactobacillus kullabergensis	animal
LABG_005525	Ligilactobacillus	Ligilactobacillus salivarius	animal
LABG_005526	Limosilactobacillus	Limosilactobacillus caviae	human
LABG_005527	Weissella	Weissella diestrammenae	food
LABG_005529	Fructobacillus	Fructobacillus fructosus	other
LABG_005530	Lactobacillus	Lactobacillus sp014522305	food
LABG_005531	Lactobacillus	Lactobacillus sp014522325	food
LABG_005533	Leuconostoc	Leuconostoc pseudomesenteroides	other
LABG_005538	Leuconostoc	Leuconostoc falkenbergense	other
LABG_005543	Pediococcus	Pediococcus parvulus	other
LABG_005553	Limosilactobacillus	Limosilactobacillus agrestis	other
LABG_005554	Lactobacillus		food
LABG_005555	Lactobacillus	Lactobacillus agrestimuris	other
LABG_005556	Lactobacillus	Lactobacillus delbrueckii	human
LABG_005558	Limosilactobacillus	Limosilactobacillus walteri	food
LABG_005559	Limosilactobacillus	Limosilactobacillus agrestimuris	animal
LABG_005561	Limosilactobacillus	Limosilactobacillus urinaemulieris	human
LABG_005563	Lactobacillus	Lactobacillus sp945980025	animal
LABG_005564	Ligilactobacillus	Ligilactobacillus salivarius	animal
LABG_005565	Leuconostoc	Leuconostoc citreum	food
LABG_005570	Lactobacillus	Lactobacillus sp945980025	other
LABG_005574	Ligilactobacillus	Ligilactobacillus agilis	food
LABG_005576	Lacticaseibacillus	Lacticaseibacillus paracasei	food
LABG_005580	Pediococcus	Pediococcus acidilactici	food
LABG_005584	Lactobacillus	Lactobacillus crispatus	animal
LABG_005585	Ligilactobacillus	Ligilactobacillus salivarius	animal
LABG_005589	Limosilactobacillus	Limosilactobacillus fermentum	human
LABG_005591	Limosilactobacillus	Limosilactobacillus oris_A	animal
LABG_005598	Leuconostoc	Leuconostoc citreum	food
LABG_005600	Lacticaseibacillus	Lacticaseibacillus rhamnosus	food
LABG_005606	Lacticaseibacillus	Lacticaseibacillus casei	food
LABG_005622	Leuconostoc	Leuconostoc lactis	human
LABG_005623	Weissella	Weissella cibaria	human
LABG_005631	Leuconostoc	Leuconostoc lactis_A	human
LABG_005635	Pediococcus	Pediococcus acidilactici	human
LABG_005640	Lacticaseibacillus	Lacticaseibacillus rhamnosus	human
LABG_005647	Ligilactobacillus	Ligilactobacillus salivarius	human
LABG_005650	Lactobacillus	Lactobacillus sp910589675	human
LABG_005653	Companilactobacillus	Companilactobacillus futsaii	human
LABG_005663	Pediococcus	Pediococcus pentosaceus	food
LABG_005672	Pediococcus	Pediococcus pentosaceus	animal
LABG_005686	Weissella	Weissella paramesenteroides	food
LABG_005687	Lactiplantibacillus	Lactiplantibacillus plantarum	food
LABG_005712	Lactobacillus	Lactobacillus helsingborgensis	animal
LABG_005715	Lactobacillus	Lactobacillus juensis	animal
LABG_005720	Bombilactobacillus	Bombilactobacillus mellis	animal
LABG_005721	Lactobacillus	Lactobacillus apis	animal
LABG_005722	Apilactobacillus	Apilactobacillus waqarii	animal
LABG_005723	Lactobacillus	Lactobacillus huangpiensis	animal
LABG_005726	Lactobacillus	Lactobacillus apis_A	animal
LABG_005727	Lactobacillus	Lactobacillus melliventris	animal
LABG_005728	Lactobacillus	Lactobacillus apis	animal
LABG_005729	Bombilactobacillus	Bombilactobacillus mellifer	animal
LABG_005732	Leuconostoc	Leuconostoc pseudomesenteroides	other
LABG_005735	Pediococcus	Pediococcus acidilactici	other
LABG_005736	Pediococcus	Pediococcus acidilactici	other
LABG_005737	Pediococcus	Pediococcus pentosaceus	other
LABG_005738	Lactobacillus	Lactobacillus crispatus	animal
LABG_005739	Lactobacillus	Lactobacillus crispatus	animal
LABG_005740	Lactobacillus	Lactobacillus crispatus	animal
LABG_005741	Lactobacillus	Lactobacillus crispatus	animal
LABG_005742	Lactobacillus	Lactobacillus crispatus	animal
LABG_005743	Lactobacillus	Lactobacillus crispatus	animal
LABG_005745	Lactobacillus	Lactobacillus crispatus	animal
LABG_005755	Lactobacillus	Lactobacillus amylovorus	other
LABG_005756	Lactobacillus	Lactobacillus sp910589675	other
LABG_005763	Weissella	Weissella confusa	human
LABG_005771	Weissella	Weissella confusa	human
LABG_005782	Weissella	Weissella confusa	food
LABG_005783	Weissella	Weissella confusa	food
LABG_005788	Weissella	Weissella confusa	food
LABG_005799	Weissella	Weissella confusa	food
LABG_005805	Companilactobacillus	Companilactobacillus farciminis	other
LABG_005807	Companilactobacillus	Companilactobacillus futsaii	other
LABG_005809	Lactobacillus	Lactobacillus nasalidis	other
LABG_005812	Lactiplantibacillus	Lactiplantibacillus plantarum	other
LABG_005816	Leuconostoc	Leuconostoc pseudomesenteroides	food
LABG_005817	Lactobacillus	Lactobacillus ultunensis	human
LABG_005819	Lacticaseibacillus	Lacticaseibacillus rhamnosus	food
LABG_005821	Limosilactobacillus	Limosilactobacillus sp011958095	animal
LABG_005824	Ligilactobacillus	Ligilactobacillus agilis	animal
LABG_005825	Ligilactobacillus	Ligilactobacillus salivarius	animal
LABG_005826	Lactobacillus	Lactobacillus gallinarum	animal
LABG_005827	Lactobacillus	Lactobacillus kitasatonis	animal
LABG_005828	Ligilactobacillus	Ligilactobacillus salivarius	animal
LABG_005829	Companilactobacillus	Companilactobacillus zhachilii	food
LABG_005839	Lentilactobacillus	Lentilactobacillus fungorum	food
LABG_005843	Lacticaseibacillus	Lacticaseibacillus suibinensis	other
LABG_005844	Secundilactobacillus	Secundilactobacillus yichangensis	other
LABG_005845	Levilactobacillus	Levilactobacillus wangkuiensis	other
LABG_005847	Levilactobacillus	Levilactobacillus lanxiensis	other
LABG_005849	Levilactobacillus	Levilactobacillus andaensis	other
LABG_005851	Lacticaseibacillus	Lacticaseibacillus mingshuiensis	other
LABG_005853	Lacticaseibacillus	Lacticaseibacillus sp016861825	other
LABG_005856	Apilactobacillus	Apilactobacillus nanyangensis	other
LABG_005857	Apilactobacillus	Apilactobacillus nanyangensis	other
LABG_005858	Limosilactobacillus	Limosilactobacillus fermentum	other
LABG_005861	Lacticaseibacillus	Lacticaseibacillus rhamnosus	food
LABG_005865	Pediococcus	Pediococcus acidilactici	food
LABG_005870	Limosilactobacillus	Limosilactobacillus alvi	animal
LABG_005871	Ligilactobacillus	Ligilactobacillus agilis	animal
LABG_005872	Ligilactobacillus	Ligilactobacillus agilis	animal
LABG_005873	Ligilactobacillus	Ligilactobacillus salivarius	animal
LABG_005874	Limosilactobacillus	Limosilactobacillus ingluviei	animal
LABG_005875	Limosilactobacillus	Limosilactobacillus reuteri_E	animal
LABG_005876	Lactobacillus	Lactobacillus delbrueckii	food
LABG_005877	Lactobacillus	Lactobacillus crispatus	animal
LABG_005879	Limosilactobacillus	Limosilactobacillus intestinavium	animal
LABG_005880	Ligilactobacillus	Ligilactobacillus salivarius	animal
LABG_005881	Lactobacillus	Lactobacillus gallinarum	animal
LABG_005882	Ligilactobacillus	Ligilactobacillus aviarius_C	animal
LABG_005883	Lactobacillus	Lactobacillus gallinarum	animal
LABG_005884	Periweissella	Periweissella beninensis	other
LABG_005885	Leuconostoc	Leuconostoc rapi	other
LABG_005886	Weissella	Weissella uvarum	other
LABG_005887	Limosilactobacillus	Limosilactobacillus fermentum	animal
LABG_005889	Limosilactobacillus	Limosilactobacillus mucosae	other
LABG_005891	Leuconostoc	Leuconostoc falkenbergense	other
LABG_005910	Lactobacillus	Lactobacillus helveticus	food
LABG_005912	Lactobacillus	Lactobacillus acetotolerans	food
LABG_005913	Ligilactobacillus	Ligilactobacillus excrementavium	food
LABG_005934	Lactobacillus	Lactobacillus paragasseri	human
LABG_005939	Lactiplantibacillus	Lactiplantibacillus plantarum	food
LABG_005948	Schleiferilactobacillus	Schleiferilactobacillus harbinensis	food
LABG_005952	Lactobacillus	Lactobacillus crispatus	food
LABG_005956	Gallilactobacillus	Gallilactobacillus intestinavium	other
LABG_005958	Lactiplantibacillus	Lactiplantibacillus pentosus	food
LABG_005963	Lactobacillus	Lactobacillus colini	other
LABG_005964	Limosilactobacillus	Limosilactobacillus reuteri_E	animal
LABG_005965	Ligilactobacillus	Ligilactobacillus salivarius	animal
LABG_005966	Limosilactobacillus	Limosilactobacillus pontis	animal
LABG_005967	Lactobacillus	Lactobacillus gallinarum	animal
LABG_005968	Lactobacillus	Lactobacillus johnsonii	animal
LABG_005969	Lactobacillus	Lactobacillus crispatus	animal
LABG_005970	Lactobacillus	Lactobacillus taiwanensis	animal
LABG_005971	Lactiplantibacillus	Lactiplantibacillus plantarum	food
LABG_005975	Lactiplantibacillus	Lactiplantibacillus plantarum	other
LABG_005987	Lacticaseibacillus	Lacticaseibacillus rhamnosus	food
LABG_005990	Weissella	Weissella minor	animal
LABG_005991	Leuconostoc	Leuconostoc suionicum	animal
LABG_005992	Leuconostoc	Leuconostoc mesenteroides	animal
LABG_005996	Lactiplantibacillus	Lactiplantibacillus plantarum	animal
LABG_006004	Levilactobacillus	Levilactobacillus brevis	animal
LABG_006006	Lacticaseibacillus	Lacticaseibacillus paracasei	food
LABG_006008	Lactobacillus	Lactobacillus corticis	food
LABG_006024	Limosilactobacillus	Limosilactobacillus fermentum	other
LABG_006029	Ligilactobacillus	Ligilactobacillus ruminis	other
LABG_006031	Weissella	Weissella ceti	other
LABG_006038	Lactobacillus	Lactobacillus helveticus	other
LABG_006039	Fructobacillus	Fructobacillus papyriferae	other
LABG_006040	Fructobacillus	Fructobacillus papyrifericola	other
LABG_006041	Fructobacillus	Fructobacillus parabroussonetiae	other
LABG_006042	Fructobacillus	Fructobacillus broussonetiae	other
LABG_006043	Latilactobacillus	Latilactobacillus sakei	human
LABG_006044	Pediococcus	Pediococcus acidilactici	food
LABG_006049	Lactiplantibacillus	Lactiplantibacillus plantarum	food
LABG_006061	Levilactobacillus	Levilactobacillus brevis	other
LABG_006173	Lactobacillus	Lactobacillus delbrueckii	other
LABG_006254	Limosilactobacillus	Limosilactobacillus fermentum	food
LABG_006260	Limosilactobacillus	Limosilactobacillus fermentum	food
LABG_006262	Paralactobacillus_A	Paralactobacillus_A gallistercoris	other
LABG_006263	Limosilactobacillus	Limosilactobacillus merdavium	other
LABG_006264	Limosilactobacillus	Limosilactobacillus fermentum	animal
LABG_006265	Limosilactobacillus	Limosilactobacillus reuteri	animal
LABG_006272	Ligilactobacillus	Ligilactobacillus saerimneri	food
LABG_006273	Lactobacillus	Lactobacillus sp945980025	food
LABG_006283	Lactobacillus	Lactobacillus crispatus	human
LABG_006284	Lactiplantibacillus	Lactiplantibacillus pentosus	food
LABG_006294	Lactiplantibacillus	Lactiplantibacillus pentosus	food
LABG_006295	Leuconostoc	Leuconostoc citreum	food
LABG_006300	Levilactobacillus	Levilactobacillus brevis	food
LABG_006321	Leuconostoc	Leuconostoc lactis	food
LABG_006322	Weissella	Weissella cibaria	food
LABG_006323	Weissella	Weissella sagaensis	food
LABG_006332	Leuconostoc	Leuconostoc mesenteroides	food
LABG_006335	Apilactobacillus	Apilactobacillus waqarii	food
LABG_006336	Lentilactobacillus	Lentilactobacillus dabitei	food
LABG_006338	Lacticaseibacillus	Lacticaseibacillus casei	food
LABG_006339	Limosilactobacillus	Limosilactobacillus merdipullorum	other
LABG_006340	Levilactobacillus	Levilactobacillus faecigallinarum	other
LABG_006341	Ligilactobacillus	Ligilactobacillus pabuli	other
LABG_006345	Ligilactobacillus	Ligilactobacillus excrementavium	other
LABG_006347	Limosilactobacillus	Limosilactobacillus intestinavium	other
LABG_006372	Nicoliella	Nicoliella sp019303535	food
LABG_006373	Lactiplantibacillus	Lactiplantibacillus plantarum	food
LABG_006383	Loigolactobacillus	Loigolactobacillus coryniformis	food
LABG_006387	Lactobacillus	Lactobacillus iners	human
LABG_006388	Lactobacillus	Lactobacillus iners	human
LABG_006391	Lactobacillus	Lactobacillus iners	human
LABG_006392	Lactobacillus	Lactobacillus iners	human
LABG_006393	Lactobacillus	Lactobacillus iners	human
LABG_006395	Limosilactobacillus	Limosilactobacillus pulli	other
LABG_006396	Leuconostoc	Leuconostoc gasicomitatum	other
LABG_006400	Liquorilactobacillus	Liquorilactobacillus hordei	food
LABG_006401	Liquorilactobacillus	Liquorilactobacillus nagelii	food
LABG_006403	Lactobacillus	Lactobacillus helveticus	food
LABG_006405	Lactobacillus	Lactobacillus helveticus	food
LABG_006406	Lactobacillus	Lactobacillus helveticus	food
LABG_006410	Lactobacillus	Lactobacillus helveticus	food
LABG_006413	Lactobacillus	Lactobacillus helveticus	food
LABG_006418	Lactobacillus	Lactobacillus johnsonii	human
LABG_006419	Lactobacillus	Lactobacillus panisapium	animal
LABG_006420	Lactobacillus	Lactobacillus panisapium	animal
LABG_006421	Lactobacillus	Lactobacillus panisapium	animal
LABG_006422	Lactobacillus	Lactobacillus panisapium	animal
LABG_006426	Apilactobacillus	Apilactobacillus kunkeei	other
LABG_006428	Weissella	Weissella confusa	animal
LABG_006429	Lactobacillus	Lactobacillus delbrueckii	food
LABG_006431	Pediococcus	Pediococcus acidilactici	food
LABG_006437	Weissella	Weissella viridescens	food
LABG_006447	Leuconostoc	Leuconostoc miyukkimchii	other
LABG_006450	Apilactobacillus	Apilactobacillus zhangqiuensis	other
LABG_006451	Apilactobacillus	Apilactobacillus xinyiensis	other
LABG_006453	Levilactobacillus	Levilactobacillus brevis	food
LABG_006458	Limosilactobacillus	Limosilactobacillus panis_A	food
LABG_006459	Levilactobacillus	Levilactobacillus brevis	food
LABG_006484	Liquorilactobacillus	Liquorilactobacillus hordei	food
LABG_006486	Lactobacillus	Lactobacillus helsingborgensis	other
LABG_006488	Lactobacillus	Lactobacillus laiwuensis	other
LABG_006489	Lactobacillus	Lactobacillus huangpiensis	other
LABG_006494	Limosilactobacillus	Limosilactobacillus reuteri	human
LABG_006495	Lactobacillus	Lactobacillus johnsonii	animal
LABG_006496	Ligilactobacillus	Ligilactobacillus salivarius	animal
LABG_006497	Ligilactobacillus	Ligilactobacillus salivarius	animal
LABG_006498	Lactobacillus	Lactobacillus sp946579245	animal
LABG_006499	Ligilactobacillus	Ligilactobacillus salivarius	animal
LABG_006507	Leuconostoc	Leuconostoc gasicomitatum	food
LABG_006509	Leuconostoc	Leuconostoc gasicomitatum	food
LABG_006512	Leuconostoc	Leuconostoc gasicomitatum	food
LABG_006517	Leuconostoc	Leuconostoc gasicomitatum	food
LABG_006519	Leuconostoc	Leuconostoc gasicomitatum	food
LABG_006536	Leuconostoc	Leuconostoc gelidum	food
LABG_006537	Leuconostoc	Leuconostoc gelidum	food
LABG_006538	Leuconostoc	Leuconostoc gelidum	food
LABG_006539	Leuconostoc	Leuconostoc gelidum	food
LABG_006540	Leuconostoc	Leuconostoc gelidum	food
LABG_006543	Liquorilactobacillus	Liquorilactobacillus nagelii	food
LABG_006545	Lactobacillus	Lactobacillus amylovorus	food
LABG_006548	Lacticaseibacillus	Lacticaseibacillus kribbianus	animal
LABG_006550	Weissella	Weissella cibaria	food
LABG_006558	Lactiplantibacillus	Lactiplantibacillus plantarum	human
LABG_006560	Oenococcus	Oenococcus oeni	food
LABG_006561	Latilactobacillus	Latilactobacillus sakei	food
LABG_006566	Ligilactobacillus	Ligilactobacillus salivarius	human
LABG_006617	Weissella	Weissella viridescens	human
LABG_006620	Lentilactobacillus	Lentilactobacillus laojiaonis	food
LABG_006623	Leuconostoc	Leuconostoc lactis	human
LABG_006631	Lapidilactobacillus	Lapidilactobacillus dextrinicus	other
LABG_006633	Levilactobacillus	Levilactobacillus namurensis	food
LABG_006638	Limosilactobacillus	Limosilactobacillus oris_A	animal
LABG_006641	Companilactobacillus	Companilactobacillus farciminis	other
LABG_006643	Ligilactobacillus	Ligilactobacillus agilis	animal
LABG_006645	Limosilactobacillus	Limosilactobacillus ingluviei	other
LABG_006647	Weissella	Weissella sagaensis	food
LABG_006648	Limosilactobacillus	Limosilactobacillus reuteri_H	other
LABG_006651	Limosilactobacillus	Limosilactobacillus reuteri_I	other
LABG_006652	Limosilactobacillus	Limosilactobacillus rodentium	animal
LABG_006653	Limosilactobacillus		animal
LABG_006657	Limosilactobacillus	Limosilactobacillus reuteri_J	animal
LABG_006659	Limosilactobacillus	Limosilactobacillus reuteri_I	other
LABG_006661	Limosilactobacillus	Limosilactobacillus reuteri_I	animal
LABG_006663	Limosilactobacillus	Limosilactobacillus sp011958095	animal
LABG_006665	Limosilactobacillus	Limosilactobacillus rodentium	other
LABG_006666	Limosilactobacillus	Limosilactobacillus reuteri_I	other
LABG_006669	Limosilactobacillus	Limosilactobacillus reuteri_I	other
LABG_006672	Limosilactobacillus	Limosilactobacillus reuteri_F	other
LABG_006678	Limosilactobacillus	Limosilactobacillus reuteri_I	other
LABG_006679	Limosilactobacillus	Limosilactobacillus reuteri_H	other
LABG_006683	Limosilactobacillus	Limosilactobacillus reuteri_I	other
LABG_006685	Limosilactobacillus	Limosilactobacillus reuteri_J	other
LABG_006691	Limosilactobacillus	Limosilactobacillus reuteri_I	other
LABG_006693	Limosilactobacillus	Limosilactobacillus reuteri_I	other
LABG_006694	Limosilactobacillus	Limosilactobacillus reuteri_I	other
LABG_006696	Limosilactobacillus	Limosilactobacillus reuteri_H	other
LABG_006701	Limosilactobacillus	Limosilactobacillus reuteri_I	human
LABG_006703	Limosilactobacillus	Limosilactobacillus reuteri_E	human
LABG_006719	Limosilactobacillus	Limosilactobacillus reuteri	human
LABG_006723	Limosilactobacillus	Limosilactobacillus reuteri_E	animal
LABG_006724	Limosilactobacillus	Limosilactobacillus reuteri_E	animal
LABG_006725	Limosilactobacillus	Limosilactobacillus reuteri	other
LABG_006727	Limosilactobacillus	Limosilactobacillus reuteri_E	other
LABG_006729	Limosilactobacillus	Limosilactobacillus reuteri_E	other
LABG_006735	Limosilactobacillus	Limosilactobacillus sp011958095	other
LABG_006736	Limosilactobacillus	Limosilactobacillus sp011958095	other
LABG_006737	Limosilactobacillus	Limosilactobacillus reuteri_E	other
LABG_006741	Limosilactobacillus	Limosilactobacillus reuteri_E	other
LABG_006742	Ligilactobacillus	Ligilactobacillus aviarius	other
LABG_006746	Limosilactobacillus	Limosilactobacillus mucosae	food
LABG_006749	Weissella	Weissella cibaria	food
LABG_006754	Leuconostoc	Leuconostoc pseudomesenteroides	food
LABG_006761	Lactobacillus	Lactobacillus crispatus	human
LABG_006762	Lactobacillus	Lactobacillus gallinarum	other
LABG_006764	Limosilactobacillus	Limosilactobacillus reuteri_E	food
LABG_006768	Lacticaseibacillus	Lacticaseibacillus paracasei	human
LABG_006772	Agrilactobacillus	Agrilactobacillus fermenti	food
LABG_006773	Lactobacillus	Lactobacillus delbrueckii	animal
LABG_006794	Lactobacillus	Lactobacillus delbrueckii	food
LABG_006798	Lactobacillus	Lactobacillus delbrueckii	food
LABG_006799	Lactobacillus	Lactobacillus delbrueckii	other
LABG_006800	Lactobacillus	Lactobacillus delbrueckii	other
LABG_006807	Lactobacillus	Lactobacillus delbrueckii	other
LABG_006818	Lactobacillus	Lactobacillus delbrueckii	other
LABG_006821	Lactobacillus	Lactobacillus delbrueckii	other
LABG_006829	Lactobacillus	Lactobacillus delbrueckii	other
LABG_006832	Lactobacillus	Lactobacillus delbrueckii	other
LABG_006873	Limosilactobacillus	Limosilactobacillus rudii	animal
LABG_006875	Limosilactobacillus	Limosilactobacillus albertensis	other
LABG_006876	Limosilactobacillus	Limosilactobacillus albertensis	other
LABG_006878	Limosilactobacillus	Limosilactobacillus agrestis	other
LABG_006880	Limosilactobacillus	Limosilactobacillus balticus	animal
LABG_006882	Limosilactobacillus	Limosilactobacillus agrestis	other
LABG_006883	Limosilactobacillus	Limosilactobacillus balticus	animal
LABG_006885	Limosilactobacillus	Limosilactobacillus fastidiosus	other
LABG_006895	Lactobacillus	Lactobacillus delbrueckii	food
LABG_006897	Ligilactobacillus	Ligilactobacillus salivarius	animal
LABG_006899	Lactobacillus	Lactobacillus crispatus	human
LABG_006906	Levilactobacillus	Levilactobacillus brevis_B	food
LABG_006920	Lactobacillus	Lactobacillus amylovorus	animal
LABG_006922	Latilactobacillus	Latilactobacillus sakei	animal
LABG_006924	Ligilactobacillus	Ligilactobacillus salivarius	human
LABG_006926	Limosilactobacillus	Limosilactobacillus mucosae	other
LABG_006933	Lactobacillus	Lactobacillus mulieris	human
LABG_006938	Ligilactobacillus	Ligilactobacillus ruminis	animal
LABG_006939	Ligilactobacillus	Ligilactobacillus salivarius	animal
LABG_006946	Limosilactobacillus	Limosilactobacillus fermentum	food
LABG_006951	Lactobacillus	Lactobacillus delbrueckii	other
LABG_006952	Lactobacillus	Lactobacillus delbrueckii	other
LABG_006953	Lactobacillus	Lactobacillus delbrueckii	other
LABG_006956	Lactobacillus	Lactobacillus delbrueckii	other
LABG_006957	Lactobacillus	Lactobacillus delbrueckii	other
LABG_006959	Lactobacillus	Lactobacillus delbrueckii	other
LABG_006960	Lactobacillus	Lactobacillus delbrueckii	other
LABG_006962	Lactobacillus	Lactobacillus delbrueckii	other
LABG_006963	Lactobacillus	Lactobacillus delbrueckii	other
LABG_006965	Lactobacillus	Lactobacillus delbrueckii	other
LABG_006968	Lactobacillus	Lactobacillus delbrueckii	other
LABG_006975	Weissella	Weissella soli	other
LABG_006982	Fructilactobacillus	Fructilactobacillus sp021698855	food
LABG_006983	Levilactobacillus	Levilactobacillus brevis	food
LABG_007009	Lactiplantibacillus	Lactiplantibacillus plantarum	other
LABG_007076	Lactiplantibacillus	Lactiplantibacillus plantarum	food
LABG_007114	Lacticaseibacillus	Lacticaseibacillus paracasei	food
LABG_007220	Lactobacillus	Lactobacillus iners	human
LABG_007224	Lactobacillus	Lactobacillus iners	human
LABG_007225	Lactobacillus	Lactobacillus iners	human
LABG_007241	Lactobacillus	Lactobacillus iners	human
LABG_007274	Limosilactobacillus	Limosilactobacillus sp022482365	food
LABG_007276	Limosilactobacillus	Limosilactobacillus oris_A	food
LABG_007282	Lactobacillus	Lactobacillus amylovorus	other
LABG_007283	Lactobacillus	Lactobacillus sp022483245	other
LABG_007284	Lactobacillus	Lactobacillus crispatus	other
LABG_007285	Furfurilactobacillus	Furfurilactobacillus milii	food
LABG_007288	Lacticaseibacillus	Lacticaseibacillus paracasei	other
LABG_007289	Companilactobacillus	Companilactobacillus sp022484265	food
LABG_007307	Lactobacillus	Lactobacillus amylovorus	other
LABG_007309	Agrilactobacillus	Agrilactobacillus sp022484695	other
LABG_007310	Lactobacillus	Lactobacillus delbrueckii	other
LABG_007319	Limosilactobacillus	Limosilactobacillus reuteri_I	food
LABG_007327	Secundilactobacillus	Secundilactobacillus angelensis	food
LABG_007346	Lactobacillus	Lactobacillus delbrueckii	other
LABG_007347	Lacticaseibacillus	Lacticaseibacillus songhuajiangensis	other
LABG_007350	Pediococcus	Pediococcus acidilactici	other
LABG_007351	Limosilactobacillus	Limosilactobacillus timonensis	food
LABG_007352	Ligilactobacillus	Ligilactobacillus agilis	animal
LABG_007357	Lactobacillus	Lactobacillus amylovorus	animal
LABG_007360	Limosilactobacillus	Limosilactobacillus reuteri	animal
LABG_007364	Lactobacillus	Lactobacillus delbrueckii	animal
LABG_007374	Limosilactobacillus	Limosilactobacillus mucosae	animal
LABG_007398	Limosilactobacillus	Limosilactobacillus mucosae	other
LABG_007404	Levilactobacillus	Levilactobacillus suantsaiihabitans	food
LABG_007421	Lactobacillus	Lactobacillus delbrueckii	other
LABG_007435	Schleiferilactobacillus	Schleiferilactobacillus perolens	other
LABG_007439	Liquorilactobacillus	Liquorilactobacillus nagelii	food
LABG_007447	Ligilactobacillus	Ligilactobacillus acidipiscis	other
LABG_007449	Lactobacillus	Lactobacillus delbrueckii	other
LABG_007452	Limosilactobacillus	Limosilactobacillus sp022651205	food
LABG_007453	Lacticaseibacillus	Lacticaseibacillus sp022651245	other
LABG_007458	Lentilactobacillus	Lentilactobacillus hilgardii	other
LABG_007466	Schleiferilactobacillus	Schleiferilactobacillus perolens	food
LABG_007469	Pediococcus	Pediococcus pentosaceus	food
LABG_007472	Weissella	Weissella cibaria	other
LABG_007474	Ligilactobacillus	Ligilactobacillus ruminis	other
LABG_007480	Ligilactobacillus	Ligilactobacillus ruminis	other
LABG_007481	Limosilactobacillus	Limosilactobacillus mucosae	other
LABG_007484	Ligilactobacillus	Ligilactobacillus ruminis	other
LABG_007485	Limosilactobacillus	Limosilactobacillus mucosae	human
LABG_007486	Limosilactobacillus	Limosilactobacillus mucosae	other
LABG_007487	Ligilactobacillus	Ligilactobacillus ruminis	other
LABG_007489	Ligilactobacillus	Ligilactobacillus ruminis	other
LABG_007490	Ligilactobacillus	Ligilactobacillus ruminis	other
LABG_007491	Limosilactobacillus	Limosilactobacillus mucosae	human
LABG_007494	Lactobacillus	Lactobacillus iners	human
LABG_007505	Lactobacillus	Lactobacillus iners	human
LABG_007513	Lactobacillus	Lactobacillus iners	human
LABG_007530	Lactobacillus	Lactobacillus iners	human
LABG_007531	Lactobacillus	Lactobacillus iners	human
LABG_007539	Lactobacillus	Lactobacillus iners	human
LABG_007542	Lactobacillus	Lactobacillus iners	human
LABG_007546	Lactobacillus	Lactobacillus iners	human
LABG_007551	Lactobacillus	Lactobacillus iners	human
LABG_007555	Lactobacillus	Lactobacillus iners	human
LABG_007556	Lactobacillus	Lactobacillus iners	human
LABG_007559	Lactobacillus	Lactobacillus iners	human
LABG_007561	Lactobacillus	Lactobacillus iners	human
LABG_007576	Lactobacillus	Lactobacillus iners	human
LABG_007577	Lactobacillus	Lactobacillus iners	human
LABG_007588	Lactobacillus	Lactobacillus iners	human
LABG_007600	Lactobacillus	Lactobacillus iners	human
LABG_007601	Lactobacillus	Lactobacillus mulieris	human
LABG_007604	Lactobacillus	Lactobacillus iners	human
LABG_007610	Lactobacillus	Lactobacillus iners	human
LABG_007615	Ligilactobacillus	Ligilactobacillus agilis	animal
LABG_007617	Ligilactobacillus	Ligilactobacillus animalis	animal
LABG_007618	Limosilactobacillus	Limosilactobacillus mucosae	animal
LABG_007621	Lactobacillus	Lactobacillus sp910589675	other
LABG_007622	Limosilactobacillus	Limosilactobacillus vaginalis	animal
LABG_007623	Lactobacillus	Lactobacillus sp945980025	other
LABG_007625	Lactobacillus	Lactobacillus sp910589675	other
LABG_007629	Lactobacillus	Lactobacillus sp945980025	other
LABG_007630	Limosilactobacillus	Limosilactobacillus reuteri_I	other
LABG_007632	Lactobacillus	Lactobacillus sp945980025	other
LABG_007637	Lactobacillus	Lactobacillus sp910589675	animal
LABG_007646	Lactobacillus	Lactobacillus kefiranofaciens	food
LABG_007652	BQUT01	BQUT01 sp022835675	other
LABG_007653	Ligilactobacillus	Ligilactobacillus pabuli	food
LABG_007676	Lactobacillus	Lactobacillus delbrueckii	food
LABG_007678	Apilactobacillus	Apilactobacillus waqarii	food
LABG_007679	Apilactobacillus	Apilactobacillus kunkeei	food
LABG_007683	Apilactobacillus	Apilactobacillus kunkeei	food
LABG_007684	Apilactobacillus	Apilactobacillus nanyangensis	food
LABG_007685	Apilactobacillus	Apilactobacillus kunkeei	food
LABG_007686	Apilactobacillus	Apilactobacillus ozensis	other
LABG_007687	Apilactobacillus	Apilactobacillus xinyiensis	other
LABG_007688	Leuconostoc	Leuconostoc citreum	other
LABG_007689	Fructobacillus	Fructobacillus parabroussonetiae	other
LABG_007690	Fructobacillus	Fructobacillus cardui	other
LABG_007691	Pediococcus	Pediococcus acidilactici	animal
LABG_007694	Apilactobacillus	Apilactobacillus xinyiensis	food
LABG_007698	Pediococcus	Pediococcus pentosaceus	food
LABG_007705	Pediococcus	Pediococcus pentosaceus	food
LABG_007710	Nicoliella	Nicoliella spurrieriana	other
LABG_007711	Apilactobacillus	Apilactobacillus apisilvae	other
LABG_007712	Bombilactobacillus	Bombilactobacillus thymidiniphilus	other
LABG_007713	Bombilactobacillus	Bombilactobacillus folatiphilus	other
LABG_007716	Loigolactobacillus	Loigolactobacillus coryniformis	food
LABG_007717	Lactobacillus	Lactobacillus johnsonii	food
LABG_007719	Pediococcus	Pediococcus pentosaceus	food
LABG_007722	Lactobacillus	Lactobacillus amylovorus	animal
LABG_007725	Ligilactobacillus	Ligilactobacillus agilis	animal
LABG_007726	Ligilactobacillus	Ligilactobacillus salivarius	food
LABG_007736	Latilactobacillus	Latilactobacillus sakei	food
LABG_007747	Lactiplantibacillus	Lactiplantibacillus plantarum	food
LABG_007759	Latilactobacillus	Latilactobacillus sakei	food
LABG_007762	Latilactobacillus	Latilactobacillus sakei	food
LABG_007763	Latilactobacillus	Latilactobacillus sakei	food
LABG_007773	Weissella	Weissella paramesenteroides	food
LABG_007785	Leuconostoc	Leuconostoc mesenteroides	animal
LABG_007786	Leuconostoc	Leuconostoc mesenteroides	food
LABG_007789	Levilactobacillus	Levilactobacillus brevis	food
LABG_007790	Pediococcus	Pediococcus pentosaceus	food
LABG_007796	Pediococcus	Pediococcus pentosaceus	food
LABG_007798	Latilactobacillus	Latilactobacillus curvatus	food
LABG_007802	Lactiplantibacillus	Lactiplantibacillus pentosus	food
LABG_007804	Lactiplantibacillus	Lactiplantibacillus pentosus	other
LABG_007805	Fructobacillus	Fructobacillus apis	animal
LABG_007810	Oenococcus	Oenococcus oeni	food
LABG_007811	Leuconostoc	Leuconostoc gelidum	food
LABG_007817	Fructilactobacillus	Fructilactobacillus myrtifloralis	other
LABG_007818	Fructilactobacillus	Fructilactobacillus cliffordii	animal
LABG_007819	Fructilactobacillus	Fructilactobacillus hinvesii	other
LABG_007820	Fructilactobacillus	Fructilactobacillus cliffordii	other
LABG_007821	Fructilactobacillus	Fructilactobacillus carniphilus	other
LABG_007822	Fructobacillus	Fructobacillus americanaquae	other
LABG_007823	Fructilactobacillus	Fructilactobacillus ixorae	food
LABG_007828	Leuconostoc_B	Leuconostoc_B fallax	animal
LABG_007829	Lactobacillus	Lactobacillus apis	animal
LABG_007831	Lactobacillus	Lactobacillus panisapium	animal
LABG_007832	Bombilactobacillus	Bombilactobacillus bombi	animal
LABG_007833	Lactobacillus	Lactobacillus panisapium	animal
LABG_007835	Lactobacillus	Lactobacillus panisapium	animal
LABG_007836	Lacticaseibacillus	Lacticaseibacillus paracasei	human
LABG_007837	Ligilactobacillus	Ligilactobacillus salivarius	human
LABG_007843	Leuconostoc	Leuconostoc citreum	food
LABG_007844	Lacticaseibacillus	Lacticaseibacillus paracasei	human
LABG_007846	Ligilactobacillus	Ligilactobacillus ubinensis	food
LABG_007850	Latilactobacillus	Latilactobacillus curvatus	food
LABG_007852	Latilactobacillus	Latilactobacillus curvatus	other
LABG_007862	Latilactobacillus	Latilactobacillus sakei	food
LABG_007863	Latilactobacillus	Latilactobacillus curvatus	food
LABG_007875	Latilactobacillus	Latilactobacillus sakei	food
LABG_007877	Latilactobacillus	Latilactobacillus sakei	food
LABG_007878	Latilactobacillus	Latilactobacillus fuchuensis	food
LABG_007882	Lacticaseibacillus	Lacticaseibacillus paracasei	other
LABG_007890	Lentilactobacillus	Lentilactobacillus hilgardii	other
LABG_007898	Levilactobacillus	Levilactobacillus brevis	food
LABG_007899	Levilactobacillus	Levilactobacillus humaensis	food
LABG_007900	Lapidilactobacillus	Lapidilactobacillus luobeiensis	food
LABG_007917	Ligilactobacillus	Ligilactobacillus salivarius	food
LABG_007918	Lactobacillus	Lactobacillus intestinalis	animal
LABG_007920	Limosilactobacillus	Limosilactobacillus equigenerosi	other
LABG_007922	Ligilactobacillus	Ligilactobacillus salivarius	animal
LABG_007929	Leuconostoc	Leuconostoc mesenteroides	food
LABG_007943	Limosilactobacillus	Limosilactobacillus rodentium	animal
LABG_007944	Limosilactobacillus	Limosilactobacillus rodentium	animal
LABG_007946	Ligilactobacillus	Ligilactobacillus murinus	animal
LABG_007947	Ligilactobacillus	Ligilactobacillus murinus	animal
LABG_007950	Lactobacillus	Lactobacillus taiwanensis	animal
LABG_007958	Limosilactobacillus	Limosilactobacillus sp011958095	human
LABG_007963	Ligilactobacillus	Ligilactobacillus salivarius	human
LABG_007967	Limosilactobacillus	Limosilactobacillus urinaemulieris	other
LABG_007969	Ligilactobacillus	Ligilactobacillus ruminis	other
LABG_007974	Weissella	Weissella fangxianensis	food
LABG_007975	Weissella	Weissella cibaria	human
LABG_007987	Pediococcus	Pediococcus acidilactici_A	animal
LABG_007991	Lactobacillus	Lactobacillus paragasseri	human
LABG_007993	Lactobacillus	Lactobacillus paragasseri	human
LABG_007995	Lactiplantibacillus	Lactiplantibacillus plantarum	food
LABG_008010	Leuconostoc	Leuconostoc citreum	food
LABG_008017	Lactiplantibacillus	Lactiplantibacillus pentosus	food
LABG_008030	Weissella	Weissella paramesenteroides	animal
LABG_008040	Weissella	Weissella confusa	food
LABG_008041	Weissella	Weissella cibaria	animal
LABG_008048	Lactiplantibacillus	Lactiplantibacillus pentosus	food
LABG_008050	Lactobacillus	Lactobacillus helveticus	food
LABG_008057	Weissella	Weissella cibaria	food
LABG_008059	Weissella	Weissella confusa	animal
LABG_008061	Pediococcus	Pediococcus pentosaceus	food
LABG_008062	Pediococcus	Pediococcus pentosaceus	food
LABG_008068	Ligilactobacillus	Ligilactobacillus ruminis	human
LABG_008070	Limosilactobacillus	Limosilactobacillus fermentum	food
LABG_008071	Limosilactobacillus	Limosilactobacillus fermentum	food
LABG_008072	Fructilactobacillus	Fructilactobacillus fructivorans	food
LABG_008076	Limosilactobacillus	Limosilactobacillus fermentum	food
LABG_008080	Lacticaseibacillus	Lacticaseibacillus paracasei	food
LABG_008085	Schleiferilactobacillus	Schleiferilactobacillus harbinensis	food
LABG_008087	Pediococcus	Pediococcus pentosaceus	food
LABG_008095	Pediococcus	Pediococcus parvulus	food
LABG_008100	Leuconostoc	Leuconostoc mesenteroides	food
LABG_008141	Limosilactobacillus	Limosilactobacillus reuteri	other
LABG_008142	Limosilactobacillus	Limosilactobacillus rodentium	food
LABG_008149	Limosilactobacillus	Limosilactobacillus rodentium	food
LABG_008173	Lactiplantibacillus	Lactiplantibacillus pentosus	food
LABG_008204	Lactobacillus	Lactobacillus sp910589675	food
LABG_008207	Lactobacillus	Lactobacillus sp910589675	other
LABG_008215	Lentilactobacillus	Lentilactobacillus hilgardii	food
LABG_008239	Limosilactobacillus	Limosilactobacillus fermentum	food
LABG_008243	Limosilactobacillus	Limosilactobacillus fermentum	food
LABG_008245	Limosilactobacillus	Limosilactobacillus fermentum	food
LABG_008268	Lactobacillus	Lactobacillus delbrueckii	food
LABG_008287	Latilactobacillus	Latilactobacillus curvatus	food
LABG_008303	Levilactobacillus	Levilactobacillus brevis	food
LABG_008311	Levilactobacillus	Levilactobacillus brevis	food
LABG_008316	Lactobacillus	Lactobacillus amylovorus	other
LABG_008317	Lactobacillus	Lactobacillus amylovorus	food
LABG_008318	Lactobacillus	Lactobacillus amylovorus	food
LABG_008320	Lactobacillus	Lactobacillus acidophilus	food
LABG_008337	Leuconostoc	Leuconostoc pseudomesenteroides	food
LABG_008338	Leuconostoc	Leuconostoc suionicum	food
LABG_008343	Leuconostoc	Leuconostoc suionicum	food
LABG_008344	Lacticaseibacillus	Lacticaseibacillus paracasei	food
LABG_008348	Leuconostoc	Leuconostoc pseudomesenteroides	food
LABG_008350	Leuconostoc	Leuconostoc pseudomesenteroides	food
LABG_008361	Levilactobacillus	Levilactobacillus parabrevis	food
LABG_008369	Lactobacillus	Lactobacillus helsingborgensis	other
LABG_008371	Lactobacillus	Lactobacillus panisapium	other
LABG_008372	Bombilactobacillus	Bombilactobacillus mellifer	animal
LABG_008373	Bombilactobacillus	Bombilactobacillus mellis_A	other
LABG_008374	Bombilactobacillus	Bombilactobacillus mellis_A	other
LABG_008377	Ligilactobacillus	Ligilactobacillus agilis	animal
LABG_008379	Limosilactobacillus	Limosilactobacillus oris_A	animal
LABG_008380	Limosilactobacillus	Limosilactobacillus vaginalis	animal
LABG_008381	Lactobacillus	Lactobacillus iners	human
LABG_008382	Lactobacillus	Lactobacillus iners	human
LABG_008383	Lactobacillus	Lactobacillus iners	human
LABG_008384	Lactobacillus	Lactobacillus iners	human
LABG_008386	Lactobacillus	Lactobacillus iners	human
LABG_008387	Lactobacillus	Lactobacillus iners	human
LABG_008388	Lactobacillus	Lactobacillus iners	human
LABG_008390	Lactobacillus	Lactobacillus iners	human
LABG_008392	Lactobacillus	Lactobacillus iners	human
LABG_008393	Lactobacillus	Lactobacillus iners	human
LABG_008396	Lactobacillus	Lactobacillus iners	human
LABG_008399	Lactobacillus	Lactobacillus iners	human
LABG_008402	Lactobacillus	Lactobacillus iners	human
LABG_008403	Lactobacillus	Lactobacillus iners	human
LABG_008406	Lactobacillus	Lactobacillus iners	human
LABG_008407	Lactobacillus	Lactobacillus iners	human
LABG_008409	Lactobacillus	Lactobacillus crispatus	human
LABG_008410	Lactobacillus	Lactobacillus iners	human
LABG_008411	Lactobacillus	Lactobacillus iners	human
LABG_008412	Lactobacillus	Lactobacillus iners	human
LABG_008413	Lactobacillus	Lactobacillus iners	human
LABG_008415	Lactobacillus	Lactobacillus iners	human
LABG_008417	Lactobacillus	Lactobacillus iners	human
LABG_008431	Lactobacillus	Lactobacillus iners	human
LABG_008432	Lactobacillus	Lactobacillus iners	human
LABG_008434	Lactobacillus	Lactobacillus iners	human
LABG_008437	Lactobacillus	Lactobacillus iners	human
LABG_008440	Lactobacillus	Lactobacillus iners	human
LABG_008443	Lactobacillus	Lactobacillus iners	human
LABG_008444	Lactobacillus	Lactobacillus iners	human
LABG_008450	Lactobacillus	Lactobacillus iners	human
LABG_008451	Lactobacillus	Lactobacillus iners	human
LABG_008452	Lactobacillus	Lactobacillus iners	human
LABG_008454	Lactobacillus	Lactobacillus iners	human
LABG_008455	Limosilactobacillus	Limosilactobacillus reuteri	animal
LABG_008459	Leuconostoc	Leuconostoc mesenteroides	food
LABG_008461	Leuconostoc	Leuconostoc lactis	food
LABG_008462	Leuconostoc	Leuconostoc holzapfelii	food
LABG_008463	Weissella	Weissella soli	food
LABG_008466	Weissella	Weissella confusa	food
LABG_008467	Weissella	Weissella cibaria	food
LABG_008468	Ligilactobacillus	Ligilactobacillus salivarius	other
LABG_008472	Lactobacillus	Lactobacillus amylovorus	animal
LABG_008475	Lacticaseibacillus	Lacticaseibacillus parakribbianus	animal
LABG_008476	Lactobacillus	Lactobacillus paragasseri	food
LABG_008479	Lactiplantibacillus	Lactiplantibacillus paraplantarum	food
LABG_008480	Limosilactobacillus	Limosilactobacillus reuteri_E	food
LABG_008481	Lacticaseibacillus	Lacticaseibacillus paracasei	human
LABG_008488	Limosilactobacillus	Limosilactobacillus vaginalis	human
LABG_008492	Oenococcus	Oenococcus kitaharae_A	food
LABG_008502	Lentilactobacillus	Lentilactobacillus hilgardii	food
LABG_008503	Limosilactobacillus	Limosilactobacillus fermentum	food
LABG_008504	Lacticaseibacillus	Lacticaseibacillus chiayiensis	food
LABG_008512	Weissella	Weissella fermenti	food
LABG_008516	Lactobacillus	Lactobacillus delbrueckii	other
LABG_008533	Limosilactobacillus	Limosilactobacillus oris	human
LABG_008567	Lactiplantibacillus	Lactiplantibacillus plantarum	food
LABG_008582	Lactobacillus	Lactobacillus amylovorus	animal
LABG_008584	Lactobacillus	Lactobacillus melliventris	animal
LABG_008587	Pediococcus	Pediococcus acidilactici	human
LABG_008590	Bombilactobacillus	Bombilactobacillus mellis_A	animal
LABG_008591	Apilactobacillus	Apilactobacillus waqarii	animal
LABG_008592	Lactobacillus	Lactobacillus juensis	animal
LABG_008595	Lacticaseibacillus	Lacticaseibacillus nasuensis	food
LABG_008596	Leuconostoc	Leuconostoc mesenteroides	other
LABG_008600	Limosilactobacillus	Limosilactobacillus kribbianus	animal
LABG_008604	Lactobacillus	Lactobacillus helsingborgensis	animal
LABG_008605	Lactobacillus	Lactobacillus helsingborgensis	animal
LABG_008609	Lactobacillus	Lactobacillus panisapium	animal
LABG_008610	Lactobacillus	Lactobacillus panisapium	animal
LABG_008611	Lactobacillus	Lactobacillus panisapium	animal
LABG_008613	Lactobacillus	Lactobacillus panisapium	animal
LABG_008619	Levilactobacillus	Levilactobacillus brevis	food
LABG_008622	Lactobacillus	Lactobacillus delbrueckii	other
LABG_008624	Lentilactobacillus	Lentilactobacillus senioris_A	food
LABG_008629	Leuconostoc	Leuconostoc pseudomesenteroides	food
LABG_008630	Ligilactobacillus	Ligilactobacillus salivarius	animal
LABG_008631	Ligilactobacillus	Ligilactobacillus saerimneri	animal
LABG_008637	Lentilactobacillus	Lentilactobacillus sp026913205	food
LABG_008645	Dellaglioa	Dellaglioa algida	food
LABG_008646	Dellaglioa	Dellaglioa algida	food
LABG_008672	Levilactobacillus	Levilactobacillus brevis	human
LABG_008737	Lactobacillus	Lactobacillus mulieris	human
LABG_008755	Limosilactobacillus	Limosilactobacillus vaginalis	human
LABG_008823	Limosilactobacillus	Limosilactobacillus vaginalis	human
LABG_008964	Weissella	Weissella koreensis	food
LABG_009005	Limosilactobacillus	Limosilactobacillus mucosae	human
LABG_009008	Limosilactobacillus	Limosilactobacillus mucosae	human
LABG_009012	Ligilactobacillus	Ligilactobacillus ruminis	human
LABG_009015	Lapidilactobacillus	Lapidilactobacillus dextrinicus	human
LABG_009017	Lactobacillus	Lactobacillus panisapium	human
LABG_009018	Lactobacillus	Lactobacillus johnsonii	human
LABG_009019	Pediococcus	Pediococcus acidilactici	human
LABG_009023	Ligilactobacillus	Ligilactobacillus ruminis	human
LABG_009026	Lactobacillus	Lactobacillus delbrueckii	human
LABG_009028	Ligilactobacillus	Ligilactobacillus salivarius	human
LABG_009029	Ligilactobacillus	Ligilactobacillus ruminis	human
LABG_009034	Ligilactobacillus	Ligilactobacillus ruminis	human
LABG_009035	Weissella	Weissella cibaria	human
LABG_009044	Weissella	Weissella confusa	human
LABG_009045	Lactobacillus	Lactobacillus delbrueckii	human
LABG_009058	Weissella	Weissella fermenti	human
LABG_009064	Lactobacillus	Lactobacillus sp027681045	other
LABG_009071	Lactobacillus	Lactobacillus delbrueckii_B	human
LABG_009074	Lactobacillus	Lactobacillus gasseri	human
LABG_009078	Lactobacillus	Lactobacillus sp910589675	human
LABG_009092	Pediococcus	Pediococcus pentosaceus	other
LABG_009093	Ligilactobacillus	Ligilactobacillus ruminis	human
LABG_009095	Ligilactobacillus	Ligilactobacillus ruminis	human
LABG_009098	Limosilactobacillus	Limosilactobacillus mucosae	human
LABG_009099	Lactobacillus	Lactobacillus amylovorus	human
LABG_009102	Ligilactobacillus	Ligilactobacillus ruminis	human
LABG_009117	Limosilactobacillus	Limosilactobacillus mucosae	human
LABG_009122	Limosilactobacillus	Limosilactobacillus mucosae	human
LABG_009124	Limosilactobacillus	Limosilactobacillus mucosae	human
LABG_009125	Lactobacillus	Lactobacillus crispatus	human
LABG_009129	Ligilactobacillus	Ligilactobacillus acidipiscis	human
LABG_009130	Lactobacillus	Lactobacillus amylovorus	human
LABG_009131	Limosilactobacillus	Limosilactobacillus mucosae	human
LABG_009139	Ligilactobacillus	Ligilactobacillus ruminis	human
LABG_009147	Weissella	Weissella confusa	human
LABG_009148	Ligilactobacillus	Ligilactobacillus agilis	human
LABG_009161	Lactobacillus	Lactobacillus delbrueckii	food
LABG_009170	Lacticaseibacillus	Lacticaseibacillus paracasei	food
LABG_009172	Philodulcilactobacillus	Philodulcilactobacillus myokonensis	other
LABG_009177	Weissella	Weissella confusa	food
LABG_009185	Latilactobacillus	Latilactobacillus sakei	food
LABG_009190	Lactobacillus	Lactobacillus amylovorus	animal
LABG_009193	Lactobacillus	Lactobacillus amylovorus	animal
LABG_009194	Lactobacillus	Lactobacillus amylovorus	animal
LABG_009202	Lactobacillus	Lactobacillus amylovorus	animal
LABG_009206	Lactobacillus	Lactobacillus amylovorus	animal
LABG_009212	Lactobacillus	Lactobacillus amylovorus	animal
LABG_009213	Lactobacillus	Lactobacillus amylovorus	animal
LABG_009230	Ligilactobacillus	Ligilactobacillus ruminis	human
LABG_009261	Companilactobacillus	Companilactobacillus farciminis	animal
LABG_009262	Limosilactobacillus	Limosilactobacillus reuteri_E	animal
LABG_009263	Limosilactobacillus	Limosilactobacillus pulli	food
LABG_009266	Limosilactobacillus	Limosilactobacillus pulli	food
LABG_009267	Leuconostoc	Leuconostoc suionicum	food
LABG_009268	Limosilactobacillus	Limosilactobacillus mucosae	food
LABG_009270	Limosilactobacillus	Limosilactobacillus pulli	food
LABG_009273	Leuconostoc	Leuconostoc suionicum	food
LABG_009274	Limosilactobacillus	Limosilactobacillus mucosae	food
LABG_009275	Limosilactobacillus	Limosilactobacillus pulli	food
LABG_009279	Loigolactobacillus	Loigolactobacillus coryniformis	food
LABG_009284	Limosilactobacillus	Limosilactobacillus reuteri	food
LABG_009291	Lactiplantibacillus	Lactiplantibacillus pentosus	food
LABG_009293	Liquorilactobacillus	Liquorilactobacillus mali	food
LABG_009415	Limosilactobacillus	Limosilactobacillus vaginalis	human
LABG_009418	Lacticaseibacillus	Lacticaseibacillus paracasei	food
LABG_009421	Leuconostoc	Leuconostoc mesenteroides	food
LABG_009442	Leuconostoc	Leuconostoc mesenteroides	animal
LABG_009457	Leuconostoc	Leuconostoc mesenteroides	food
LABG_009458	Leuconostoc	Leuconostoc mesenteroides	food
LABG_009475	Leuconostoc	Leuconostoc mesenteroides	animal
LABG_009490	Leuconostoc	Leuconostoc mesenteroides	animal
LABG_009499	Leuconostoc	Leuconostoc mesenteroides	food
LABG_009502	Ligilactobacillus	Ligilactobacillus ruminis	animal
LABG_009503	Ligilactobacillus	Ligilactobacillus ruminis	animal
LABG_009507	Limosilactobacillus	Limosilactobacillus reuteri_E	animal
LABG_009508	Pediococcus	Pediococcus pentosaceus	animal
LABG_009509	Limosilactobacillus	Limosilactobacillus reuteri_E	animal
LABG_009510	Ligilactobacillus	Ligilactobacillus salivarius	animal
LABG_009513	Limosilactobacillus	Limosilactobacillus reuteri_E	animal
LABG_009515	Limosilactobacillus	Limosilactobacillus reuteri_E	animal
LABG_009521	Lacticaseibacillus	Lacticaseibacillus pabuli	food
LABG_009523	Ligilactobacillus	Ligilactobacillus salivarius	animal
LABG_009524	Fructobacillus	Fructobacillus sp028764065	food
LABG_009532	Ligilactobacillus	Ligilactobacillus salivarius	human
LABG_009537	Companilactobacillus	Companilactobacillus crustorum	other
LABG_009544	Lacticaseibacillus	Lacticaseibacillus casei	human
LABG_009545	Lacticaseibacillus	Lacticaseibacillus zeae	food
LABG_009546	Lacticaseibacillus	Lacticaseibacillus paracasei	food
LABG_009547	Lacticaseibacillus	Lacticaseibacillus rhamnosus	food
LABG_009557	Pediococcus	Pediococcus pentosaceus	human
LABG_009587	Weissella	Weissella paramesenteroides	food
LABG_009591	Ligilactobacillus	Ligilactobacillus ruminis	other
LABG_009596	Lactobacillus	Lactobacillus gasseri	human
LABG_009600	Lactobacillus	Lactobacillus crispatus	human
LABG_009604	Limosilactobacillus	Limosilactobacillus fermentum	human
LABG_009605	Ligilactobacillus	Ligilactobacillus ruminis	other
LABG_009608	Lactiplantibacillus	Lactiplantibacillus paraplantarum	food
LABG_009609	Lactobacillus	Lactobacillus isalae	animal
LABG_009610	Limosilactobacillus	Limosilactobacillus balticus	animal
LABG_009613	Limosilactobacillus	Limosilactobacillus mucosae	human
LABG_009614	Limosilactobacillus	Limosilactobacillus pulli	other
LABG_009615	Limosilactobacillus	Limosilactobacillus pulli	other
LABG_009619	Lactobacillus	Lactobacillus absianus	other
LABG_009621	Limosilactobacillus	Limosilactobacillus sp945873395	other
LABG_009624	Lacticaseibacillus	Lacticaseibacillus rhamnosus	food
LABG_009628	Lactobacillus	Lactobacillus delbrueckii	food
LABG_009629	Lactobacillus	Lactobacillus delbrueckii_B	other
LABG_009630	Lactobacillus	Lactobacillus absianus	other
LABG_009631	Lactobacillus	Lactobacillus equicursoris	animal
LABG_009632	Lactobacillus	Lactobacillus equicursoris	animal
LABG_009634	Ligilactobacillus	Ligilactobacillus salivarius	animal
LABG_009635	Ligilactobacillus	Ligilactobacillus salivarius	animal
LABG_009636	Ligilactobacillus	Ligilactobacillus salivarius	animal
LABG_009639	Ligilactobacillus	Ligilactobacillus acidipiscis	food
LABG_009640	ESL0723	ESL0723 sp029392055	other
LABG_009642	Lactobacillus	Lactobacillus sp029392675	food
LABG_009643	Lactobacillus	Lactobacillus sp029392675	food
LABG_009644	Lactobacillus	Lactobacillus sp029392855	food
LABG_009645	Lactobacillus	Lactobacillus sp029392875	food
LABG_009646	Lactobacillus	Lactobacillus sp029395455	food
LABG_009647	Lactobacillus	Lactobacillus sp029392095	food
LABG_009648	ESL0723	ESL0723 sp029433155	other
LABG_009649	Lactobacillus	Lactobacillus sp029433255	food
LABG_009650	Fructobacillus	Fructobacillus sp029433265	other
LABG_009651	Lactobacillus	Lactobacillus sp029392855	food
LABG_009652	Lactobacillus	Lactobacillus sp029433445	food
LABG_009653	Lactobacillus	Lactobacillus sp029433515	food
LABG_009654	Pediococcus	Pediococcus pentosaceus	food
LABG_009656	Weissella	Weissella paramesenteroides	animal
LABG_009658	Weissella	Weissella paramesenteroides	animal
LABG_009660	Limosilactobacillus	Limosilactobacillus pulli	other
LABG_009662	Lactobacillus	Lactobacillus amylovorus	other
LABG_009664	Weissella	Weissella confusa	food
LABG_009667	Limosilactobacillus	Limosilactobacillus fermentum	food
LABG_009670	Lactiplantibacillus	Lactiplantibacillus pentosus	food
LABG_009674	Latilactobacillus	Latilactobacillus curvatus	other
LABG_009676	Latilactobacillus	Latilactobacillus curvatus	other
LABG_009689	Latilactobacillus	Latilactobacillus sakei	food
LABG_009718	Ligilactobacillus	Ligilactobacillus salivarius	other
LABG_009720	Latilactobacillus	Latilactobacillus sakei	food
LABG_009725	Limosilactobacillus	Limosilactobacillus vaginalis	other
LABG_009729	Lactobacillus	Lactobacillus kefiranofaciens	food
LABG_009735	Ligilactobacillus	Ligilactobacillus faecis	animal
LABG_009742	Liquorilactobacillus	Liquorilactobacillus sicerae	food
LABG_009744	Lacticaseibacillus	Lacticaseibacillus paracasei	human
LABG_009749	Ligilactobacillus	Ligilactobacillus aviarius	animal
LABG_009751	Limosilactobacillus	Limosilactobacillus reuteri	other
LABG_009753	Lacticaseibacillus	Lacticaseibacillus rhamnosus	other
LABG_009754	Oenococcus	Oenococcus sp004010835	food
LABG_009759	Leuconostoc	Leuconostoc falkenbergense	food
LABG_009761	Leuconostoc	Leuconostoc suionicum	food
LABG_009762	Leuconostoc	Leuconostoc falkenbergense	food
LABG_009763	Leuconostoc	Leuconostoc suionicum	food
LABG_009764	Leuconostoc	Leuconostoc lactis	food
LABG_009765	Leuconostoc	Leuconostoc lactis	food
LABG_009771	Ligilactobacillus	Ligilactobacillus saerimneri	food
LABG_009772	Limosilactobacillus	Limosilactobacillus oris_A	food
LABG_009773	Lacticaseibacillus	Lacticaseibacillus paracasei	human
LABG_009782	Ligilactobacillus	Ligilactobacillus salivarius	other
LABG_009790	Dellaglioa	Dellaglioa algida	food
LABG_009796	Dellaglioa	Dellaglioa algida	food
LABG_009799	Dellaglioa	Dellaglioa algida	food
LABG_009805	Dellaglioa	Dellaglioa algida	food
LABG_009809	Companilactobacillus	Companilactobacillus sp022484265	human
LABG_009814	Ligilactobacillus	Ligilactobacillus salivarius	animal
LABG_009815	Lactobacillus	Lactobacillus iners	human
LABG_009827	Ligilactobacillus	Ligilactobacillus agilis	human
LABG_009838	Lactobacillus	Lactobacillus iners	human
LABG_009839	Lactobacillus	Lactobacillus iners	human
LABG_009846	Lactobacillus	Lactobacillus iners	human
LABG_009857	Lactobacillus	Lactobacillus iners	human
LABG_009876	Limosilactobacillus	Limosilactobacillus reuteri_I	human
LABG_009878	Lactobacillus	Lactobacillus iners	human
LABG_009889	Lactobacillus	Lactobacillus delbrueckii	human
LABG_009891	Lactobacillus	Lactobacillus crispatus	human
LABG_009893	Lactobacillus	Lactobacillus crispatus	human
LABG_009895	Lactobacillus	Lactobacillus iners	human
LABG_009909	Pediococcus	Pediococcus acidilactici	food
LABG_009912	Limosilactobacillus	Limosilactobacillus reuteri_I	food
LABG_009927	Pediococcus	Pediococcus pentosaceus	food
LABG_009929	Ligilactobacillus	Ligilactobacillus murinus	animal
LABG_009933	Weissella	Weissella viridescens	other
LABG_010051	Limosilactobacillus	Limosilactobacillus reuteri	food
LABG_010063	Lacticaseibacillus	Lacticaseibacillus rhamnosus	food
LABG_010064	Lacticaseibacillus	Lacticaseibacillus paracasei	food
LABG_010072	Ligilactobacillus	Ligilactobacillus salivarius	animal
LABG_010075	Ligilactobacillus	Ligilactobacillus salivarius	animal
LABG_010078	Limosilactobacillus	Limosilactobacillus vaginalis	animal
LABG_010079	Ligilactobacillus	Ligilactobacillus salivarius	animal
LABG_010080	Limosilactobacillus	Limosilactobacillus galli	animal
LABG_010081	Lactobacillus	Lactobacillus gallinarum	animal
LABG_010082	Ligilactobacillus	Ligilactobacillus salivarius	animal
LABG_010083	Limosilactobacillus	Limosilactobacillus pulli	animal
LABG_010084	Lactobacillus	Lactobacillus crispatus	animal
LABG_010085	Ligilactobacillus	Ligilactobacillus aviarius_C	animal
LABG_010086	Ligilactobacillus	Ligilactobacillus salivarius	animal
LABG_010087	Lactobacillus	Lactobacillus gallinarum	animal
LABG_010088	Ligilactobacillus	Ligilactobacillus agilis	animal
LABG_010090	Limosilactobacillus	Limosilactobacillus intestinipullorum	animal
LABG_010095	Apilactobacillus	Apilactobacillus waqarii	food
LABG_010097	Leuconostoc	Leuconostoc lactis	food
LABG_010098	Apilactobacillus	Apilactobacillus waqarii	other
LABG_010099	Liquorilactobacillus	Liquorilactobacillus sp030400225	food
LABG_010106	Limosilactobacillus	Limosilactobacillus fermentum	food
LABG_010108	Latilactobacillus	Latilactobacillus sakei	food
LABG_010113	Ligilactobacillus	Ligilactobacillus salivarius	animal
LABG_010114	Ligilactobacillus	Ligilactobacillus salivarius	animal
LABG_010117	Ligilactobacillus	Ligilactobacillus ruminis	food
LABG_010118	Lacticaseibacillus	Lacticaseibacillus paracasei	food
LABG_010127	Lactobacillus	Lactobacillus helveticus	food
LABG_010147	Lacticaseibacillus	Lacticaseibacillus paracasei	food
LABG_010151	Lacticaseibacillus	Lacticaseibacillus paracasei	food
LABG_010152	Lacticaseibacillus	Lacticaseibacillus paracasei	food
LABG_010171	Lactiplantibacillus	Lactiplantibacillus plantarum	food
LABG_010173	Lactiplantibacillus	Lactiplantibacillus plantarum	human
LABG_010188	Liquorilactobacillus	Liquorilactobacillus mali_A	other
LABG_010192	Pediococcus	Pediococcus pentosaceus	food
LABG_010194	Lactiplantibacillus	Lactiplantibacillus plantarum	other
LABG_010196	Lacticaseibacillus	Lacticaseibacillus pantheris	other
LABG_010201	Oenococcus	Oenococcus sp004010835	other
LABG_010202	BQUT01	BQUT01 sp030504545	food
LABG_010205	Apilactobacillus	Apilactobacillus zhangqiuensis	animal
LABG_010206	Limosilactobacillus		human
LABG_010207	Ligilactobacillus	Ligilactobacillus aviarius_C	animal
LABG_010208	Ligilactobacillus	Ligilactobacillus salivarius	other
LABG_010211	Ligilactobacillus	Ligilactobacillus murinus	other
LABG_010212	Limosilactobacillus	Limosilactobacillus ingluviei	other
LABG_010213	Ligilactobacillus	Ligilactobacillus agilis	other
LABG_010215	Limosilactobacillus	Limosilactobacillus sp030530845	food
LABG_010216	Lactobacillus	Lactobacillus sp030530865	other
LABG_010218	Ligilactobacillus	Ligilactobacillus salivarius	other
LABG_010220	Limosilactobacillus	Limosilactobacillus mucosae	other
LABG_010228	Leuconostoc	Leuconostoc lactis_A	food
LABG_010230	Lactiplantibacillus	Lactiplantibacillus plantarum	food
LABG_010231	Lactiplantibacillus	Lactiplantibacillus pentosus	food
LABG_010233	Lacticaseibacillus	Lacticaseibacillus paracasei	food
LABG_010237	Leuconostoc	Leuconostoc carnosum	other
LABG_010254	Limosilactobacillus	Limosilactobacillus reuteri_G	food
LABG_010256	Lactobacillus	Lactobacillus apis_A	animal
LABG_010257	Lactobacillus	Lactobacillus helsingborgensis	animal
LABG_010259	Lacticaseibacillus	Lacticaseibacillus casei	food
LABG_010291	Lactobacillus	Lactobacillus delbrueckii	animal
LABG_010318	Lacticaseibacillus	Lacticaseibacillus rhamnosus	food
LABG_010320	Weissella	Weissella sp031289015	other
LABG_010321	Weissella	Weissella sp031289615	other
LABG_010334	Lactiplantibacillus	Lactiplantibacillus plantarum	food
LABG_010335	Lacticaseibacillus	Lacticaseibacillus rhamnosus	food
LABG_010340	Lacticaseibacillus	Lacticaseibacillus paracasei	food
LABG_010344	Liquorilactobacillus	Liquorilactobacillus uvarum	animal
LABG_010345	Lactiplantibacillus	Lactiplantibacillus plantarum	animal
LABG_010348	Leuconostoc	Leuconostoc lactis_A	food
LABG_010349	Weissella	Weissella cibaria	other
LABG_010353	Leuconostoc	Leuconostoc lactis	other
LABG_010356	Leuconostoc	Leuconostoc lactis	food
LABG_010357	Leuconostoc	Leuconostoc lactis_A	food
LABG_010359	Leuconostoc	Leuconostoc falkenbergense	food
LABG_010364	Leuconostoc	Leuconostoc lactis	food
LABG_010367	Lactiplantibacillus	Lactiplantibacillus pentosus	food
LABG_010368	Levilactobacillus	Levilactobacillus zymae_A	food
LABG_010371	Lactiplantibacillus	Lactiplantibacillus pentosus	food
LABG_010374	Levilactobacillus	Levilactobacillus namurensis_A	food
LABG_010376	Latilactobacillus	Latilactobacillus curvatus	food
LABG_010378	Levilactobacillus	Levilactobacillus namurensis_A	food
LABG_010392	Lactobacillus	Lactobacillus sp910589175	human
LABG_010404	Lactobacillus	Lactobacillus sp945980025	animal
LABG_010405	Lactiplantibacillus	Lactiplantibacillus plantarum	other
LABG_010413	Lacticaseibacillus	Lacticaseibacillus rhamnosus	human
LABG_010424	Limosilactobacillus	Limosilactobacillus fermentum	other
LABG_010426	Limosilactobacillus	Limosilactobacillus fermentum	other
LABG_010432	Lactobacillus	Lactobacillus sp910589675	other
LABG_010441	Limosilactobacillus	Limosilactobacillus fermentum	other
LABG_010444	Lactiplantibacillus	Lactiplantibacillus sp032681335	other
LABG_010469	Xylocopilactobacillus	Xylocopilactobacillus apis	food
LABG_010470	Xylocopilactobacillus	Xylocopilactobacillus apicola	food
LABG_010471	Lactobacillus	Lactobacillus xylocopicola	food
LABG_010472	Lentilactobacillus	Lentilactobacillus buchneri	other
LABG_010473	Liquorilactobacillus	Liquorilactobacillus mali	food
LABG_010474	Leuconostoc	Leuconostoc mesenteroides	food
LABG_010477	Pediococcus	Pediococcus ethanolidurans	food
LABG_010478	Oenococcus	Oenococcus oeni	food
LABG_010490	Lactiplantibacillus	Lactiplantibacillus plantarum	human
LABG_010491	Ligilactobacillus	Ligilactobacillus salivarius	human
LABG_010493	Ligilactobacillus	Ligilactobacillus salivarius	food
LABG_010495	Ligilactobacillus	Ligilactobacillus animalis	animal
LABG_010499	Pediococcus	Pediococcus inopinatus	food
LABG_010501	Pediococcus	Pediococcus inopinatus	food
LABG_010503	Limosilactobacillus		animal
LABG_010505	Lactobacillus	Lactobacillus sp945980025	other
LABG_010506	Limosilactobacillus	Limosilactobacillus mucosae	human
LABG_010525	Lactobacillus	Lactobacillus iners	human
LABG_010529	Lactobacillus	Lactobacillus iners	human
LABG_010535	Lactobacillus	Lactobacillus crispatus	human
LABG_010561	Leuconostoc	Leuconostoc mesenteroides	food
LABG_010562	Pediococcus	Pediococcus pentosaceus	food
LABG_010570	Lacticaseibacillus	Lacticaseibacillus paracasei	human
LABG_010576	Ligilactobacillus	Ligilactobacillus salivarius	other
LABG_010579	Lactobacillus	Lactobacillus amylovorus	other
LABG_010580	Lactobacillus	Lactobacillus sp910589675	other
LABG_010582	Limosilactobacillus	Limosilactobacillus reuteri_I	other
LABG_010585	Ligilactobacillus	Ligilactobacillus saerimneri	other
LABG_010586	Ligilactobacillus	Ligilactobacillus agilis	other
LABG_010587	Lactobacillus	Lactobacillus sp910589675	other
LABG_010593	Leuconostoc	Leuconostoc citreum	food
LABG_010594	Ligilactobacillus	Ligilactobacillus salivarius	other
LABG_010595	Ligilactobacillus	Ligilactobacillus salivarius	other
LABG_010596	Lactobacillus	Lactobacillus sp910589675	other
LABG_010598	Limosilactobacillus	Limosilactobacillus mucosae	animal
LABG_010599	Lactobacillus	Lactobacillus amylovorus	other
LABG_010601	Lactobacillus	Lactobacillus delbrueckii_B	other
LABG_010602	Limosilactobacillus	Limosilactobacillus reuteri_I	other
LABG_010603	Limosilactobacillus	Limosilactobacillus intestinavium	animal
LABG_010605	Lactobacillus	Lactobacillus sp910589675	food
LABG_010608	Limosilactobacillus	Limosilactobacillus reuteri_G	food
LABG_010626	Lacticaseibacillus	Lacticaseibacillus paracasei	animal
LABG_010628	Pediococcus	Pediococcus acidilactici	animal
LABG_010632	Limosilactobacillus	Limosilactobacillus reuteri	food
LABG_010638	Limosilactobacillus	Limosilactobacillus reuteri	food
LABG_010641	Limosilactobacillus	Limosilactobacillus reuteri	food
LABG_010644	Limosilactobacillus	Limosilactobacillus reuteri	food
LABG_010646	Limosilactobacillus	Limosilactobacillus reuteri	food
LABG_010656	Limosilactobacillus	Limosilactobacillus reuteri_E	human
LABG_010658	Ligilactobacillus	Ligilactobacillus salivarius	animal
LABG_010662	Lacticaseibacillus	Lacticaseibacillus paracasei	human
LABG_010670	Limosilactobacillus	Limosilactobacillus fermentum	other
LABG_010672	Latilactobacillus	Latilactobacillus curvatus	food
LABG_010673	Lactobacillus	Lactobacillus paragasseri	food
LABG_010677	Ligilactobacillus	Ligilactobacillus murinus	animal
LABG_010678	Limosilactobacillus	Limosilactobacillus portuensis	human
LABG_010679	Apilactobacillus	Apilactobacillus kunkeei	other
LABG_010681	Limosilactobacillus	Limosilactobacillus reuteri	food
LABG_010686	Lactobacillus	Lactobacillus amylovorus	animal
LABG_010687	Lactobacillus	Lactobacillus amylovorus	food
LABG_010688	Lactobacillus	Lactobacillus amylovorus	food
LABG_010690	Lactiplantibacillus	Lactiplantibacillus paraxiangfangensis	other
LABG_010693	Lacticaseibacillus	Lacticaseibacillus salsurivasis	other
LABG_010694	Companilactobacillus	Companilactobacillus muriivasis	other
LABG_010695	Companilactobacillus	Companilactobacillus muriivasis	other
LABG_010696	Lactobacillus	Lactobacillus juensis	other
LABG_010697	Lactobacillus	Lactobacillus juensis	other
LABG_010699	Lactobacillus	Lactobacillus rizhaonensis	other
LABG_010714	Latilactobacillus	Latilactobacillus curvatus	other
LABG_010715	Ligilactobacillus	Ligilactobacillus ruminis	other
LABG_010716	Weissella	Weissella confusa	other
LABG_010719	Ligilactobacillus	Ligilactobacillus ruminis	other
LABG_010720	Lacticaseibacillus	Lacticaseibacillus paracasei	other
LABG_010725	Weissella	Weissella paramesenteroides	food
LABG_010738	Ligilactobacillus	Ligilactobacillus equi	animal
LABG_010740	Lactiplantibacillus	Lactiplantibacillus plantarum	food
LABG_010744	Schleiferilactobacillus	Schleiferilactobacillus harbinensis	food
LABG_010754	Limosilactobacillus	Limosilactobacillus reuteri	food
LABG_010756	Pediococcus	Pediococcus acidilactici	food
LABG_010767	Limosilactobacillus	Limosilactobacillus fermentum	food
LABG_010775	Limosilactobacillus	Limosilactobacillus fermentum	food
LABG_010791	Limosilactobacillus	Limosilactobacillus pontis	food
LABG_010804	Pediococcus	Pediococcus acidilactici_A	other
LABG_010829	Lactobacillus	Lactobacillus delbrueckii	animal
LABG_010833	Lactobacillus	Lactobacillus delbrueckii	animal
LABG_010835	DASYFG01	DASYFG01 sp036498565	other
LABG_010839	Limosilactobacillus	Limosilactobacillus fermentum	other
LABG_010851	Leuconostoc	Leuconostoc mesenteroides	food
LABG_010852	Leuconostoc	Leuconostoc falkenbergense	food
LABG_010853	Leuconostoc	Leuconostoc mesenteroides	food
LABG_010856	Latilactobacillus	Latilactobacillus sakei	food
LABG_010857	Ligilactobacillus	Ligilactobacillus saerimneri	animal
LABG_010860	Limosilactobacillus	Limosilactobacillus reuteri	other
LABG_010862	Ligilactobacillus	Ligilactobacillus acidipiscis	food
LABG_010869	Lactobacillus	Lactobacillus acetotolerans	food
LABG_010877	Lactobacillus		other
LABG_010881	Limosilactobacillus	Limosilactobacillus fermentum	food
LABG_010884	Ligilactobacillus	Ligilactobacillus ruminis	other
LABG_010885	Weissella	Weissella confusa	other
LABG_010890	Leuconostoc	Leuconostoc lactis	food
LABG_010891	Ligilactobacillus	Ligilactobacillus sp036846325	food
LABG_010892	Lacticaseibacillus	Lacticaseibacillus paracasei	human
LABG_010898	Companilactobacillus	Companilactobacillus sp036913575	other
LABG_010899	Levilactobacillus	Levilactobacillus sp012641095	other
LABG_010900	Companilactobacillus	Companilactobacillus sp036913635	other
LABG_010901	Companilactobacillus	Companilactobacillus sp036913635	other
LABG_010902	Companilactobacillus	Companilactobacillus pullicola	other
LABG_010914	Pediococcus	Pediococcus pentosaceus	other
LABG_010923	Limosilactobacillus	Limosilactobacillus fermentum	food
LABG_010925	Leuconostoc	Leuconostoc pseudomesenteroides	food
LABG_010927	Leuconostoc	Leuconostoc mesenteroides	food
LABG_010962	Limosilactobacillus	Limosilactobacillus mucosae	other
LABG_010965	Holzapfeliella	Holzapfeliella sp037546065	food
LABG_010966	Lactobacillus	Lactobacillus sp945980025	food
LABG_010967	Nicoliella	Nicoliella lavandulae	food
LABG_010970	Lactiplantibacillus	Lactiplantibacillus plantarum	other
LABG_010981	Limosilactobacillus	Limosilactobacillus fermentum	human
LABG_010988	Limosilactobacillus	Limosilactobacillus fermentum	human
LABG_011031	Limosilactobacillus	Limosilactobacillus fermentum	human
LABG_011038	Limosilactobacillus	Limosilactobacillus fermentum	human
LABG_011055	Limosilactobacillus	Limosilactobacillus fermentum	human
LABG_011060	Limosilactobacillus	Limosilactobacillus fermentum	human
LABG_011073	Limosilactobacillus	Limosilactobacillus fermentum	human
LABG_011090	Lactobacillus	Lactobacillus crispatus	human
LABG_011091	Lactobacillus	Lactobacillus crispatus	human
LABG_011131	Ligilactobacillus	Ligilactobacillus salivarius	animal
LABG_011147	Levilactobacillus	Levilactobacillus sp038374745	other
LABG_011149	Latilactobacillus	Latilactobacillus sakei	other
LABG_011151	Leuconostoc	Leuconostoc citreum	food
LABG_011152	Lacticaseibacillus	Lacticaseibacillus paracasei	human
LABG_011158	Limosilactobacillus	Limosilactobacillus fermentum	animal
LABG_011161	Pediococcus	Pediococcus pentosaceus	food
LABG_011170	Ligilactobacillus	Ligilactobacillus aviarius	animal
LABG_011172	Ligilactobacillus	Ligilactobacillus murinus	food
LABG_011179	Secundilactobacillus	Secundilactobacillus similis	food
LABG_011180	Lactobacillus	Lactobacillus hamsteri	food
LABG_011186	Levilactobacillus	Levilactobacillus brevis	food
LABG_011197	Leuconostoc	Leuconostoc lactis_A	food
LABG_011205	Lacticaseibacillus	Lacticaseibacillus paracasei	food
LABG_011215	Leuconostoc	Leuconostoc holzapfelii	other
LABG_011216	Lactobacillus	Lactobacillus sp945980025	human
LABG_011221	Lacticaseibacillus	Lacticaseibacillus paracasei	human
LABG_011252	Lacticaseibacillus	Lacticaseibacillus rhamnosus	food
LABG_011254	Ligilactobacillus	Ligilactobacillus salivarius	animal
LABG_011261	Lactobacillus	Lactobacillus paragasseri	human
LABG_011271	Ligilactobacillus	Ligilactobacillus salivarius	human
LABG_011287	Ligilactobacillus	Ligilactobacillus ruminis	human
LABG_011311	Pediococcus	Pediococcus acidilactici	animal
LABG_011312	Limosilactobacillus	Limosilactobacillus sp039955095	food
LABG_011313	Limosilactobacillus	Limosilactobacillus sp039955095	food
LABG_011314	Limosilactobacillus	Limosilactobacillus sp039955095	food
LABG_011315	Limosilactobacillus	Limosilactobacillus sp039955095	food
LABG_011316	Limosilactobacillus	Limosilactobacillus sp039955095	food
LABG_011321	Limosilactobacillus	Limosilactobacillus sp039955095	food
LABG_011324	Ligilactobacillus	Ligilactobacillus ruminis	human
LABG_011326	Lactobacillus	Lactobacillus crispatus	other
LABG_011328	Weissella	Weissella fermenti	human
LABG_011341	Lacticaseibacillus	Lacticaseibacillus paracasei	food
LABG_011342	Limosilactobacillus	Limosilactobacillus fermentum	food
LABG_011350	Ligilactobacillus	Ligilactobacillus salivarius	human
LABG_011351	Ligilactobacillus	Ligilactobacillus salivarius	human
LABG_011356	Lactobacillus	Lactobacillus amylovorus	food
LABG_011357	Lactobacillus	Lactobacillus amylovorus	animal
LABG_011358	Apilactobacillus	Apilactobacillus kunkeei	food
LABG_011359	Apilactobacillus	Apilactobacillus apinorum	food
LABG_011360	Apilactobacillus	Apilactobacillus sp025290035	food
LABG_011368	Lactobacillus	Lactobacillus iners	human
LABG_011372	Lactobacillus	Lactobacillus iners	human
LABG_011373	Lactobacillus	Lactobacillus iners	human
LABG_011377	Lactobacillus	Lactobacillus iners	human
LABG_011378	Lactobacillus	Lactobacillus iners	human
LABG_011380	Lactobacillus	Lactobacillus iners	human
LABG_011381	Lactobacillus	Lactobacillus crispatus	human
LABG_011382	Lactobacillus	Lactobacillus iners	human
LABG_011384	Lactobacillus	Lactobacillus crispatus	human
LABG_011410	Latilactobacillus	Latilactobacillus sakei	food
LABG_011413	Lacticaseibacillus	Lacticaseibacillus paracasei	food
LABG_011414	Pediococcus		food
LABG_011417	Leuconostoc	Leuconostoc citreum	other
LABG_011420	Levilactobacillus	Levilactobacillus brevis	other
LABG_011422	Companilactobacillus	Companilactobacillus musae	food
LABG_011428	Lactiplantibacillus	Lactiplantibacillus paraplantarum	food
LABG_011430	Lactobacillus	Lactobacillus iners	human
LABG_011437	Ligilactobacillus	Ligilactobacillus salivarius	animal
LABG_011440	Lactobacillus	Lactobacillus amylovorus	food
LABG_011441	Limosilactobacillus	Limosilactobacillus sp040772465	food
LABG_011442	Secundilactobacillus	Secundilactobacillus silagincola	other
LABG_011443	Limosilactobacillus	Limosilactobacillus pontis	food
LABG_011460	Lactobacillus	Lactobacillus gasseri	human
LABG_011468	Leuconostoc	Leuconostoc sp040838325	food
LABG_011480	Ligilactobacillus	Ligilactobacillus ruminis	human
LABG_011504	Lacticaseibacillus	Lacticaseibacillus paracasei	human
LABG_011518	Companilactobacillus	Companilactobacillus farciminis	food
LABG_011521	Ligilactobacillus	Ligilactobacillus salivarius	human
LABG_011526	Ligilactobacillus	Ligilactobacillus agilis	animal
LABG_011529	Weissella	Weissella paramesenteroides	food
LABG_011542	Companilactobacillus	Companilactobacillus pabuli	food
LABG_011545	Limosilactobacillus	Limosilactobacillus sp041225415	animal
LABG_011547	Lactobacillus	Lactobacillus taiwanensis	animal
LABG_011548	Ligilactobacillus	Ligilactobacillus animalis	animal
LABG_011549	Limosilactobacillus	Limosilactobacillus rodentium	animal
LABG_011550	Ligilactobacillus	Ligilactobacillus faecis	animal
LABG_011553	Ligilactobacillus	Ligilactobacillus animalis	other
LABG_011556	Lactiplantibacillus	Lactiplantibacillus plantarum	food
LABG_011561	Leuconostoc	Leuconostoc lactis	food
LABG_011562	Limosilactobacillus	Limosilactobacillus mucosae	human
LABG_011563	Lactobacillus	Lactobacillus crispatus	other
LABG_011564	Limosilactobacillus	Limosilactobacillus mucosae	human
LABG_011565	Lactobacillus	Lactobacillus paragasseri	other
LABG_011566	Limosilactobacillus	Limosilactobacillus mucosae	human
LABG_011567	Limosilactobacillus	Limosilactobacillus mucosae	human
LABG_011570	Limosilactobacillus	Limosilactobacillus mucosae	human
LABG_011575	Weissella	Weissella confusa	food
LABG_011576	Weissella	Weissella viridescens	food
LABG_011579	Latilactobacillus	Latilactobacillus sakei_A	other
LABG_011588	Lactobacillus	Lactobacillus crispatus	other
LABG_011595	Pediococcus	Pediococcus pentosaceus	food
LABG_011618	Weissella	Weissella soli	animal
LABG_011646	Latilactobacillus	Latilactobacillus curvatus	human
LABG_011651	Limosilactobacillus	Limosilactobacillus sp041859915	food
LABG_011652	Levilactobacillus	Levilactobacillus brevis	food
LABG_011653	Weissella	Weissella confusa_A	animal
LABG_011665	Latilactobacillus	Latilactobacillus sakei	other
LABG_011678	Lactobacillus	Lactobacillus delbrueckii	food
LABG_011722	Lentilactobacillus	Lentilactobacillus kefiri	food
LABG_011726	Lactobacillus	Lactobacillus rodentium	other
LABG_011730	Lacticaseibacillus	Lacticaseibacillus paracasei	food
LABG_011738	Limosilactobacillus	Limosilactobacillus fermentum	other
LABG_011739	Limosilactobacillus	Limosilactobacillus oris	other
LABG_011740	Lactobacillus	Lactobacillus sp040773345	other
LABG_011741	Lacticaseibacillus	Lacticaseibacillus rhamnosus	other
LABG_011742	Limosilactobacillus	Limosilactobacillus fermentum	other
LABG_011744	Fructobacillus	Fructobacillus durionis	other
LABG_011746	Pediococcus	Pediococcus cellicola	other
LABG_011747	Lactiplantibacillus	Lactiplantibacillus nangangensis	other
LABG_011749	Companilactobacillus	Companilactobacillus baiquanensis	other
LABG_011751	Secundilactobacillus	Secundilactobacillus hailunensis	other
LABG_011752	Levilactobacillus	Levilactobacillus tangyuanensis	other
LABG_011753	Lactiplantibacillus	Lactiplantibacillus daoliensis	other
LABG_011754	Lactiplantibacillus	Lactiplantibacillus daowaiensis	other
LABG_011756	Lactiplantibacillus	Lactiplantibacillus dongliensis	other
LABG_011757	Levilactobacillus	Levilactobacillus tongjiangensis	other
LABG_011758	Loigolactobacillus	Loigolactobacillus jiayinensis	other
LABG_011759	Levilactobacillus	Levilactobacillus angrenensis	other
LABG_011760	Lapidilactobacillus	Lapidilactobacillus achengensis	other
LABG_011761	Lactobacillus	Lactobacillus kullabergensis	other
LABG_011767	Levilactobacillus	Levilactobacillus namurensis	other
LABG_011772	Loigolactobacillus	Loigolactobacillus zhaoyuanensis	other
LABG_011776	Lactiplantibacillus	Lactiplantibacillus songbeiensis	other
LABG_011779	Lacticaseibacillus	Lacticaseibacillus yichunensis	other
LABG_011780	Lacticaseibacillus	Lacticaseibacillus hegangensis	other
LABG_011781	Agrilactobacillus	Agrilactobacillus yilanensis	other
LABG_011782	Levilactobacillus	Levilactobacillus fuyuanensis	other
LABG_011783	Companilactobacillus	Companilactobacillus keshanensis	other
LABG_011784	Lacticaseibacillus	Lacticaseibacillus baoqingensis	other
LABG_011785	Companilactobacillus	Companilactobacillus mishanensis	other
LABG_011786	Lacticaseibacillus	Lacticaseibacillus jixianensis	other
LABG_011787	Ligilactobacillus	Ligilactobacillus acidipiscis	other
LABG_011790	Lactobacillus	Lactobacillus sp945980025	animal
LABG_011791	Lactobacillus	Lactobacillus sp945980025	animal
LABG_011793	Ligilactobacillus	Ligilactobacillus salivarius	animal
LABG_011794	Lacticaseibacillus		other
LABG_011795	Lactobacillus	Lactobacillus mulieris	human
LABG_011800	Lactobacillus	Lactobacillus jensenii	human
LABG_011803	Lactobacillus	Lactobacillus paragasseri	human
LABG_011804	Lactobacillus	Lactobacillus iners	human
LABG_011805	Lactobacillus	Lactobacillus iners	human
LABG_011806	Lactobacillus	Lactobacillus iners	human
LABG_011808	Lactobacillus	Lactobacillus iners	human
LABG_011810	Pediococcus	Pediococcus acidilactici	other
LABG_011811	Acetilactobacillus		food
LABG_011813	Limosilactobacillus	Limosilactobacillus mucosae	animal
LABG_011816	Lactobacillus	Lactobacillus sp945980025	other
LABG_011817	Limosilactobacillus	Limosilactobacillus vaginalis	food
LABG_011818	Lactobacillus	Lactobacillus sp910589675	other
LABG_011820	Lactobacillus	Lactobacillus absianus	other
LABG_011830	Pediococcus	Pediococcus cellicola	food
LABG_011831	Leuconostoc	Leuconostoc lactis	animal
LABG_011833	Lacticaseibacillus	Lacticaseibacillus rhamnosus	other
LABG_011837	Leuconostoc	Leuconostoc suionicum	other
LABG_011847	Companilactobacillus		food
LABG_011855	Fructilactobacillus	Fructilactobacillus sanfranciscensis	other
LABG_011860	Pediococcus	Pediococcus parvulus	other
LABG_011867	Levilactobacillus	Levilactobacillus parabrevis	other
LABG_011868	Levilactobacillus	Levilactobacillus lanxiensis	other
LABG_011872	Fructilactobacillus		other
LABG_011873	Weissella	Weissella fermenti	animal
LABG_011879	Lactiplantibacillus	Lactiplantibacillus pentosus	other
LABG_011880	Lacticaseibacillus	Lacticaseibacillus rhamnosus	human
LABG_011892	Lactobacillus	Lactobacillus delbrueckii	food
LABG_011909	Lactobacillus	Lactobacillus delbrueckii	food
LABG_011911	Lacticaseibacillus	Lacticaseibacillus paracasei	food
LABG_011916	Limosilactobacillus	Limosilactobacillus mucosae	human
LABG_011917	Ligilactobacillus	Ligilactobacillus ruminis	other
LABG_011919	Ligilactobacillus	Ligilactobacillus ruminis	other
LABG_011920	Ligilactobacillus	Ligilactobacillus ruminis	other
LABG_011921	Limosilactobacillus	Limosilactobacillus mucosae	human
LABG_011922	Lactobacillus	Lactobacillus crispatus	other
LABG_011923	Lactobacillus	Lactobacillus gallinarum	other
LABG_011924	Lactobacillus	Lactobacillus gallinarum	human
LABG_011926	Limosilactobacillus	Limosilactobacillus mucosae	human
LABG_011927	Ligilactobacillus	Ligilactobacillus ruminis	other
LABG_011928	Ligilactobacillus	Ligilactobacillus ruminis	other
LABG_011929	Ligilactobacillus	Ligilactobacillus ruminis	other
LABG_011930	Limosilactobacillus	Limosilactobacillus mucosae	other
LABG_011933	Ligilactobacillus	Ligilactobacillus animalis	food
LABG_011935	Lactobacillus	Lactobacillus absianus	animal
LABG_011939	Weissella	Weissella paramesenteroides	food
LABG_011940	Weissella	Weissella paramesenteroides	food
LABG_011945	Ligilactobacillus		food
LABG_011946	Ligilactobacillus		food
LABG_011960	Ligilactobacillus	Ligilactobacillus acidipiscis	food
LABG_011970	Lactobacillus	Lactobacillus absianus	other
LABG_011972	Lactobacillus	Lactobacillus helveticus	food
LABG_011975	Ligilactobacillus	Ligilactobacillus murinus	food
LABG_011989	Lentilactobacillus	Lentilactobacillus buchneri	food
LABG_011990	Latilactobacillus	Latilactobacillus sakei	human
LABG_011991	Ligilactobacillus	Ligilactobacillus salivarius	human
LABG_011998	Weissella		other
LABG_012000	Loigolactobacillus	Loigolactobacillus zhaoyuanensis	food
LABG_012015	Latilactobacillus	Latilactobacillus sakei	food
LABG_012016	Latilactobacillus	Latilactobacillus sakei	food
LABG_012023	Ligilactobacillus	Ligilactobacillus ruminis	other
LABG_012028	Limosilactobacillus	Limosilactobacillus fermentum	food
LABG_012029	Weissella		other
LABG_012033	Leuconostoc	Leuconostoc falkenbergense	food
LABG_012037	Levilactobacillus		other
LABG_012038	Lacticaseibacillus		other
LABG_012039	Furfurilactobacillus		other
LABG_012040	Furfurilactobacillus		other
LABG_012041	Lactiplantibacillus	Lactiplantibacillus brownii	food
LABG_012049	Latilactobacillus	Latilactobacillus sakei	food
LABG_012050	Dellaglioa		food
LABG_012062	Lactiplantibacillus	Lactiplantibacillus plantarum	animal
LABG_012065	Lactiplantibacillus	Lactiplantibacillus plantarum	food
LABG_012067	Weissella	Weissella fermenti	food
LABG_012069	Ligilactobacillus	Ligilactobacillus salivarius	human
LABG_012072	Ligilactobacillus	Ligilactobacillus salivarius	animal
LABG_012077	Lactobacillus	Lactobacillus sp910589675	food
LABG_012078	Lacticaseibacillus	Lacticaseibacillus paracasei	human
LABG_012082	Weissella	Weissella paramesenteroides	animal
LABG_012090	Lactobacillus	Lactobacillus sp948948975	animal
LABG_012095	Limosilactobacillus	Limosilactobacillus reuteri	human
LABG_012099	Limosilactobacillus	Limosilactobacillus reuteri_E	animal
LABG_012100	Limosilactobacillus	Limosilactobacillus reuteri_E	animal
LABG_012107	Limosilactobacillus	Limosilactobacillus pulli	animal
LABG_012127	Ligilactobacillus	Ligilactobacillus salivarius	animal
LABG_012128	Limosilactobacillus	Limosilactobacillus mucosae	animal
LABG_012129	Ligilactobacillus	Ligilactobacillus salivarius	animal
LABG_012130	Lactobacillus	Lactobacillus delbrueckii_B	animal
LABG_012131	Lactobacillus	Lactobacillus absianus	animal
LABG_012132	Limosilactobacillus	Limosilactobacillus pulli	animal
LABG_012133	Lactobacillus	Lactobacillus absianus	animal
LABG_012134	Loigolactobacillus	Loigolactobacillus coryniformis	animal
LABG_012137	Limosilactobacillus	Limosilactobacillus pulli	animal
LABG_012138	Limosilactobacillus	Limosilactobacillus pulli	animal
LABG_012140	Limosilactobacillus	Limosilactobacillus rodentium	animal
LABG_012141	Limosilactobacillus	Limosilactobacillus mucosae	animal
LABG_012142	Ligilactobacillus	Ligilactobacillus salivarius	animal
LABG_012143	Lactobacillus	Lactobacillus equicursoris	animal
LABG_012144	Limosilactobacillus	Limosilactobacillus pulli	animal
LABG_012145	Limosilactobacillus	Limosilactobacillus pulli	animal
LABG_012146	Limosilactobacillus	Limosilactobacillus mucosae	animal
LABG_012147	Limosilactobacillus	Limosilactobacillus mucosae	animal
LABG_012148	Limosilactobacillus		animal
LABG_012149	Limosilactobacillus	Limosilactobacillus pulli	animal
LABG_012150	Limosilactobacillus	Limosilactobacillus balticus	animal
LABG_012151	Limosilactobacillus	Limosilactobacillus pulli	animal
LABG_012152	Limosilactobacillus	Limosilactobacillus mucosae	animal
LABG_012153	Limosilactobacillus	Limosilactobacillus balticus	animal
LABG_012154	Limosilactobacillus	Limosilactobacillus mucosae	animal
LABG_012166	Weissella	Weissella confusa	other
LABG_012169	Ligilactobacillus	Ligilactobacillus salivarius	other
LABG_012175	Limosilactobacillus	Limosilactobacillus mucosae	human
LABG_012178	Lacticaseibacillus	Lacticaseibacillus rhamnosus	other
LABG_012179	Lactobacillus	Lactobacillus iners	other
LABG_012183	Pediococcus		food
LABG_012185	Lactiplantibacillus	Lactiplantibacillus plantarum	human
LABG_012186	Lacticaseibacillus	Lacticaseibacillus paracasei	other
LABG_012189	Lactobacillus	Lactobacillus paragasseri	other
LABG_012198	Lactobacillus	Lactobacillus iners	human
LABG_012199	Lactobacillus	Lactobacillus iners	human
LABG_012202	Lactobacillus	Lactobacillus iners	human
LABG_012203	Fructilactobacillus		food
LABG_012318	Limosilactobacillus	Limosilactobacillus reuteri_J	animal
LABG_012319	Lactobacillus	Lactobacillus delbrueckii	food
LABG_012323	Apilactobacillus	Apilactobacillus kunkeei_C	animal
LABG_012325	Levilactobacillus	Levilactobacillus brevis	food
LABG_012330	Oenococcus	Oenococcus kitaharae_A	food
LABG_012331	Lentilactobacillus	Lentilactobacillus hilgardii	food
LABG_012341	Liquorilactobacillus	Liquorilactobacillus nagelii	food
LABG_012342	Leuconostoc	Leuconostoc pseudomesenteroides	food
LABG_012354	Oenococcus	Oenococcus oeni	food
LABG_012365	Schleiferilactobacillus	Schleiferilactobacillus perolens	food
LABG_012383	Oenococcus	Oenococcus kitaharae_A	food
LABG_012385	Leuconostoc	Leuconostoc pseudomesenteroides	food
LABG_012402	Oenococcus	Oenococcus sicerae	food
LABG_012418	Leuconostoc	Leuconostoc pseudomesenteroides	food
LABG_012433	Leuconostoc	Leuconostoc pseudomesenteroides	food
LABG_012437	Liquorilactobacillus	Liquorilactobacillus ghanensis	food
LABG_012439	Oenococcus	Oenococcus oeni	food
LABG_012442	Liquorilactobacillus	Liquorilactobacillus hordei	food
LABG_012443	Leuconostoc	Leuconostoc pseudomesenteroides	food
LABG_012450	Liquorilactobacillus	Liquorilactobacillus ghanensis	food
LABG_012456	Liquorilactobacillus	Liquorilactobacillus ghanensis	food
LABG_012459	Lacticaseibacillus	Lacticaseibacillus paracasei	food
LABG_012469	Liquorilactobacillus	Liquorilactobacillus sp030400225	food
LABG_012472	Liquorilactobacillus	Liquorilactobacillus hordei	food
LABG_012477	Schleiferilactobacillus	Schleiferilactobacillus harbinensis	food
LABG_012481	Lentilactobacillus	Lentilactobacillus diolivorans	food
LABG_012482	Oenococcus	Oenococcus kitaharae_A	food
LABG_012487	Oenococcus	Oenococcus kitaharae_A	food
LABG_012489	Lacticaseibacillus	Lacticaseibacillus paracasei	food
LABG_012499	Schleiferilactobacillus	Schleiferilactobacillus harbinensis	food
LABG_012504	Liquorilactobacillus	Liquorilactobacillus hordei	food
LABG_012505	Lacticaseibacillus	Lacticaseibacillus paracasei	food
LABG_012506	Leuconostoc	Leuconostoc mesenteroides	food
LABG_012528	Oenococcus	Oenococcus kitaharae_A	food
LABG_012529	Liquorilactobacillus		food
LABG_012538	Liquorilactobacillus	Liquorilactobacillus ghanensis	food
LABG_012540	Liquorilactobacillus	Liquorilactobacillus nagelii	food
LABG_012566	Liquorilactobacillus	Liquorilactobacillus hordei	food
LABG_012572	Liquorilactobacillus	Liquorilactobacillus hordei	food
LABG_012576	Liquorilactobacillus	Liquorilactobacillus ghanensis	food
LABG_012581	Leuconostoc	Leuconostoc holzapfelii	food
LABG_012589	Lactobacillus	Lactobacillus crispatus	animal
LABG_012591	Lactobacillus	Lactobacillus helveticus	other
LABG_012592	Lactobacillus	Lactobacillus delbrueckii	other
LABG_012594	Agrilactobacillus	Agrilactobacillus fermenti	food
LABG_012604	Latilactobacillus	Latilactobacillus sakei	food
LABG_012608	Lactobacillus	Lactobacillus delbrueckii	human
LABG_012615	Lactobacillus	Lactobacillus delbrueckii	human
LABG_012625	Lactobacillus	Lactobacillus delbrueckii	human
LABG_012629	Lactobacillus	Lactobacillus delbrueckii	human
LABG_012632	Lactobacillus	Lactobacillus delbrueckii	human
LABG_012641	Lactobacillus	Lactobacillus delbrueckii	human
LABG_012642	Lactobacillus	Lactobacillus delbrueckii	human
LABG_012647	Lactobacillus	Lactobacillus delbrueckii	human
LABG_012651	Limosilactobacillus	Limosilactobacillus fermentum	other
LABG_012652	Ligilactobacillus	Ligilactobacillus ruminis	other
LABG_012653	Lactobacillus	Lactobacillus amylovorus	other
LABG_012656	Limosilactobacillus	Limosilactobacillus mucosae	other
LABG_012661	Ligilactobacillus	Ligilactobacillus saerimneri	other
LABG_012665	Limosilactobacillus	Limosilactobacillus mucosae	other
LABG_012678	Pediococcus	Pediococcus acidilactici	food
LABG_012681	Weissella	Weissella cibaria	other
LABG_012687	Limosilactobacillus	Limosilactobacillus vaginalis	human
LABG_012688	Lactobacillus	Lactobacillus amylovorus	other
LABG_012690	Limosilactobacillus	Limosilactobacillus mucosae	other
LABG_012701	Ligilactobacillus	Ligilactobacillus ruminis	other
LABG_012705	Ligilactobacillus	Ligilactobacillus ruminis	other
LABG_012708	Ligilactobacillus	Ligilactobacillus ruminis	other
LABG_012709	Lactobacillus	Lactobacillus delbrueckii	other
LABG_012710	Limosilactobacillus	Limosilactobacillus vaginalis	human
LABG_012713	Ligilactobacillus	Ligilactobacillus ruminis	other
LABG_012718	Limosilactobacillus	Limosilactobacillus mucosae	other
LABG_012721	Levilactobacillus	Levilactobacillus brevis	food
LABG_012723	Lactobacillus	Lactobacillus johnsonii	other
LABG_012725	Limosilactobacillus	Limosilactobacillus oris	other
LABG_012726	Limosilactobacillus	Limosilactobacillus fermentum	other
LABG_012731	Pediococcus	Pediococcus acidilactici	other
LABG_012733	Lacticaseibacillus	Lacticaseibacillus rhamnosus	other
LABG_012735	Limosilactobacillus	Limosilactobacillus reuteri	other
LABG_012736	Lactobacillus	Lactobacillus paragasseri	other
LABG_012741	Limosilactobacillus	Limosilactobacillus mucosae	other
LABG_012743	Limosilactobacillus	Limosilactobacillus fermentum	other
LABG_012744	Ligilactobacillus	Ligilactobacillus ruminis	other
LABG_012745	Limosilactobacillus	Limosilactobacillus mucosae	other
LABG_012746	Pediococcus	Pediococcus pentosaceus	other
LABG_012759	Ligilactobacillus	Ligilactobacillus salivarius	animal
LABG_012760	Lactiplantibacillus	Lactiplantibacillus paraplantarum	animal
LABG_012762	Leuconostoc	Leuconostoc lactis	food
LABG_012764	Limosilactobacillus	Limosilactobacillus mucosae	food
LABG_012772	Weissella	Weissella cibaria	food
LABG_012781	Limosilactobacillus	Limosilactobacillus fermentum	food
LABG_012784	Furfurilactobacillus	Furfurilactobacillus milii_A	food
LABG_012787	Lactobacillus	Lactobacillus gasseri	human
LABG_012791	Lacticaseibacillus	Lacticaseibacillus paracasei	food
LABG_012792	Apilactobacillus	Apilactobacillus kunkeei_C	animal
LABG_012811	Ligilactobacillus	Ligilactobacillus ruminis	human
LABG_012817	Limosilactobacillus	Limosilactobacillus mucosae	human
LABG_012823	Lactobacillus	Lactobacillus delbrueckii	other
LABG_012856	Lactiplantibacillus	Lactiplantibacillus pentosus	food
LABG_012897	Lacticaseibacillus	Lacticaseibacillus paracasei	animal
LABG_012898	Ligilactobacillus	Ligilactobacillus salivarius	animal
LABG_012901	Lactiplantibacillus	Lactiplantibacillus pentosus	food
LABG_012902	Limosilactobacillus	Limosilactobacillus mucosae	animal
LABG_012903	Pediococcus	Pediococcus acidilactici	other
LABG_012905	Leuconostoc	Leuconostoc suionicum	food
LABG_012911	Leuconostoc	Leuconostoc suionicum	food
LABG_012914	Leuconostoc	Leuconostoc mesenteroides	other
LABG_012915	Lacticaseibacillus	Lacticaseibacillus chiayiensis	food
LABG_012916	Weissella	Weissella soli	other
LABG_012917	Latilactobacillus		other
LABG_012918	Latilactobacillus	Latilactobacillus sakei	other
LABG_012925	Acetilactobacillus	Acetilactobacillus jinshanensis	food
LABG_012951	Lacticaseibacillus	Lacticaseibacillus paracasei	human
LABG_012961	Ligilactobacillus	Ligilactobacillus salivarius	animal
LABG_012963	Lactobacillus	Lactobacillus amylovorus	animal
LABG_012965	Lactobacillus	Lactobacillus sp945980025	animal
LABG_012969	Lactobacillus	Lactobacillus sp945980025	animal
LABG_012972	Limosilactobacillus	Limosilactobacillus mucosae	animal
LABG_012977	Limosilactobacillus		animal
LABG_012978	Lactobacillus	Lactobacillus sp945980025	animal
LABG_012983	Lactobacillus	Lactobacillus sp945980025	animal
LABG_012984	Lactobacillus	Lactobacillus sp945980025	animal
LABG_012985	Limosilactobacillus	Limosilactobacillus reuteri_I	animal
LABG_012995	Pediococcus	Pediococcus parvulus	food
LABG_012996	Lacticaseibacillus	Lacticaseibacillus paracasei	food
LABG_013003	Lentilactobacillus	Lentilactobacillus otakiensis	food
LABG_013012	Levilactobacillus	Levilactobacillus brevis	food
LABG_013013	Limosilactobacillus	Limosilactobacillus caviae	other
LABG_013014	Lentilactobacillus	Lentilactobacillus senioris	other
LABG_013015	Lactiplantibacillus	Lactiplantibacillus plantarum	other
LABG_013017	Fructilactobacillus		other
LABG_013018	Lactiplantibacillus	Lactiplantibacillus pentosus	food
LABG_013026	Weissella	Weissella cibaria	food
LABG_013034	Leuconostoc	Leuconostoc lactis	human
LABG_013035	Lactobacillus	Lactobacillus crispatus	human
LABG_013040	Limosilactobacillus	Limosilactobacillus portuensis	human
LABG_013045	Pediococcus	Pediococcus pentosaceus	food
LABG_013046	Limosilactobacillus	Limosilactobacillus reuteri_J	food
LABG_013047	Ligilactobacillus	Ligilactobacillus salivarius	food
LABG_013048	Lactobacillus		food
LABG_013050	Limosilactobacillus	Limosilactobacillus fermentum	food
LABG_013051	Lactiplantibacillus	Lactiplantibacillus plantarum	food
LABG_013053	Lactiplantibacillus	Lactiplantibacillus pentosus	food
LABG_013054	Lactiplantibacillus	Lactiplantibacillus plantarum	animal
LABG_013059	Pediococcus	Pediococcus pentosaceus	food
LABG_013061	Ligilactobacillus	Ligilactobacillus agilis	animal
LABG_013063	Limosilactobacillus	Limosilactobacillus reuteri_E	animal
LABG_013064	Lactiplantibacillus	Lactiplantibacillus plantarum	food
LABG_013065	Weissella	Weissella tructae	other
LABG_013067	Limosilactobacillus	Limosilactobacillus reuteri_E	animal
LABG_013074	Lacticaseibacillus	Lacticaseibacillus rhamnosus	human
LABG_013082	Lactiplantibacillus	Lactiplantibacillus paraplantarum	animal
LABG_013087	Lacticaseibacillus	Lacticaseibacillus paracasei	food
LABG_013088	Pediococcus	Pediococcus acidilactici	animal
LABG_013091	Lactobacillus	Lactobacillus iners	human
LABG_013094	Lactobacillus	Lactobacillus iners	human
LABG_013095	Lactobacillus	Lactobacillus iners	human
LABG_013118	Limosilactobacillus	Limosilactobacillus fermentum	food
LABG_013125	Limosilactobacillus	Limosilactobacillus mucosae	food
LABG_013130	Limosilactobacillus	Limosilactobacillus fermentum	food
LABG_013229	Limosilactobacillus	Limosilactobacillus mucosae	food
LABG_013248	Limosilactobacillus	Limosilactobacillus mucosae	food
LABG_013257	Leuconostoc	Leuconostoc mesenteroides	food
LABG_013258	Lactobacillus	Lactobacillus iners	human
LABG_013260	Pediococcus	Pediococcus acidilactici	food
LABG_013269	Lactobacillus	Lactobacillus sp945980025	human
LABG_013271	Lactobacillus	Lactobacillus crispatus	animal
LABG_013272	Weissella	Weissella paramesenteroides	animal
LABG_013273	Weissella	Weissella paramesenteroides	animal
LABG_013274	Lactobacillus	Lactobacillus sp946579245	animal
LABG_013275	Loigolactobacillus	Loigolactobacillus coryniformis	animal
LABG_013276	Limosilactobacillus	Limosilactobacillus reuteri_E	animal
LABG_013277	Ligilactobacillus	Ligilactobacillus salivarius	animal
LABG_013278	Ligilactobacillus	Ligilactobacillus salivarius	animal
LABG_013279	Ligilactobacillus	Ligilactobacillus salivarius	animal
LABG_013281	Lactobacillus	Lactobacillus crispatus	animal
LABG_013283	Limosilactobacillus	Limosilactobacillus vaginalis	animal
LABG_013284	Ligilactobacillus	Ligilactobacillus salivarius	animal
LABG_013286	Limosilactobacillus	Limosilactobacillus vaginalis	animal
LABG_013287	Weissella	Weissella paramesenteroides	animal
LABG_013289	Ligilactobacillus	Ligilactobacillus saerimneri	animal
LABG_013290	Limosilactobacillus	Limosilactobacillus reuteri_E	animal
LABG_013291	Ligilactobacillus	Ligilactobacillus salivarius	animal
LABG_013294	Lapidilactobacillus	Lapidilactobacillus dextrinicus	animal
LABG_013295	Limosilactobacillus	Limosilactobacillus reuteri_E	animal
LABG_013296	Latilactobacillus	Latilactobacillus sakei	food
LABG_013299	Lactiplantibacillus	Lactiplantibacillus plantarum	food
LABG_013307	Latilactobacillus	Latilactobacillus sakei	food
LABG_013319	Latilactobacillus	Latilactobacillus sakei	other
LABG_013320	Latilactobacillus	Latilactobacillus sakei	food
LABG_013322	Latilactobacillus	Latilactobacillus sakei	food
LABG_013331	Latilactobacillus	Latilactobacillus sakei	food
LABG_013332	Lactobacillus	Lactobacillus acidophilus	other
LABG_013336	Lactobacillus	Lactobacillus acidophilus	other
LABG_013346	Lactiplantibacillus	Lactiplantibacillus plantarum	food
LABG_013356	Lactiplantibacillus	Lactiplantibacillus plantarum	food
LABG_013386	Lacticaseibacillus	Lacticaseibacillus paracasei	food
LABG_013438	Lactiplantibacillus	Lactiplantibacillus plantarum	animal
LABG_013443	Lactobacillus	Lactobacillus kitasatonis	food
LABG_013444	Limosilactobacillus	Limosilactobacillus reuteri_E	other
LABG_013447	Weissella	Weissella cibaria	other
LABG_013449	Weissella	Weissella cibaria	other
LABG_013452	Limosilactobacillus	Limosilactobacillus fermentum	other
LABG_013453	Weissella	Weissella confusa	other
LABG_013454	Weissella	Weissella cibaria	other
LABG_013458	Lactobacillus	Lactobacillus panisapium	animal
LABG_013459	Limosilactobacillus	Limosilactobacillus reuteri	animal
LABG_013463	Weissella	Weissella confusa	other
LABG_013464	Oenococcus		food
LABG_013470	Limosilactobacillus		animal
LABG_013471	Limosilactobacillus		animal
LABG_013473	Ligilactobacillus	Ligilactobacillus ruminis	other
LABG_013474	Lactobacillus	Lactobacillus absianus	other
LABG_013476	Lactobacillus	Lactobacillus crispatus	other
LABG_013477	Lactobacillus		animal
LABG_013479	Limosilactobacillus	Limosilactobacillus mucosae	other
LABG_013480	Lactobacillus		animal
LABG_013482	Weissella		food
LABG_013489	Ligilactobacillus	Ligilactobacillus ruminis	other
LABG_013490	Limosilactobacillus	Limosilactobacillus mucosae	other
LABG_013494	Lactobacillus	Lactobacillus helveticus	human
LABG_013515	Lactobacillus	Lactobacillus amylovorus	animal
LABG_013529	Lactobacillus	Lactobacillus amylovorus	animal
LABG_013531	Ligilactobacillus	Ligilactobacillus agilis	animal
LABG_013532	Leuconostoc	Leuconostoc mesenteroides_B	other
LABG_013553	Levilactobacillus	Levilactobacillus brevis	food
LABG_013556	Lactobacillus	Lactobacillus helveticus	food
LABG_013583	Lactobacillus	Lactobacillus sp030455605	food
LABG_013595	Lacticaseibacillus	Lacticaseibacillus paracasei	food
LABG_013596	Lactiplantibacillus	Lactiplantibacillus plantarum	food
LABG_013607	Lacticaseibacillus	Lacticaseibacillus paracasei	food
LABG_013630	Leuconostoc	Leuconostoc falkenbergense	food
LABG_013637	Leuconostoc	Leuconostoc falkenbergense	food
LABG_013644	Ligilactobacillus	Ligilactobacillus ruminis	animal
LABG_013645	Ligilactobacillus	Ligilactobacillus ruminis	animal
LABG_013646	Ligilactobacillus	Ligilactobacillus ruminis	animal
LABG_013648	Lactobacillus	Lactobacillus amylovorus	animal
LABG_013651	Lactobacillus	Lactobacillus amylovorus	animal
LABG_013657	Lactobacillus	Lactobacillus amylovorus	animal
LABG_013662	Ligilactobacillus	Ligilactobacillus salivarius	animal
LABG_013664	Lactobacillus	Lactobacillus amylovorus	animal
LABG_013666	Limosilactobacillus	Limosilactobacillus reuteri_E	animal
LABG_013680	Lentilactobacillus	Lentilactobacillus hilgardii	food
LABG_013683	Ligilactobacillus	Ligilactobacillus ruminis	human
LABG_013684	Limosilactobacillus	Limosilactobacillus reuteri	human
LABG_013686	Ligilactobacillus	Ligilactobacillus ruminis	human
LABG_013692	Pediococcus	Pediococcus pentosaceus	animal
LABG_013696	Apilactobacillus	Apilactobacillus kunkeei_E	animal
LABG_013697	Leuconostoc	Leuconostoc pseudomesenteroides	food
LABG_013698	Leuconostoc	Leuconostoc suionicum	food
LABG_013702	Pediococcus	Pediococcus pentosaceus	food
LABG_013704	Lactobacillus	Lactobacillus amylovorus	other
LABG_013705	Limosilactobacillus	Limosilactobacillus fermentum	other
LABG_013707	Limosilactobacillus	Limosilactobacillus mucosae	animal
LABG_013709	Leuconostoc	Leuconostoc pseudomesenteroides	food
LABG_013710	Levilactobacillus	Levilactobacillus hammesii	food
LABG_013711	Ligilactobacillus	Ligilactobacillus murinus	other
LABG_013713	Lacticaseibacillus	Lacticaseibacillus paracasei	food
LABG_013714	Lactobacillus		food
LABG_013720	Lacticaseibacillus	Lacticaseibacillus paracasei	food
LABG_013725	Weissella	Weissella viridescens	food
LABG_013727	BQUT01		food
LABG_013731	Lacticaseibacillus	Lacticaseibacillus paracasei	food
LABG_013735	Levilactobacillus	Levilactobacillus brevis	animal
LABG_013739	Leuconostoc	Leuconostoc citreum	other
LABG_013743	Leuconostoc	Leuconostoc citreum	other
LABG_013744	Leuconostoc	Leuconostoc mesenteroides	animal
LABG_013745	Leuconostoc	Leuconostoc citreum	other
LABG_013749	Lactobacillus	Lactobacillus sp910589175	animal
LABG_013750	Limosilactobacillus	Limosilactobacillus fermentum	animal
LABG_013751	Weissella	Weissella confusa_A	food
LABG_013753	Lacticaseibacillus	Lacticaseibacillus paracasei	food
LABG_013767	Limosilactobacillus	Limosilactobacillus fermentum	human
LABG_013769	Lactobacillus	Lactobacillus delbrueckii	human
LABG_013775	Furfurilactobacillus		food
LABG_013780	Weissella	Weissella paramesenteroides	animal
LABG_013784	Lactobacillus	Lactobacillus amylovorus	animal
LABG_013793	Holzapfeliella		food
LABG_013794	Leuconostoc		food
LABG_013795	Holzapfeliella		food
LABG_013800	Limosilactobacillus	Limosilactobacillus reuteri_E	animal
LABG_013803	Ligilactobacillus		food
LABG_013805	Weissella	Weissella confusa	other
LABG_013807	Pediococcus	Pediococcus pentosaceus	other
LABG_013817	Leuconostoc	Leuconostoc falkenbergense	food
LABG_013819	Levilactobacillus	Levilactobacillus yonginensis	other
LABG_013825	Pediococcus	Pediococcus argentinicus	food
LABG_013828	Weissella	Weissella viridescens	food
LABG_013831	Periweissella	Periweissella fabalis	food
LABG_013840	Leuconostoc	Leuconostoc holzapfelii	food
LABG_013841	Leuconostoc_B	Leuconostoc_B fallax	food
LABG_013843	Leuconostoc	Leuconostoc palmae	food
LABG_013845	Pediococcus	Pediococcus ethanolidurans	food
LABG_013847	Leuconostoc	Leuconostoc lactis	human
LABG_013851	Lacticaseibacillus	Lacticaseibacillus paracasei	other
LABG_013852	Limosilactobacillus	Limosilactobacillus fermentum	food
LABG_013853	Limosilactobacillus	Limosilactobacillus fermentum	food
LABG_013860	Pediococcus	Pediococcus acidilactici_A	other
LABG_013866	Limosilactobacillus	Limosilactobacillus fermentum	human
LABG_013887	Pediococcus	Pediococcus pentosaceus	food
LABG_013901	Leuconostoc	Leuconostoc inhae_A	food
LABG_013903	Ligilactobacillus	Ligilactobacillus salivarius	human
LABG_013904	Pediococcus	Pediococcus pentosaceus	food
LABG_013909	Pediococcus	Pediococcus pentosaceus	food
LABG_013916	Limosilactobacillus	Limosilactobacillus reuteri_E	human
LABG_013917	Levilactobacillus	Levilactobacillus spicheri	other
LABG_013918	Limosilactobacillus	Limosilactobacillus mucosae	other
LABG_013922	Lactiplantibacillus	Lactiplantibacillus plantarum	other
LABG_013926	Ligilactobacillus	Ligilactobacillus salivarius	animal
LABG_013928	Lactiplantibacillus	Lactiplantibacillus plantarum	animal
LABG_013930	Lactiplantibacillus	Lactiplantibacillus pentosus	food
LABG_013935	Ligilactobacillus	Ligilactobacillus salivarius	animal
LABG_013937	Lactobacillus	Lactobacillus sp945980025	human
LABG_014119	Lactobacillus	Lactobacillus crispatus	animal
LABG_014120	Ligilactobacillus	Ligilactobacillus salivarius	animal
LABG_014121	Ligilactobacillus	Ligilactobacillus salivarius	animal
LABG_014122	Lactobacillus	Lactobacillus crispatus	animal
LABG_014123	Ligilactobacillus	Ligilactobacillus salivarius	animal
LABG_014124	Limosilactobacillus	Limosilactobacillus ingluviei	animal
LABG_014126	Limosilactobacillus	Limosilactobacillus ingluviei	food
LABG_014128	Limosilactobacillus	Limosilactobacillus reuteri	animal
LABG_014129	Lacticaseibacillus	Lacticaseibacillus saniviri	food
LABG_014204	Lactobacillus	Lactobacillus delbrueckii	other
LABG_014208	Latilactobacillus	Latilactobacillus curvatus	food
LABG_014213	Lactobacillus	Lactobacillus delbrueckii	other
LABG_014220	Paucilactobacillus	Paucilactobacillus oligofermentans	other
LABG_014223	Leuconostoc	Leuconostoc gasicomitatum	food
LABG_014229	Lactobacillus	Lactobacillus absianus	other
LABG_014230	Lactiplantibacillus	Lactiplantibacillus pentosus	food
LABG_014232	Ligilactobacillus	Ligilactobacillus salivarius	other
LABG_014233	Lactobacillus	Lactobacillus apis	other
LABG_014242	Fructobacillus	Fructobacillus pseudoficulneus	other
LABG_014243	Limosilactobacillus	Limosilactobacillus mucosae	other
LABG_014244	Ligilactobacillus	Ligilactobacillus ruminis_A	other
LABG_014250	Ligilactobacillus	Ligilactobacillus acidipiscis	food
LABG_014257	Limosilactobacillus	Limosilactobacillus caccae	other
LABG_014258	Pediococcus	Pediococcus acidilactici	food
LABG_014261	Weissella	Weissella confusa	food
LABG_014264	Latilactobacillus	Latilactobacillus curvatus	food
LABG_014265	Levilactobacillus	Levilactobacillus zymae	food
LABG_014272	Latilactobacillus	Latilactobacillus sakei	food
LABG_014273	Latilactobacillus	Latilactobacillus sakei	food
LABG_014278	Latilactobacillus	Latilactobacillus sakei	food
LABG_014280	Latilactobacillus	Latilactobacillus sakei	food
LABG_014282	Limosilactobacillus	Limosilactobacillus timonensis	food
LABG_014286	Latilactobacillus	Latilactobacillus fuchuensis	food
LABG_014302	Lactobacillus	Lactobacillus delbrueckii	food
LABG_014303	Latilactobacillus	Latilactobacillus sakei	other
LABG_014304	Lentilactobacillus	Lentilactobacillus raoultii	human
LABG_014308	Levilactobacillus	Levilactobacillus brevis	food
LABG_014317	Oenococcus	Oenococcus oeni	other
LABG_014319	Oenococcus	Oenococcus oeni	other
LABG_014320	Oenococcus	Oenococcus oeni	other
LABG_014324	Oenococcus	Oenococcus oeni	other
LABG_014326	Oenococcus	Oenococcus oeni	other
LABG_014328	Oenococcus	Oenococcus oeni	other
LABG_014330	Lactobacillus	Lactobacillus absianus	human
LABG_014336	Lactiplantibacillus	Lactiplantibacillus plantarum	food
LABG_014339	Lactobacillus	Lactobacillus paragasseri	human
LABG_014350	Limosilactobacillus	Limosilactobacillus reuteri_E	human
LABG_014360	Latilactobacillus	Latilactobacillus sakei	human
LABG_014364	Limosilactobacillus	Limosilactobacillus mucosae	human
LABG_014373	Leuconostoc	Leuconostoc pseudomesenteroides	human
LABG_014420	Ligilactobacillus	Ligilactobacillus sp900765635	human
LABG_014437	Levilactobacillus	Levilactobacillus namurensis_A	human
LABG_014438	Limosilactobacillus	Limosilactobacillus mucosae	other
LABG_014444	Ligilactobacillus	Ligilactobacillus salivarius	food
LABG_014445	Lactobacillus	Lactobacillus gallinarum	food
LABG_014447	Lactobacillus	Lactobacillus crispatus	food
LABG_014449	Limosilactobacillus	Limosilactobacillus reuteri_E	food
LABG_014450	Lactobacillus	Lactobacillus sp946579245	food
LABG_014452	Limosilactobacillus	Limosilactobacillus galli	other
LABG_014454	Lactobacillus	Lactobacillus crispatus	food
LABG_014458	Ligilactobacillus	Ligilactobacillus aviarius_C	other
LABG_014460	Lacticaseibacillus	Lacticaseibacillus paracasei	other
LABG_014463	Limosilactobacillus	Limosilactobacillus ingluviei	human
LABG_014466	Companilactobacillus	Companilactobacillus farciminis	human
LABG_014467	Limosilactobacillus	Limosilactobacillus mucosae	human
LABG_014470	Lactobacillus	Lactobacillus crispatus	human
LABG_014472	Lapidilactobacillus	Lapidilactobacillus dextrinicus	human
LABG_014474	Lactobacillus	Lactobacillus gallinarum	human
LABG_014475	Limosilactobacillus	Limosilactobacillus timonensis	human
LABG_014477	Lacticaseibacillus	Lacticaseibacillus suilingensis	human
LABG_014481	Ligilactobacillus	Ligilactobacillus ruminis	human
LABG_014485	Limosilactobacillus	Limosilactobacillus oris_A	human
LABG_014486	Limosilactobacillus	Limosilactobacillus vaginalis	human
LABG_014487	Companilactobacillus	Companilactobacillus pabuli	human
LABG_014489	Lactobacillus	Lactobacillus delbrueckii	human
LABG_014492	Lactobacillus	Lactobacillus amylovorus	human
LABG_014493	Limosilactobacillus	Limosilactobacillus intestinavium	human
LABG_014497	Latilactobacillus	Latilactobacillus fragifolii	other
LABG_014511	Limosilactobacillus	Limosilactobacillus reuteri_I	animal
LABG_014523	Weissella	Weissella confusa	other
LABG_014526	Ligilactobacillus	Ligilactobacillus murinus	other
LABG_014532	Lactobacillus	Lactobacillus sp945980025	other
LABG_014533	Ligilactobacillus	Ligilactobacillus sp910587695	other
LABG_014534	Lactobacillus	Lactobacillus sp910589175	food
LABG_014535	Lactobacillus	Lactobacillus sp910589675	food
LABG_014541	Periweissella	Periweissella fabaria	food
LABG_014542	Periweissella	Periweissella ghanensis	food
LABG_014560	Levilactobacillus	Levilactobacillus brevis	other
LABG_014561	Levilactobacillus	Levilactobacillus brevis	other
LABG_014562	Lactiplantibacillus	Lactiplantibacillus paraplantarum	other
LABG_014566	Ligilactobacillus	Ligilactobacillus salivarius	other
LABG_014596	Lactobacillus	Lactobacillus gallinarum	animal
LABG_014597	Lactobacillus	Lactobacillus delbrueckii	food
LABG_014599	Limosilactobacillus	Limosilactobacillus urinaemulieris	other
LABG_014600	Lactobacillus	Lactobacillus intestinalis	other
LABG_014601	Limosilactobacillus	Limosilactobacillus antri	other
LABG_014602	Limosilactobacillus	Limosilactobacillus antri	other
LABG_014603	Convivina	Convivina intestini	food
LABG_014604	Convivina	Convivina praedatoris	food
LABG_014607	Convivina	Convivina intestini	food
LABG_014608	Furfurilactobacillus	Furfurilactobacillus rossiae_B	human
LABG_014609	Limosilactobacillus	Limosilactobacillus oris_A	human
LABG_014610	Lactobacillus	Lactobacillus delbrueckii	human
LABG_014613	Lentilactobacillus	Lentilactobacillus curieae	human
LABG_014614	Ligilactobacillus	Ligilactobacillus ruminis	human
LABG_014625	Leuconostoc	Leuconostoc lactis	human
LABG_014627	Limosilactobacillus	Limosilactobacillus fermentum	human
LABG_014629	Lactobacillus	Lactobacillus kitasatonis	human
LABG_014630	Limosilactobacillus	Limosilactobacillus sp934202235	human
LABG_014631	Limosilactobacillus	Limosilactobacillus sp934202705	human
LABG_014634	Ligilactobacillus	Ligilactobacillus sp934215475	human
LABG_014635	Lactobacillus	Lactobacillus crispatus	human
LABG_014636	Ligilactobacillus	Ligilactobacillus ruminis	human
LABG_014637	Secundilactobacillus	Secundilactobacillus kimchicus	human
LABG_014639	Limosilactobacillus	Limosilactobacillus gastricus_A	human
LABG_014641	Weissella	Weissella cibaria	human
LABG_014642	Ligilactobacillus	Ligilactobacillus ruminis	human
LABG_014643	Acetilactobacillus	Acetilactobacillus sp934216625	human
LABG_014644	Weissella	Weissella cibaria	human
LABG_014646	Oenococcus	Oenococcus sp934229385	human
LABG_014648	Limosilactobacillus	Limosilactobacillus vaginalis	human
LABG_014652	Lactobacillus	Lactobacillus amylovorus	human
LABG_014656	Lacticaseibacillus	Lacticaseibacillus sp934339215	human
LABG_014657	Lacticaseibacillus	Lacticaseibacillus sp934370925	human
LABG_014658	Lacticaseibacillus	Lacticaseibacillus pantheris	human
LABG_014660	Companilactobacillus	Companilactobacillus sp937874185	food
LABG_014661	Levilactobacillus	Levilactobacillus sp937874695	food
LABG_014664	Lactiplantibacillus	Lactiplantibacillus carotarum	food
LABG_014665	Lactobacillus	Lactobacillus sp002418055	food
LABG_014671	Lactobacillus	Lactobacillus amylolyticus	food
LABG_014672	Liquorilactobacillus	Liquorilactobacillus mali_A	food
LABG_014673	Secundilactobacillus	Secundilactobacillus silagincola	food
LABG_014676	Lactobacillus	Lactobacillus sp002417825	food
LABG_014677	Leuconostoc	Leuconostoc falkenbergense	food
LABG_014679	Schleiferilactobacillus	Schleiferilactobacillus harbinensis	food
LABG_014681	Limosilactobacillus	Limosilactobacillus reuteri	other
LABG_014685	Lactobacillus	Lactobacillus iners	other
LABG_014686	Limosilactobacillus	Limosilactobacillus vaginalis	human
LABG_014688	Ligilactobacillus	Ligilactobacillus salivarius	human
LABG_014689	Limosilactobacillus	Limosilactobacillus galli	human
LABG_014695	Lactobacillus	Lactobacillus crispatus	human
LABG_014699	Ligilactobacillus	Ligilactobacillus ruminis	human
LABG_014701	Limosilactobacillus	Limosilactobacillus oris	human
LABG_014705	Lactobacillus	Lactobacillus gallinarum	human
LABG_014708	Limosilactobacillus	Limosilactobacillus intestinipullorum	human
LABG_014712	Lactobacillus	Lactobacillus amylovorus	human
LABG_014718	Limosilactobacillus	Limosilactobacillus reuteri	human
LABG_014719	Limosilactobacillus	Limosilactobacillus caecicola	other
LABG_014720	Lactobacillus	Lactobacillus agrestimuris	other
LABG_014721	Limosilactobacillus	Limosilactobacillus agrestimuris	other
LABG_014725	Lactobacillus	Lactobacillus delbrueckii	other
LABG_014726	Limosilactobacillus	Limosilactobacillus mucosae	animal
LABG_014728	Ligilactobacillus	Ligilactobacillus excrementigallinarum	animal
LABG_014729	Lactobacillus	Lactobacillus sp946579245	animal
LABG_014730	Limosilactobacillus	Limosilactobacillus reuteri_E	animal
LABG_014733	Lactobacillus	Lactobacillus kitasatonis	animal
LABG_014734	Ligilactobacillus	Ligilactobacillus agilis	animal
LABG_014735	Lactobacillus	Lactobacillus crispatus	animal
LABG_014737	Ligilactobacillus	Ligilactobacillus cholophilus	animal
LABG_014738	Ligilactobacillus	Ligilactobacillus saerimneri	animal
LABG_014739	Lactobacillus	Lactobacillus gallinarum	animal
LABG_014740	Ligilactobacillus	Ligilactobacillus hohenheimensis	animal
LABG_014741	Limosilactobacillus		animal
LABG_014742	Ligilactobacillus	Ligilactobacillus salivarius	animal
LABG_014743	Ligilactobacillus	Ligilactobacillus faecavium	animal
LABG_014744	Ligilactobacillus	Ligilactobacillus aviarius_C	animal
LABG_014748	Limosilactobacillus	Limosilactobacillus intestinavium	animal
LABG_014749	Lactobacillus	Lactobacillus sp944327175	animal
LABG_014750	Lactobacillus	Lactobacillus pullistercoris	animal
LABG_014751	Limosilactobacillus	Limosilactobacillus sp944327195	animal
LABG_014752	Limosilactobacillus	Limosilactobacillus fermentum	other
LABG_014753	Limosilactobacillus	Limosilactobacillus fermentum	other
LABG_014754	Limosilactobacillus	Limosilactobacillus fermentum	other
LABG_014757	Lactobacillus	Lactobacillus panisapium	animal
LABG_014760	Lactobacillus	Lactobacillus helsingborgensis	animal
LABG_014761	Lactobacillus	Lactobacillus sp945281075	animal
LABG_014764	Bombilactobacillus	Bombilactobacillus mellis	animal
LABG_014766	Lactobacillus	Lactobacillus apis	animal
LABG_014768	Lactobacillus	Lactobacillus sp945980025	animal
LABG_014772	Lactobacillus	Lactobacillus sp945980025	animal
LABG_014773	Ligilactobacillus	Ligilactobacillus agilis	animal
LABG_014777	Lactobacillus	Lactobacillus johnsonii	animal
LABG_014778	Lactobacillus	Lactobacillus johnsonii	animal
LABG_014779	Lactobacillus	Lactobacillus absianus	animal
LABG_014784	Limosilactobacillus	Limosilactobacillus mucosae	animal
LABG_014785	Limosilactobacillus	Limosilactobacillus sp002299975	animal
LABG_014787	Lactobacillus	Lactobacillus absianus	animal
LABG_014790	Lactobacillus	Lactobacillus amylovorus	animal
LABG_014793	Lactobacillus	Lactobacillus sp945980025	animal
LABG_014795	Limosilactobacillus	Limosilactobacillus reuteri_I	animal
LABG_014798	Limosilactobacillus	Limosilactobacillus mucosae	animal
LABG_014799	Lactobacillus	Lactobacillus sp910589675	animal
LABG_014800	Ligilactobacillus	Ligilactobacillus salivarius	animal
LABG_014801	Lactobacillus	Lactobacillus equicursoris	animal
LABG_014803	Limosilactobacillus	Limosilactobacillus sp002299975	animal
LABG_014804	Lactobacillus	Lactobacillus amylovorus	animal
LABG_014805	Limosilactobacillus	Limosilactobacillus sp945873395	animal
LABG_014806	Limosilactobacillus	Limosilactobacillus intestinavium	animal
LABG_014807	Lactobacillus	Lactobacillus delbrueckii_B	animal
LABG_014812	Limosilactobacillus	Limosilactobacillus vaginalis	animal
LABG_014813	Lactobacillus	Lactobacillus delbrueckii_B	animal
LABG_014814	Lactobacillus	Lactobacillus sp910589675	animal
LABG_014815	Lactobacillus	Lactobacillus amylovorus	animal
LABG_014816	Ligilactobacillus	Ligilactobacillus salivarius	animal
LABG_014817	Lactobacillus	Lactobacillus amylovorus	animal
LABG_014819	Lactobacillus	Lactobacillus sp910589675	animal
LABG_014821	Lactobacillus	Lactobacillus amylovorus	animal
LABG_014822	Lactobacillus	Lactobacillus amylovorus	animal
LABG_014823	Lactobacillus	Lactobacillus sp945980025	animal
LABG_014825	Lactobacillus	Lactobacillus sp910589675	animal
LABG_014827	Lactobacillus	Lactobacillus amylovorus	animal
LABG_014828	Limosilactobacillus	Limosilactobacillus sp945971245	animal
LABG_014830	Lactobacillus	Lactobacillus absianus	animal
LABG_014831	Lactobacillus	Lactobacillus johnsonii	animal
LABG_014832	Lactobacillus	Lactobacillus delbrueckii_B	animal
LABG_014833	Limosilactobacillus	Limosilactobacillus vaginalis	animal
LABG_014837	Lactobacillus	Lactobacillus sp945980025	animal
LABG_014838	Limosilactobacillus	Limosilactobacillus mucosae	animal
LABG_014843	Leuconostoc	Leuconostoc sp946222815	human
LABG_014847	Lactobacillus	Lactobacillus sp945980025	animal
LABG_014851	Lactobacillus	Lactobacillus sp945980025	animal
LABG_014853	Lapidilactobacillus	Lapidilactobacillus gannanensis	animal
LABG_014857	Lactobacillus	Lactobacillus rizhaonensis	animal
LABG_014858	Lactobacillus	Lactobacillus melliventris	animal
LABG_014859	Bombilactobacillus	Bombilactobacillus mellifer	animal
LABG_014860	Fructobacillus	Fructobacillus cardui	animal
LABG_014861	Lactobacillus	Lactobacillus melliventris	animal
LABG_014862	Lactobacillus	Lactobacillus helsingborgensis	animal
LABG_014863	Lactobacillus	Lactobacillus kullabergensis	animal
LABG_014864	Lactobacillus	Lactobacillus helsingborgensis	animal
LABG_014865	Bombilactobacillus	Bombilactobacillus mellifer	animal
LABG_014866	Lactobacillus	Lactobacillus helsingborgensis	animal
LABG_014867	Fructobacillus	Fructobacillus fructosus	animal
LABG_014868	Lactobacillus	Lactobacillus apis	animal
LABG_014869	Lactobacillus	Lactobacillus melliventris	animal
LABG_014870	Lactobacillus	Lactobacillus apis_A	animal
LABG_014871	Bombilactobacillus	Bombilactobacillus mellis	animal
LABG_014872	Lactobacillus	Lactobacillus sp946477725	animal
LABG_014874	Lactobacillus	Lactobacillus apis	animal
LABG_014875	Bombilactobacillus	Bombilactobacillus mellis	animal
LABG_014876	Bombilactobacillus	Bombilactobacillus mellifer	animal
LABG_014877	Apilactobacillus	Apilactobacillus kunkeei_F	animal
LABG_014878	Lactobacillus	Lactobacillus apis	animal
LABG_014879	Lactobacillus	Lactobacillus panisapium	animal
LABG_014880	Lactobacillus	Lactobacillus apis_A	animal
LABG_014882	Lactobacillus	Lactobacillus apis_A	animal
LABG_014883	Lactobacillus	Lactobacillus apis	animal
LABG_014884	Lactobacillus	Lactobacillus kimbladii	animal
LABG_014885	Apilactobacillus	Apilactobacillus kunkeei_F	animal
LABG_014886	Bombilactobacillus	Bombilactobacillus mellis	animal
LABG_014888	Bombilactobacillus	Bombilactobacillus mellis_A	animal
LABG_014889	Lactobacillus	Lactobacillus panisapium	animal
LABG_014890	Lactobacillus	Lactobacillus helsingborgensis	animal
LABG_014891	Bombilactobacillus	Bombilactobacillus mellis	animal
LABG_014892	Lactobacillus	Lactobacillus apis_A	animal
LABG_014893	Bombilactobacillus	Bombilactobacillus mellifer	animal
LABG_014894	Lactobacillus	Lactobacillus melliventris	animal
LABG_014895	Xylocopilactobacillus	Xylocopilactobacillus sp945273735	animal
LABG_014896	Apilactobacillus	Apilactobacillus waqarii	animal
LABG_014897	Lactobacillus	Lactobacillus apis_A	animal
LABG_014898	Lactobacillus	Lactobacillus helsingborgensis	animal
LABG_014900	Lactobacillus	Lactobacillus helsingborgensis	animal
LABG_014901	Bombilactobacillus	Bombilactobacillus mellifer	animal
LABG_014902	Lactobacillus	Lactobacillus melliventris	animal
LABG_014903	Lactobacillus	Lactobacillus kimbladii	animal
LABG_014904	Lactobacillus	Lactobacillus melliventris	animal
LABG_014905	Apilactobacillus	Apilactobacillus sp946481335	animal
LABG_014906	Bombilactobacillus	Bombilactobacillus mellis	animal
LABG_014907	Lactobacillus	Lactobacillus melliventris	animal
LABG_014909	Lactobacillus	Lactobacillus apis_A	animal
LABG_014910	Lactobacillus	Lactobacillus melliventris	animal
LABG_014911	Lactobacillus	Lactobacillus apis_A	animal
LABG_014912	Apilactobacillus	Apilactobacillus zhangqiuensis	animal
LABG_014913	Lactobacillus	Lactobacillus apis	animal
LABG_014914	Lactobacillus	Lactobacillus helsingborgensis	animal
LABG_014916	Lactobacillus	Lactobacillus kullabergensis	animal
LABG_014918	Lactobacillus	Lactobacillus panisapium	animal
LABG_014919	Lactobacillus	Lactobacillus apis_A	animal
LABG_014920	Lactobacillus	Lactobacillus helsingborgensis	animal
LABG_014921	Limosilactobacillus	Limosilactobacillus sp946487795	animal
LABG_014923	Ligilactobacillus	Ligilactobacillus agilis	animal
LABG_014924	Ligilactobacillus	Ligilactobacillus salivarius	animal
LABG_014926	Lactobacillus	Lactobacillus crispatus	animal
LABG_014927	Limosilactobacillus	Limosilactobacillus excrementigallinarum	animal
LABG_014928	Lactobacillus	Lactobacillus johnsonii	animal
LABG_014929	Lactobacillus	Lactobacillus gallinarum	animal
LABG_014930	Limosilactobacillus	Limosilactobacillus oris_A	animal
LABG_014932	Ligilactobacillus	Ligilactobacillus aviarius_C	animal
LABG_014935	Limosilactobacillus	Limosilactobacillus sp011958095	animal
LABG_014936	Lactobacillus	Lactobacillus sp910589675	animal
LABG_014938	Limosilactobacillus	Limosilactobacillus merdipullorum	animal
LABG_014940	Limosilactobacillus	Limosilactobacillus ingluviei	animal
LABG_014941	Lactobacillus	Lactobacillus sp946579245	animal
LABG_014942	Lactobacillus	Lactobacillus crispatus	animal
LABG_014943	Lactobacillus	Lactobacillus kitasatonis	animal
LABG_014944	Ligilactobacillus	Ligilactobacillus salivarius	animal
LABG_014945	Ligilactobacillus	Ligilactobacillus agilis	animal
LABG_014946	Ligilactobacillus	Ligilactobacillus aviarius_C	animal
LABG_014947	Lactobacillus	Lactobacillus gallinarum	animal
LABG_014949	Limosilactobacillus	Limosilactobacillus reuteri_E	animal
LABG_014951	Limosilactobacillus	Limosilactobacillus galli	animal
LABG_014953	Limosilactobacillus	Limosilactobacillus merdigallinarum	animal
LABG_014955	Lactobacillus	Lactobacillus apis	animal
LABG_014956	Bombilactobacillus	Bombilactobacillus mellis	animal
LABG_014957	Bombilactobacillus	Bombilactobacillus mellifer	animal
LABG_014966	Apilactobacillus	Apilactobacillus waqarii	other
LABG_014967	Apilactobacillus	Apilactobacillus kunkeei	animal
LABG_014971	Apilactobacillus	Apilactobacillus kunkeei	animal
LABG_014975	Apilactobacillus	Apilactobacillus sp946481335	animal
LABG_014976	Apilactobacillus	Apilactobacillus kunkeei_F	animal
LABG_014978	Apilactobacillus	Apilactobacillus kunkeei_F	animal
LABG_014979	Apilactobacillus	Apilactobacillus kunkeei	animal
LABG_014983	Apilactobacillus	Apilactobacillus kunkeei	animal
LABG_014993	Apilactobacillus	Apilactobacillus waqarii	other
LABG_014996	Apilactobacillus	Apilactobacillus kunkeei	animal
LABG_015002	Apilactobacillus	Apilactobacillus kunkeei_F	animal
LABG_015006	Apilactobacillus	Apilactobacillus kunkeei	animal
LABG_015009	Apilactobacillus	Apilactobacillus waqarii	other
LABG_015011	Apilactobacillus	Apilactobacillus waqarii	other
LABG_015025	Apilactobacillus	Apilactobacillus waqarii	other
LABG_015027	Apilactobacillus	Apilactobacillus kunkeei	animal
LABG_015031	Apilactobacillus	Apilactobacillus kunkeei	animal
LABG_015035	Apilactobacillus	Apilactobacillus kunkeei	animal
LABG_015044	Apilactobacillus	Apilactobacillus nanyangensis	other
LABG_015045	Apilactobacillus	Apilactobacillus kunkeei	animal
LABG_015056	Apilactobacillus	Apilactobacillus kunkeei_F	animal
LABG_015057	Apilactobacillus	Apilactobacillus apinorum	animal
LABG_015063	Apilactobacillus	Apilactobacillus kunkeei	animal
LABG_015065	Lactobacillus	Lactobacillus iners	human
LABG_015066	Lactobacillus	Lactobacillus iners	human
LABG_015074	Lactobacillus	Lactobacillus iners	human
LABG_015077	Lactobacillus	Lactobacillus iners	human
LABG_015080	Ligilactobacillus	Ligilactobacillus murinus	animal
LABG_015087	Lactobacillus	Lactobacillus johnsonii_A	food
LABG_015090	Limosilactobacillus	Limosilactobacillus rodentium	animal
LABG_015094	Ligilactobacillus	Ligilactobacillus salivarius	other
LABG_015095	Lactobacillus	Lactobacillus gallinarum	other
LABG_015096	Weissella	Weissella thailandensis	food
LABG_015097	Ligilactobacillus	Ligilactobacillus hohenheimensis	other
LABG_015098	Latilactobacillus	Latilactobacillus sakei	other
LABG_015099	Ligilactobacillus	Ligilactobacillus excrementavium	other
LABG_015101	Lactobacillus	Lactobacillus crispatus	other
LABG_015102	Limosilactobacillus	Limosilactobacillus reuteri_E	other
LABG_015107	Lactobacillus	Lactobacillus iners	human
LABG_015119	Ligilactobacillus	Ligilactobacillus murinus	animal
LABG_015120	Limosilactobacillus	Limosilactobacillus reuteri_I	animal
LABG_015121	Lactobacillus	Lactobacillus sp910589675	animal
LABG_015123	Ligilactobacillus	Ligilactobacillus murinus	animal
LABG_015125	Lactobacillus	Lactobacillus intestinalis	food
LABG_015126	Limosilactobacillus	Limosilactobacillus rodentium	animal
LABG_015128	Lactobacillus	Lactobacillus iners	human
LABG_015131	Limosilactobacillus	Limosilactobacillus coleohominis_A	human
LABG_015137	Lactobacillus	Lactobacillus iners	human
LABG_015141	Lactobacillus	Lactobacillus crispatus	human
LABG_015144	Ligilactobacillus	Ligilactobacillus murinus	animal
LABG_015148	Ligilactobacillus	Ligilactobacillus murinus	animal
LABG_015149	Lactobacillus	Lactobacillus taiwanensis	food
LABG_015151	Lactobacillus	Lactobacillus sp945980025	animal
LABG_015153	Lactobacillus	Lactobacillus sp947367085	food
LABG_015154	Lactobacillus	Lactobacillus sp947367125	food
LABG_015155	Ligilactobacillus	Ligilactobacillus murinus	animal
LABG_015157	Lactobacillus	Lactobacillus sp948948975	food
LABG_015158	Ligilactobacillus	Ligilactobacillus murinus	animal
LABG_015160	Ligilactobacillus	Ligilactobacillus aviarius_C	other
LABG_015161	Limosilactobacillus	Limosilactobacillus avium	other
LABG_015162	Limosilactobacillus	Limosilactobacillus galli	other
LABG_015163	Ligilactobacillus	Ligilactobacillus saerimneri	other
LABG_015165	Ligilactobacillus	Ligilactobacillus aviarius_C	other
LABG_015168	Ligilactobacillus	Ligilactobacillus salivarius	other
LABG_015169	Lactobacillus	Lactobacillus gallinarum	other
LABG_015171	Lactobacillus	Lactobacillus gallinarum	other
LABG_015172	Limosilactobacillus	Limosilactobacillus ingluviei	other
LABG_015173	Limosilactobacillus	Limosilactobacillus ingluviei	other
LABG_015174	Limosilactobacillus	Limosilactobacillus reuteri_E	other
LABG_015175	Limosilactobacillus	Limosilactobacillus ingluviei	other
LABG_015176	Limosilactobacillus	Limosilactobacillus reuteri_E	other
LABG_015177	Ligilactobacillus	Ligilactobacillus aviarius_C	other
LABG_015178	Ligilactobacillus	Ligilactobacillus aviarius_C	other
LABG_015179	Ligilactobacillus	Ligilactobacillus salivarius	other
LABG_015180	Ligilactobacillus	Ligilactobacillus aviarius_C	other
LABG_015181	Limosilactobacillus	Limosilactobacillus oris_A	other
LABG_015182	Ligilactobacillus	Ligilactobacillus aviarius_C	other
LABG_015184	Lactobacillus	Lactobacillus gallinarum	other
LABG_015185	Ligilactobacillus	Ligilactobacillus hohenheimensis	other
LABG_015186	Ligilactobacillus	Ligilactobacillus hohenheimensis	other
LABG_015188	Ligilactobacillus	Ligilactobacillus aviarius_C	other
LABG_015189	Ligilactobacillus	Ligilactobacillus aviarius_C	other
LABG_015190	Ligilactobacillus	Ligilactobacillus aviarius_C	other
LABG_015193	Limosilactobacillus	Limosilactobacillus rodentium	animal
LABG_015195	Limosilactobacillus	Limosilactobacillus rodentium	animal
LABG_015196	Limosilactobacillus	Limosilactobacillus difficilis	other
LABG_015197	Limosilactobacillus	Limosilactobacillus viscerum	other
LABG_015198	Ligilactobacillus	Ligilactobacillus murinus	animal
LABG_015202	Lactobacillus	Lactobacillus isalae	human
LABG_015203	Lactiplantibacillus	Lactiplantibacillus carotarum	food
LABG_015211	Lactobacillus	Lactobacillus sp910589675	animal
LABG_015212	Limosilactobacillus		animal
LABG_015213	Limosilactobacillus	Limosilactobacillus sp011958095	animal
LABG_015214	Lactobacillus	Lactobacillus sp948948975	animal
LABG_015216	Lactobacillus	Lactobacillus sp948948975	animal
LABG_015219	Lactobacillus	Lactobacillus taiwanensis	food
LABG_015223	Lactobacillus	Lactobacillus sp910589675	animal
LABG_015230	Limosilactobacillus	Limosilactobacillus reuteri_I	animal
LABG_015235	Limosilactobacillus	Limosilactobacillus reuteri_E	animal
LABG_015236	Lactobacillus	Lactobacillus gallinarum	animal
LABG_015237	Ligilactobacillus	Ligilactobacillus salivarius	animal
LABG_015239	Lactobacillus	Lactobacillus crispatus	animal
LABG_015242	Secundilactobacillus	Secundilactobacillus kimchicus	food
LABG_015277	Limosilactobacillus	Limosilactobacillus sp011958095	other
LABG_015279	Ligilactobacillus	Ligilactobacillus murinus	other
LABG_015287	Limosilactobacillus	Limosilactobacillus rodentium	other
LABG_015314	Lactobacillus	Lactobacillus sp910589175	food
LABG_015364	Limosilactobacillus	Limosilactobacillus rodentium	other
LABG_015367	Ligilactobacillus	Ligilactobacillus murinus	other
LABG_015377	Limosilactobacillus	Limosilactobacillus reuteri_J	other
LABG_015446	Limosilactobacillus	Limosilactobacillus reuteri	other
LABG_015462	Lactobacillus	Lactobacillus taiwanensis	food
LABG_015527	Lactobacillus	Lactobacillus sp910589675	other
LABG_015539	Limosilactobacillus	Limosilactobacillus equigenerosi	other
LABG_015549	Lactobacillus	Lactobacillus taiwanensis	other
LABG_015595	Limosilactobacillus	Limosilactobacillus rodentium	other
LABG_015596	Ligilactobacillus	Ligilactobacillus murinus	other
LABG_015621	Lactobacillus	Lactobacillus sp910589675	other
LABG_015638	Limosilactobacillus	Limosilactobacillus reuteri_I	other
LABG_015654	Limosilactobacillus	Limosilactobacillus reuteri_J	other
LABG_015660	Lactobacillus	Lactobacillus sp910589675	other
LABG_015772	Ligilactobacillus	Ligilactobacillus murinus	other
LABG_015788	Ligilactobacillus	Ligilactobacillus murinus	other
LABG_015792	Lactobacillus	Lactobacillus taiwanensis	food
LABG_015811	Ligilactobacillus	Ligilactobacillus murinus	other
LABG_015827	Lactobacillus	Lactobacillus intestinalis	food
LABG_015829	Ligilactobacillus	Ligilactobacillus murinus	other
LABG_015833	Lactobacillus	Lactobacillus sp948948975	other
LABG_015879	Ligilactobacillus	Ligilactobacillus murinus	other
LABG_015909	Lactobacillus	Lactobacillus taiwanensis	food
LABG_015942	Lactobacillus	Lactobacillus intestinalis	other
LABG_015950	Limosilactobacillus	Limosilactobacillus reuteri_I	other
LABG_015955	Limosilactobacillus	Limosilactobacillus sp011958095	other
LABG_015967	Ligilactobacillus	Ligilactobacillus murinus	other
LABG_015976	Lactobacillus	Lactobacillus sp948948975	food
LABG_016018	Limosilactobacillus	Limosilactobacillus reuteri_I	other
LABG_016027	Ligilactobacillus	Ligilactobacillus murinus	other
LABG_016053	Lactobacillus	Lactobacillus sp910589675	other
LABG_016068	Limosilactobacillus	Limosilactobacillus sp011958095	other
LABG_016117	Lactobacillus	Lactobacillus sp948500755	other
LABG_016124	Ligilactobacillus	Ligilactobacillus murinus	other
LABG_016148	Limosilactobacillus	Limosilactobacillus sp011958095	other
LABG_016160	Ligilactobacillus	Ligilactobacillus murinus	other
LABG_016203	Ligilactobacillus	Ligilactobacillus murinus	other
LABG_016213	Ligilactobacillus	Ligilactobacillus murinus	other
LABG_016276	Limosilactobacillus	Limosilactobacillus rodentium	other
LABG_016341	Limosilactobacillus	Limosilactobacillus rodentium	other
LABG_016364	Ligilactobacillus	Ligilactobacillus murinus	other
LABG_016412	Ligilactobacillus	Ligilactobacillus murinus	other
LABG_016471	Limosilactobacillus	Limosilactobacillus reuteri_G	other
LABG_016494	Limosilactobacillus	Limosilactobacillus sp011958095	other
LABG_016539	Limosilactobacillus	Limosilactobacillus rodentium	other
LABG_016589	Lactobacillus	Lactobacillus sp948948975	food
LABG_016616	Ligilactobacillus	Ligilactobacillus murinus	other
LABG_016632	Limosilactobacillus	Limosilactobacillus rodentium	other
LABG_016636	Limosilactobacillus	Limosilactobacillus rodentium	other
LABG_016681	Limosilactobacillus	Limosilactobacillus rodentium	other
LABG_016686	Lactobacillus	Lactobacillus sp948948975	other
LABG_016696	Lactobacillus	Lactobacillus taiwanensis	food
LABG_016728	Ligilactobacillus	Ligilactobacillus murinus	other
LABG_016731	Lactobacillus	Lactobacillus sp910589675	other
LABG_016795	Limosilactobacillus	Limosilactobacillus rodentium	other
LABG_016818	Limosilactobacillus	Limosilactobacillus reuteri_J	other
LABG_016854	Ligilactobacillus	Ligilactobacillus murinus	other
LABG_016866	Ligilactobacillus	Ligilactobacillus murinus	other
LABG_016891	Ligilactobacillus	Ligilactobacillus murinus	other
LABG_016914	Ligilactobacillus	Ligilactobacillus murinus	other
LABG_016924	Ligilactobacillus	Ligilactobacillus murinus	other
LABG_016939	Limosilactobacillus	Limosilactobacillus reuteri_I	other
LABG_016955	Ligilactobacillus	Ligilactobacillus murinus	other
LABG_016986	Limosilactobacillus	Limosilactobacillus sp011958095	other
LABG_017005	Ligilactobacillus	Ligilactobacillus murinus	other
LABG_017023	Lactobacillus	Lactobacillus sp910589675	other
LABG_017026	Lactobacillus	Lactobacillus sp910589675	other
LABG_017030	Ligilactobacillus	Ligilactobacillus murinus	other
LABG_017040	Ligilactobacillus	Ligilactobacillus murinus	other
LABG_017044	Ligilactobacillus	Ligilactobacillus murinus	other
LABG_017055	Ligilactobacillus	Ligilactobacillus murinus	animal
LABG_017056	Ligilactobacillus	Ligilactobacillus sp900765635	food
LABG_017057	Ligilactobacillus	Ligilactobacillus murinus	animal
LABG_017064	Ligilactobacillus	Ligilactobacillus murinus	animal
LABG_017065	Lactobacillus	Lactobacillus taiwanensis	animal
LABG_017068	Limosilactobacillus	Limosilactobacillus oris_A	other
LABG_017069	Lactobacillus	Lactobacillus johnsonii	other
LABG_017070	Ligilactobacillus	Ligilactobacillus faecavium	other
LABG_017072	Ligilactobacillus	Ligilactobacillus ruminis	other
LABG_017073	Ligilactobacillus	Ligilactobacillus aviarius	food
LABG_017075	Limosilactobacillus	Limosilactobacillus ingluviei	other
LABG_017077	Lactobacillus	Lactobacillus crispatus	other
LABG_017078	Lactobacillus	Lactobacillus sp027681045	food
LABG_017079	Lactobacillus	Lactobacillus sp944327175	other
LABG_017080	Lactobacillus	Lactobacillus kitasatonis	food
LABG_017082	Ligilactobacillus	Ligilactobacillus agilis	food
LABG_017302	Lactobacillus	Lactobacillus sp910589675	animal
LABG_017318	Ligilactobacillus	Ligilactobacillus murinus	animal
LABG_017331	Limosilactobacillus	Limosilactobacillus rodentium	animal
LABG_017400	Lactobacillus	Lactobacillus sp910589675	animal
LABG_017448	Lactobacillus	Lactobacillus taiwanensis	animal
LABG_017451	Lactobacillus	Lactobacillus sp948500755	animal
LABG_017452	Lactobacillus	Lactobacillus hominis	food
LABG_017453	Lactobacillus	Lactobacillus johnsonii_B	animal
LABG_017455	Lentilactobacillus	Lentilactobacillus sp951230165	food
LABG_017457	Ligilactobacillus	Ligilactobacillus agilis	food
LABG_017472	Limosilactobacillus	Limosilactobacillus oris_A	human
LABG_017473	Lactobacillus	Lactobacillus crispatus	human
LABG_017474	Ligilactobacillus	Ligilactobacillus agilis	human
LABG_017475	Lactobacillus	Lactobacillus sp945980025	human
LABG_017477	Leuconostoc	Leuconostoc lactis	human
LABG_017478	Ligilactobacillus	Ligilactobacillus ruminis	human
LABG_017482	Limosilactobacillus	Limosilactobacillus mucosae	human
LABG_017484	Limosilactobacillus	Limosilactobacillus caviae	human
LABG_017485	Lacticaseibacillus	Lacticaseibacillus rhamnosus	human
LABG_017486	Limosilactobacillus	Limosilactobacillus vaginalis	human
LABG_017487	Limosilactobacillus	Limosilactobacillus gastricus_A	human
LABG_017489	Ligilactobacillus	Ligilactobacillus ruminis	human
LABG_017494	Limosilactobacillus	Limosilactobacillus mucosae	human
LABG_017497	Limosilactobacillus	Limosilactobacillus mucosae	human
LABG_017501	Limosilactobacillus	Limosilactobacillus reuteri_E	human
LABG_017502	Limosilactobacillus	Limosilactobacillus ingluviei	human
LABG_017504	Ligilactobacillus	Ligilactobacillus ruminis	human
LABG_017507	Limosilactobacillus	Limosilactobacillus mucosae	human
LABG_017508	Lactobacillus	Lactobacillus crispatus	human
LABG_017509	Ligilactobacillus	Ligilactobacillus ruminis	human
LABG_017515	Lactobacillus	Lactobacillus absianus	human
LABG_017518	Limosilactobacillus	Limosilactobacillus sp002299975	human
LABG_017524	Lacticaseibacillus	Lacticaseibacillus rhamnosus	human
LABG_017541	Limosilactobacillus	Limosilactobacillus mucosae	human
LABG_017555	Companilactobacillus	Companilactobacillus paralimentarius	food
LABG_017558	Companilactobacillus	Companilactobacillus nantensis	food
LABG_017563	Companilactobacillus	Companilactobacillus paralimentarius	food
LABG_017566	Lactiplantibacillus	Lactiplantibacillus xiangfangensis	food
LABG_017568	Fructilactobacillus	Fructilactobacillus sanfranciscensis	food
LABG_017569	Companilactobacillus	Companilactobacillus paralimentarius	food
LABG_017574	Lactobacillus	Lactobacillus iners	human
LABG_017579	Lactobacillus	Lactobacillus iners	human
LABG_017588	Lactobacillus	Lactobacillus iners	human
LABG_017599	Leuconostoc	Leuconostoc citreum	other
LABG_017601	Limosilactobacillus	Limosilactobacillus fermentum	other
LABG_017605	Latilactobacillus	Latilactobacillus sakei	other
LABG_017620	Limosilactobacillus	Limosilactobacillus urinaemulieris	food
LABG_017622	Limosilactobacillus	Limosilactobacillus oris	other
LABG_017623	Ligilactobacillus	Ligilactobacillus saerimneri	food
LABG_017624	Ligilactobacillus	Ligilactobacillus ruminis	animal
LABG_017625	Pediococcus	Pediococcus acidilactici	animal
LABG_017626	Limosilactobacillus	Limosilactobacillus mucosae	food
LABG_017627	Limosilactobacillus	Limosilactobacillus oris_A	animal
LABG_017629	Lactobacillus	Lactobacillus johnsonii	animal
LABG_017633	Fructobacillus	Fructobacillus cardui	other
LABG_017636	Fructobacillus	Fructobacillus fructosus	other
LABG_017637	Fructobacillus	Fructobacillus tropaeoli	other
LABG_017639	Fructobacillus	Fructobacillus fructosus	other
LABG_017640	Fructobacillus	Fructobacillus fructosus	other
LABG_017642	Fructobacillus	Fructobacillus tropaeoli	other
LABG_017643	Fructobacillus	Fructobacillus fructosus	other
LABG_017645	Fructobacillus	Fructobacillus evanidus	other
LABG_017646	Fructobacillus	Fructobacillus tropaeoli	other
LABG_017647	Fructobacillus	Fructobacillus tropaeoli	other
LABG_017669	Ligilactobacillus	Ligilactobacillus agilis	animal
LABG_017670	Paralactobacillus_A	Paralactobacillus_A sp963926925	animal
LABG_017675	Ligilactobacillus	Ligilactobacillus salivarius	animal
LABG_017681	Limosilactobacillus	Limosilactobacillus ingluviei	animal
LABG_017682	Eupransor	Eupransor demetentiae	other
LABG_017683	Limosilactobacillus	Limosilactobacillus oris_A	animal
LABG_017684	Ligilactobacillus	Ligilactobacillus hohenheimensis	animal
LABG_017685	Ligilactobacillus	Ligilactobacillus aviarius_C	animal
LABG_017688	Lactobacillus	Lactobacillus sp910589675	animal
LABG_017691	Pediococcus	Pediococcus ethanolidurans	other
LABG_017692	Lentilactobacillus	Lentilactobacillus parabuchneri	other
LABG_017693	Levilactobacillus	Levilactobacillus cerevisiae	other
LABG_017694	Loigolactobacillus	Loigolactobacillus coryniformis	other
LABG_017695	Pediococcus	Pediococcus parvulus	other
LABG_017696	Leuconostoc	Leuconostoc carnosum	other
LABG_017697	Latilactobacillus	Latilactobacillus curvatus	other
LABG_017701	Latilactobacillus	Latilactobacillus sakei	other
LABG_017708	Levilactobacillus	Levilactobacillus yonginensis_A	other
LABG_017709	Lacticaseibacillus	Lacticaseibacillus paracasei	other
LABG_017710	Leuconostoc	Leuconostoc pseudomesenteroides	other
LABG_017713	Pediococcus	Pediococcus parvulus	other
LABG_017715	Liquorilactobacillus	Liquorilactobacillus satsumensis	other
LABG_017717	Schleiferilactobacillus	Schleiferilactobacillus harbinensis	other
LABG_017718	Leuconostoc	Leuconostoc carnosum	other
LABG_017720	Weissella	Weissella paramesenteroides	other
LABG_017740	Lactiplantibacillus	Lactiplantibacillus plantarum	other
LABG_017741	Leuconostoc	Leuconostoc pseudomesenteroides	food
LABG_017745	Leuconostoc	Leuconostoc suionicum	food
LABG_017753	Leuconostoc	Leuconostoc citreum	food
LABG_017756	Apilactobacillus	Apilactobacillus waqarii	food
LABG_017757	Apilactobacillus	Apilactobacillus xinyiensis	food
LABG_017760	Ligilactobacillus	Ligilactobacillus ruminis	other
LABG_017765	Lactobacillus	Lactobacillus amylovorus	other
LABG_017767	Bombilactobacillus	Bombilactobacillus bombi	food
LABG_017769	Lactobacillus	Lactobacillus johnsonii	animal
LABG_017770	Ligilactobacillus	Ligilactobacillus salivarius	animal
LABG_017775	Limosilactobacillus	Limosilactobacillus reuteri_E	animal
LABG_017776	Lactobacillus	Lactobacillus crispatus	animal
LABG_017777	Lactobacillus	Lactobacillus sp946579245	animal
LABG_017778	Ligilactobacillus	Ligilactobacillus aviarius_C	animal
LABG_017780	Lactobacillus	Lactobacillus gallinarum	animal
LABG_017781	Ligilactobacillus	Ligilactobacillus salivarius	animal
LABG_017782	Ligilactobacillus	Ligilactobacillus sp041854925	other
LABG_017793	Latilactobacillus	Latilactobacillus curvatus	food
LABG_017794	Latilactobacillus	Latilactobacillus fuchuensis	food
LABG_017795	Weissella	Weissella sagaensis	other
LABG_017796	Leuconostoc	Leuconostoc gasicomitatum	food
LABG_017800	Lactobacillus	Lactobacillus crispatus	other
LABG_017804	Levilactobacillus	Levilactobacillus brevis	other
LABG_017814	Lactobacillus	Lactobacillus bombicola	other
LABG_017820	Weissella	Weissella hellenica	other
LABG_017821	Lactobacillus	Lactobacillus johnsonii	human
LABG_017822	Ligilactobacillus	Ligilactobacillus ruminis	human
LABG_017828	Limosilactobacillus	Limosilactobacillus reuteri	human
LABG_017831	Lactobacillus	Lactobacillus delbrueckii	human
LABG_017835	Weissella	Weissella viridescens	food
LABG_017837	Weissella	Weissella minor	food
LABG_017850	Leuconostoc	Leuconostoc lactis	food
LABG_017851	Leuconostoc	Leuconostoc lactis	food
LABG_017853	Limosilactobacillus	Limosilactobacillus excrementigallinarum	animal
LABG_017854	Lactobacillus	Lactobacillus crispatus	animal
LABG_017856	Lactobacillus	Lactobacillus gallinarum	animal
LABG_017859	Lactobacillus	Lactobacillus sp910589675	animal
LABG_017861	Limosilactobacillus	Limosilactobacillus galli	animal
LABG_017865	Limosilactobacillus	Limosilactobacillus intestinavium	animal
LABG_017866	Limosilactobacillus	Limosilactobacillus reuteri_E	animal
LABG_017868	Ligilactobacillus	Ligilactobacillus salivarius	animal
LABG_017873	Lactobacillus	Lactobacillus sp902491705	human
LABG_017876	Latilactobacillus	Latilactobacillus sakei	other
LABG_017877	Lactiplantibacillus	Lactiplantibacillus pentosus	food
LABG_017884	Lactiplantibacillus	Lactiplantibacillus pentosus	food
LABG_017886	Lactiplantibacillus	Lactiplantibacillus pentosus	food
LABG_017893	Ligilactobacillus	Ligilactobacillus ruminis	human
LABG_017894	Limosilactobacillus	Limosilactobacillus mucosae	human
LABG_017895	Limosilactobacillus	Limosilactobacillus mucosae	human
LABG_017899	Leuconostoc	Leuconostoc lactis	human
LABG_017900	Lactiplantibacillus		human
LABG_017901	Ligilactobacillus	Ligilactobacillus ruminis	human
LABG_017902	Ligilactobacillus	Ligilactobacillus ruminis	human
LABG_017903	Ligilactobacillus	Ligilactobacillus ruminis	human
LABG_017904	Lactobacillus	Lactobacillus amylovorus	human
LABG_017906	Ligilactobacillus	Ligilactobacillus ruminis	human
LABG_017907	Ligilactobacillus	Ligilactobacillus ruminis	human
LABG_017908	Ligilactobacillus	Ligilactobacillus ruminis	human
LABG_017910	Ligilactobacillus	Ligilactobacillus ruminis	human
LABG_017912	Ligilactobacillus	Ligilactobacillus ruminis	human
LABG_017916	Ligilactobacillus	Ligilactobacillus ruminis	human
LABG_017917	Ligilactobacillus	Ligilactobacillus ruminis	human
LABG_017919	Ligilactobacillus	Ligilactobacillus ruminis	human
LABG_017920	Ligilactobacillus	Ligilactobacillus ruminis	human
LABG_017921	Ligilactobacillus	Ligilactobacillus ruminis	human
LABG_017922	Ligilactobacillus	Ligilactobacillus ruminis	human
LABG_017923	Ligilactobacillus	Ligilactobacillus ruminis	human
LABG_017924	Ligilactobacillus	Ligilactobacillus ruminis	human
LABG_017925	Ligilactobacillus	Ligilactobacillus ruminis	human
LABG_017928	Weissella	Weissella confusa	human
LABG_017929	Ligilactobacillus	Ligilactobacillus ruminis	human
LABG_017930	Ligilactobacillus	Ligilactobacillus ruminis	human
LABG_017934	Leuconostoc	Leuconostoc lactis	human
LABG_017936	Lactobacillus	Lactobacillus crispatus	human
LABG_017939	Ligilactobacillus	Ligilactobacillus ruminis	human
LABG_017951	Weissella	Weissella cibaria	human
LABG_017954	Weissella	Weissella cibaria	human
LABG_017955	Ligilactobacillus	Ligilactobacillus ruminis	human
LABG_017959	Leuconostoc	Leuconostoc lactis	human
LABG_017961	Weissella	Weissella confusa	human
LABG_017968	Limosilactobacillus	Limosilactobacillus fermentum	human
LABG_017971	Lentilactobacillus	Lentilactobacillus kribbianus	human
LABG_017974	Ligilactobacillus	Ligilactobacillus salivarius	human
LABG_017980	Lactobacillus	Lactobacillus delbrueckii	human
LABG_017982	Schleiferilactobacillus	Schleiferilactobacillus harbinensis	human
LABG_017986	Limosilactobacillus	Limosilactobacillus fermentum	human
LABG_017993	Limosilactobacillus	Limosilactobacillus mucosae	human
LABG_017994	Leuconostoc	Leuconostoc sp900554745	human
LABG_017998	Limosilactobacillus	Limosilactobacillus mucosae	human
LABG_018000	Limosilactobacillus	Limosilactobacillus mucosae	human
LABG_018002	Limosilactobacillus	Limosilactobacillus mucosae	human
LABG_018012	Limosilactobacillus	Limosilactobacillus portuensis	human
LABG_018050	Limosilactobacillus	Limosilactobacillus fermentum	human
LABG_018080	Ligilactobacillus	Ligilactobacillus ruminis	human
LABG_018192	Ligilactobacillus	Ligilactobacillus ruminis	human
LABG_018196	Lactobacillus	Lactobacillus sp910589675	human
LABG_018200	Pediococcus	Pediococcus acidilactici	human
LABG_018202	Limosilactobacillus	Limosilactobacillus ingluviei	human
LABG_018207	Ligilactobacillus	Ligilactobacillus ruminis	human
LABG_018208	Ligilactobacillus	Ligilactobacillus ruminis	human
LABG_018210	Ligilactobacillus	Ligilactobacillus ruminis	human
LABG_018211	Ligilactobacillus	Ligilactobacillus ruminis	human
LABG_018212	Ligilactobacillus	Ligilactobacillus ruminis	human
LABG_018213	Ligilactobacillus	Ligilactobacillus ruminis	human
LABG_018214	Ligilactobacillus	Ligilactobacillus ruminis	human
LABG_018218	Lactobacillus	Lactobacillus crispatus	human
LABG_018219	Ligilactobacillus	Ligilactobacillus ruminis	human
LABG_018220	Limosilactobacillus	Limosilactobacillus mucosae	human
LABG_018221	Lactobacillus	Lactobacillus sp910589175	human
LABG_018222	Lactobacillus	Lactobacillus crispatus	human
LABG_018223	Limosilactobacillus	Limosilactobacillus mucosae	human
LABG_018228	Lactobacillus	Lactobacillus crispatus	human
LABG_018230	Ligilactobacillus	Ligilactobacillus ruminis	human
LABG_018234	Ligilactobacillus	Ligilactobacillus ruminis	human
LABG_018236	Levilactobacillus	Levilactobacillus yonginensis	human
LABG_018243	Leuconostoc	Leuconostoc lactis_A	human
LABG_018246	Weissella	Weissella cibaria	human
LABG_018255	Ligilactobacillus	Ligilactobacillus ruminis	human
LABG_018256	Ligilactobacillus	Ligilactobacillus ruminis	human
LABG_018257	Ligilactobacillus	Ligilactobacillus ruminis	human
LABG_018258	Ligilactobacillus	Ligilactobacillus ruminis	human
LABG_018259	Ligilactobacillus	Ligilactobacillus ruminis	human
LABG_018260	Ligilactobacillus	Ligilactobacillus ruminis	human
LABG_018261	Ligilactobacillus	Ligilactobacillus ruminis	human
LABG_018262	Ligilactobacillus	Ligilactobacillus ruminis	human
LABG_018264	Leuconostoc	Leuconostoc lactis	human
LABG_018267	Ligilactobacillus	Ligilactobacillus ruminis	human
LABG_018268	Limosilactobacillus	Limosilactobacillus fermentum	human
LABG_018273	Ligilactobacillus	Ligilactobacillus ruminis	human
LABG_018275	Ligilactobacillus	Ligilactobacillus ruminis	human
LABG_018278	Ligilactobacillus	Ligilactobacillus ruminis	human
LABG_018279	Ligilactobacillus	Ligilactobacillus ruminis	human
LABG_018281	Ligilactobacillus	Ligilactobacillus ruminis	human
LABG_018283	Limosilactobacillus	Limosilactobacillus mucosae	human
LABG_018285	Lactobacillus	Lactobacillus delbrueckii	human
LABG_018286	Ligilactobacillus	Ligilactobacillus ruminis	human
LABG_018291	Ligilactobacillus	Ligilactobacillus ruminis	human
LABG_018293	Limosilactobacillus	Limosilactobacillus fermentum	human
LABG_018296	Ligilactobacillus	Ligilactobacillus ruminis	human
LABG_018342	Limosilactobacillus	Limosilactobacillus mucosae	human
LABG_018344	Ligilactobacillus	Ligilactobacillus ruminis	human
LABG_018346	Limosilactobacillus	Limosilactobacillus fermentum	human
LABG_018354	Weissella	Weissella confusa	human
LABG_018363	Lactobacillus	Lactobacillus amylovorus	human
LABG_018368	Ligilactobacillus	Ligilactobacillus ruminis	human
LABG_018371	Limosilactobacillus	Limosilactobacillus mucosae	human
LABG_018373	Limosilactobacillus	Limosilactobacillus mucosae	human
LABG_018374	Ligilactobacillus	Ligilactobacillus ruminis	human
LABG_018381	Limosilactobacillus	Limosilactobacillus mucosae	human
LABG_018389	Weissella	Weissella cibaria	human
LABG_018391	Leuconostoc	Leuconostoc lactis	human
LABG_018394	Lactobacillus	Lactobacillus delbrueckii_B	human
LABG_018397	Lactobacillus	Lactobacillus amylovorus	human
LABG_018399	Ligilactobacillus	Ligilactobacillus ruminis	human
LABG_018401	Weissella	Weissella cibaria	human
LABG_018404	Ligilactobacillus	Ligilactobacillus salivarius	human
LABG_018406	Lactobacillus	Lactobacillus crispatus	human
LABG_018412	Ligilactobacillus	Ligilactobacillus salivarius	human
LABG_018413	Ligilactobacillus	Ligilactobacillus ruminis	human
LABG_018416	Leuconostoc	Leuconostoc lactis	human
LABG_018423	Leuconostoc	Leuconostoc lactis	human
LABG_018437	Limosilactobacillus	Limosilactobacillus portuensis	human
LABG_018450	Pediococcus	Pediococcus acidilactici	human
LABG_018452	Pediococcus	Pediococcus acidilactici	human
LABG_018455	Pediococcus	Pediococcus acidilactici	human
LABG_018467	Ligilactobacillus	Ligilactobacillus ruminis	human
LABG_018539	Limosilactobacillus	Limosilactobacillus mucosae	human
LABG_018541	Limosilactobacillus	Limosilactobacillus sp011958095	human
LABG_018548	Limosilactobacillus	Limosilactobacillus mucosae	human
LABG_018549	Lactobacillus	Lactobacillus amylovorus	human
LABG_018551	Lactobacillus	Lactobacillus delbrueckii	human
LABG_018552	Limosilactobacillus	Limosilactobacillus mucosae	human
LABG_018554	Lactobacillus	Lactobacillus amylovorus	human
LABG_018558	Lactobacillus	Lactobacillus sp910589675	human
LABG_018559	Lacticaseibacillus	Lacticaseibacillus paracasei	human
LABG_018565	Ligilactobacillus	Ligilactobacillus ruminis	human
LABG_018567	Limosilactobacillus	Limosilactobacillus mucosae	human
LABG_018568	Lactobacillus	Lactobacillus delbrueckii	human
LABG_018571	Ligilactobacillus	Ligilactobacillus ruminis	human
LABG_018574	Limosilactobacillus	Limosilactobacillus mucosae	human
LABG_018613	Lactobacillus	Lactobacillus sp910589675	human
LABG_018617	Ligilactobacillus	Ligilactobacillus ruminis	human
LABG_018624	Ligilactobacillus	Ligilactobacillus ruminis	human
LABG_018628	Lactobacillus	Lactobacillus amylovorus	human
LABG_018631	Limosilactobacillus	Limosilactobacillus mucosae	human
LABG_018632	Lactobacillus	Lactobacillus delbrueckii	human
LABG_018636	Ligilactobacillus	Ligilactobacillus ruminis	human
LABG_018642	Ligilactobacillus	Ligilactobacillus ruminis	human
LABG_018652	Ligilactobacillus	Ligilactobacillus ruminis	human
LABG_018671	Ligilactobacillus	Ligilactobacillus ruminis	human
LABG_018675	Limosilactobacillus	Limosilactobacillus mucosae	human
LABG_018679	Limosilactobacillus	Limosilactobacillus mucosae	human
LABG_018681	Ligilactobacillus	Ligilactobacillus ruminis	human
LABG_018687	Ligilactobacillus	Ligilactobacillus ruminis	human
LABG_018688	Ligilactobacillus	Ligilactobacillus ruminis	human
LABG_018691	Ligilactobacillus	Ligilactobacillus ruminis	human
LABG_018692	Ligilactobacillus	Ligilactobacillus ruminis	human
LABG_018697	Limosilactobacillus	Limosilactobacillus mucosae	human
LABG_018706	Limosilactobacillus	Limosilactobacillus mucosae	human
LABG_018708	Lactobacillus	Lactobacillus amylovorus	human
LABG_018710	Limosilactobacillus	Limosilactobacillus mucosae	human
LABG_018711	Lactobacillus	Lactobacillus amylovorus	human
LABG_018759	Lactobacillus	Lactobacillus amylovorus	human
LABG_018767	Lactobacillus	Lactobacillus sp910589675	human
LABG_018768	Lactobacillus	Lactobacillus amylovorus	human
LABG_018772	Ligilactobacillus	Ligilactobacillus ruminis	human
LABG_018774	Ligilactobacillus	Ligilactobacillus ruminis	human
LABG_018776	Ligilactobacillus	Ligilactobacillus ruminis	human
LABG_018790	Ligilactobacillus	Ligilactobacillus ruminis	human
LABG_018897	Lactobacillus	Lactobacillus amylovorus	human
LABG_018899	Lactobacillus	Lactobacillus johnsonii	human
LABG_018900	Ligilactobacillus	Ligilactobacillus ruminis	human
LABG_018904	Lactobacillus	Lactobacillus sp027681045	human
LABG_018905	Ligilactobacillus	Ligilactobacillus ruminis	human
LABG_018909	Lactobacillus	Lactobacillus amylovorus	human
LABG_018910	Limosilactobacillus	Limosilactobacillus mucosae	human
LABG_018919	Limosilactobacillus	Limosilactobacillus rodentium	human
LABG_018924	Ligilactobacillus	Ligilactobacillus ruminis	human
LABG_018925	Ligilactobacillus	Ligilactobacillus ruminis	human
LABG_018926	Ligilactobacillus	Ligilactobacillus ruminis	human
LABG_018975	Ligilactobacillus	Ligilactobacillus salivarius	human
LABG_019005	Lactiplantibacillus	Lactiplantibacillus plantarum	human
LABG_019019	Lapidilactobacillus	Lapidilactobacillus dextrinicus	human
LABG_019090	Ligilactobacillus	Ligilactobacillus ruminis	human
LABG_019121	Limosilactobacillus	Limosilactobacillus mucosae	human
LABG_019126	Lentilactobacillus	Lentilactobacillus parafarraginis	human
LABG_019153	Limosilactobacillus	Limosilactobacillus mucosae	human
LABG_019158	Ligilactobacillus	Ligilactobacillus ruminis	human
LABG_019171	Lactobacillus	Lactobacillus crispatus	human
LABG_019218	Ligilactobacillus	Ligilactobacillus ruminis	human
LABG_019219	Ligilactobacillus	Ligilactobacillus ruminis	human
LABG_019220	Ligilactobacillus	Ligilactobacillus ruminis	human
LABG_019223	Ligilactobacillus	Ligilactobacillus ruminis	human
LABG_019224	Ligilactobacillus	Ligilactobacillus ruminis	human
LABG_019228	Ligilactobacillus	Ligilactobacillus ruminis	human
LABG_019229	Ligilactobacillus	Ligilactobacillus ruminis	human
LABG_019230	Ligilactobacillus	Ligilactobacillus ruminis	human
LABG_019231	Ligilactobacillus	Ligilactobacillus ruminis	human
LABG_019239	Lacticaseibacillus	Lacticaseibacillus rhamnosus	human
LABG_019242	Ligilactobacillus	Ligilactobacillus ruminis	human
LABG_019252	Levilactobacillus	Levilactobacillus brevis	human
LABG_019268	Lactobacillus	Lactobacillus amylovorus	human
LABG_019271	Limosilactobacillus	Limosilactobacillus mucosae	human
LABG_019275	Limosilactobacillus	Limosilactobacillus mucosae	human
LABG_019277	Ligilactobacillus	Ligilactobacillus ruminis	human
LABG_019278	Limosilactobacillus	Limosilactobacillus mucosae	human
LABG_019280	Limosilactobacillus	Limosilactobacillus mucosae	human
LABG_019325	Ligilactobacillus	Ligilactobacillus ruminis	human
LABG_019327	Ligilactobacillus	Ligilactobacillus ruminis	human
LABG_019328	Ligilactobacillus	Ligilactobacillus ruminis	human
LABG_019329	Ligilactobacillus	Ligilactobacillus ruminis	human
LABG_019334	Ligilactobacillus	Ligilactobacillus ruminis	human
LABG_019335	Ligilactobacillus	Ligilactobacillus ruminis	human
LABG_019340	Ligilactobacillus	Ligilactobacillus agilis	human
LABG_019343	Ligilactobacillus	Ligilactobacillus ruminis	human
LABG_019344	Ligilactobacillus	Ligilactobacillus ruminis	human
LABG_019354	Lacticaseibacillus	Lacticaseibacillus rhamnosus	human
LABG_019374	Lapidilactobacillus	Lapidilactobacillus dextrinicus	human
LABG_019387	Limosilactobacillus	Limosilactobacillus mucosae	human
LABG_019388	Limosilactobacillus	Limosilactobacillus mucosae	human
LABG_019398	Limosilactobacillus	Limosilactobacillus reuteri	human
LABG_019400	Ligilactobacillus	Ligilactobacillus ruminis	human
LABG_019402	Ligilactobacillus	Ligilactobacillus ruminis	human
LABG_019404	Ligilactobacillus	Ligilactobacillus ruminis	human
LABG_019406	Ligilactobacillus	Ligilactobacillus ruminis	human
LABG_019409	Weissella	Weissella confusa	human
LABG_019413	Ligilactobacillus	Ligilactobacillus ruminis	human
LABG_019419	Ligilactobacillus	Ligilactobacillus ruminis	human
LABG_019422	Ligilactobacillus	Ligilactobacillus ruminis	human
LABG_019425	Weissella	Weissella cibaria	human
LABG_019426	Ligilactobacillus	Ligilactobacillus ruminis	human
LABG_019428	Weissella	Weissella cibaria	human
LABG_019440	Ligilactobacillus	Ligilactobacillus ruminis	human
LABG_019442	Latilactobacillus	Latilactobacillus sakei	human
LABG_019452	Limosilactobacillus	Limosilactobacillus mucosae	human
LABG_019454	Weissella	Weissella cibaria	human
LABG_019458	Leuconostoc	Leuconostoc lactis	human
LABG_019465	Weissella	Weissella cibaria	human
LABG_019466	Ligilactobacillus	Ligilactobacillus ruminis	human
LABG_019471	Limosilactobacillus	Limosilactobacillus reuteri	human
LABG_019474	Weissella	Weissella cibaria	human
LABG_019481	Weissella	Weissella cibaria	human
LABG_019491	Limosilactobacillus	Limosilactobacillus mucosae	human
LABG_019494	Lactobacillus	Lactobacillus crispatus	human
LABG_019495	Lactobacillus	Lactobacillus johnsonii	human
LABG_019496	Limosilactobacillus	Limosilactobacillus oris_A	human
LABG_019502	Latilactobacillus	Latilactobacillus sakei	human
LABG_019503	Ligilactobacillus	Ligilactobacillus salivarius	human
LABG_019518	Limosilactobacillus	Limosilactobacillus mucosae	human
LABG_019519	Weissella	Weissella cibaria	human
LABG_019523	Ligilactobacillus	Ligilactobacillus ruminis	human
LABG_019545	Limosilactobacillus	Limosilactobacillus mucosae	human
LABG_019550	Ligilactobacillus	Ligilactobacillus ruminis	human
LABG_019552	Ligilactobacillus	Ligilactobacillus ruminis	human
LABG_019553	Ligilactobacillus	Ligilactobacillus ruminis	human
LABG_019554	Ligilactobacillus	Ligilactobacillus ruminis	human
LABG_019555	Ligilactobacillus	Ligilactobacillus ruminis	human
LABG_019556	Ligilactobacillus	Ligilactobacillus ruminis	human
LABG_019558	Ligilactobacillus	Ligilactobacillus ruminis	human
LABG_019560	Ligilactobacillus	Ligilactobacillus ruminis	human
LABG_019564	Limosilactobacillus	Limosilactobacillus mucosae	human
LABG_019567	Ligilactobacillus	Ligilactobacillus ruminis	human
LABG_019569	Ligilactobacillus	Ligilactobacillus ruminis	human
LABG_019574	Ligilactobacillus	Ligilactobacillus ruminis	human
LABG_019577	Ligilactobacillus	Ligilactobacillus ruminis	human
LABG_019579	Ligilactobacillus	Ligilactobacillus ruminis	human
LABG_019581	Ligilactobacillus	Ligilactobacillus ruminis	human
LABG_019592	Ligilactobacillus	Ligilactobacillus ruminis	human
LABG_019594	Ligilactobacillus	Ligilactobacillus ruminis	human
LABG_019596	Ligilactobacillus	Ligilactobacillus ruminis	human
LABG_019597	Ligilactobacillus	Ligilactobacillus ruminis	human
LABG_019598	Ligilactobacillus	Ligilactobacillus ruminis	human
LABG_019602	Ligilactobacillus	Ligilactobacillus ruminis	human
LABG_019603	Ligilactobacillus	Ligilactobacillus ruminis	human
LABG_019611	Ligilactobacillus	Ligilactobacillus ruminis	human
LABG_019612	Ligilactobacillus	Ligilactobacillus ruminis	human
LABG_019614	Ligilactobacillus	Ligilactobacillus ruminis	human
LABG_019618	Ligilactobacillus	Ligilactobacillus ruminis	human
LABG_019623	Ligilactobacillus	Ligilactobacillus ruminis	human
LABG_019624	Ligilactobacillus	Ligilactobacillus ruminis	human
LABG_019627	Ligilactobacillus	Ligilactobacillus ruminis	human
LABG_019628	Ligilactobacillus	Ligilactobacillus ruminis	human
LABG_019636	Limosilactobacillus	Limosilactobacillus mucosae	human
LABG_019637	Ligilactobacillus	Ligilactobacillus ruminis	human
LABG_019639	Ligilactobacillus	Ligilactobacillus ruminis	human
LABG_019641	Weissella	Weissella cibaria	human
LABG_019647	Ligilactobacillus	Ligilactobacillus ruminis	human
LABG_019656	Ligilactobacillus	Ligilactobacillus ruminis	human
LABG_019660	Ligilactobacillus	Ligilactobacillus ruminis	human
LABG_019663	Ligilactobacillus	Ligilactobacillus ruminis	human
LABG_019665	Limosilactobacillus	Limosilactobacillus mucosae	human
LABG_019667	Ligilactobacillus	Ligilactobacillus ruminis	human
LABG_019669	Ligilactobacillus	Ligilactobacillus ruminis	human
LABG_019670	Ligilactobacillus	Ligilactobacillus ruminis	human
LABG_019671	Ligilactobacillus	Ligilactobacillus ruminis	human
LABG_019673	Ligilactobacillus	Ligilactobacillus ruminis	human
LABG_019676	Pediococcus	Pediococcus stilesii	human
LABG_019677	Companilactobacillus	Companilactobacillus formosensis	human
LABG_019680	Ligilactobacillus	Ligilactobacillus ruminis	human
LABG_019682	Ligilactobacillus	Ligilactobacillus ruminis	human
LABG_019684	Limosilactobacillus	Limosilactobacillus mucosae	human
LABG_019687	Ligilactobacillus	Ligilactobacillus ruminis	human
LABG_019689	Ligilactobacillus	Ligilactobacillus ruminis	human
LABG_019691	Ligilactobacillus	Ligilactobacillus ruminis	human
LABG_019695	Ligilactobacillus	Ligilactobacillus ruminis	human
LABG_019696	Ligilactobacillus	Ligilactobacillus ruminis	human
LABG_019704	Ligilactobacillus	Ligilactobacillus ruminis	human
LABG_019705	Limosilactobacillus	Limosilactobacillus mucosae	human
LABG_019711	Pediococcus	Pediococcus acidilactici	human
LABG_019716	Lactobacillus	Lactobacillus crispatus	human
LABG_019737	Lactobacillus	Lactobacillus iners	human
LABG_019739	Lactobacillus	Lactobacillus iners	human
LABG_019741	Lactobacillus	Lactobacillus iners	human
LABG_019754	Ligilactobacillus	Ligilactobacillus murinus	animal
LABG_019756	Limosilactobacillus	Limosilactobacillus oris	animal
LABG_019757	Lactobacillus	Lactobacillus sp948948975	animal
LABG_020037	Lactobacillus	Lactobacillus delbrueckii_B	animal
LABG_019771	Loigolactobacillus	Loigolactobacillus coryniformis	food
LABG_019774	Pediococcus	Pediococcus inopinatus	food
LABG_019779	Levilactobacillus	Levilactobacillus lanxiensis	food
LABG_019793	Loigolactobacillus	Loigolactobacillus coryniformis	food
LABG_019796	Companilactobacillus	Companilactobacillus crustorum	food
LABG_019801	Lentilactobacillus	Lentilactobacillus diolivorans	food
LABG_019812	Levilactobacillus	Levilactobacillus brevis	food
LABG_019814	Lactiplantibacillus	Lactiplantibacillus pingfangensis	food
LABG_019825	Loigolactobacillus	Loigolactobacillus coryniformis	food
LABG_019830	Companilactobacillus		food
LABG_019838	Ligilactobacillus	Ligilactobacillus ruminis	human
LABG_019839	Ligilactobacillus	Ligilactobacillus ruminis	human
LABG_019840	Lentilactobacillus	Lentilactobacillus diolivorans	food
LABG_019843	Leuconostoc	Leuconostoc pseudomesenteroides	food
LABG_019846	Lactiplantibacillus	Lactiplantibacillus xiangfangensis	food
LABG_019852	Oenococcus	Oenococcus sicerae	food
LABG_019853	Liquorilactobacillus	Liquorilactobacillus sp030400225	food
LABG_019854	Leuconostoc	Leuconostoc lactis	food
LABG_019856	Weissella	Weissella paramesenteroides	food
LABG_019858	Latilactobacillus	Latilactobacillus sakei	food
LABG_019861	Lactobacillus	Lactobacillus sp910589675	food
LABG_019868	Levilactobacillus	Levilactobacillus sp937874695	food
LABG_019872	Oenococcus	Oenococcus sp004010835	food
LABG_019873	Oenococcus	Oenococcus oeni	food
LABG_019880	Leuconostoc	Leuconostoc pseudomesenteroides	food
LABG_019882	Leuconostoc	Leuconostoc pseudomesenteroides	food
LABG_019884	Leuconostoc	Leuconostoc pseudomesenteroides	food
LABG_019897	Pediococcus	Pediococcus inopinatus	food
LABG_019900	Lactobacillus	Lactobacillus helveticus	food
LABG_019903	Lactiplantibacillus	Lactiplantibacillus pentosus	food
LABG_019904	Lactobacillus	Lactobacillus helveticus	food
LABG_019905	Limosilactobacillus	Limosilactobacillus fermentum	food
LABG_019906	Lacticaseibacillus	Lacticaseibacillus paracasei	food
LABG_019911	Limosilactobacillus	Limosilactobacillus galli	food
LABG_019913	Fructobacillus	Fructobacillus sp028764065	food
LABG_019916	Limosilactobacillus		food
LABG_019919	Weissella	Weissella paramesenteroides	food
LABG_019920	Lactobacillus	Lactobacillus delbrueckii	food
LABG_019923	Lactobacillus	Lactobacillus delbrueckii	food
LABG_019924	Limosilactobacillus	Limosilactobacillus fermentum	food
LABG_019925	Lactobacillus	Lactobacillus delbrueckii	food
LABG_019932	Lactobacillus		food
LABG_019936	Limosilactobacillus	Limosilactobacillus panis	food
LABG_019938	Lactobacillus	Lactobacillus delbrueckii	food
LABG_019939	Limosilactobacillus	Limosilactobacillus fermentum	food
LABG_019942	Limosilactobacillus	Limosilactobacillus fermentum	food
LABG_019943	Weissella	Weissella confusa	food
LABG_019945	Pediococcus	Pediococcus acidilactici_A	food
LABG_019948	Lactobacillus	Lactobacillus amylovorus	food
LABG_019950	Lactobacillus	Lactobacillus delbrueckii	food
LABG_019951	Limosilactobacillus	Limosilactobacillus fermentum	food
LABG_019954	Lactobacillus		food
LABG_019955	Leuconostoc	Leuconostoc citreum	food
LABG_019961	Weissella	Weissella confusa	food
LABG_019966	Leuconostoc	Leuconostoc falkenbergense	food
LABG_019973	Paucilactobacillus	Paucilactobacillus vaccinostercus	food
LABG_019981	Fructobacillus		food
LABG_019985	Pediococcus	Pediococcus pentosaceus	food
LABG_019987	Leuconostoc	Leuconostoc sp900554745	food
LABG_019989	Lactobacillus		food
LABG_019990	Lactobacillus	Lactobacillus helveticus	food
LABG_019993	Leuconostoc_B	Leuconostoc_B fallax	food
LABG_019994	Lacticaseibacillus	Lacticaseibacillus paracasei	food
LABG_019995	Schleiferilactobacillus	Schleiferilactobacillus harbinensis	food
LABG_019999	Lactobacillus	Lactobacillus delbrueckii	food
LABG_020002	Limosilactobacillus	Limosilactobacillus fermentum	food
LABG_020004	Lactobacillus		food
LABG_020007	Lactobacillus	Lactobacillus delbrueckii	food
LABG_020015	Limosilactobacillus	Limosilactobacillus mucosae	human
LABG_020020	Ligilactobacillus	Ligilactobacillus agilis	human
LABG_020029	Lactiplantibacillus	Lactiplantibacillus pentosus	food
LABG_020032	Pediococcus	Pediococcus ethanolidurans	food
LABG_020027	Ligilactobacillus	Ligilactobacillus ruminis	human
LABG_020039	Bombilactobacillus	Bombilactobacillus mellifer	animal
LABG_020040	Bombilactobacillus	Bombilactobacillus mellis	animal
LABG_020041	Bombilactobacillus	Bombilactobacillus mellis	animal
LABG_020042	Lactobacillus	Lactobacillus apis	animal
LABG_020044	Lactobacillus	Lactobacillus helsingborgensis	animal
LABG_020048	Bombilactobacillus	Bombilactobacillus mellifer	animal
LABG_020050	Lactobacillus	Lactobacillus melliventris	animal
LABG_020052	Bombilactobacillus	Bombilactobacillus mellis_A	animal
LABG_020053	Bombilactobacillus	Bombilactobacillus mellifer	animal
LABG_020054	Lactobacillus	Lactobacillus helsingborgensis	animal
LABG_020055	Lactobacillus		animal
LABG_020056	Bombilactobacillus	Bombilactobacillus mellis	animal
LABG_020057	Apilactobacillus	Apilactobacillus waqarii	animal
LABG_020058	Bombilactobacillus	Bombilactobacillus mellis	animal
LABG_020059	Bombilactobacillus	Bombilactobacillus mellifer	animal
LABG_020060	Lactobacillus	Lactobacillus melliventris	animal
LABG_020062	Apilactobacillus	Apilactobacillus waqarii	animal
LABG_020066	Bombilactobacillus	Bombilactobacillus mellis	animal
LABG_020068	Bombilactobacillus	Bombilactobacillus mellifer	animal
LABG_020069	Apilactobacillus		animal
LABG_020071	Bombilactobacillus	Bombilactobacillus mellis	animal
LABG_020072	Lactobacillus	Lactobacillus melliventris	animal
LABG_020074	Lactobacillus	Lactobacillus melliventris	animal
LABG_020076	Bombilactobacillus	Bombilactobacillus mellis	animal
LABG_020081	Bombilactobacillus	Bombilactobacillus mellis_A	animal
LABG_020082	Lactobacillus	Lactobacillus helsingborgensis	animal
LABG_020083	Bombilactobacillus	Bombilactobacillus mellifer	animal
LABG_020086	Bombilactobacillus	Bombilactobacillus mellifer	animal
LABG_020090	Bombilactobacillus	Bombilactobacillus mellifer	animal
LABG_020092	Lactobacillus	Lactobacillus helsingborgensis	animal
LABG_020093	Bombilactobacillus	Bombilactobacillus mellis_A	animal
LABG_020094	Lactobacillus	Lactobacillus huangpiensis	animal
LABG_020098	Bombilactobacillus	Bombilactobacillus mellis	animal
LABG_020099	Lactobacillus	Lactobacillus apis	animal
LABG_020100	Bombilactobacillus	Bombilactobacillus mellis	animal
LABG_020103	Lactobacillus	Lactobacillus apis	animal
LABG_020106	Bombilactobacillus	Bombilactobacillus mellifer	animal
LABG_020107	Bombilactobacillus	Bombilactobacillus mellifer	animal
LABG_020110	Lactobacillus	Lactobacillus melliventris	animal
LABG_020111	Bombilactobacillus	Bombilactobacillus mellifer	animal
LABG_020112	Bombilactobacillus	Bombilactobacillus mellis_A	animal
LABG_020113	Lactobacillus	Lactobacillus melliventris	animal
LABG_020114	Bombilactobacillus	Bombilactobacillus mellis_A	animal
LABG_020116	Bombilactobacillus	Bombilactobacillus mellis	animal
LABG_020119	Lactobacillus	Lactobacillus melliventris	animal
LABG_020120	Bombilactobacillus	Bombilactobacillus mellis	animal
LABG_020121	Bombilactobacillus	Bombilactobacillus mellis	animal
LABG_020122	Lactobacillus	Lactobacillus apis_A	animal
LABG_020123	Lactobacillus	Lactobacillus helsingborgensis	animal
LABG_020128	Lactobacillus	Lactobacillus melliventris	animal
LABG_020131	Lactobacillus	Lactobacillus apis	animal
LABG_020132	Bombilactobacillus	Bombilactobacillus mellifer	animal
LABG_020133	Bombilactobacillus	Bombilactobacillus mellis_A	animal
LABG_020134	Lactobacillus	Lactobacillus helsingborgensis	animal
LABG_020135	Limosilactobacillus	Limosilactobacillus fermentum	food
LABG_020139	Weissella	Weissella confusa	food
LABG_020142	Pediococcus	Pediococcus pentosaceus	food
LABG_020143	Loigolactobacillus	Loigolactobacillus coryniformis	food
LABG_020145	Lacticaseibacillus	Lacticaseibacillus paracasei	food
LABG_020147	Pediococcus	Pediococcus pentosaceus	food
LABG_020150	Lacticaseibacillus	Lacticaseibacillus hulanensis	food
LABG_020155	Leuconostoc	Leuconostoc pseudomesenteroides	food
LABG_020156	Loigolactobacillus	Loigolactobacillus rennini	food
LABG_020165	Weissella	Weissella confusa	food
LABG_020175	Lacticaseibacillus		food
LABG_020177	Leuconostoc_B	Leuconostoc_B fallax	food
LABG_020180	Limosilactobacillus	Limosilactobacillus fermentum	food
LABG_020182	Lactobacillus	Lactobacillus acidophilus	food
LABG_020184	Limosilactobacillus	Limosilactobacillus fermentum	food
LABG_020187	Lacticaseibacillus	Lacticaseibacillus paracasei	food
LABG_020192	Limosilactobacillus	Limosilactobacillus panis_A	food
LABG_020197	Limosilactobacillus	Limosilactobacillus fermentum	food
LABG_020198	Limosilactobacillus	Limosilactobacillus fermentum	food
LABG_020204	Leuconostoc	Leuconostoc falkenbergense	food
LABG_020206	Lactobacillus		food
LABG_020208	Loigolactobacillus	Loigolactobacillus coryniformis	food
LABG_020210	Lentilactobacillus	Lentilactobacillus diolivorans	food
LABG_020212	Lentilactobacillus	Lentilactobacillus parafarraginis	food
LABG_020217	Lentilactobacillus	Lentilactobacillus parafarraginis	food
LABG_020219	Lacticaseibacillus	Lacticaseibacillus pantheris	food
LABG_020221	Lentilactobacillus	Lentilactobacillus parabuchneri	food
LABG_020223	Lentilactobacillus	Lentilactobacillus parabuchneri	food
LABG_020225	Periweissella	Periweissella fabaria	food
LABG_020229	Companilactobacillus	Companilactobacillus mindensis	food
LABG_020242	Lacticaseibacillus	Lacticaseibacillus hulanensis	food
LABG_020245	Ligilactobacillus	Ligilactobacillus salivarius	animal
LABG_020249	Limosilactobacillus	Limosilactobacillus reuteri_E	animal
LABG_020250	Limosilactobacillus	Limosilactobacillus pontis_A	animal
LABG_020251	Limosilactobacillus	Limosilactobacillus galli	animal
LABG_020253	Ligilactobacillus	Ligilactobacillus aviarius_C	animal
LABG_020254	Limosilactobacillus	Limosilactobacillus reuteri_E	animal
LABG_020255	Limosilactobacillus	Limosilactobacillus oris_A	animal
LABG_020257	Limosilactobacillus	Limosilactobacillus vaginalis	animal
LABG_020258	Limosilactobacillus	Limosilactobacillus reuteri_E	animal
LABG_020260	Limosilactobacillus	Limosilactobacillus sp946487795	animal
LABG_020262	Ligilactobacillus	Ligilactobacillus aviarius	animal
LABG_020264	Limosilactobacillus	Limosilactobacillus vaginalis	animal
LABG_020265	Limosilactobacillus	Limosilactobacillus galli	animal
LABG_020267	Ligilactobacillus	Ligilactobacillus salivarius	animal
LABG_020268	Lactobacillus	Lactobacillus johnsonii	animal
LABG_020271	Ligilactobacillus	Ligilactobacillus hohenheimensis	animal
LABG_020272	Ligilactobacillus	Ligilactobacillus aviarius_C	animal
LABG_020273	Ligilactobacillus	Ligilactobacillus aviarius_C	animal
LABG_020274	Limosilactobacillus	Limosilactobacillus ingluviei	animal
LABG_020278	Ligilactobacillus	Ligilactobacillus salivarius	animal
LABG_020279	Limosilactobacillus	Limosilactobacillus ingluviei	animal
LABG_020280	Companilactobacillus	Companilactobacillus farciminis	animal
LABG_020282	Ligilactobacillus	Ligilactobacillus aviarius_C	animal
LABG_020283	Lactobacillus	Lactobacillus johnsonii	animal
LABG_020284	Lactobacillus	Lactobacillus gallinarum	animal
LABG_020285	Ligilactobacillus	Ligilactobacillus salivarius	animal
LABG_020287	Ligilactobacillus	Ligilactobacillus salivarius	animal
LABG_020291	Ligilactobacillus	Ligilactobacillus agilis	animal
LABG_020292	Limosilactobacillus	Limosilactobacillus oris_A	animal
LABG_020293	Ligilactobacillus	Ligilactobacillus salivarius	animal
LABG_020297	Ligilactobacillus	Ligilactobacillus salivarius	animal
LABG_020300	Ligilactobacillus	Ligilactobacillus salivarius	animal
LABG_020301	Limosilactobacillus	Limosilactobacillus ingluviei	animal
LABG_020302	Weissella	Weissella thailandensis	animal
LABG_020307	Limosilactobacillus	Limosilactobacillus oris_A	animal
LABG_020308	Ligilactobacillus	Ligilactobacillus salivarius	animal
LABG_020310	Limosilactobacillus	Limosilactobacillus ingluviei	animal
LABG_020314	Ligilactobacillus	Ligilactobacillus salivarius	animal
LABG_020315	Ligilactobacillus	Ligilactobacillus aviarius_C	animal
LABG_020316	Limosilactobacillus	Limosilactobacillus reuteri_E	animal
LABG_020317	Ligilactobacillus	Ligilactobacillus salivarius	animal
LABG_020318	Limosilactobacillus	Limosilactobacillus oris_A	animal
LABG_020321	Ligilactobacillus	Ligilactobacillus faecavium	animal
LABG_020322	Limosilactobacillus	Limosilactobacillus reuteri_E	animal
LABG_020326	Ligilactobacillus	Ligilactobacillus hohenheimensis	animal
LABG_020327	Ligilactobacillus	Ligilactobacillus aviarius_C	animal
LABG_020328	Limosilactobacillus	Limosilactobacillus reuteri_E	animal
LABG_020330	Limosilactobacillus	Limosilactobacillus reuteri_E	animal
LABG_020331	Lapidilactobacillus	Lapidilactobacillus dextrinicus	animal
LABG_020333	Ligilactobacillus	Ligilactobacillus agilis	animal
LABG_020334	Ligilactobacillus	Ligilactobacillus agilis	animal
LABG_020336	Ligilactobacillus	Ligilactobacillus aviarius_B	animal
LABG_020337	Weissella	Weissella thailandensis	animal
LABG_020338	Ligilactobacillus	Ligilactobacillus agilis	animal
LABG_020339	Ligilactobacillus	Ligilactobacillus aviarius	animal
LABG_020340	Paucilactobacillus	Paucilactobacillus vaccinostercus	animal
LABG_020342	Limosilactobacillus	Limosilactobacillus reuteri_E	animal
LABG_020343	Ligilactobacillus	Ligilactobacillus agilis	animal
LABG_020347	Limosilactobacillus	Limosilactobacillus intestinavium	animal
LABG_020348	Lactobacillus	Lactobacillus gallinarum	animal
LABG_020349	Ligilactobacillus	Ligilactobacillus agilis	animal
LABG_020350	Limosilactobacillus	Limosilactobacillus oris_A	animal
LABG_020352	Ligilactobacillus	Ligilactobacillus salivarius	animal
LABG_020353	Ligilactobacillus	Ligilactobacillus agilis	animal
LABG_020355	Ligilactobacillus	Ligilactobacillus hohenheimensis	animal
LABG_020356	Ligilactobacillus	Ligilactobacillus salivarius	animal
LABG_020357	Ligilactobacillus	Ligilactobacillus agilis	animal
LABG_020359	Ligilactobacillus	Ligilactobacillus salivarius	animal
LABG_020361	Limosilactobacillus	Limosilactobacillus ingluviei	animal
LABG_020362	Ligilactobacillus	Ligilactobacillus agilis	animal
LABG_020363	Ligilactobacillus	Ligilactobacillus hohenheimensis	animal
LABG_020365	Ligilactobacillus	Ligilactobacillus aviarius_C	animal
LABG_020366	Lactobacillus	Lactobacillus johnsonii	animal
LABG_020367	Ligilactobacillus	Ligilactobacillus salivarius	animal
LABG_020368	Ligilactobacillus	Ligilactobacillus salivarius	animal
LABG_020369	Limosilactobacillus	Limosilactobacillus reuteri_E	animal
LABG_020370	Limosilactobacillus	Limosilactobacillus ingluviei	animal
LABG_020373	Ligilactobacillus	Ligilactobacillus excrementavium	animal
LABG_020374	Limosilactobacillus	Limosilactobacillus reuteri_E	animal
LABG_020378	Ligilactobacillus	Ligilactobacillus aviarius_C	animal
LABG_020380	Fructilactobacillus	Fructilactobacillus sanfranciscensis	animal
LABG_020381	Ligilactobacillus	Ligilactobacillus salivarius	animal
LABG_020382	Limosilactobacillus	Limosilactobacillus ingluviei	animal
LABG_020383	Limosilactobacillus	Limosilactobacillus oris_A	animal
LABG_020385	Ligilactobacillus	Ligilactobacillus agilis	animal
LABG_020387	Ligilactobacillus	Ligilactobacillus salivarius	animal
LABG_020389	Limosilactobacillus	Limosilactobacillus galli	animal
LABG_020391	Limosilactobacillus	Limosilactobacillus ingluviei	animal
LABG_020392	Lactobacillus	Lactobacillus johnsonii	animal
LABG_020396	Ligilactobacillus	Ligilactobacillus hohenheimensis	animal
LABG_020397	Limosilactobacillus	Limosilactobacillus galli	animal
LABG_020400	Weissella	Weissella thailandensis	animal
LABG_020402	Limosilactobacillus	Limosilactobacillus timonensis	animal
LABG_020403	Ligilactobacillus	Ligilactobacillus salivarius	animal
LABG_020404	Ligilactobacillus	Ligilactobacillus agilis	animal
LABG_020405	Limosilactobacillus	Limosilactobacillus reuteri_E	animal
LABG_020407	Limosilactobacillus	Limosilactobacillus reuteri_J	animal
LABG_020408	Limosilactobacillus	Limosilactobacillus intestinavium	animal
LABG_020410	Gallilactobacillus	Gallilactobacillus intestinavium	animal
LABG_020412	Limosilactobacillus	Limosilactobacillus reuteri_E	animal
LABG_020413	Lactobacillus	Lactobacillus johnsonii	animal
LABG_020416	Lactobacillus	Lactobacillus johnsonii	animal
LABG_020417	Limosilactobacillus	Limosilactobacillus ingluviei	animal
LABG_020418	Limosilactobacillus	Limosilactobacillus ingluviei	animal
LABG_020420	Ligilactobacillus	Ligilactobacillus faecavium	animal
LABG_020421	Ligilactobacillus	Ligilactobacillus hohenheimensis	animal
LABG_020422	Ligilactobacillus	Ligilactobacillus salivarius	animal
LABG_020424	Limosilactobacillus	Limosilactobacillus intestinavium	animal
LABG_020425	Loigolactobacillus	Loigolactobacillus coryniformis	animal
LABG_020427	Limosilactobacillus	Limosilactobacillus excrementigallinarum	animal
LABG_020431	Ligilactobacillus	Ligilactobacillus aviarius	animal
LABG_020435	Ligilactobacillus	Ligilactobacillus salivarius	animal
LABG_020436	Ligilactobacillus	Ligilactobacillus aviarius	animal
LABG_020437	Lactobacillus	Lactobacillus gigeriorum	animal
LABG_020438	Ligilactobacillus	Ligilactobacillus salivarius	animal
LABG_020441	Limosilactobacillus	Limosilactobacillus reuteri_E	animal
LABG_020442	Ligilactobacillus	Ligilactobacillus faecavium	animal
LABG_020445	Ligilactobacillus	Ligilactobacillus aviarius_C	animal
LABG_020446	Lactobacillus	Lactobacillus johnsonii	animal
LABG_020451	Limosilactobacillus	Limosilactobacillus reuteri_E	animal
LABG_020452	Schleiferilactobacillus	Schleiferilactobacillus harbinensis	animal
LABG_020453	Limosilactobacillus	Limosilactobacillus vaginalis	animal
LABG_020454	Limosilactobacillus	Limosilactobacillus oris_A	animal
LABG_020456	Limosilactobacillus	Limosilactobacillus ingluviei	animal
LABG_020457	Ligilactobacillus	Ligilactobacillus agilis	animal
LABG_020458	Ligilactobacillus	Ligilactobacillus agilis	animal
LABG_020459	Limosilactobacillus	Limosilactobacillus ingluviei	animal
LABG_020460	Limosilactobacillus	Limosilactobacillus ingluviei	animal
LABG_020461	Ligilactobacillus	Ligilactobacillus salivarius	animal
LABG_020463	Lactobacillus	Lactobacillus gallinarum	animal
LABG_020464	Ligilactobacillus	Ligilactobacillus aviarius	animal
LABG_020465	Ligilactobacillus	Ligilactobacillus agilis	animal
LABG_020466	Ligilactobacillus	Ligilactobacillus salivarius	animal
LABG_020468	Limosilactobacillus	Limosilactobacillus vaginalis	animal
LABG_020469	Ligilactobacillus	Ligilactobacillus salivarius	animal
LABG_020470	Limosilactobacillus	Limosilactobacillus galli	animal
LABG_020471	Ligilactobacillus	Ligilactobacillus salivarius	animal
LABG_020472	Lactobacillus	Lactobacillus gallinarum	animal
LABG_020473	Lactobacillus	Lactobacillus sp027681045	animal
LABG_020477	Lactobacillus	Lactobacillus johnsonii	animal
LABG_020483	Limosilactobacillus	Limosilactobacillus oris_A	animal
LABG_020484	Ligilactobacillus	Ligilactobacillus hohenheimensis	animal
LABG_020486	Lactobacillus	Lactobacillus gigeriorum	animal
LABG_020487	Limosilactobacillus	Limosilactobacillus vaginalis	animal
LABG_020489	Ligilactobacillus	Ligilactobacillus agilis	animal
LABG_020490	Limosilactobacillus	Limosilactobacillus ingluviei	animal
LABG_020491	Ligilactobacillus	Ligilactobacillus salivarius	animal
LABG_020493	Ligilactobacillus	Ligilactobacillus agilis	animal
LABG_020494	Lactobacillus	Lactobacillus johnsonii	animal
LABG_020496	Ligilactobacillus	Ligilactobacillus salivarius	animal
LABG_020498	Ligilactobacillus	Ligilactobacillus salivarius	animal
LABG_020501	Limosilactobacillus	Limosilactobacillus reuteri_E	animal
LABG_020502	Ligilactobacillus	Ligilactobacillus aviarius_C	animal
LABG_020503	Limosilactobacillus	Limosilactobacillus reuteri_E	animal
LABG_020505	Limosilactobacillus	Limosilactobacillus ingluviei	animal
LABG_020506	Ligilactobacillus	Ligilactobacillus agilis	animal
LABG_020508	Limosilactobacillus	Limosilactobacillus ingluviei	animal
LABG_020512	Limosilactobacillus	Limosilactobacillus ingluviei	animal
LABG_020513	Limosilactobacillus	Limosilactobacillus ingluviei	animal
LABG_020514	Ligilactobacillus	Ligilactobacillus excrementavium	animal
LABG_020516	Limosilactobacillus	Limosilactobacillus oris_A	animal
LABG_020518	Lactobacillus	Lactobacillus gallinarum	animal
LABG_020519	Lactobacillus	Lactobacillus kitasatonis	animal
LABG_020520	Ligilactobacillus	Ligilactobacillus salivarius	animal
LABG_020523	Ligilactobacillus	Ligilactobacillus hohenheimensis	animal
LABG_020524	Lactobacillus	Lactobacillus crispatus	animal
LABG_020525	Limosilactobacillus	Limosilactobacillus ingluviei	animal
LABG_020527	Ligilactobacillus	Ligilactobacillus agilis	animal
LABG_020528	Limosilactobacillus	Limosilactobacillus ingluviei	animal
LABG_020529	Ligilactobacillus	Ligilactobacillus aviarius_C	animal
LABG_020531	Lactobacillus	Lactobacillus johnsonii	animal
LABG_020532	Limosilactobacillus	Limosilactobacillus ingluviei	animal
LABG_020535	Ligilactobacillus	Ligilactobacillus salivarius	animal
LABG_020536	Lactobacillus	Lactobacillus johnsonii	animal
LABG_020538	Limosilactobacillus	Limosilactobacillus reuteri_E	animal
LABG_020539	Limosilactobacillus	Limosilactobacillus ingluviei	animal
LABG_020541	Ligilactobacillus	Ligilactobacillus aviarius	animal
LABG_020542	Lactobacillus	Lactobacillus sp946579245	animal
LABG_020543	Limosilactobacillus	Limosilactobacillus ingluviei	animal
LABG_020544	Limosilactobacillus	Limosilactobacillus reuteri_E	animal
LABG_020545	Ligilactobacillus	Ligilactobacillus aviarius_C	animal
LABG_020546	Ligilactobacillus	Ligilactobacillus salivarius	animal
LABG_020548	Ligilactobacillus	Ligilactobacillus aviarius_C	animal
LABG_020549	Limosilactobacillus		animal
LABG_020550	Limosilactobacillus	Limosilactobacillus oris_A	animal
LABG_020552	Ligilactobacillus	Ligilactobacillus aviarius_B	animal
LABG_020554	Limosilactobacillus	Limosilactobacillus reuteri_E	animal
LABG_020555	Limosilactobacillus	Limosilactobacillus oris_A	animal
LABG_020556	Lactobacillus	Lactobacillus crispatus	animal
LABG_020557	Ligilactobacillus	Ligilactobacillus aviarius_C	animal
LABG_020558	Ligilactobacillus	Ligilactobacillus salivarius	animal
LABG_020559	Ligilactobacillus	Ligilactobacillus agilis	animal
LABG_020561	Limosilactobacillus		animal
LABG_020562	Lactobacillus	Lactobacillus gallinarum	animal
LABG_020563	Ligilactobacillus	Ligilactobacillus aviarius_C	animal
LABG_020565	Ligilactobacillus	Ligilactobacillus hohenheimensis	animal
LABG_020566	Lactobacillus	Lactobacillus crispatus	animal
LABG_020567	Ligilactobacillus	Ligilactobacillus agilis	animal
LABG_020568	Ligilactobacillus	Ligilactobacillus salivarius	animal
LABG_020569	Ligilactobacillus	Ligilactobacillus salivarius	animal
LABG_020572	Ligilactobacillus	Ligilactobacillus pabuli	animal
LABG_020576	Ligilactobacillus	Ligilactobacillus faecavium	animal
LABG_020577	Levilactobacillus	Levilactobacillus brevis	animal
LABG_020579	Ligilactobacillus	Ligilactobacillus hohenheimensis	animal
LABG_020580	Lactobacillus	Lactobacillus gallinarum	animal
LABG_020581	Ligilactobacillus	Ligilactobacillus salivarius	animal
LABG_020582	Ligilactobacillus	Ligilactobacillus salivarius	animal
LABG_020583	Ligilactobacillus	Ligilactobacillus aviarius	animal
LABG_020584	Limosilactobacillus	Limosilactobacillus reuteri_E	animal
LABG_020585	Ligilactobacillus	Ligilactobacillus agilis	animal
LABG_020587	Limosilactobacillus	Limosilactobacillus reuteri_E	animal
LABG_020588	Limosilactobacillus	Limosilactobacillus ingluviei	animal
LABG_020589	Ligilactobacillus	Ligilactobacillus hohenheimensis	animal
LABG_020590	Ligilactobacillus	Ligilactobacillus salivarius	animal
LABG_020594	Lactobacillus	Lactobacillus gallinarum	animal
LABG_020595	Ligilactobacillus	Ligilactobacillus salivarius	animal
LABG_020597	Limosilactobacillus	Limosilactobacillus reuteri_E	animal
LABG_020599	Ligilactobacillus	Ligilactobacillus salivarius	animal
LABG_020600	Limosilactobacillus	Limosilactobacillus reuteri_E	animal
LABG_020601	Ligilactobacillus	Ligilactobacillus aviarius_C	animal
LABG_020604	Lactobacillus	Lactobacillus johnsonii	animal
LABG_020605	Ligilactobacillus	Ligilactobacillus agilis	animal
LABG_020606	Limosilactobacillus	Limosilactobacillus ingluviei	animal
LABG_020607	Limosilactobacillus	Limosilactobacillus oris_A	animal
LABG_020608	Ligilactobacillus	Ligilactobacillus salivarius	animal
LABG_020609	Limosilactobacillus	Limosilactobacillus galli	animal
LABG_020615	Weissella	Weissella thailandensis	animal
LABG_020616	Lactobacillus	Lactobacillus johnsonii	animal
LABG_020617	Limosilactobacillus	Limosilactobacillus reuteri_E	animal
LABG_020619	Weissella	Weissella thailandensis	animal
LABG_020620	Lactobacillus	Lactobacillus johnsonii	animal
LABG_020621	Lactobacillus	Lactobacillus crispatus	animal
LABG_020628	Limosilactobacillus	Limosilactobacillus reuteri_E	animal
LABG_020631	Ligilactobacillus	Ligilactobacillus aviarius_C	animal
LABG_020633	Ligilactobacillus	Ligilactobacillus hohenheimensis	animal
LABG_020634	Ligilactobacillus	Ligilactobacillus agilis	animal
LABG_020636	Ligilactobacillus	Ligilactobacillus agilis	animal
LABG_020637	Lactobacillus	Lactobacillus crispatus	animal
LABG_020638	Limosilactobacillus	Limosilactobacillus reuteri_E	animal
LABG_020639	Limosilactobacillus	Limosilactobacillus ingluviei	animal
LABG_020640	Ligilactobacillus	Ligilactobacillus aviarius_C	animal
LABG_020641	Ligilactobacillus	Ligilactobacillus aviarius	animal
LABG_020643	Limosilactobacillus	Limosilactobacillus ingluviei	animal
LABG_020645	Ligilactobacillus	Ligilactobacillus aviarius_C	animal
LABG_020646	Limosilactobacillus	Limosilactobacillus reuteri_E	animal
LABG_020648	Lactobacillus	Lactobacillus johnsonii	animal
LABG_020649	Companilactobacillus	Companilactobacillus farciminis	animal
LABG_020654	Limosilactobacillus	Limosilactobacillus oris_A	animal
LABG_020655	Ligilactobacillus	Ligilactobacillus salivarius	animal
LABG_020656	Ligilactobacillus	Ligilactobacillus salivarius	animal
LABG_020658	Ligilactobacillus	Ligilactobacillus aviarius_C	animal
LABG_020660	Ligilactobacillus	Ligilactobacillus agilis	animal
LABG_020662	Ligilactobacillus	Ligilactobacillus salivarius	animal
LABG_020663	Ligilactobacillus	Ligilactobacillus agilis	animal
LABG_020664	Limosilactobacillus	Limosilactobacillus ingluviei	animal
LABG_020665	Ligilactobacillus	Ligilactobacillus agilis	animal
LABG_020669	Ligilactobacillus	Ligilactobacillus agilis	animal
LABG_020675	Limosilactobacillus	Limosilactobacillus alvi	animal
LABG_020678	Ligilactobacillus	Ligilactobacillus salivarius	animal
LABG_020679	Companilactobacillus	Companilactobacillus farciminis	animal
LABG_020680	Ligilactobacillus	Ligilactobacillus aviarius	animal
LABG_020681	Weissella	Weissella thailandensis	animal
LABG_020682	Limosilactobacillus	Limosilactobacillus excrementigallinarum	animal
LABG_020683	Lactobacillus	Lactobacillus johnsonii	animal
LABG_020685	Ligilactobacillus	Ligilactobacillus excrementavium	animal
LABG_020688	Limosilactobacillus	Limosilactobacillus ingluviei	animal
LABG_020691	Ligilactobacillus	Ligilactobacillus aviarius_C	animal
LABG_020695	Ligilactobacillus	Ligilactobacillus hohenheimensis	animal
LABG_020697	Limosilactobacillus	Limosilactobacillus ingluviei	animal
LABG_020698	Ligilactobacillus	Ligilactobacillus salivarius	animal
LABG_020699	Limosilactobacillus	Limosilactobacillus ingluviei	animal
LABG_020700	Weissella	Weissella thailandensis	animal
LABG_020701	Limosilactobacillus	Limosilactobacillus reuteri_E	animal
LABG_020706	Limosilactobacillus	Limosilactobacillus reuteri_E	animal
LABG_020708	Ligilactobacillus	Ligilactobacillus aviarius_B	animal
LABG_020709	Companilactobacillus	Companilactobacillus nantensis	animal
LABG_020711	Limosilactobacillus	Limosilactobacillus galli	animal
LABG_020715	Limosilactobacillus	Limosilactobacillus reuteri_E	animal
LABG_020718	Limosilactobacillus	Limosilactobacillus galli	animal
LABG_020720	Lactobacillus	Lactobacillus crispatus	animal
LABG_020722	Limosilactobacillus	Limosilactobacillus ingluviei	animal
LABG_020723	Limosilactobacillus	Limosilactobacillus reuteri_E	animal
LABG_020724	Limosilactobacillus	Limosilactobacillus reuteri_E	animal
LABG_020725	Ligilactobacillus	Ligilactobacillus salivarius	animal
LABG_020726	Lactobacillus	Lactobacillus gallinarum	animal
LABG_020727	Weissella	Weissella thailandensis	animal
LABG_020728	Limosilactobacillus	Limosilactobacillus ingluviei	animal
LABG_020731	Limosilactobacillus	Limosilactobacillus ingluviei	animal
LABG_020733	Ligilactobacillus	Ligilactobacillus salivarius	animal
LABG_020734	Limosilactobacillus	Limosilactobacillus oris_A	animal
LABG_020735	Lapidilactobacillus	Lapidilactobacillus dextrinicus	animal
LABG_020736	Limosilactobacillus	Limosilactobacillus reuteri_E	animal
LABG_020739	Ligilactobacillus	Ligilactobacillus salivarius	animal
LABG_020740	Limosilactobacillus	Limosilactobacillus reuteri_E	animal
LABG_020741	Limosilactobacillus	Limosilactobacillus oris_A	animal
LABG_020742	Ligilactobacillus	Ligilactobacillus salivarius	animal
LABG_020743	Limosilactobacillus	Limosilactobacillus ingluviei	animal
LABG_020744	Lactobacillus	Lactobacillus sp027681045	animal
LABG_020748	Ligilactobacillus	Ligilactobacillus salivarius	animal
LABG_020750	Ligilactobacillus	Ligilactobacillus aviarius_C	animal
LABG_020751	Limosilactobacillus	Limosilactobacillus oris_A	animal
LABG_020757	Ligilactobacillus	Ligilactobacillus salivarius	animal
LABG_020758	Lactobacillus	Lactobacillus sp946579245	animal
LABG_020759	Ligilactobacillus	Ligilactobacillus salivarius	animal
LABG_020763	Limosilactobacillus	Limosilactobacillus ingluviei	animal
LABG_020764	Limosilactobacillus		animal
LABG_020765	Ligilactobacillus	Ligilactobacillus hohenheimensis	animal
LABG_020766	Lactobacillus	Lactobacillus gallinarum	animal
LABG_020769	Limosilactobacillus	Limosilactobacillus ingluviei	animal
LABG_020770	Limosilactobacillus	Limosilactobacillus ingluviei	animal
LABG_020772	Ligilactobacillus	Ligilactobacillus aviarius	animal
LABG_020773	Ligilactobacillus	Ligilactobacillus murinus	animal
LABG_020774	Ligilactobacillus	Ligilactobacillus aviarius_C	animal
LABG_020775	Limosilactobacillus	Limosilactobacillus ingluviei	animal
LABG_020776	Lactobacillus		animal
LABG_020778	Ligilactobacillus	Ligilactobacillus aviarius_C	animal
LABG_020781	Limosilactobacillus	Limosilactobacillus ingluviei	animal
LABG_020783	Ligilactobacillus	Ligilactobacillus aviarius_C	animal
LABG_020785	Ligilactobacillus	Ligilactobacillus salivarius	animal
LABG_020786	Weissella	Weissella thailandensis	animal
LABG_020788	Limosilactobacillus	Limosilactobacillus sp946487795	animal
LABG_020789	Lactobacillus	Lactobacillus gallinarum	animal
LABG_020791	Ligilactobacillus	Ligilactobacillus saerimneri	animal
LABG_020792	Limosilactobacillus	Limosilactobacillus ingluviei	animal
LABG_020793	Ligilactobacillus	Ligilactobacillus salivarius	animal
LABG_020794	Limosilactobacillus	Limosilactobacillus oris_A	animal
LABG_020795	Ligilactobacillus	Ligilactobacillus aviarius_C	animal
LABG_020801	Limosilactobacillus	Limosilactobacillus ingluviei	animal
LABG_020807	Limosilactobacillus	Limosilactobacillus oris_A	animal
LABG_020808	Ligilactobacillus	Ligilactobacillus salivarius	animal
LABG_020810	Ligilactobacillus	Ligilactobacillus hohenheimensis	animal
LABG_020811	Ligilactobacillus	Ligilactobacillus agilis	animal
LABG_020812	Ligilactobacillus	Ligilactobacillus salivarius	animal
LABG_020814	Ligilactobacillus	Ligilactobacillus salivarius	animal
LABG_020815	Ligilactobacillus	Ligilactobacillus salivarius	animal
LABG_020817	Ligilactobacillus	Ligilactobacillus agilis	animal
LABG_020819	Limosilactobacillus	Limosilactobacillus ingluviei	animal
LABG_020822	Ligilactobacillus	Ligilactobacillus aviarius	animal
LABG_020828	Ligilactobacillus	Ligilactobacillus agilis	animal
LABG_020829	Ligilactobacillus	Ligilactobacillus salivarius	animal
LABG_020831	Limosilactobacillus	Limosilactobacillus ingluviei	animal
LABG_020832	Weissella	Weissella thailandensis	animal
LABG_020833	Limosilactobacillus	Limosilactobacillus ingluviei	animal
LABG_020834	Limosilactobacillus	Limosilactobacillus ingluviei	animal
LABG_020836	Ligilactobacillus	Ligilactobacillus salivarius	animal
LABG_020837	Limosilactobacillus	Limosilactobacillus reuteri_E	animal
LABG_020839	Ligilactobacillus	Ligilactobacillus salivarius	animal
LABG_020840	Limosilactobacillus	Limosilactobacillus galli	animal
LABG_020844	Ligilactobacillus	Ligilactobacillus salivarius	animal
LABG_020847	Ligilactobacillus	Ligilactobacillus aviarius_C	animal
LABG_020848	Ligilactobacillus	Ligilactobacillus salivarius	animal
LABG_020850	Lactobacillus	Lactobacillus johnsonii	animal
LABG_020851	Ligilactobacillus	Ligilactobacillus salivarius	animal
LABG_020857	Ligilactobacillus	Ligilactobacillus aviarius	animal
LABG_020864	Ligilactobacillus	Ligilactobacillus aviarius_B	animal
LABG_020865	Ligilactobacillus		animal
LABG_020866	Limosilactobacillus	Limosilactobacillus oris_A	animal
LABG_020867	Ligilactobacillus	Ligilactobacillus salivarius	animal
LABG_020868	Limosilactobacillus	Limosilactobacillus galli	animal
LABG_020869	Lactobacillus	Lactobacillus johnsonii	animal
LABG_020870	Limosilactobacillus	Limosilactobacillus reuteri_E	animal
LABG_020871	Ligilactobacillus	Ligilactobacillus faecavium	animal
LABG_020873	Ligilactobacillus	Ligilactobacillus salivarius	animal
LABG_020874	Ligilactobacillus	Ligilactobacillus salivarius	animal
LABG_020875	Lactobacillus	Lactobacillus crispatus	animal
LABG_020879	Ligilactobacillus	Ligilactobacillus hohenheimensis	animal
LABG_020880	Lactobacillus	Lactobacillus crispatus	animal
LABG_020881	Lactobacillus	Lactobacillus johnsonii	animal
LABG_020883	Lactobacillus	Lactobacillus crispatus	animal
LABG_020884	Ligilactobacillus	Ligilactobacillus hohenheimensis	animal
LABG_020885	Limosilactobacillus	Limosilactobacillus reuteri_E	animal
LABG_020886	Ligilactobacillus	Ligilactobacillus salivarius	animal
LABG_020887	Ligilactobacillus	Ligilactobacillus salivarius	animal
LABG_020888	Limosilactobacillus	Limosilactobacillus intestinipullorum	animal
LABG_020889	Limosilactobacillus	Limosilactobacillus oris_A	animal
LABG_020890	Lactobacillus		animal
LABG_020892	Limosilactobacillus	Limosilactobacillus oris_A	animal
LABG_020896	Ligilactobacillus	Ligilactobacillus aviarius	animal
LABG_020897	Ligilactobacillus	Ligilactobacillus salivarius	animal
LABG_020898	Limosilactobacillus	Limosilactobacillus oris_A	animal
LABG_020900	Limosilactobacillus	Limosilactobacillus reuteri_E	animal
LABG_020901	Limosilactobacillus	Limosilactobacillus ingluviei	animal
LABG_020902	Limosilactobacillus	Limosilactobacillus reuteri_E	animal
LABG_020903	Limosilactobacillus	Limosilactobacillus oris_A	animal
LABG_020904	Limosilactobacillus	Limosilactobacillus oris_A	animal
LABG_020905	Lactobacillus		animal
LABG_020906	Ligilactobacillus	Ligilactobacillus salivarius	animal
LABG_020908	Weissella	Weissella thailandensis	animal
LABG_020909	Limosilactobacillus	Limosilactobacillus reuteri_E	animal
LABG_020910	Lactobacillus	Lactobacillus crispatus	animal
LABG_020912	Limosilactobacillus	Limosilactobacillus ingluviei	animal
LABG_020913	Ligilactobacillus	Ligilactobacillus salivarius	animal
LABG_020914	Limosilactobacillus	Limosilactobacillus reuteri_E	animal
LABG_020915	Ligilactobacillus	Ligilactobacillus aviarius_C	animal
LABG_020916	Ligilactobacillus	Ligilactobacillus salivarius	animal
LABG_020917	Limosilactobacillus	Limosilactobacillus galli	animal
LABG_020918	Limosilactobacillus	Limosilactobacillus ingluviei	animal
LABG_020919	Limosilactobacillus	Limosilactobacillus reuteri_E	animal
LABG_020922	Limosilactobacillus	Limosilactobacillus ingluviei	animal
LABG_020924	Lactobacillus	Lactobacillus johnsonii	animal
LABG_020926	Lactobacillus	Lactobacillus gallinarum	animal
LABG_020927	Ligilactobacillus	Ligilactobacillus salivarius	animal
LABG_020928	Ligilactobacillus	Ligilactobacillus salivarius	animal
LABG_020929	Ligilactobacillus	Ligilactobacillus hohenheimensis	animal
LABG_020930	Ligilactobacillus	Ligilactobacillus excrementigallinarum	animal
LABG_020932	Limosilactobacillus	Limosilactobacillus ingluviei	animal
LABG_020934	Ligilactobacillus	Ligilactobacillus salivarius	animal
LABG_020935	Limosilactobacillus	Limosilactobacillus reuteri_E	animal
LABG_020937	Ligilactobacillus	Ligilactobacillus faecavium	animal
LABG_020939	Limosilactobacillus	Limosilactobacillus ingluviei	animal
LABG_020940	Ligilactobacillus	Ligilactobacillus hohenheimensis	animal
LABG_020941	Lactobacillus	Lactobacillus johnsonii	animal
LABG_020943	Limosilactobacillus	Limosilactobacillus reuteri_E	animal
LABG_020944	Ligilactobacillus	Ligilactobacillus agilis	animal
LABG_020946	Lactobacillus	Lactobacillus johnsonii	animal
LABG_020948	Lactobacillus	Lactobacillus gallinarum	animal
LABG_020949	Ligilactobacillus	Ligilactobacillus salivarius	animal
LABG_020950	Lactobacillus	Lactobacillus johnsonii	animal
LABG_020952	Lactobacillus	Lactobacillus johnsonii	animal
LABG_020953	Limosilactobacillus	Limosilactobacillus oris_A	animal
LABG_020954	Limosilactobacillus	Limosilactobacillus reuteri_E	animal
LABG_020956	Lactobacillus	Lactobacillus gallinarum	animal
LABG_020958	Limosilactobacillus	Limosilactobacillus vaginalis	animal
LABG_020959	Limosilactobacillus	Limosilactobacillus reuteri_E	animal
LABG_020960	Ligilactobacillus	Ligilactobacillus aviarius_C	animal
LABG_020961	Limosilactobacillus	Limosilactobacillus oris_A	animal
LABG_020962	Ligilactobacillus	Ligilactobacillus agilis	animal
LABG_020963	Limosilactobacillus	Limosilactobacillus ingluviei	animal
LABG_020964	Limosilactobacillus	Limosilactobacillus oris_A	animal
LABG_020969	Limosilactobacillus	Limosilactobacillus ingluviei	animal
LABG_020971	Ligilactobacillus	Ligilactobacillus pabuli	animal
LABG_020972	Ligilactobacillus	Ligilactobacillus aviarius	animal
LABG_020974	Ligilactobacillus	Ligilactobacillus excrementavium	animal
LABG_020975	Lactobacillus	Lactobacillus crispatus	animal
LABG_020976	Lactobacillus	Lactobacillus sp027681045	animal
LABG_020977	Limosilactobacillus	Limosilactobacillus intestinavium	animal
LABG_020979	Limosilactobacillus	Limosilactobacillus galli	animal
LABG_020980	Ligilactobacillus	Ligilactobacillus agilis	animal
LABG_020981	Ligilactobacillus	Ligilactobacillus salivarius	animal
LABG_020982	Lactobacillus	Lactobacillus gallinarum	animal
LABG_020986	Lactobacillus	Lactobacillus crispatus	animal
LABG_020987	Limosilactobacillus	Limosilactobacillus ingluviei	animal
LABG_020989	Lactobacillus	Lactobacillus crispatus	animal
LABG_020990	Ligilactobacillus	Ligilactobacillus aviarius	animal
LABG_020991	Ligilactobacillus	Ligilactobacillus salivarius	animal
LABG_020994	Lactobacillus	Lactobacillus johnsonii	animal
LABG_020997	Ligilactobacillus	Ligilactobacillus faecavium	animal
LABG_020998	Lactobacillus	Lactobacillus crispatus	animal
LABG_020999	Limosilactobacillus	Limosilactobacillus reuteri_E	animal
LABG_021000	Limosilactobacillus	Limosilactobacillus ingluviei	animal
LABG_021001	Ligilactobacillus	Ligilactobacillus acidipiscis	animal
LABG_021002	Lactobacillus	Lactobacillus johnsonii	animal
LABG_021003	Ligilactobacillus	Ligilactobacillus araffinosus	animal
LABG_021004	Ligilactobacillus		animal
LABG_021006	Limosilactobacillus	Limosilactobacillus ingluviei	animal
LABG_021009	Ligilactobacillus	Ligilactobacillus salivarius	animal
LABG_021010	Ligilactobacillus	Ligilactobacillus salivarius	animal
LABG_021011	Limosilactobacillus	Limosilactobacillus ingluviei	animal
LABG_021013	Ligilactobacillus	Ligilactobacillus salivarius	animal
LABG_021016	Lactobacillus	Lactobacillus johnsonii	animal
LABG_021017	Ligilactobacillus	Ligilactobacillus saerimneri	animal
LABG_021018	Limosilactobacillus		animal
LABG_021019	Limosilactobacillus	Limosilactobacillus ingluviei	animal
LABG_021020	Limosilactobacillus	Limosilactobacillus ingluviei	animal
LABG_021021	Limosilactobacillus	Limosilactobacillus oris_A	animal
LABG_021022	Limosilactobacillus	Limosilactobacillus sp011958095	animal
LABG_021025	Companilactobacillus		animal
LABG_021027	Ligilactobacillus	Ligilactobacillus agilis	animal
LABG_021028	Ligilactobacillus	Ligilactobacillus hohenheimensis	animal
LABG_021029	Ligilactobacillus	Ligilactobacillus salivarius	animal
LABG_021031	Ligilactobacillus	Ligilactobacillus agilis	animal
LABG_021032	Limosilactobacillus	Limosilactobacillus ingluviei	animal
LABG_021035	Limosilactobacillus		animal
LABG_021036	Lactobacillus	Lactobacillus sp946579245	animal
LABG_021037	Ligilactobacillus	Ligilactobacillus aviarius	animal
LABG_021038	Weissella	Weissella thailandensis	animal
LABG_021042	Limosilactobacillus	Limosilactobacillus oris_A	animal
LABG_021044	Limosilactobacillus	Limosilactobacillus intestinigallinarum	animal
LABG_021045	Ligilactobacillus	Ligilactobacillus araffinosus	animal
LABG_021050	Ligilactobacillus	Ligilactobacillus saerimneri	animal
LABG_021052	Ligilactobacillus	Ligilactobacillus aviarius	animal
LABG_021053	Limosilactobacillus	Limosilactobacillus coleohominis_A	animal
LABG_021054	Lactobacillus	Lactobacillus gallinarum	animal
LABG_021059	Lactobacillus	Lactobacillus sp946579245	animal
LABG_021060	Ligilactobacillus	Ligilactobacillus agilis	animal
LABG_021062	Ligilactobacillus	Ligilactobacillus salivarius	animal
LABG_021063	Ligilactobacillus	Ligilactobacillus salivarius	animal
LABG_021064	Ligilactobacillus	Ligilactobacillus agilis	animal
LABG_021065	Lapidilactobacillus	Lapidilactobacillus dextrinicus	animal
LABG_021067	Limosilactobacillus	Limosilactobacillus sp011958095	animal
LABG_021068	Limosilactobacillus	Limosilactobacillus reuteri_E	animal
LABG_021069	Ligilactobacillus	Ligilactobacillus aviarius_C	animal
LABG_021072	Limosilactobacillus	Limosilactobacillus reuteri_E	animal
LABG_021075	Lactobacillus	Lactobacillus gallinarum	animal
LABG_021077	Ligilactobacillus	Ligilactobacillus excrementigallinarum	animal
LABG_021078	Ligilactobacillus	Ligilactobacillus hohenheimensis	animal
LABG_021079	Limosilactobacillus	Limosilactobacillus ingluviei	animal
LABG_021080	Limosilactobacillus	Limosilactobacillus galli	animal
LABG_021081	Ligilactobacillus	Ligilactobacillus hohenheimensis	animal
LABG_021083	Ligilactobacillus	Ligilactobacillus salivarius	animal
LABG_021086	Limosilactobacillus	Limosilactobacillus ingluviei	animal
LABG_021087	Limosilactobacillus	Limosilactobacillus ingluviei	animal
LABG_021088	Ligilactobacillus	Ligilactobacillus salivarius	animal
LABG_021089	Ligilactobacillus	Ligilactobacillus hohenheimensis	animal
LABG_021090	Ligilactobacillus	Ligilactobacillus aviarius_C	animal
LABG_021091	Limosilactobacillus	Limosilactobacillus ingluviei	animal
LABG_021092	Ligilactobacillus	Ligilactobacillus hohenheimensis	animal
LABG_021095	Limosilactobacillus	Limosilactobacillus intestinavium	animal
LABG_021096	Ligilactobacillus	Ligilactobacillus agilis	animal
LABG_021098	Ligilactobacillus	Ligilactobacillus salivarius	animal
LABG_021099	Schleiferilactobacillus	Schleiferilactobacillus perolens	animal
LABG_021100	Limosilactobacillus	Limosilactobacillus ingluviei	animal
LABG_021101	Lactobacillus	Lactobacillus johnsonii	animal
LABG_021102	Ligilactobacillus	Ligilactobacillus agilis	animal
LABG_021107	Limosilactobacillus	Limosilactobacillus reuteri_E	animal
LABG_021109	Ligilactobacillus	Ligilactobacillus aviarius_C	animal
LABG_021110	Ligilactobacillus	Ligilactobacillus agilis	animal
LABG_021112	Ligilactobacillus	Ligilactobacillus hohenheimensis	animal
LABG_021114	Lactobacillus	Lactobacillus johnsonii	animal
LABG_021116	Ligilactobacillus	Ligilactobacillus hohenheimensis	animal
LABG_021118	Weissella	Weissella thailandensis	animal
LABG_021120	Ligilactobacillus	Ligilactobacillus agilis	animal
LABG_021123	Limosilactobacillus	Limosilactobacillus intestinigallinarum	animal
LABG_021124	Ligilactobacillus	Ligilactobacillus salivarius	animal
LABG_021127	Limosilactobacillus	Limosilactobacillus reuteri_E	animal
LABG_021129	Limosilactobacillus	Limosilactobacillus reuteri_E	animal
LABG_021130	Limosilactobacillus	Limosilactobacillus oris_A	animal
LABG_021131	Limosilactobacillus	Limosilactobacillus galli	animal
LABG_021132	Ligilactobacillus	Ligilactobacillus aviarius	animal
LABG_021134	Limosilactobacillus	Limosilactobacillus reuteri_E	animal
LABG_021135	Ligilactobacillus	Ligilactobacillus salivarius	animal
LABG_021136	Ligilactobacillus	Ligilactobacillus excrementavium	animal
LABG_021138	Limosilactobacillus	Limosilactobacillus ingluviei	animal
LABG_021144	Limosilactobacillus		animal
LABG_021145	Ligilactobacillus	Ligilactobacillus aviarius_C	animal
LABG_021148	Limosilactobacillus	Limosilactobacillus reuteri_E	animal
LABG_021149	Limosilactobacillus	Limosilactobacillus ingluviei	animal
LABG_021152	Ligilactobacillus	Ligilactobacillus agilis	animal
LABG_021153	Ligilactobacillus	Ligilactobacillus agilis	animal
LABG_021154	Limosilactobacillus	Limosilactobacillus ingluviei	animal
LABG_021155	Ligilactobacillus	Ligilactobacillus salivarius	animal
LABG_021156	Limosilactobacillus	Limosilactobacillus mucosae	animal
LABG_021157	Lactobacillus	Lactobacillus johnsonii	animal
LABG_021158	Ligilactobacillus	Ligilactobacillus salivarius	animal
LABG_021161	Ligilactobacillus	Ligilactobacillus agilis	animal
LABG_021162	Ligilactobacillus	Ligilactobacillus aviarius_C	animal
LABG_021166	Ligilactobacillus	Ligilactobacillus aviarius_C	animal
LABG_021167	Lactobacillus	Lactobacillus crispatus	animal
LABG_021168	Limosilactobacillus	Limosilactobacillus ingluviei	animal
LABG_021172	Limosilactobacillus	Limosilactobacillus faecipullorum	animal
LABG_021173	Limosilactobacillus	Limosilactobacillus ingluviei	animal
LABG_021174	Ligilactobacillus	Ligilactobacillus salivarius	animal
LABG_021175	Ligilactobacillus	Ligilactobacillus pabuli	animal
LABG_021176	Limosilactobacillus	Limosilactobacillus ingluviei	animal
LABG_021177	Ligilactobacillus	Ligilactobacillus aviarius	animal
LABG_021180	Limosilactobacillus	Limosilactobacillus ingluviei	animal
LABG_021183	Lactobacillus	Lactobacillus gallinarum	animal
LABG_021184	Limosilactobacillus	Limosilactobacillus reuteri_E	animal
LABG_021185	Limosilactobacillus	Limosilactobacillus ingluviei	animal
LABG_021187	Ligilactobacillus	Ligilactobacillus salivarius	animal
LABG_021190	Ligilactobacillus	Ligilactobacillus aviarius_B	animal
LABG_021191	Lactobacillus	Lactobacillus johnsonii	animal
LABG_021192	Companilactobacillus	Companilactobacillus farciminis	animal
LABG_021193	Lactobacillus	Lactobacillus gallinarum	animal
LABG_021194	Limosilactobacillus	Limosilactobacillus ingluviei	animal
LABG_021195	Lactobacillus	Lactobacillus johnsonii	animal
LABG_021198	Ligilactobacillus	Ligilactobacillus agilis	animal
LABG_021200	Limosilactobacillus	Limosilactobacillus reuteri_E	animal
LABG_021202	Lactobacillus	Lactobacillus johnsonii	animal
LABG_021203	Limosilactobacillus	Limosilactobacillus reuteri_E	animal
LABG_021204	Limosilactobacillus	Limosilactobacillus ingluviei	animal
LABG_021205	Ligilactobacillus	Ligilactobacillus agilis	animal
LABG_021206	Levilactobacillus	Levilactobacillus spicheri	animal
LABG_021207	Ligilactobacillus	Ligilactobacillus aviarius_C	animal
LABG_021208	Gallilactobacillus	Gallilactobacillus intestinavium	animal
LABG_021210	Ligilactobacillus	Ligilactobacillus salivarius	animal
LABG_021212	Ligilactobacillus	Ligilactobacillus aviarius_C	animal
LABG_021214	Ligilactobacillus	Ligilactobacillus salivarius	animal
LABG_021215	Limosilactobacillus	Limosilactobacillus oris_A	animal
LABG_021216	Ligilactobacillus	Ligilactobacillus aviarius	animal
LABG_021218	Ligilactobacillus	Ligilactobacillus salivarius	animal
LABG_021220	Limosilactobacillus	Limosilactobacillus ingluviei	animal
LABG_021223	Limosilactobacillus		animal
LABG_021224	Ligilactobacillus	Ligilactobacillus salivarius	animal
LABG_021227	Limosilactobacillus	Limosilactobacillus oris_A	animal
LABG_021229	Limosilactobacillus	Limosilactobacillus reuteri_E	animal
LABG_021231	Ligilactobacillus	Ligilactobacillus aviarius	animal
LABG_021233	Weissella	Weissella thailandensis	animal
LABG_021235	Limosilactobacillus	Limosilactobacillus reuteri_E	animal
LABG_021236	Limosilactobacillus	Limosilactobacillus oris_A	animal
LABG_021238	Limosilactobacillus	Limosilactobacillus ingluviei	animal
LABG_021239	Levilactobacillus	Levilactobacillus brevis_B	animal
LABG_021240	Ligilactobacillus	Ligilactobacillus agilis	animal
LABG_021241	Gallilactobacillus	Gallilactobacillus intestinavium	animal
LABG_021243	Ligilactobacillus	Ligilactobacillus salivarius	animal
LABG_021244	Ligilactobacillus	Ligilactobacillus salivarius	animal
LABG_021245	Ligilactobacillus	Ligilactobacillus aviarius_C	animal
LABG_021246	Limosilactobacillus	Limosilactobacillus intestinavium	animal
LABG_021247	Ligilactobacillus	Ligilactobacillus excrementavium	animal
LABG_021248	Ligilactobacillus	Ligilactobacillus salivarius	animal
LABG_021252	Lactobacillus	Lactobacillus crispatus	animal
LABG_021253	Ligilactobacillus	Ligilactobacillus salivarius	animal
LABG_021254	Ligilactobacillus	Ligilactobacillus salivarius	animal
LABG_021256	Ligilactobacillus	Ligilactobacillus agilis	animal
LABG_021258	Limosilactobacillus	Limosilactobacillus pontis_A	animal
LABG_021259	Ligilactobacillus	Ligilactobacillus aviarius_C	animal
LABG_021261	Limosilactobacillus	Limosilactobacillus ingluviei	animal
LABG_021263	Limosilactobacillus	Limosilactobacillus ingluviei	animal
LABG_021264	Lactobacillus	Lactobacillus crispatus	animal
LABG_021265	Limosilactobacillus	Limosilactobacillus reuteri_E	animal
LABG_021266	Ligilactobacillus	Ligilactobacillus salivarius	animal
LABG_021267	Ligilactobacillus	Ligilactobacillus agilis	animal
LABG_021268	Lactobacillus	Lactobacillus johnsonii	animal
LABG_021269	Lactobacillus	Lactobacillus johnsonii	animal
LABG_021271	Limosilactobacillus	Limosilactobacillus sp946487795	animal
LABG_021273	Ligilactobacillus	Ligilactobacillus faecavium	animal
LABG_021274	Lactobacillus	Lactobacillus johnsonii	animal
LABG_021276	Lactobacillus	Lactobacillus gallinarum	animal
LABG_021277	Limosilactobacillus	Limosilactobacillus galli	animal
LABG_021278	Ligilactobacillus	Ligilactobacillus aviarius	animal
LABG_021279	Companilactobacillus	Companilactobacillus farciminis	animal
LABG_021281	Limosilactobacillus	Limosilactobacillus galli	animal
LABG_021282	Limosilactobacillus	Limosilactobacillus galli	animal
LABG_021283	Lactobacillus	Lactobacillus sp027681045	animal
LABG_021286	Weissella	Weissella thailandensis	food
LABG_021316	Lactobacillus	Lactobacillus helveticus	food
LABG_021320	Lacticaseibacillus	Lacticaseibacillus paracasei	food
LABG_021322	Levilactobacillus	Levilactobacillus brevis	food
LABG_021328	Lacticaseibacillus	Lacticaseibacillus paracasei	food
LABG_021332	Lacticaseibacillus	Lacticaseibacillus paracasei	food
LABG_021336	Lacticaseibacillus	Lacticaseibacillus paracasei	food
LABG_021372	Lentilactobacillus	Lentilactobacillus parabuchneri	food
LABG_021384	Lentilactobacillus	Lentilactobacillus diolivorans	food
LABG_021389	Lentilactobacillus	Lentilactobacillus parabuchneri	food
LABG_021423	Loigolactobacillus	Loigolactobacillus coryniformis	food
LABG_021435	Loigolactobacillus	Loigolactobacillus coryniformis	food
LABG_021436	Lacticaseibacillus	Lacticaseibacillus paracasei	food
LABG_021470	Lentilactobacillus	Lentilactobacillus parabuchneri	food
LABG_021473	Lentilactobacillus	Lentilactobacillus parabuchneri	food
LABG_021474	Lentilactobacillus	Lentilactobacillus parabuchneri	food
LABG_021477	Lentilactobacillus	Lentilactobacillus parabuchneri	food
LABG_021487	Levilactobacillus	Levilactobacillus brevis	food
LABG_021495	Levilactobacillus	Levilactobacillus brevis	food
LABG_021500	Levilactobacillus	Levilactobacillus brevis	food
LABG_021523	Loigolactobacillus	Loigolactobacillus coryniformis	food
LABG_021529	Lentilactobacillus	Lentilactobacillus parabuchneri	food
LABG_021533	Lentilactobacillus	Lentilactobacillus parabuchneri	food
LABG_021543	Levilactobacillus	Levilactobacillus brevis	food
LABG_021545	Lentilactobacillus	Lentilactobacillus parabuchneri	food
LABG_021553	Lacticaseibacillus	Lacticaseibacillus paracasei	food
LABG_021579	Schleiferilactobacillus	Schleiferilactobacillus harbinensis	food
LABG_021646	Lactobacillus	Lactobacillus helveticus	food
LABG_021648	Secundilactobacillus	Secundilactobacillus malefermentans	food
LABG_021653	Paucilactobacillus	Paucilactobacillus hokkaidonensis	food
LABG_021669	Paucilactobacillus	Paucilactobacillus hokkaidonensis	food
LABG_021679	Loigolactobacillus	Loigolactobacillus coryniformis	food
LABG_021683	Loigolactobacillus	Loigolactobacillus coryniformis	food
LABG_021686	Lacticaseibacillus	Lacticaseibacillus paracasei	food
LABG_021688	Latilactobacillus	Latilactobacillus sakei	food
LABG_021699	Lentilactobacillus	Lentilactobacillus parabuchneri	food
LABG_021701	Levilactobacillus	Levilactobacillus brevis	food
LABG_021717	Leuconostoc	Leuconostoc mesenteroides	food
LABG_021723	Loigolactobacillus	Loigolactobacillus coryniformis	food
LABG_021730	Lentilactobacillus	Lentilactobacillus parabuchneri	food
LABG_021733	Levilactobacillus	Levilactobacillus lindianensis	food
LABG_021735	Lacticaseibacillus	Lacticaseibacillus paracasei	food
LABG_021746	Loigolactobacillus	Loigolactobacillus coryniformis	food
LABG_021751	Lactobacillus	Lactobacillus delbrueckii	food
LABG_021754	Loigolactobacillus	Loigolactobacillus coryniformis	food
LABG_021758	Lentilactobacillus	Lentilactobacillus parabuchneri	food
LABG_021773	Lentilactobacillus	Lentilactobacillus raoultii	food
LABG_021805	Lacticaseibacillus	Lacticaseibacillus rhamnosus	food
LABG_021835	Lentilactobacillus	Lentilactobacillus kribbianus	food
LABG_021840	Lentilactobacillus	Lentilactobacillus parabuchneri	food
LABG_021841	Lacticaseibacillus	Lacticaseibacillus rhamnosus	food
LABG_021866	Lentilactobacillus	Lentilactobacillus parabuchneri	food
LABG_021870	Lactobacillus	Lactobacillus helveticus	food
LABG_021876	Lentilactobacillus	Lentilactobacillus diolivorans	food
LABG_021883	Loigolactobacillus	Loigolactobacillus coryniformis	food
LABG_021885	Lactobacillus	Lactobacillus helveticus	food
LABG_021905	Leuconostoc	Leuconostoc falkenbergense	food
LABG_021906	Lacticaseibacillus	Lacticaseibacillus paracasei	food
LABG_021920	Lactiplantibacillus	Lactiplantibacillus paraxiangfangensis	food
LABG_021921	Companilactobacillus	Companilactobacillus nodensis	food
LABG_021934	Secundilactobacillus	Secundilactobacillus paracollinoides	food
LABG_021936	Liquorilactobacillus	Liquorilactobacillus ghanensis	food
LABG_021944	Lacticaseibacillus	Lacticaseibacillus paracasei	food
LABG_021965	Lactobacillus	Lactobacillus delbrueckii	food
LABG_021986	Limosilactobacillus	Limosilactobacillus panis	food
LABG_021988	Leuconostoc	Leuconostoc lactis	food
LABG_021995	Limosilactobacillus	Limosilactobacillus fermentum	food
LABG_022002	Lactobacillus	Lactobacillus helveticus	food
LABG_022011	Lactiplantibacillus	Lactiplantibacillus pentosus	food
LABG_022017	Leuconostoc	Leuconostoc mesenteroides	food
LABG_022049	Lactobacillus	Lactobacillus amylovorus	other
LABG_022114	Limosilactobacillus	Limosilactobacillus merdavium	human
LABG_022115	Lactobacillus	Lactobacillus sp905214545	human
LABG_022122	Limosilactobacillus	Limosilactobacillus pulli	human
LABG_022166	Ligilactobacillus	Ligilactobacillus ruminis	human
LABG_022174	Ligilactobacillus	Ligilactobacillus salivarius	human
LABG_022213	Lactobacillus	Lactobacillus iners	human
LABG_022242	Limosilactobacillus	Limosilactobacillus mucosae	human
LABG_022254	Ligilactobacillus	Ligilactobacillus ruminis	human
LABG_022315	Ligilactobacillus	Ligilactobacillus salivarius	human
LABG_022321	Limosilactobacillus	Limosilactobacillus fermentum	human
LABG_022323	Ligilactobacillus	Ligilactobacillus ruminis	human
LABG_022404	Ligilactobacillus		human
LABG_022440	Lactobacillus	Lactobacillus delbrueckii_B	human
LABG_022579	Ligilactobacillus	Ligilactobacillus ruminis	human
LABG_022591	Ligilactobacillus	Ligilactobacillus ruminis	human
LABG_022624	Ligilactobacillus	Ligilactobacillus ruminis	human
LABG_022640	Limosilactobacillus	Limosilactobacillus mucosae	human
LABG_022681	Lacticaseibacillus	Lacticaseibacillus rhamnosus	human
LABG_022696	Lactiplantibacillus	Lactiplantibacillus plantarum	human
LABG_022703	Limosilactobacillus	Limosilactobacillus mucosae	human
LABG_022706	Limosilactobacillus	Limosilactobacillus mucosae	human
LABG_022746	Ligilactobacillus	Ligilactobacillus ruminis	human
LABG_022757	Ligilactobacillus	Ligilactobacillus ruminis	human
LABG_022766	Ligilactobacillus	Ligilactobacillus ruminis	human
LABG_022789	Lactobacillus	Lactobacillus acidophilus	human
LABG_022808	Ligilactobacillus	Ligilactobacillus ruminis	human
LABG_022853	Lactobacillus	Lactobacillus iners	human
LABG_022940	Limosilactobacillus	Limosilactobacillus reuteri	human
LABG_022941	Limosilactobacillus	Limosilactobacillus mucosae	human
LABG_022972	Pediococcus	Pediococcus acidilactici	human
LABG_022994	Ligilactobacillus	Ligilactobacillus ruminis	human
LABG_022997	Limosilactobacillus	Limosilactobacillus reuteri_I	human
LABG_022998	Ligilactobacillus	Ligilactobacillus ruminis	human
LABG_023007	Ligilactobacillus	Ligilactobacillus ruminis	human
LABG_023024	Ligilactobacillus	Ligilactobacillus ruminis	human
LABG_023026	Ligilactobacillus	Ligilactobacillus ruminis	human
LABG_023084	Ligilactobacillus	Ligilactobacillus ruminis	human
LABG_023104	Limosilactobacillus	Limosilactobacillus mucosae	human
LABG_023114	Limosilactobacillus	Limosilactobacillus fermentum	human
LABG_023152	Limosilactobacillus	Limosilactobacillus fermentum	human
LABG_023156	Lacticaseibacillus	Lacticaseibacillus paracasei	human
LABG_023183	Limosilactobacillus	Limosilactobacillus sp011958095	human
LABG_023199	Limosilactobacillus	Limosilactobacillus mucosae	human
LABG_023224	Limosilactobacillus	Limosilactobacillus mucosae	human
LABG_023230	Ligilactobacillus	Ligilactobacillus ruminis	human
LABG_023236	Leuconostoc	Leuconostoc lactis	human
LABG_023259	Ligilactobacillus	Ligilactobacillus ruminis	human
LABG_023269	Lacticaseibacillus	Lacticaseibacillus rhamnosus	human
LABG_023304	Ligilactobacillus	Ligilactobacillus ruminis	human
LABG_023311	Ligilactobacillus	Ligilactobacillus salivarius	human
LABG_023345	Leuconostoc	Leuconostoc pseudomesenteroides	food
LABG_023377	Leuconostoc	Leuconostoc pseudomesenteroides	food
LABG_023395	Leuconostoc	Leuconostoc pseudomesenteroides	food
LABG_023471	Liquorilactobacillus	Liquorilactobacillus nagelii	food
LABG_023474	Liquorilactobacillus	Liquorilactobacillus nagelii	food
LABG_023507	Liquorilactobacillus	Liquorilactobacillus nagelii	food
LABG_023609	Lacticaseibacillus	Lacticaseibacillus paracasei	food
LABG_023644	Liquorilactobacillus	Liquorilactobacillus sp030400225	food
LABG_023674	Liquorilactobacillus	Liquorilactobacillus nagelii	food
LABG_023707	Lentilactobacillus	Lentilactobacillus hilgardii	food
LABG_023752	Lacticaseibacillus	Lacticaseibacillus paracasei	food
LABG_023777	Liquorilactobacillus	Liquorilactobacillus nagelii	food
LABG_023811	Lacticaseibacillus	Lacticaseibacillus paracasei	food
LABG_023842	Lacticaseibacillus	Lacticaseibacillus paracasei	food
LABG_023917	Liquorilactobacillus	Liquorilactobacillus sp030400225	food
LABG_024092	Lentilactobacillus	Lentilactobacillus diolivorans	food
LABG_024117	Liquorilactobacillus	Liquorilactobacillus nagelii	food
LABG_024118	Liquorilactobacillus	Liquorilactobacillus nagelii	food
LABG_024122	Liquorilactobacillus	Liquorilactobacillus nagelii	food
LABG_024140	Lactobacillus	Lactobacillus delbrueckii	human
LABG_024152	Limosilactobacillus	Limosilactobacillus fermentum	human
LABG_024170	Lacticaseibacillus	Lacticaseibacillus rhamnosus	human
LABG_024175	Lactobacillus	Lactobacillus gasseri	human
LABG_024178	Lacticaseibacillus	Lacticaseibacillus rhamnosus	human
LABG_024179	Lacticaseibacillus	Lacticaseibacillus rhamnosus	human
LABG_024185	Lacticaseibacillus	Lacticaseibacillus rhamnosus	human
LABG_024197	Lacticaseibacillus	Lacticaseibacillus rhamnosus	human
LABG_024198	Ligilactobacillus	Ligilactobacillus ruminis	human
LABG_024201	Lacticaseibacillus	Lacticaseibacillus rhamnosus	human
LABG_024243	Limosilactobacillus	Limosilactobacillus reuteri_I	food
LABG_024257	Leuconostoc_B	Leuconostoc_B fallax	food
LABG_024260	Limosilactobacillus	Limosilactobacillus timonensis	animal
LABG_024341	Limosilactobacillus	Limosilactobacillus mucosae	animal
LABG_024342	Ligilactobacillus	Ligilactobacillus faecis	animal
LABG_024338	Lactobacillus	Lactobacillus crispatus	human
LABG_024343	Lactobacillus	Lactobacillus delbrueckii_B	animal
LABG_024345	Lactobacillus	Lactobacillus sp945980025	animal
LABG_024797	Lactobacillus	Lactobacillus sp910589675	animal
LABG_024799	Lactobacillus	Lactobacillus gallinarum	animal
LABG_024818	Limosilactobacillus	Limosilactobacillus reuteri_I	animal
LABG_024822	Lactobacillus	Lactobacillus sp946579245	animal
LABG_024842	Lactobacillus	Lactobacillus crispatus	animal
LABG_024849	Limosilactobacillus	Limosilactobacillus mucosae	animal
LABG_024850	Lactobacillus	Lactobacillus amylovorus	animal
LABG_024851	Lactobacillus	Lactobacillus sp910589675	animal
LABG_024861	Lactobacillus	Lactobacillus crispatus	animal
LABG_024862	Ligilactobacillus	Ligilactobacillus salivarius	animal
LABG_024864	Lactobacillus	Lactobacillus crispatus	animal
LABG_024868	Lactobacillus	Lactobacillus crispatus	animal
LABG_024869	Limosilactobacillus	Limosilactobacillus reuteri_E	animal
LABG_024876	Lactobacillus	Lactobacillus johnsonii	animal
LABG_024877	Lactobacillus	Lactobacillus sp946579245	animal
LABG_024892	Limosilactobacillus	Limosilactobacillus mucosae	animal
LABG_024895	Ligilactobacillus	Ligilactobacillus salivarius	animal
LABG_024905	Lactobacillus	Lactobacillus sp945980025	animal
LABG_024913	Lactobacillus	Lactobacillus sp910589675	animal
LABG_024926	Lactobacillus	Lactobacillus sp910589675	animal
LABG_024934	Lactobacillus	Lactobacillus sp945980025	animal
LABG_024935	Lactobacillus	Lactobacillus sp945980025	animal
LABG_024937	Lactobacillus	Lactobacillus sp910589675	animal
LABG_024940	Limosilactobacillus	Limosilactobacillus reuteri_I	animal
LABG_024969	Lactobacillus	Lactobacillus sp910589675	animal
LABG_024970	Limosilactobacillus	Limosilactobacillus mucosae	animal
LABG_024974	Limosilactobacillus	Limosilactobacillus reuteri	animal
LABG_024975	Lactobacillus	Lactobacillus amylovorus	animal
LABG_024976	Lactobacillus	Lactobacillus sp945980025	animal
LABG_024977	Limosilactobacillus	Limosilactobacillus mucosae	animal
LABG_024989	Lactobacillus	Lactobacillus sp945980025	animal
LABG_024990	Lactobacillus	Lactobacillus sp910589675	animal
LABG_024996	Ligilactobacillus	Ligilactobacillus ruminis	animal
LABG_024998	Lactobacillus	Lactobacillus amylovorus	animal
LABG_024999	Limosilactobacillus	Limosilactobacillus mucosae	animal
LABG_025000	Lactobacillus	Lactobacillus amylovorus	animal
LABG_025001	Limosilactobacillus	Limosilactobacillus mucosae	animal
LABG_025003	Limosilactobacillus	Limosilactobacillus mucosae	animal
LABG_025005	Ligilactobacillus	Ligilactobacillus salivarius	animal
LABG_025009	Ligilactobacillus	Ligilactobacillus salivarius	animal
LABG_025014	Ligilactobacillus	Ligilactobacillus agilis	animal
LABG_025020	Ligilactobacillus	Ligilactobacillus agilis	animal
LABG_025023	Ligilactobacillus	Ligilactobacillus agilis	animal
LABG_025027	Lactobacillus	Lactobacillus johnsonii	animal
LABG_025028	Ligilactobacillus	Ligilactobacillus agilis	animal
LABG_025030	Ligilactobacillus	Ligilactobacillus agilis	animal
LABG_025032	Ligilactobacillus	Ligilactobacillus agilis	animal
LABG_025033	Ligilactobacillus	Ligilactobacillus agilis	animal
LABG_025040	Ligilactobacillus	Ligilactobacillus salivarius	animal
LABG_025042	Ligilactobacillus	Ligilactobacillus agilis	animal
LABG_025043	Lactobacillus	Lactobacillus gallinarum	animal
LABG_025046	Limosilactobacillus	Limosilactobacillus ingluviei	animal
LABG_025048	Lactobacillus	Lactobacillus crispatus	animal
LABG_025049	Ligilactobacillus	Ligilactobacillus ruminis	animal
LABG_025059	Lactobacillus	Lactobacillus crispatus	animal
LABG_025060	Ligilactobacillus	Ligilactobacillus salivarius	animal
LABG_025062	Ligilactobacillus	Ligilactobacillus aviarius	animal
LABG_025064	Ligilactobacillus	Ligilactobacillus agilis	animal
LABG_025066	Limosilactobacillus	Limosilactobacillus oris_A	animal
LABG_025071	Limosilactobacillus	Limosilactobacillus reuteri_E	animal
LABG_025072	Ligilactobacillus	Ligilactobacillus aviarius	animal
LABG_025074	Ligilactobacillus	Ligilactobacillus hohenheimensis	animal
LABG_025080	Ligilactobacillus	Ligilactobacillus agilis	animal
LABG_025081	Lactobacillus	Lactobacillus crispatus	animal
LABG_025082	Lactobacillus	Lactobacillus johnsonii	animal
LABG_025084	Gallilactobacillus	Gallilactobacillus intestinavium	animal
LABG_025085	Ligilactobacillus	Ligilactobacillus agilis	animal
LABG_025090	Ligilactobacillus	Ligilactobacillus agilis	animal
LABG_025091	Ligilactobacillus	Ligilactobacillus agilis	animal
LABG_025094	Lactobacillus	Lactobacillus crispatus	animal
LABG_025095	Lactobacillus	Lactobacillus johnsonii	animal
LABG_025096	Lactobacillus	Lactobacillus sp027681045	animal
LABG_025097	Ligilactobacillus	Ligilactobacillus salivarius	animal
LABG_025099	Lactobacillus	Lactobacillus johnsonii	animal
LABG_025102	Limosilactobacillus	Limosilactobacillus reuteri_E	animal
LABG_025105	Ligilactobacillus	Ligilactobacillus agilis	animal
LABG_025106	Limosilactobacillus	Limosilactobacillus oris_A	animal
LABG_025110	Ligilactobacillus	Ligilactobacillus salivarius	animal
LABG_025113	Lactobacillus	Lactobacillus crispatus	animal
LABG_025120	Ligilactobacillus	Ligilactobacillus salivarius	animal
LABG_025131	Lactobacillus	Lactobacillus johnsonii	animal
LABG_025139	Ligilactobacillus	Ligilactobacillus salivarius	animal
LABG_025140	Limosilactobacillus	Limosilactobacillus pulli	animal
LABG_025152	Lactobacillus	Lactobacillus sp945980025	animal
LABG_025163	Limosilactobacillus		animal
LABG_025167	Lactobacillus	Lactobacillus amylovorus	animal
LABG_025168	Limosilactobacillus	Limosilactobacillus mucosae	animal
LABG_025169	Lactobacillus	Lactobacillus sp945980025	animal
LABG_025175	Limosilactobacillus	Limosilactobacillus mucosae	animal
LABG_025181	Limosilactobacillus	Limosilactobacillus mucosae	animal
LABG_025182	Lactobacillus	Lactobacillus absianus	animal
LABG_025183	Limosilactobacillus	Limosilactobacillus mucosae	animal
LABG_025208	Limosilactobacillus	Limosilactobacillus mucosae	animal
LABG_025220	Ligilactobacillus	Ligilactobacillus agilis	animal
LABG_025223	Ligilactobacillus	Ligilactobacillus salivarius	animal
LABG_025224	Ligilactobacillus	Ligilactobacillus salivarius	animal
LABG_024353	Lactobacillus	Lactobacillus gasseri	human
LABG_024365	Lacticaseibacillus	Lacticaseibacillus rhamnosus	human
LABG_024370	Limosilactobacillus	Limosilactobacillus fermentum	human
LABG_024389	Limosilactobacillus		human
LABG_024390	Limosilactobacillus	Limosilactobacillus fermentum	human
LABG_024391	Lacticaseibacillus	Lacticaseibacillus rhamnosus	human
LABG_024400	Limosilactobacillus	Limosilactobacillus fermentum	human
LABG_024423	Lactobacillus	Lactobacillus kalixensis	human
LABG_024443	Limosilactobacillus	Limosilactobacillus fermentum	human
LABG_024465	Limosilactobacillus	Limosilactobacillus mucosae	human
LABG_024485	Lacticaseibacillus	Lacticaseibacillus paracasei	human
LABG_024499	Lactiplantibacillus	Lactiplantibacillus plantarum	human
LABG_024501	Lactobacillus	Lactobacillus paragasseri	human
LABG_024523	Ligilactobacillus	Ligilactobacillus salivarius	human
LABG_024524	Schleiferilactobacillus	Schleiferilactobacillus harbinensis	human
LABG_024526	Ligilactobacillus	Ligilactobacillus salivarius	human
LABG_024541	Lacticaseibacillus	Lacticaseibacillus paracasei	human
LABG_024560	Limosilactobacillus	Limosilactobacillus fermentum	human
LABG_024565	Limosilactobacillus	Limosilactobacillus mucosae	human
LABG_024573	Lactobacillus	Lactobacillus delbrueckii	human
LABG_024592	Limosilactobacillus	Limosilactobacillus fermentum	human
LABG_024594	Limosilactobacillus	Limosilactobacillus oris	human
LABG_024606	Ligilactobacillus	Ligilactobacillus salivarius	human
LABG_024612	Pediococcus	Pediococcus acidilactici	human
LABG_024618	Lentilactobacillus	Lentilactobacillus parafarraginis	human
LABG_024621	Lacticaseibacillus	Lacticaseibacillus paracasei	human
LABG_024635	Ligilactobacillus	Ligilactobacillus ruminis	human
LABG_024637	Ligilactobacillus	Ligilactobacillus ruminis	human
LABG_024640	Limosilactobacillus	Limosilactobacillus mucosae	human
LABG_024649	Limosilactobacillus	Limosilactobacillus portuensis	human
LABG_024662	Limosilactobacillus	Limosilactobacillus mucosae	human
LABG_024663	Lacticaseibacillus	Lacticaseibacillus paracasei	human
LABG_024664	Lactobacillus	Lactobacillus gigeriorum	human
LABG_024675	Lacticaseibacillus	Lacticaseibacillus rhamnosus	human
LABG_024677	Limosilactobacillus	Limosilactobacillus mucosae	human
LABG_024678	Lacticaseibacillus	Lacticaseibacillus rhamnosus	human
LABG_024683	Lacticaseibacillus	Lacticaseibacillus rhamnosus	human
LABG_024703	Lacticaseibacillus	Lacticaseibacillus rhamnosus	human
LABG_024707	Limosilactobacillus	Limosilactobacillus fermentum	human
LABG_024718	Limosilactobacillus	Limosilactobacillus mucosae	human
LABG_024719	Schleiferilactobacillus	Schleiferilactobacillus perolens	human
LABG_024720	Schleiferilactobacillus	Schleiferilactobacillus harbinensis	human
LABG_024721	Lacticaseibacillus	Lacticaseibacillus salsurivasis	human
LABG_024724	Pediococcus	Pediococcus acidilactici	human
LABG_024736	Lacticaseibacillus	Lacticaseibacillus rhamnosus	human
LABG_024739	Limosilactobacillus	Limosilactobacillus fermentum	human
LABG_024747	Limosilactobacillus	Limosilactobacillus fermentum	human
LABG_024754	Lactobacillus	Lactobacillus delbrueckii	human
LABG_024757	Limosilactobacillus	Limosilactobacillus mucosae	human
LABG_024758	Ligilactobacillus	Ligilactobacillus ruminis	human
LABG_024760	Ligilactobacillus	Ligilactobacillus ruminis	human
LABG_024761	Limosilactobacillus	Limosilactobacillus fermentum	human
LABG_024781	Ligilactobacillus	Ligilactobacillus ruminis	human
LABG_024783	Limosilactobacillus	Limosilactobacillus mucosae	human
LABG_024784	Limosilactobacillus	Limosilactobacillus mucosae	human
LABG_024793	Lacticaseibacillus	Lacticaseibacillus paracasei	human
LABG_025232	Lactobacillus	Lactobacillus amylovorus	animal
LABG_025233	Lactobacillus	Lactobacillus amylovorus	animal
LABG_025271	Lacticaseibacillus	Lacticaseibacillus rhamnosus	human
LABG_025278	Ligilactobacillus	Ligilactobacillus ruminis	human
LABG_025287	Lactiplantibacillus	Lactiplantibacillus plantarum	human
LABG_025291	Ligilactobacillus	Ligilactobacillus ruminis	human
LABG_025292	Ligilactobacillus	Ligilactobacillus ruminis	human
LABG_025301	Levilactobacillus	Levilactobacillus brevis	human
LABG_025321	Lactobacillus	Lactobacillus absianus	animal
LABG_025322	Lactobacillus	Lactobacillus amylovorus	animal
LABG_025324	Limosilactobacillus	Limosilactobacillus intestinavium	animal
LABG_025325	Limosilactobacillus	Limosilactobacillus reuteri_J	animal
LABG_025327	Lactobacillus	Lactobacillus delbrueckii_B	animal
LABG_025328	Limosilactobacillus	Limosilactobacillus mucosae	animal
LABG_025332	Lactobacillus	Lactobacillus kefiranofaciens	food
LABG_025334	Lactiplantibacillus	Lactiplantibacillus plantarum	food
LABG_025355	Lactiplantibacillus	Lactiplantibacillus paraplantarum	food
LABG_025443	Lentilactobacillus	Lentilactobacillus kefiri	food
LABG_025461	Leuconostoc	Leuconostoc mesenteroides	food
LABG_025500	Lactobacillus	Lactobacillus kefiranofaciens	food
LABG_025419	Lactobacillus	Lactobacillus kefiranofaciens	food
LABG_025547	Lactobacillus	Lactobacillus paragasseri	human
LABG_025561	Ligilactobacillus	Ligilactobacillus agilis	food
LABG_025562	Weissella	Weissella paramesenteroides	food
LABG_025563	Lactobacillus	Lactobacillus delbrueckii	food
LABG_001441	Limosilactobacillus	Limosilactobacillus rodentium	animal
